"State","County","FIPS","State USPS","State Name","County Name","Female (15-44) Syphilis Cases 2010","Female (15-44) Syphilis Cases 2011","Female (15-44) Syphilis Cases 2012","Female (15-44) Syphilis Cases 2013","Female (15-44) Syphilis Cases 2014","Female (15-44) Syphilis Cases 2015","Female (15-44) Syphilis Cases 2016","Female (15-44) Syphilis Cases 2017","Female (15-44) Syphilis Cases 2018","Female (15-44) Syphilis Cases 2019"
"01","001","01001","AL","Alabama","Autauga","No cases",">=1 case","No cases",">=1 case","No cases",">=1 case",">=1 case",">=1 case",">=1 case",">=1 case"
"01","003","01003","AL","Alabama","Baldwin","No cases",">=1 case",">=1 case",">=1 case",">=1 case",">=1 case",">=1 case",">=1 case",">=1 case",">=1 case"
"01","005","01005","AL","Alabama","Barbour","No cases",">=1 case","No cases","No cases","No cases","No cases","No cases","No cases",">=1 case",">=1 case"
"01","007","01007","AL","Alabama","Bibb","No cases","No cases","No cases","No cases","No cases","No cases","No cases","No cases",">=1 case","No cases"
"01","009","01009","AL","Alabama","Blount","No cases",">=1 case","No cases","No cases",">=1 case","No cases","No cases","No cases","No cases","No cases"
"01","011","01011","AL","Alabama","Bullock",">=1 case","No cases","No cases","No cases","No cases","No cases",">=1 case",">=1 case",">=1 case","No cases"
"01","013","01013","AL","Alabama","Butler",">=1 case","No cases",">=1 case","No cases","No cases",">=1 case",">=1 case","No cases",">=1 case","No cases"
"01","015","01015","AL","Alabama","Calhoun","No cases","No cases",">=1 case",">=1 case",">=1 case",">=1 case","No cases",">=1 case",">=1 case",">=1 case"
"01","017","01017","AL","Alabama","Chambers","No cases","No cases",">=1 case","No cases",">=1 case","No cases",">=1 case",">=1 case",">=1 case",">=1 case"
"01","019","01019","AL","Alabama","Cherokee","No cases",">=1 case","No cases","No cases","No cases",">=1 case","No cases","No cases","No cases","No cases"
"01","021","01021","AL","Alabama","Chilton","No cases","No cases","No cases",">=1 case","No cases","No cases",">=1 case",">=1 case","No cases",">=1 case"
"01","023","01023","AL","Alabama","Choctaw","No cases","No cases","No cases","No cases","No cases","No cases",">=1 case",">=1 case","No cases",">=1 case"
"01","025","01025","AL","Alabama","Clarke",">=1 case","No cases","No cases","No cases","No cases","No cases",">=1 case",">=1 case","No cases","No cases"
"01","027","01027","AL","Alabama","Clay","No cases","No cases","No cases","No cases","No cases","No cases","No cases","No cases","No cases","No cases"
"01","029","01029","AL","Alabama","Cleburne","No cases","No cases","No cases","No cases","No cases","No cases","No cases",">=1 case","No cases",">=1 case"
"01","031","01031","AL","Alabama","Coffee",">=1 case",">=1 case","No cases","No cases","No cases","No cases",">=1 case",">=1 case",">=1 case",">=1 case"
"01","033","01033","AL","Alabama","Colbert",">=1 case",">=1 case","No cases","No cases","No cases",">=1 case",">=1 case",">=1 case",">=1 case",">=1 case"
"01","035","01035","AL","Alabama","Conecuh","No cases","No cases",">=1 case","No cases",">=1 case","No cases","No cases",">=1 case","No cases","No cases"
"01","037","01037","AL","Alabama","Coosa","No cases","No cases","No cases","No cases","No cases",">=1 case","No cases","No cases","No cases","No cases"
"01","039","01039","AL","Alabama","Covington","No cases",">=1 case",">=1 case",">=1 case","No cases","No cases","No cases",">=1 case",">=1 case",">=1 case"
"01","041","01041","AL","Alabama","Crenshaw",">=1 case","No cases",">=1 case","No cases","No cases","No cases","No cases",">=1 case","No cases","No cases"
"01","043","01043","AL","Alabama","Cullman","No cases",">=1 case",">=1 case","No cases","No cases","No cases","No cases",">=1 case","No cases",">=1 case"
"01","045","01045","AL","Alabama","Dale",">=1 case",">=1 case","No cases","No cases","No cases","No cases","No cases",">=1 case",">=1 case",">=1 case"
"01","047","01047","AL","Alabama","Dallas",">=1 case",">=1 case",">=1 case",">=1 case","No cases",">=1 case","No cases",">=1 case",">=1 case",">=1 case"
"01","049","01049","AL","Alabama","DeKalb","No cases",">=1 case","No cases","No cases","No cases",">=1 case",">=1 case","No cases",">=1 case","No cases"
"01","051","01051","AL","Alabama","Elmore",">=1 case",">=1 case",">=1 case",">=1 case",">=1 case",">=1 case",">=1 case",">=1 case",">=1 case",">=1 case"
"01","053","01053","AL","Alabama","Escambia","No cases",">=1 case",">=1 case",">=1 case",">=1 case","No cases",">=1 case",">=1 case",">=1 case","No cases"
"01","055","01055","AL","Alabama","Etowah",">=1 case",">=1 case","No cases","No cases","No cases",">=1 case",">=1 case",">=1 case",">=1 case",">=1 case"
"01","057","01057","AL","Alabama","Fayette",">=1 case",">=1 case","No cases",">=1 case","No cases","No cases","No cases","No cases","No cases",">=1 case"
"01","059","01059","AL","Alabama","Franklin","No cases","No cases",">=1 case",">=1 case",">=1 case",">=1 case",">=1 case","No cases","No cases",">=1 case"
"01","061","01061","AL","Alabama","Geneva",">=1 case","No cases",">=1 case","No cases","No cases","No cases","No cases",">=1 case","No cases",">=1 case"
"01","063","01063","AL","Alabama","Greene",">=1 case",">=1 case","No cases","No cases","No cases","No cases",">=1 case","No cases","No cases","No cases"
"01","065","01065","AL","Alabama","Hale",">=1 case",">=1 case","No cases",">=1 case","No cases","No cases",">=1 case","No cases",">=1 case","No cases"
"01","067","01067","AL","Alabama","Henry","No cases","No cases",">=1 case",">=1 case","No cases","No cases","No cases",">=1 case",">=1 case",">=1 case"
"01","069","01069","AL","Alabama","Houston",">=1 case",">=1 case",">=1 case",">=1 case",">=1 case",">=1 case",">=1 case",">=1 case",">=1 case",">=1 case"
"01","071","01071","AL","Alabama","Jackson","No cases","No cases",">=1 case",">=1 case",">=1 case","No cases",">=1 case",">=1 case","No cases",">=1 case"
"01","073","01073","AL","Alabama","Jefferson",">=1 case",">=1 case",">=1 case",">=1 case",">=1 case",">=1 case",">=1 case",">=1 case",">=1 case",">=1 case"
"01","075","01075","AL","Alabama","Lamar","No cases","No cases","No cases","No cases","No cases","No cases","No cases","No cases","No cases","No cases"
"01","077","01077","AL","Alabama","Lauderdale",">=1 case",">=1 case",">=1 case","No cases",">=1 case",">=1 case",">=1 case",">=1 case",">=1 case",">=1 case"
"01","079","01079","AL","Alabama","Lawrence",">=1 case","No cases",">=1 case","No cases","No cases","No cases",">=1 case",">=1 case",">=1 case",">=1 case"
"01","081","01081","AL","Alabama","Lee",">=1 case","No cases","No cases",">=1 case",">=1 case",">=1 case",">=1 case",">=1 case",">=1 case",">=1 case"
"01","083","01083","AL","Alabama","Limestone",">=1 case",">=1 case",">=1 case","No cases",">=1 case",">=1 case",">=1 case","No cases","No cases",">=1 case"
"01","085","01085","AL","Alabama","Lowndes","No cases","No cases","No cases",">=1 case","No cases","No cases","No cases","No cases","No cases",">=1 case"
"01","087","01087","AL","Alabama","Macon",">=1 case","No cases","No cases",">=1 case","No cases",">=1 case","No cases",">=1 case",">=1 case","No cases"
"01","089","01089","AL","Alabama","Madison",">=1 case",">=1 case",">=1 case",">=1 case",">=1 case",">=1 case",">=1 case",">=1 case",">=1 case",">=1 case"
"01","091","01091","AL","Alabama","Marengo",">=1 case","No cases","No cases","No cases",">=1 case","No cases",">=1 case",">=1 case","No cases",">=1 case"
"01","093","01093","AL","Alabama","Marion","No cases","No cases","No cases","No cases","No cases","No cases","No cases","No cases","No cases",">=1 case"
"01","095","01095","AL","Alabama","Marshall",">=1 case","No cases",">=1 case","No cases",">=1 case","No cases","No cases",">=1 case",">=1 case",">=1 case"
"01","097","01097","AL","Alabama","Mobile",">=1 case",">=1 case",">=1 case",">=1 case",">=1 case",">=1 case",">=1 case",">=1 case",">=1 case",">=1 case"
"01","099","01099","AL","Alabama","Monroe","No cases","No cases","No cases","No cases","No cases","No cases","No cases","No cases","No cases","No cases"
"01","101","01101","AL","Alabama","Montgomery",">=1 case",">=1 case",">=1 case",">=1 case",">=1 case",">=1 case",">=1 case",">=1 case",">=1 case",">=1 case"
"01","103","01103","AL","Alabama","Morgan",">=1 case",">=1 case",">=1 case",">=1 case","No cases",">=1 case",">=1 case",">=1 case",">=1 case",">=1 case"
"01","105","01105","AL","Alabama","Perry","No cases","No cases","No cases",">=1 case","No cases","No cases",">=1 case",">=1 case","No cases",">=1 case"
"01","107","01107","AL","Alabama","Pickens","No cases",">=1 case","No cases","No cases","No cases","No cases",">=1 case",">=1 case",">=1 case",">=1 case"
"01","109","01109","AL","Alabama","Pike","No cases","No cases","No cases","No cases",">=1 case",">=1 case",">=1 case",">=1 case","No cases",">=1 case"
"01","111","01111","AL","Alabama","Randolph","No cases","No cases","No cases",">=1 case",">=1 case","No cases","No cases","No cases",">=1 case",">=1 case"
"01","113","01113","AL","Alabama","Russell",">=1 case",">=1 case",">=1 case",">=1 case",">=1 case",">=1 case",">=1 case",">=1 case",">=1 case",">=1 case"
"01","115","01115","AL","Alabama","St. Clair","No cases",">=1 case",">=1 case",">=1 case","No cases","No cases","No cases",">=1 case","No cases",">=1 case"
"01","117","01117","AL","Alabama","Shelby","No cases",">=1 case","No cases",">=1 case",">=1 case","No cases",">=1 case",">=1 case",">=1 case",">=1 case"
"01","119","01119","AL","Alabama","Sumter",">=1 case",">=1 case","No cases","No cases","No cases","No cases","No cases","No cases","No cases",">=1 case"
"01","121","01121","AL","Alabama","Talladega",">=1 case",">=1 case","No cases","No cases",">=1 case",">=1 case",">=1 case",">=1 case",">=1 case",">=1 case"
"01","123","01123","AL","Alabama","Tallapoosa",">=1 case","No cases","No cases","No cases",">=1 case",">=1 case","No cases",">=1 case",">=1 case",">=1 case"
"01","125","01125","AL","Alabama","Tuscaloosa",">=1 case",">=1 case",">=1 case",">=1 case",">=1 case",">=1 case",">=1 case",">=1 case",">=1 case",">=1 case"
"01","127","01127","AL","Alabama","Walker",">=1 case",">=1 case",">=1 case",">=1 case","No cases",">=1 case",">=1 case","No cases","No cases",">=1 case"
"01","129","01129","AL","Alabama","Washington","No cases",">=1 case","No cases","No cases","No cases","No cases","No cases",">=1 case","No cases","No cases"
"01","131","01131","AL","Alabama","Wilcox",">=1 case","No cases",">=1 case",">=1 case","No cases",">=1 case",">=1 case","No cases","No cases","No cases"
"01","133","01133","AL","Alabama","Winston",">=1 case","No cases","No cases","No cases","No cases",">=1 case","No cases","No cases",">=1 case",">=1 case"
"02","013","02013","AK","Alaska","Aleutians East","No cases","No cases","No cases","No cases","No cases","No cases","No cases","No cases","No cases","No cases"
"02","016","02016","AK","Alaska","Aleutians West","No cases","No cases","No cases","No cases","No cases","No cases","No cases","No cases","No cases","No cases"
"02","020","02020","AK","Alaska","Anchorage",">=1 case",">=1 case",">=1 case",">=1 case",">=1 case",">=1 case",">=1 case",">=1 case",">=1 case",">=1 case"
"02","050","02050","AK","Alaska","Bethel","No cases","No cases","No cases","No cases",">=1 case","No cases","No cases","No cases","No cases",">=1 case"
"02","060","02060","AK","Alaska","Bristol Bay","No cases","No cases","No cases","No cases","No cases","No cases","No cases","No cases","No cases","No cases"
"02","068","02068","AK","Alaska","Denali","No cases","No cases","No cases","No cases","No cases","No cases","No cases","No cases","No cases","No cases"
"02","070","02070","AK","Alaska","Dillingham","No cases","No cases","No cases","No cases","No cases","No cases","No cases","No cases",">=1 case","No cases"
"02","090","02090","AK","Alaska","Fairbanks North Star","No cases","No cases","No cases","No cases","No cases",">=1 case",">=1 case","No cases","No cases",">=1 case"
"02","100","02100","AK","Alaska","Haines","No cases","No cases","No cases","No cases","No cases","No cases","No cases","No cases","No cases","No cases"
"02","105","02105","AK","Alaska","Hoonah-Angoon","No cases","No cases","No cases","No cases","No cases","No cases","No cases","No cases","No cases","No cases"
"02","110","02110","AK","Alaska","Juneau","No cases","No cases",">=1 case",">=1 case","No cases","No cases","No cases","No cases","No cases",">=1 case"
"02","122","02122","AK","Alaska","Kenai Peninsula","No cases","No cases","No cases","No cases",">=1 case","No cases","No cases","No cases","No cases",">=1 case"
"02","130","02130","AK","Alaska","Ketchikan Gateway","No cases","No cases","No cases","No cases","No cases","No cases","No cases","No cases",">=1 case","No cases"
"02","150","02150","AK","Alaska","Kodiak Island","No cases","No cases","No cases","No cases","No cases","No cases","No cases","No cases",">=1 case",">=1 case"
"02","158","02158","AK","Alaska","Kusilvak","No cases","No cases","No cases","No cases","No cases","No cases","No cases","No cases","No cases","No cases"
"02","164","02164","AK","Alaska","Lake and Peninsula","No cases","No cases","No cases","No cases","No cases","No cases","No cases","No cases","No cases","No cases"
"02","170","02170","AK","Alaska","Matanuska-Susitna","No cases","No cases",">=1 case","No cases","No cases","No cases","No cases",">=1 case",">=1 case",">=1 case"
"02","180","02180","AK","Alaska","Nome","No cases","No cases","No cases","No cases","No cases","No cases","No cases","No cases","No cases","No cases"
"02","185","02185","AK","Alaska","North Slope","No cases","No cases","No cases","No cases","No cases","No cases","No cases","No cases","No cases",">=1 case"
"02","188","02188","AK","Alaska","Northwest Arctic","No cases","No cases","No cases","No cases","No cases","No cases","No cases","No cases","No cases","No cases"
"02","195","02195","AK","Alaska","Petersburg","No cases","No cases","No cases","No cases","No cases","No cases","No cases","No cases","No cases","No cases"
"02","198","02198","AK","Alaska","Prince of Wales-Hyder","No cases","No cases","No cases","No cases","No cases","No cases","No cases","No cases","No cases","No cases"
"02","220","02220","AK","Alaska","Sitka","No cases","No cases","No cases","No cases","No cases","No cases",">=1 case","No cases","No cases",">=1 case"
"02","230","02230","AK","Alaska","Skagway","No cases","No cases","No cases","No cases","No cases","No cases","No cases","No cases","No cases","No cases"
"02","240","02240","AK","Alaska","Southeast Fairbanks","No cases","No cases","No cases","No cases","No cases","No cases","No cases","No cases","No cases","No cases"
"02","261","02261","AK","Alaska","Valdez-Cordova","No cases","No cases","No cases","No cases","No cases","No cases","No cases","No cases","No cases","No cases"
"02","275","02275","AK","Alaska","Wrangell","No cases","No cases","No cases","No cases","No cases","No cases","No cases","No cases","No cases","No cases"
"02","282","02282","AK","Alaska","Yakutat","No cases","No cases","No cases","No cases","No cases","No cases","No cases","No cases","No cases","No cases"
"02","290","02290","AK","Alaska","Yukon-Koyukuk","No cases","No cases","No cases","No cases","No cases","No cases","No cases","No cases","No cases","No cases"
"04","001","04001","AZ","Arizona","Apache","No cases",">=1 case","No cases",">=1 case",">=1 case",">=1 case",">=1 case",">=1 case",">=1 case",">=1 case"
"04","003","04003","AZ","Arizona","Cochise",">=1 case",">=1 case","No cases",">=1 case",">=1 case","No cases",">=1 case",">=1 case",">=1 case",">=1 case"
"04","005","04005","AZ","Arizona","Coconino","No cases","No cases",">=1 case","No cases",">=1 case","No cases",">=1 case",">=1 case",">=1 case",">=1 case"
"04","007","04007","AZ","Arizona","Gila","No cases",">=1 case","No cases","No cases",">=1 case",">=1 case",">=1 case",">=1 case",">=1 case",">=1 case"
"04","009","04009","AZ","Arizona","Graham",">=1 case","No cases","No cases","No cases","No cases",">=1 case",">=1 case",">=1 case",">=1 case",">=1 case"
"04","011","04011","AZ","Arizona","Greenlee","No cases","No cases","No cases","No cases","No cases",">=1 case","No cases","No cases",">=1 case","No cases"
"04","012","04012","AZ","Arizona","La Paz","No cases","No cases","No cases","No cases","No cases","No cases",">=1 case",">=1 case",">=1 case",">=1 case"
"04","013","04013","AZ","Arizona","Maricopa",">=1 case",">=1 case",">=1 case",">=1 case",">=1 case",">=1 case",">=1 case",">=1 case",">=1 case",">=1 case"
"04","015","04015","AZ","Arizona","Mohave",">=1 case",">=1 case",">=1 case",">=1 case",">=1 case",">=1 case",">=1 case",">=1 case",">=1 case",">=1 case"
"04","017","04017","AZ","Arizona","Navajo",">=1 case",">=1 case","No cases",">=1 case",">=1 case",">=1 case",">=1 case",">=1 case",">=1 case",">=1 case"
"04","019","04019","AZ","Arizona","Pima",">=1 case",">=1 case",">=1 case",">=1 case",">=1 case",">=1 case",">=1 case",">=1 case",">=1 case",">=1 case"
"04","021","04021","AZ","Arizona","Pinal",">=1 case",">=1 case",">=1 case",">=1 case",">=1 case",">=1 case",">=1 case",">=1 case",">=1 case",">=1 case"
"04","023","04023","AZ","Arizona","Santa Cruz",">=1 case",">=1 case","No cases",">=1 case","No cases","No cases",">=1 case",">=1 case",">=1 case",">=1 case"
"04","025","04025","AZ","Arizona","Yavapai",">=1 case","No cases",">=1 case",">=1 case",">=1 case",">=1 case","No cases",">=1 case",">=1 case",">=1 case"
"04","027","04027","AZ","Arizona","Yuma",">=1 case",">=1 case",">=1 case",">=1 case",">=1 case",">=1 case",">=1 case",">=1 case",">=1 case",">=1 case"
"05","001","05001","AR","Arkansas","Arkansas",">=1 case",">=1 case",">=1 case",">=1 case","No cases",">=1 case",">=1 case","No cases",">=1 case",">=1 case"
"05","003","05003","AR","Arkansas","Ashley",">=1 case",">=1 case",">=1 case","No cases",">=1 case","No cases",">=1 case","No cases","No cases","No cases"
"05","005","05005","AR","Arkansas","Baxter","No cases","No cases","No cases",">=1 case","No cases","No cases","No cases","No cases","No cases","No cases"
"05","007","05007","AR","Arkansas","Benton","No cases","No cases",">=1 case",">=1 case",">=1 case",">=1 case",">=1 case",">=1 case",">=1 case",">=1 case"
"05","009","05009","AR","Arkansas","Boone","No cases","No cases","No cases",">=1 case","No cases","No cases",">=1 case","No cases",">=1 case",">=1 case"
"05","011","05011","AR","Arkansas","Bradley",">=1 case","No cases","No cases","No cases","No cases","No cases","No cases","No cases","No cases","No cases"
"05","013","05013","AR","Arkansas","Calhoun","No cases","No cases","No cases","No cases","No cases","No cases","No cases","No cases","No cases","No cases"
"05","015","05015","AR","Arkansas","Carroll","No cases","No cases",">=1 case","No cases","No cases",">=1 case",">=1 case",">=1 case","No cases",">=1 case"
"05","017","05017","AR","Arkansas","Chicot","No cases","No cases",">=1 case",">=1 case",">=1 case","No cases","No cases",">=1 case","No cases",">=1 case"
"05","019","05019","AR","Arkansas","Clark","No cases",">=1 case",">=1 case","No cases","No cases","No cases",">=1 case",">=1 case","No cases","No cases"
"05","021","05021","AR","Arkansas","Clay","No cases","No cases","No cases","No cases","No cases","No cases",">=1 case","No cases",">=1 case","No cases"
"05","023","05023","AR","Arkansas","Cleburne","No cases","No cases","No cases","No cases",">=1 case","No cases","No cases",">=1 case","No cases",">=1 case"
"05","025","05025","AR","Arkansas","Cleveland","No cases","No cases","No cases","No cases","No cases","No cases","No cases","No cases","No cases","No cases"
"05","027","05027","AR","Arkansas","Columbia",">=1 case",">=1 case",">=1 case",">=1 case",">=1 case","No cases","No cases",">=1 case","No cases",">=1 case"
"05","029","05029","AR","Arkansas","Conway","No cases",">=1 case","No cases",">=1 case","No cases","No cases",">=1 case",">=1 case",">=1 case",">=1 case"
"05","031","05031","AR","Arkansas","Craighead",">=1 case",">=1 case",">=1 case",">=1 case",">=1 case",">=1 case",">=1 case",">=1 case",">=1 case",">=1 case"
"05","033","05033","AR","Arkansas","Crawford",">=1 case","No cases",">=1 case",">=1 case",">=1 case",">=1 case",">=1 case",">=1 case","No cases",">=1 case"
"05","035","05035","AR","Arkansas","Crittenden",">=1 case",">=1 case",">=1 case",">=1 case",">=1 case",">=1 case",">=1 case",">=1 case",">=1 case",">=1 case"
"05","037","05037","AR","Arkansas","Cross","No cases",">=1 case","No cases",">=1 case",">=1 case","No cases","No cases",">=1 case","No cases",">=1 case"
"05","039","05039","AR","Arkansas","Dallas","No cases","No cases","No cases","No cases","No cases","No cases","No cases","No cases",">=1 case",">=1 case"
"05","041","05041","AR","Arkansas","Desha",">=1 case",">=1 case",">=1 case",">=1 case","No cases",">=1 case",">=1 case","No cases","No cases","No cases"
"05","043","05043","AR","Arkansas","Drew","No cases",">=1 case",">=1 case","No cases","No cases","No cases","No cases","No cases",">=1 case","No cases"
"05","045","05045","AR","Arkansas","Faulkner",">=1 case",">=1 case",">=1 case",">=1 case",">=1 case",">=1 case",">=1 case",">=1 case",">=1 case",">=1 case"
"05","047","05047","AR","Arkansas","Franklin","No cases","No cases","No cases","No cases","No cases","No cases",">=1 case","No cases",">=1 case","No cases"
"05","049","05049","AR","Arkansas","Fulton","No cases","No cases","No cases","No cases","No cases","No cases","No cases","No cases",">=1 case","No cases"
"05","051","05051","AR","Arkansas","Garland",">=1 case","No cases",">=1 case",">=1 case",">=1 case",">=1 case",">=1 case",">=1 case",">=1 case",">=1 case"
"05","053","05053","AR","Arkansas","Grant",">=1 case","No cases","No cases",">=1 case","No cases","No cases","No cases","No cases","No cases",">=1 case"
"05","055","05055","AR","Arkansas","Greene",">=1 case",">=1 case","No cases","No cases","No cases","No cases",">=1 case",">=1 case",">=1 case",">=1 case"
"05","057","05057","AR","Arkansas","Hempstead",">=1 case",">=1 case",">=1 case",">=1 case","No cases","No cases",">=1 case",">=1 case","No cases",">=1 case"
"05","059","05059","AR","Arkansas","Hot Spring",">=1 case",">=1 case",">=1 case",">=1 case",">=1 case",">=1 case",">=1 case",">=1 case","No cases",">=1 case"
"05","061","05061","AR","Arkansas","Howard",">=1 case",">=1 case",">=1 case",">=1 case","No cases","No cases",">=1 case","No cases",">=1 case","No cases"
"05","063","05063","AR","Arkansas","Independence",">=1 case",">=1 case","No cases",">=1 case","No cases","No cases",">=1 case",">=1 case","No cases","No cases"
"05","065","05065","AR","Arkansas","Izard","No cases",">=1 case","No cases","No cases","No cases","No cases","No cases","No cases",">=1 case","No cases"
"05","067","05067","AR","Arkansas","Jackson",">=1 case",">=1 case",">=1 case",">=1 case",">=1 case",">=1 case",">=1 case",">=1 case",">=1 case",">=1 case"
"05","069","05069","AR","Arkansas","Jefferson",">=1 case",">=1 case",">=1 case",">=1 case",">=1 case",">=1 case",">=1 case",">=1 case",">=1 case",">=1 case"
"05","071","05071","AR","Arkansas","Johnson","No cases","No cases","No cases","No cases",">=1 case","No cases","No cases",">=1 case","No cases","No cases"
"05","073","05073","AR","Arkansas","Lafayette",">=1 case",">=1 case","No cases",">=1 case",">=1 case","No cases",">=1 case",">=1 case","No cases","No cases"
"05","075","05075","AR","Arkansas","Lawrence","No cases","No cases","No cases","No cases","No cases",">=1 case","No cases","No cases",">=1 case","No cases"
"05","077","05077","AR","Arkansas","Lee","No cases","No cases","No cases","No cases","No cases","No cases",">=1 case",">=1 case",">=1 case","No cases"
"05","079","05079","AR","Arkansas","Lincoln",">=1 case","No cases",">=1 case",">=1 case","No cases","No cases","No cases",">=1 case",">=1 case",">=1 case"
"05","081","05081","AR","Arkansas","Little River",">=1 case",">=1 case",">=1 case","No cases",">=1 case",">=1 case","No cases","No cases",">=1 case",">=1 case"
"05","083","05083","AR","Arkansas","Logan","No cases",">=1 case","No cases",">=1 case","No cases","No cases","No cases",">=1 case",">=1 case","No cases"
"05","085","05085","AR","Arkansas","Lonoke",">=1 case",">=1 case",">=1 case",">=1 case",">=1 case",">=1 case",">=1 case",">=1 case",">=1 case",">=1 case"
"05","087","05087","AR","Arkansas","Madison","No cases","No cases","No cases",">=1 case","No cases","No cases",">=1 case","No cases",">=1 case",">=1 case"
"05","089","05089","AR","Arkansas","Marion","No cases","No cases","No cases","No cases","No cases","No cases","No cases","No cases","No cases","No cases"
"05","091","05091","AR","Arkansas","Miller",">=1 case",">=1 case",">=1 case",">=1 case",">=1 case",">=1 case",">=1 case",">=1 case",">=1 case",">=1 case"
"05","093","05093","AR","Arkansas","Mississippi",">=1 case",">=1 case","No cases","No cases","No cases",">=1 case","No cases","No cases",">=1 case",">=1 case"
"05","095","05095","AR","Arkansas","Monroe","No cases",">=1 case","No cases",">=1 case","No cases","No cases","No cases","No cases","No cases",">=1 case"
"05","097","05097","AR","Arkansas","Montgomery","No cases","No cases","No cases","No cases","No cases","No cases","No cases","No cases",">=1 case","No cases"
"05","099","05099","AR","Arkansas","Nevada","No cases","No cases","No cases",">=1 case","No cases","No cases","No cases",">=1 case","No cases","No cases"
"05","101","05101","AR","Arkansas","Newton","No cases","No cases","No cases","No cases","No cases","No cases","No cases","No cases","No cases","No cases"
"05","103","05103","AR","Arkansas","Ouachita",">=1 case",">=1 case",">=1 case",">=1 case","No cases","No cases","No cases","No cases",">=1 case",">=1 case"
"05","105","05105","AR","Arkansas","Perry","No cases","No cases","No cases","No cases","No cases","No cases","No cases","No cases","No cases","No cases"
"05","107","05107","AR","Arkansas","Phillips",">=1 case",">=1 case","No cases","No cases",">=1 case",">=1 case",">=1 case",">=1 case",">=1 case","No cases"
"05","109","05109","AR","Arkansas","Pike","No cases","No cases","No cases","No cases","No cases","No cases","No cases",">=1 case","No cases","No cases"
"05","111","05111","AR","Arkansas","Poinsett",">=1 case","No cases",">=1 case",">=1 case","No cases",">=1 case",">=1 case",">=1 case","No cases","No cases"
"05","113","05113","AR","Arkansas","Polk",">=1 case","No cases","No cases","No cases",">=1 case","No cases","No cases",">=1 case","No cases","No cases"
"05","115","05115","AR","Arkansas","Pope","No cases",">=1 case","No cases","No cases","No cases",">=1 case",">=1 case",">=1 case",">=1 case",">=1 case"
"05","117","05117","AR","Arkansas","Prairie","No cases","No cases","No cases","No cases","No cases","No cases",">=1 case","No cases","No cases","No cases"
"05","119","05119","AR","Arkansas","Pulaski",">=1 case",">=1 case",">=1 case",">=1 case",">=1 case",">=1 case",">=1 case",">=1 case",">=1 case",">=1 case"
"05","121","05121","AR","Arkansas","Randolph","No cases","No cases",">=1 case","No cases",">=1 case",">=1 case","No cases",">=1 case",">=1 case","No cases"
"05","123","05123","AR","Arkansas","St. Francis",">=1 case",">=1 case",">=1 case",">=1 case",">=1 case","No cases",">=1 case",">=1 case",">=1 case","No cases"
"05","125","05125","AR","Arkansas","Saline",">=1 case","No cases","No cases",">=1 case",">=1 case",">=1 case",">=1 case",">=1 case",">=1 case",">=1 case"
"05","127","05127","AR","Arkansas","Scott","No cases","No cases","No cases","No cases","No cases","No cases","No cases",">=1 case","No cases","No cases"
"05","129","05129","AR","Arkansas","Searcy","No cases","No cases","No cases","No cases","No cases","No cases","No cases","No cases",">=1 case","No cases"
"05","131","05131","AR","Arkansas","Sebastian",">=1 case","No cases",">=1 case",">=1 case",">=1 case",">=1 case",">=1 case",">=1 case",">=1 case",">=1 case"
"05","133","05133","AR","Arkansas","Sevier","No cases","No cases","No cases",">=1 case","No cases",">=1 case","No cases",">=1 case","No cases","No cases"
"05","135","05135","AR","Arkansas","Sharp","No cases",">=1 case","No cases","No cases","No cases","No cases","No cases","No cases","No cases","No cases"
"05","137","05137","AR","Arkansas","Stone",">=1 case","No cases",">=1 case",">=1 case","No cases","No cases","No cases","No cases","No cases","No cases"
"05","139","05139","AR","Arkansas","Union","No cases","No cases",">=1 case",">=1 case",">=1 case","No cases",">=1 case",">=1 case",">=1 case",">=1 case"
"05","141","05141","AR","Arkansas","Van Buren","No cases","No cases",">=1 case","No cases","No cases","No cases",">=1 case","No cases",">=1 case","No cases"
"05","143","05143","AR","Arkansas","Washington",">=1 case",">=1 case",">=1 case",">=1 case",">=1 case",">=1 case",">=1 case",">=1 case",">=1 case",">=1 case"
"05","145","05145","AR","Arkansas","White",">=1 case","No cases",">=1 case",">=1 case",">=1 case",">=1 case",">=1 case",">=1 case",">=1 case",">=1 case"
"05","147","05147","AR","Arkansas","Woodruff","No cases","No cases",">=1 case","No cases",">=1 case",">=1 case","No cases","No cases",">=1 case","No cases"
"05","149","05149","AR","Arkansas","Yell",">=1 case","No cases","No cases","No cases","No cases","No cases","No cases",">=1 case","No cases",">=1 case"
"06","001","06001","CA","California","Alameda",">=1 case",">=1 case",">=1 case",">=1 case",">=1 case",">=1 case",">=1 case",">=1 case",">=1 case",">=1 case"
"06","003","06003","CA","California","Alpine","No cases","No cases","No cases","No cases","No cases","No cases","No cases","No cases","No cases","No cases"
"06","005","06005","CA","California","Amador","No cases","No cases","No cases","No cases","No cases",">=1 case",">=1 case",">=1 case",">=1 case",">=1 case"
"06","007","06007","CA","California","Butte","No cases","No cases",">=1 case",">=1 case",">=1 case",">=1 case",">=1 case",">=1 case",">=1 case",">=1 case"
"06","009","06009","CA","California","Calaveras","No cases","No cases","No cases","No cases",">=1 case",">=1 case",">=1 case","No cases",">=1 case","No cases"
"06","011","06011","CA","California","Colusa","No cases","No cases","No cases","No cases","No cases","No cases",">=1 case",">=1 case","No cases",">=1 case"
"06","013","06013","CA","California","Contra Costa",">=1 case",">=1 case",">=1 case",">=1 case",">=1 case",">=1 case",">=1 case",">=1 case",">=1 case",">=1 case"
"06","015","06015","CA","California","Del Norte","No cases","No cases","No cases","No cases","No cases","No cases","No cases","No cases",">=1 case","No cases"
"06","017","06017","CA","California","El Dorado","No cases",">=1 case","No cases",">=1 case","No cases",">=1 case",">=1 case",">=1 case",">=1 case",">=1 case"
"06","019","06019","CA","California","Fresno",">=1 case",">=1 case",">=1 case",">=1 case",">=1 case",">=1 case",">=1 case",">=1 case",">=1 case",">=1 case"
"06","021","06021","CA","California","Glenn","No cases","No cases","No cases","No cases","No cases","No cases","No cases","No cases",">=1 case",">=1 case"
"06","023","06023","CA","California","Humboldt",">=1 case",">=1 case",">=1 case","No cases",">=1 case",">=1 case",">=1 case",">=1 case",">=1 case",">=1 case"
"06","025","06025","CA","California","Imperial","No cases","No cases","No cases",">=1 case",">=1 case",">=1 case",">=1 case",">=1 case",">=1 case",">=1 case"
"06","027","06027","CA","California","Inyo","No cases","No cases","No cases","No cases","No cases","No cases","No cases","No cases","No cases",">=1 case"
"06","029","06029","CA","California","Kern",">=1 case",">=1 case",">=1 case",">=1 case",">=1 case",">=1 case",">=1 case",">=1 case",">=1 case",">=1 case"
"06","031","06031","CA","California","Kings",">=1 case",">=1 case",">=1 case",">=1 case",">=1 case",">=1 case",">=1 case",">=1 case",">=1 case",">=1 case"
"06","033","06033","CA","California","Lake","No cases","No cases","No cases",">=1 case","No cases","No cases","No cases",">=1 case",">=1 case",">=1 case"
"06","035","06035","CA","California","Lassen","No cases","No cases","No cases","No cases","No cases","No cases","No cases","No cases","No cases",">=1 case"
"06","037","06037","CA","California","Los Angeles",">=1 case",">=1 case",">=1 case",">=1 case",">=1 case",">=1 case",">=1 case",">=1 case",">=1 case",">=1 case"
"06","039","06039","CA","California","Madera",">=1 case",">=1 case",">=1 case",">=1 case",">=1 case",">=1 case",">=1 case",">=1 case",">=1 case",">=1 case"
"06","041","06041","CA","California","Marin",">=1 case",">=1 case","No cases",">=1 case",">=1 case",">=1 case",">=1 case",">=1 case",">=1 case",">=1 case"
"06","043","06043","CA","California","Mariposa","No cases","No cases","No cases","No cases","No cases","No cases",">=1 case",">=1 case","No cases",">=1 case"
"06","045","06045","CA","California","Mendocino","No cases","No cases",">=1 case","No cases","No cases",">=1 case","No cases",">=1 case",">=1 case",">=1 case"
"06","047","06047","CA","California","Merced",">=1 case",">=1 case",">=1 case","No cases",">=1 case",">=1 case",">=1 case",">=1 case",">=1 case",">=1 case"
"06","049","06049","CA","California","Modoc","No cases","No cases","No cases","No cases","No cases","No cases",">=1 case","No cases",">=1 case","No cases"
"06","051","06051","CA","California","Mono","No cases","No cases","No cases","No cases",">=1 case","No cases","No cases","No cases","No cases","No cases"
"06","053","06053","CA","California","Monterey","No cases",">=1 case",">=1 case",">=1 case",">=1 case",">=1 case",">=1 case",">=1 case",">=1 case",">=1 case"
"06","055","06055","CA","California","Napa","No cases","No cases","No cases",">=1 case","No cases",">=1 case",">=1 case",">=1 case",">=1 case",">=1 case"
"06","057","06057","CA","California","Nevada","No cases",">=1 case","No cases",">=1 case","No cases","No cases",">=1 case",">=1 case",">=1 case",">=1 case"
"06","059","06059","CA","California","Orange",">=1 case",">=1 case",">=1 case",">=1 case",">=1 case",">=1 case",">=1 case",">=1 case",">=1 case",">=1 case"
"06","061","06061","CA","California","Placer","No cases",">=1 case",">=1 case","No cases",">=1 case",">=1 case",">=1 case",">=1 case",">=1 case",">=1 case"
"06","063","06063","CA","California","Plumas","No cases","No cases","No cases","No cases","No cases","No cases","No cases","No cases","No cases",">=1 case"
"06","065","06065","CA","California","Riverside",">=1 case",">=1 case",">=1 case",">=1 case",">=1 case",">=1 case",">=1 case",">=1 case",">=1 case",">=1 case"
"06","067","06067","CA","California","Sacramento",">=1 case",">=1 case",">=1 case",">=1 case",">=1 case",">=1 case",">=1 case",">=1 case",">=1 case",">=1 case"
"06","069","06069","CA","California","San Benito","No cases","No cases","No cases","No cases","No cases","No cases","No cases",">=1 case",">=1 case",">=1 case"
"06","071","06071","CA","California","San Bernardino",">=1 case",">=1 case",">=1 case",">=1 case",">=1 case",">=1 case",">=1 case",">=1 case",">=1 case",">=1 case"
"06","073","06073","CA","California","San Diego",">=1 case",">=1 case",">=1 case",">=1 case",">=1 case",">=1 case",">=1 case",">=1 case",">=1 case",">=1 case"
"06","075","06075","CA","California","San Francisco",">=1 case",">=1 case",">=1 case",">=1 case",">=1 case",">=1 case",">=1 case",">=1 case",">=1 case",">=1 case"
"06","077","06077","CA","California","San Joaquin",">=1 case",">=1 case",">=1 case",">=1 case",">=1 case",">=1 case",">=1 case",">=1 case",">=1 case",">=1 case"
"06","079","06079","CA","California","San Luis Obispo","No cases","No cases",">=1 case",">=1 case",">=1 case",">=1 case",">=1 case",">=1 case",">=1 case",">=1 case"
"06","081","06081","CA","California","San Mateo",">=1 case",">=1 case",">=1 case",">=1 case",">=1 case",">=1 case",">=1 case",">=1 case",">=1 case",">=1 case"
"06","083","06083","CA","California","Santa Barbara",">=1 case",">=1 case",">=1 case",">=1 case",">=1 case",">=1 case",">=1 case",">=1 case",">=1 case",">=1 case"
"06","085","06085","CA","California","Santa Clara",">=1 case",">=1 case",">=1 case",">=1 case",">=1 case",">=1 case",">=1 case",">=1 case",">=1 case",">=1 case"
"06","087","06087","CA","California","Santa Cruz",">=1 case",">=1 case",">=1 case",">=1 case",">=1 case",">=1 case",">=1 case",">=1 case",">=1 case",">=1 case"
"06","089","06089","CA","California","Shasta","No cases","No cases","No cases","No cases",">=1 case",">=1 case",">=1 case",">=1 case",">=1 case",">=1 case"
"06","091","06091","CA","California","Sierra","No cases","No cases","No cases","No cases","No cases","No cases","No cases","No cases","No cases","No cases"
"06","093","06093","CA","California","Siskiyou","No cases","No cases","No cases","No cases",">=1 case","No cases",">=1 case","No cases",">=1 case",">=1 case"
"06","095","06095","CA","California","Solano",">=1 case",">=1 case",">=1 case",">=1 case",">=1 case",">=1 case",">=1 case",">=1 case",">=1 case",">=1 case"
"06","097","06097","CA","California","Sonoma",">=1 case",">=1 case",">=1 case",">=1 case",">=1 case",">=1 case",">=1 case",">=1 case",">=1 case",">=1 case"
"06","099","06099","CA","California","Stanislaus",">=1 case",">=1 case",">=1 case",">=1 case",">=1 case",">=1 case",">=1 case",">=1 case",">=1 case",">=1 case"
"06","101","06101","CA","California","Sutter",">=1 case","No cases","No cases","No cases","No cases","No cases",">=1 case",">=1 case",">=1 case",">=1 case"
"06","103","06103","CA","California","Tehama","No cases",">=1 case","No cases",">=1 case","No cases","No cases",">=1 case",">=1 case",">=1 case",">=1 case"
"06","105","06105","CA","California","Trinity","No cases","No cases","No cases","No cases","No cases","No cases","No cases","No cases",">=1 case",">=1 case"
"06","107","06107","CA","California","Tulare",">=1 case",">=1 case",">=1 case",">=1 case",">=1 case",">=1 case",">=1 case",">=1 case",">=1 case",">=1 case"
"06","109","06109","CA","California","Tuolumne","No cases","No cases","No cases",">=1 case",">=1 case","No cases",">=1 case",">=1 case",">=1 case",">=1 case"
"06","111","06111","CA","California","Ventura",">=1 case",">=1 case",">=1 case",">=1 case",">=1 case",">=1 case",">=1 case",">=1 case",">=1 case",">=1 case"
"06","113","06113","CA","California","Yolo","No cases","No cases","No cases","No cases",">=1 case",">=1 case",">=1 case",">=1 case",">=1 case",">=1 case"
"06","115","06115","CA","California","Yuba",">=1 case",">=1 case","No cases","No cases","No cases",">=1 case",">=1 case",">=1 case",">=1 case",">=1 case"
"08","001","08001","CO","Colorado","Adams",">=1 case",">=1 case",">=1 case",">=1 case","No cases",">=1 case",">=1 case",">=1 case",">=1 case",">=1 case"
"08","003","08003","CO","Colorado","Alamosa",">=1 case","No cases","No cases","No cases","No cases","No cases",">=1 case","No cases","No cases",">=1 case"
"08","005","08005","CO","Colorado","Arapahoe","No cases",">=1 case",">=1 case",">=1 case",">=1 case",">=1 case",">=1 case",">=1 case",">=1 case",">=1 case"
"08","007","08007","CO","Colorado","Archuleta","No cases","No cases","No cases",">=1 case","No cases","No cases",">=1 case","No cases","No cases","No cases"
"08","009","08009","CO","Colorado","Baca","No cases","No cases","No cases","No cases","No cases","No cases","No cases","No cases","No cases","No cases"
"08","011","08011","CO","Colorado","Bent","No cases","No cases","No cases","No cases","No cases","No cases","No cases","No cases","No cases","No cases"
"08","013","08013","CO","Colorado","Boulder","No cases",">=1 case",">=1 case","No cases","No cases","No cases",">=1 case",">=1 case",">=1 case",">=1 case"
"08","014","08014","CO","Colorado","Broomfield","No cases","No cases","No cases","No cases","No cases",">=1 case","No cases",">=1 case","No cases",">=1 case"
"08","015","08015","CO","Colorado","Chaffee",">=1 case","No cases","No cases","No cases","No cases","No cases","No cases","No cases","No cases","No cases"
"08","017","08017","CO","Colorado","Cheyenne","No cases","No cases","No cases","No cases","No cases","No cases","No cases","No cases","No cases","No cases"
"08","019","08019","CO","Colorado","Clear Creek","No cases","No cases","No cases","No cases","No cases","No cases","No cases","No cases","No cases","No cases"
"08","021","08021","CO","Colorado","Conejos","No cases","No cases","No cases","No cases","No cases","No cases","No cases","No cases","No cases","No cases"
"08","023","08023","CO","Colorado","Costilla","No cases","No cases","No cases","No cases","No cases","No cases","No cases","No cases","No cases","No cases"
"08","025","08025","CO","Colorado","Crowley","No cases","No cases","No cases","No cases","No cases","No cases","No cases","No cases","No cases","No cases"
"08","027","08027","CO","Colorado","Custer","No cases","No cases","No cases","No cases","No cases","No cases","No cases","No cases","No cases","No cases"
"08","029","08029","CO","Colorado","Delta",">=1 case","No cases","No cases","No cases","No cases","No cases",">=1 case","No cases",">=1 case",">=1 case"
"08","031","08031","CO","Colorado","Denver",">=1 case",">=1 case",">=1 case",">=1 case",">=1 case",">=1 case",">=1 case",">=1 case",">=1 case",">=1 case"
"08","033","08033","CO","Colorado","Dolores","No cases","No cases","No cases","No cases","No cases","No cases","No cases","No cases","No cases","No cases"
"08","035","08035","CO","Colorado","Douglas","No cases",">=1 case","No cases","No cases",">=1 case","No cases",">=1 case","No cases",">=1 case",">=1 case"
"08","037","08037","CO","Colorado","Eagle",">=1 case","No cases",">=1 case",">=1 case","No cases","No cases","No cases","No cases","No cases",">=1 case"
"08","039","08039","CO","Colorado","Elbert","No cases","No cases",">=1 case","No cases","No cases","No cases",">=1 case","No cases",">=1 case","No cases"
"08","041","08041","CO","Colorado","El Paso","No cases",">=1 case","No cases",">=1 case",">=1 case",">=1 case",">=1 case",">=1 case",">=1 case",">=1 case"
"08","043","08043","CO","Colorado","Fremont","No cases","No cases","No cases","No cases","No cases","No cases","No cases","No cases",">=1 case",">=1 case"
"08","045","08045","CO","Colorado","Garfield","No cases","No cases","No cases","No cases","No cases","No cases","No cases","No cases",">=1 case",">=1 case"
"08","047","08047","CO","Colorado","Gilpin","No cases","No cases","No cases","No cases","No cases","No cases","No cases","No cases","No cases","No cases"
"08","049","08049","CO","Colorado","Grand","No cases","No cases","No cases","No cases","No cases","No cases","No cases","No cases","No cases",">=1 case"
"08","051","08051","CO","Colorado","Gunnison","No cases","No cases","No cases","No cases","No cases","No cases","No cases","No cases","No cases","No cases"
"08","053","08053","CO","Colorado","Hinsdale","No cases","No cases","No cases","No cases","No cases","No cases","No cases","No cases","No cases","No cases"
"08","055","08055","CO","Colorado","Huerfano","No cases","No cases","No cases","No cases","No cases","No cases","No cases","No cases","No cases","No cases"
"08","057","08057","CO","Colorado","Jackson","No cases","No cases","No cases","No cases","No cases","No cases","No cases","No cases","No cases","No cases"
"08","059","08059","CO","Colorado","Jefferson","No cases",">=1 case",">=1 case","No cases",">=1 case",">=1 case",">=1 case",">=1 case",">=1 case",">=1 case"
"08","061","08061","CO","Colorado","Kiowa","No cases","No cases","No cases","No cases","No cases","No cases","No cases","No cases","No cases","No cases"
"08","063","08063","CO","Colorado","Kit Carson","No cases","No cases","No cases","No cases","No cases","No cases","No cases","No cases","No cases","No cases"
"08","065","08065","CO","Colorado","Lake","No cases","No cases","No cases","No cases","No cases","No cases","No cases","No cases","No cases","No cases"
"08","067","08067","CO","Colorado","La Plata","No cases","No cases","No cases","No cases","No cases","No cases","No cases","No cases","No cases","No cases"
"08","069","08069","CO","Colorado","Larimer",">=1 case",">=1 case",">=1 case","No cases","No cases","No cases",">=1 case",">=1 case","No cases",">=1 case"
"08","071","08071","CO","Colorado","Las Animas","No cases","No cases","No cases","No cases","No cases","No cases","No cases","No cases",">=1 case",">=1 case"
"08","073","08073","CO","Colorado","Lincoln","No cases","No cases","No cases","No cases","No cases","No cases","No cases","No cases","No cases","No cases"
"08","075","08075","CO","Colorado","Logan","No cases","No cases","No cases","No cases","No cases","No cases","No cases","No cases",">=1 case","No cases"
"08","077","08077","CO","Colorado","Mesa","No cases","No cases","No cases","No cases","No cases",">=1 case",">=1 case",">=1 case",">=1 case",">=1 case"
"08","079","08079","CO","Colorado","Mineral","No cases","No cases","No cases","No cases","No cases","No cases","No cases","No cases","No cases","No cases"
"08","081","08081","CO","Colorado","Moffat","No cases",">=1 case","No cases","No cases","No cases","No cases","No cases","No cases",">=1 case","No cases"
"08","083","08083","CO","Colorado","Montezuma","No cases",">=1 case","No cases","No cases","No cases",">=1 case",">=1 case","No cases",">=1 case","No cases"
"08","085","08085","CO","Colorado","Montrose","No cases","No cases","No cases","No cases","No cases","No cases","No cases","No cases","No cases",">=1 case"
"08","087","08087","CO","Colorado","Morgan","No cases","No cases","No cases","No cases",">=1 case","No cases","No cases",">=1 case","No cases","No cases"
"08","089","08089","CO","Colorado","Otero","No cases","No cases","No cases","No cases","No cases","No cases","No cases","No cases","No cases",">=1 case"
"08","091","08091","CO","Colorado","Ouray","No cases","No cases","No cases","No cases","No cases","No cases","No cases","No cases","No cases","No cases"
"08","093","08093","CO","Colorado","Park","No cases","No cases","No cases","No cases","No cases","No cases",">=1 case","No cases","No cases","No cases"
"08","095","08095","CO","Colorado","Phillips","No cases","No cases","No cases","No cases","No cases","No cases","No cases","No cases","No cases","No cases"
"08","097","08097","CO","Colorado","Pitkin","No cases","No cases","No cases","No cases","No cases","No cases","No cases","No cases","No cases",">=1 case"
"08","099","08099","CO","Colorado","Prowers","No cases","No cases","No cases","No cases","No cases","No cases","No cases",">=1 case","No cases","No cases"
"08","101","08101","CO","Colorado","Pueblo","No cases","No cases",">=1 case",">=1 case","No cases",">=1 case",">=1 case",">=1 case",">=1 case",">=1 case"
"08","103","08103","CO","Colorado","Rio Blanco","No cases","No cases","No cases","No cases","No cases","No cases","No cases","No cases","No cases","No cases"
"08","105","08105","CO","Colorado","Rio Grande","No cases","No cases","No cases","No cases","No cases","No cases","No cases","No cases",">=1 case",">=1 case"
"08","107","08107","CO","Colorado","Routt","No cases","No cases","No cases","No cases","No cases","No cases","No cases","No cases",">=1 case","No cases"
"08","109","08109","CO","Colorado","Saguache","No cases","No cases","No cases","No cases","No cases","No cases","No cases",">=1 case","No cases","No cases"
"08","111","08111","CO","Colorado","San Juan","No cases","No cases","No cases","No cases","No cases","No cases","No cases","No cases","No cases","No cases"
"08","113","08113","CO","Colorado","San Miguel","No cases","No cases","No cases","No cases","No cases","No cases","No cases","No cases","No cases","No cases"
"08","115","08115","CO","Colorado","Sedgwick","No cases","No cases","No cases","No cases","No cases","No cases","No cases","No cases","No cases","No cases"
"08","117","08117","CO","Colorado","Summit","No cases","No cases","No cases","No cases","No cases","No cases","No cases","No cases","No cases","No cases"
"08","119","08119","CO","Colorado","Teller","No cases","No cases","No cases","No cases","No cases","No cases","No cases","No cases",">=1 case","No cases"
"08","121","08121","CO","Colorado","Washington","No cases","No cases","No cases","No cases","No cases","No cases","No cases","No cases","No cases","No cases"
"08","123","08123","CO","Colorado","Weld","No cases","No cases",">=1 case",">=1 case","No cases",">=1 case",">=1 case",">=1 case",">=1 case",">=1 case"
"08","125","08125","CO","Colorado","Yuma","No cases","No cases","No cases","No cases","No cases","No cases","No cases","No cases","No cases","No cases"
"09","001","09001","CT","Connecticut","Fairfield",">=1 case",">=1 case",">=1 case",">=1 case",">=1 case",">=1 case",">=1 case",">=1 case",">=1 case",">=1 case"
"09","003","09003","CT","Connecticut","Hartford",">=1 case",">=1 case",">=1 case",">=1 case",">=1 case",">=1 case",">=1 case",">=1 case",">=1 case",">=1 case"
"09","005","09005","CT","Connecticut","Litchfield",">=1 case","No cases","No cases",">=1 case",">=1 case",">=1 case",">=1 case",">=1 case","No cases",">=1 case"
"09","007","09007","CT","Connecticut","Middlesex",">=1 case","No cases","No cases","No cases",">=1 case",">=1 case","No cases","No cases","No cases",">=1 case"
"09","009","09009","CT","Connecticut","New Haven",">=1 case",">=1 case",">=1 case",">=1 case",">=1 case",">=1 case",">=1 case",">=1 case",">=1 case",">=1 case"
"09","011","09011","CT","Connecticut","New London",">=1 case",">=1 case",">=1 case","No cases","No cases","No cases",">=1 case","No cases",">=1 case",">=1 case"
"09","013","09013","CT","Connecticut","Tolland","No cases","No cases","No cases","No cases","No cases","No cases","No cases","No cases",">=1 case",">=1 case"
"09","015","09015","CT","Connecticut","Windham",">=1 case",">=1 case",">=1 case",">=1 case","No cases","No cases","No cases","No cases","No cases",">=1 case"
"10","001","10001","DE","Delaware","Kent",">=1 case",">=1 case",">=1 case",">=1 case",">=1 case",">=1 case",">=1 case",">=1 case",">=1 case",">=1 case"
"10","003","10003","DE","Delaware","New Castle",">=1 case",">=1 case",">=1 case",">=1 case",">=1 case",">=1 case",">=1 case",">=1 case",">=1 case",">=1 case"
"10","005","10005","DE","Delaware","Sussex",">=1 case",">=1 case",">=1 case",">=1 case","No cases",">=1 case",">=1 case",">=1 case",">=1 case",">=1 case"
"11","001","11001","DC","District of Columbia","District of Columbia",">=1 case",">=1 case",">=1 case",">=1 case","No cases","No cases","No cases",">=1 case",">=1 case",">=1 case"
"12","001","12001","FL","Florida","Alachua",">=1 case",">=1 case",">=1 case",">=1 case",">=1 case",">=1 case",">=1 case",">=1 case",">=1 case",">=1 case"
"12","003","12003","FL","Florida","Baker","No cases","No cases","No cases","No cases","No cases","No cases",">=1 case",">=1 case",">=1 case",">=1 case"
"12","005","12005","FL","Florida","Bay","No cases","No cases",">=1 case",">=1 case","No cases",">=1 case",">=1 case",">=1 case",">=1 case",">=1 case"
"12","007","12007","FL","Florida","Bradford","No cases","No cases","No cases","No cases",">=1 case","No cases",">=1 case",">=1 case",">=1 case",">=1 case"
"12","009","12009","FL","Florida","Brevard",">=1 case",">=1 case",">=1 case",">=1 case",">=1 case",">=1 case",">=1 case",">=1 case",">=1 case",">=1 case"
"12","011","12011","FL","Florida","Broward",">=1 case",">=1 case",">=1 case",">=1 case",">=1 case",">=1 case",">=1 case",">=1 case",">=1 case",">=1 case"
"12","013","12013","FL","Florida","Calhoun","No cases",">=1 case","No cases","No cases","No cases","No cases",">=1 case","No cases",">=1 case","No cases"
"12","015","12015","FL","Florida","Charlotte",">=1 case",">=1 case","No cases",">=1 case",">=1 case",">=1 case",">=1 case",">=1 case",">=1 case",">=1 case"
"12","017","12017","FL","Florida","Citrus",">=1 case","No cases","No cases","No cases","No cases",">=1 case",">=1 case",">=1 case",">=1 case",">=1 case"
"12","019","12019","FL","Florida","Clay",">=1 case",">=1 case",">=1 case",">=1 case",">=1 case",">=1 case",">=1 case",">=1 case",">=1 case",">=1 case"
"12","021","12021","FL","Florida","Collier",">=1 case",">=1 case",">=1 case",">=1 case",">=1 case",">=1 case",">=1 case",">=1 case",">=1 case",">=1 case"
"12","023","12023","FL","Florida","Columbia","No cases",">=1 case","No cases","No cases","No cases",">=1 case",">=1 case",">=1 case",">=1 case",">=1 case"
"12","027","12027","FL","Florida","DeSoto","No cases","No cases","No cases","No cases","No cases","No cases","No cases","No cases","No cases",">=1 case"
"12","029","12029","FL","Florida","Dixie",">=1 case","No cases","No cases","No cases","No cases","No cases","No cases","No cases",">=1 case","No cases"
"12","031","12031","FL","Florida","Duval",">=1 case",">=1 case",">=1 case",">=1 case",">=1 case",">=1 case",">=1 case",">=1 case",">=1 case",">=1 case"
"12","033","12033","FL","Florida","Escambia",">=1 case",">=1 case",">=1 case",">=1 case",">=1 case",">=1 case",">=1 case",">=1 case",">=1 case",">=1 case"
"12","035","12035","FL","Florida","Flagler",">=1 case",">=1 case",">=1 case",">=1 case",">=1 case","No cases",">=1 case",">=1 case",">=1 case",">=1 case"
"12","037","12037","FL","Florida","Franklin","No cases","No cases","No cases",">=1 case","No cases","No cases","No cases",">=1 case",">=1 case",">=1 case"
"12","039","12039","FL","Florida","Gadsden",">=1 case",">=1 case",">=1 case",">=1 case",">=1 case",">=1 case",">=1 case",">=1 case",">=1 case",">=1 case"
"12","041","12041","FL","Florida","Gilchrist","No cases",">=1 case","No cases","No cases",">=1 case","No cases","No cases",">=1 case","No cases","No cases"
"12","043","12043","FL","Florida","Glades","No cases","No cases","No cases","No cases","No cases","No cases","No cases","No cases","No cases",">=1 case"
"12","045","12045","FL","Florida","Gulf",">=1 case","No cases","No cases","No cases","No cases","No cases","No cases",">=1 case",">=1 case",">=1 case"
"12","047","12047","FL","Florida","Hamilton","No cases","No cases","No cases",">=1 case","No cases","No cases","No cases",">=1 case","No cases","No cases"
"12","049","12049","FL","Florida","Hardee","No cases",">=1 case","No cases","No cases","No cases",">=1 case",">=1 case","No cases",">=1 case",">=1 case"
"12","051","12051","FL","Florida","Hendry","No cases","No cases","No cases",">=1 case","No cases","No cases","No cases","No cases",">=1 case",">=1 case"
"12","053","12053","FL","Florida","Hernando",">=1 case",">=1 case","No cases",">=1 case",">=1 case",">=1 case",">=1 case","No cases",">=1 case",">=1 case"
"12","055","12055","FL","Florida","Highlands",">=1 case","No cases","No cases",">=1 case",">=1 case",">=1 case",">=1 case",">=1 case",">=1 case",">=1 case"
"12","057","12057","FL","Florida","Hillsborough",">=1 case",">=1 case",">=1 case",">=1 case",">=1 case",">=1 case",">=1 case",">=1 case",">=1 case",">=1 case"
"12","059","12059","FL","Florida","Holmes","No cases","No cases","No cases","No cases","No cases","No cases","No cases","No cases","No cases",">=1 case"
"12","061","12061","FL","Florida","Indian River",">=1 case",">=1 case",">=1 case",">=1 case",">=1 case",">=1 case",">=1 case",">=1 case",">=1 case",">=1 case"
"12","063","12063","FL","Florida","Jackson","No cases","No cases","No cases","No cases",">=1 case",">=1 case",">=1 case",">=1 case",">=1 case",">=1 case"
"12","065","12065","FL","Florida","Jefferson","No cases",">=1 case",">=1 case","No cases",">=1 case","No cases","No cases","No cases",">=1 case",">=1 case"
"12","067","12067","FL","Florida","Lafayette","No cases","No cases","No cases","No cases","No cases","No cases","No cases","No cases","No cases","No cases"
"12","069","12069","FL","Florida","Lake",">=1 case",">=1 case",">=1 case",">=1 case",">=1 case",">=1 case",">=1 case",">=1 case",">=1 case",">=1 case"
"12","071","12071","FL","Florida","Lee",">=1 case",">=1 case",">=1 case",">=1 case",">=1 case",">=1 case",">=1 case",">=1 case",">=1 case",">=1 case"
"12","073","12073","FL","Florida","Leon",">=1 case",">=1 case",">=1 case",">=1 case",">=1 case",">=1 case",">=1 case",">=1 case",">=1 case",">=1 case"
"12","075","12075","FL","Florida","Levy","No cases","No cases","No cases","No cases","No cases",">=1 case",">=1 case",">=1 case",">=1 case",">=1 case"
"12","077","12077","FL","Florida","Liberty","No cases",">=1 case","No cases","No cases","No cases","No cases","No cases",">=1 case","No cases","No cases"
"12","079","12079","FL","Florida","Madison","No cases","No cases","No cases","No cases","No cases","No cases","No cases","No cases",">=1 case",">=1 case"
"12","081","12081","FL","Florida","Manatee",">=1 case",">=1 case",">=1 case",">=1 case",">=1 case",">=1 case",">=1 case",">=1 case",">=1 case",">=1 case"
"12","083","12083","FL","Florida","Marion",">=1 case",">=1 case",">=1 case",">=1 case",">=1 case",">=1 case",">=1 case",">=1 case",">=1 case",">=1 case"
"12","085","12085","FL","Florida","Martin",">=1 case","No cases","No cases",">=1 case",">=1 case",">=1 case",">=1 case",">=1 case",">=1 case",">=1 case"
"12","086","12086","FL","Florida","Miami-Dade",">=1 case",">=1 case",">=1 case",">=1 case",">=1 case",">=1 case",">=1 case",">=1 case",">=1 case",">=1 case"
"12","087","12087","FL","Florida","Monroe",">=1 case",">=1 case",">=1 case",">=1 case",">=1 case",">=1 case",">=1 case",">=1 case",">=1 case",">=1 case"
"12","089","12089","FL","Florida","Nassau",">=1 case","No cases",">=1 case","No cases",">=1 case","No cases","No cases",">=1 case",">=1 case","No cases"
"12","091","12091","FL","Florida","Okaloosa","No cases",">=1 case","No cases","No cases",">=1 case","No cases",">=1 case","No cases",">=1 case",">=1 case"
"12","093","12093","FL","Florida","Okeechobee","No cases","No cases","No cases",">=1 case",">=1 case",">=1 case",">=1 case","No cases",">=1 case",">=1 case"
"12","095","12095","FL","Florida","Orange",">=1 case",">=1 case",">=1 case",">=1 case",">=1 case",">=1 case",">=1 case",">=1 case",">=1 case",">=1 case"
"12","097","12097","FL","Florida","Osceola",">=1 case",">=1 case",">=1 case",">=1 case",">=1 case",">=1 case",">=1 case",">=1 case",">=1 case",">=1 case"
"12","099","12099","FL","Florida","Palm Beach",">=1 case",">=1 case",">=1 case",">=1 case",">=1 case",">=1 case",">=1 case",">=1 case",">=1 case",">=1 case"
"12","101","12101","FL","Florida","Pasco",">=1 case",">=1 case",">=1 case",">=1 case",">=1 case",">=1 case",">=1 case",">=1 case",">=1 case",">=1 case"
"12","103","12103","FL","Florida","Pinellas",">=1 case",">=1 case",">=1 case",">=1 case",">=1 case",">=1 case",">=1 case",">=1 case",">=1 case",">=1 case"
"12","105","12105","FL","Florida","Polk",">=1 case",">=1 case",">=1 case",">=1 case",">=1 case",">=1 case",">=1 case",">=1 case",">=1 case",">=1 case"
"12","107","12107","FL","Florida","Putnam",">=1 case",">=1 case",">=1 case",">=1 case",">=1 case",">=1 case",">=1 case",">=1 case",">=1 case",">=1 case"
"12","109","12109","FL","Florida","St. Johns",">=1 case",">=1 case","No cases",">=1 case",">=1 case",">=1 case",">=1 case",">=1 case",">=1 case",">=1 case"
"12","111","12111","FL","Florida","St. Lucie",">=1 case",">=1 case",">=1 case",">=1 case",">=1 case",">=1 case",">=1 case",">=1 case",">=1 case",">=1 case"
"12","113","12113","FL","Florida","Santa Rosa","No cases","No cases",">=1 case",">=1 case",">=1 case",">=1 case",">=1 case",">=1 case","No cases",">=1 case"
"12","115","12115","FL","Florida","Sarasota",">=1 case",">=1 case",">=1 case","No cases",">=1 case",">=1 case",">=1 case",">=1 case",">=1 case",">=1 case"
"12","117","12117","FL","Florida","Seminole",">=1 case",">=1 case",">=1 case",">=1 case",">=1 case",">=1 case",">=1 case",">=1 case",">=1 case",">=1 case"
"12","119","12119","FL","Florida","Sumter","No cases","No cases",">=1 case","No cases",">=1 case","No cases",">=1 case","No cases","No cases",">=1 case"
"12","121","12121","FL","Florida","Suwannee",">=1 case",">=1 case","No cases","No cases",">=1 case",">=1 case",">=1 case","No cases","No cases",">=1 case"
"12","123","12123","FL","Florida","Taylor","No cases","No cases","No cases",">=1 case","No cases","No cases",">=1 case",">=1 case","No cases","No cases"
"12","125","12125","FL","Florida","Union","No cases","No cases","No cases","No cases",">=1 case",">=1 case",">=1 case",">=1 case",">=1 case",">=1 case"
"12","127","12127","FL","Florida","Volusia",">=1 case",">=1 case",">=1 case",">=1 case",">=1 case",">=1 case",">=1 case",">=1 case",">=1 case",">=1 case"
"12","129","12129","FL","Florida","Wakulla",">=1 case","No cases",">=1 case","No cases","No cases","No cases","No cases","No cases",">=1 case",">=1 case"
"12","131","12131","FL","Florida","Walton",">=1 case",">=1 case","No cases","No cases","No cases",">=1 case",">=1 case",">=1 case",">=1 case",">=1 case"
"12","133","12133","FL","Florida","Washington","No cases","No cases","No cases","No cases","No cases",">=1 case","No cases","No cases",">=1 case","No cases"
"13","001","13001","GA","Georgia","Appling","No cases","No cases","No cases","No cases","No cases","No cases",">=1 case",">=1 case",">=1 case","No cases"
"13","003","13003","GA","Georgia","Atkinson","No cases","No cases","No cases","No cases","No cases","No cases",">=1 case","No cases","No cases","No cases"
"13","005","13005","GA","Georgia","Bacon","No cases","No cases","No cases","No cases","No cases",">=1 case","No cases","No cases","No cases","No cases"
"13","007","13007","GA","Georgia","Baker","No cases","No cases","No cases","No cases","No cases","No cases","No cases","No cases","No cases","No cases"
"13","009","13009","GA","Georgia","Baldwin","No cases",">=1 case",">=1 case",">=1 case",">=1 case","No cases","No cases",">=1 case",">=1 case",">=1 case"
"13","011","13011","GA","Georgia","Banks","No cases","No cases",">=1 case",">=1 case",">=1 case",">=1 case","No cases","No cases","No cases","No cases"
"13","013","13013","GA","Georgia","Barrow","No cases","No cases",">=1 case",">=1 case",">=1 case",">=1 case",">=1 case",">=1 case",">=1 case",">=1 case"
"13","015","13015","GA","Georgia","Bartow","No cases",">=1 case",">=1 case",">=1 case",">=1 case",">=1 case",">=1 case",">=1 case",">=1 case",">=1 case"
"13","017","13017","GA","Georgia","Ben Hill","No cases","No cases","No cases","No cases","No cases","No cases",">=1 case",">=1 case","No cases","No cases"
"13","019","13019","GA","Georgia","Berrien",">=1 case","No cases","No cases","No cases","No cases","No cases",">=1 case","No cases","No cases","No cases"
"13","021","13021","GA","Georgia","Bibb",">=1 case",">=1 case",">=1 case",">=1 case",">=1 case",">=1 case",">=1 case",">=1 case",">=1 case",">=1 case"
"13","023","13023","GA","Georgia","Bleckley","No cases","No cases",">=1 case",">=1 case","No cases",">=1 case",">=1 case",">=1 case","No cases",">=1 case"
"13","025","13025","GA","Georgia","Brantley",">=1 case",">=1 case","No cases","No cases","No cases","No cases","No cases","No cases","No cases",">=1 case"
"13","027","13027","GA","Georgia","Brooks","No cases","No cases","No cases","No cases","No cases","No cases",">=1 case",">=1 case",">=1 case",">=1 case"
"13","029","13029","GA","Georgia","Bryan","No cases",">=1 case","No cases",">=1 case","No cases",">=1 case","No cases",">=1 case",">=1 case","No cases"
"13","031","13031","GA","Georgia","Bulloch",">=1 case","No cases",">=1 case",">=1 case",">=1 case",">=1 case",">=1 case",">=1 case",">=1 case",">=1 case"
"13","033","13033","GA","Georgia","Burke","No cases","No cases",">=1 case","No cases",">=1 case","No cases","No cases","No cases",">=1 case","No cases"
"13","035","13035","GA","Georgia","Butts","No cases","No cases","No cases","No cases",">=1 case","No cases","No cases",">=1 case",">=1 case","No cases"
"13","037","13037","GA","Georgia","Calhoun","No cases","No cases","No cases","No cases","No cases","No cases","No cases","No cases","No cases",">=1 case"
"13","039","13039","GA","Georgia","Camden","No cases","No cases",">=1 case","No cases","No cases","No cases",">=1 case",">=1 case","No cases",">=1 case"
"13","043","13043","GA","Georgia","Candler","No cases","No cases","No cases","No cases","No cases","No cases","No cases","No cases",">=1 case",">=1 case"
"13","045","13045","GA","Georgia","Carroll",">=1 case","No cases",">=1 case",">=1 case",">=1 case",">=1 case",">=1 case",">=1 case",">=1 case",">=1 case"
"13","047","13047","GA","Georgia","Catoosa","No cases","No cases",">=1 case","No cases",">=1 case",">=1 case",">=1 case","No cases",">=1 case",">=1 case"
"13","049","13049","GA","Georgia","Charlton","No cases","No cases",">=1 case","No cases","No cases",">=1 case","No cases",">=1 case","No cases","No cases"
"13","051","13051","GA","Georgia","Chatham",">=1 case",">=1 case",">=1 case",">=1 case",">=1 case",">=1 case",">=1 case",">=1 case",">=1 case",">=1 case"
"13","053","13053","GA","Georgia","Chattahoochee","No cases","No cases","No cases","No cases","No cases","No cases","No cases","No cases",">=1 case",">=1 case"
"13","055","13055","GA","Georgia","Chattooga","No cases","No cases","No cases","No cases",">=1 case","No cases","No cases",">=1 case","No cases",">=1 case"
"13","057","13057","GA","Georgia","Cherokee","No cases","No cases",">=1 case",">=1 case",">=1 case",">=1 case",">=1 case",">=1 case",">=1 case",">=1 case"
"13","059","13059","GA","Georgia","Clarke",">=1 case","No cases",">=1 case","No cases",">=1 case",">=1 case",">=1 case",">=1 case",">=1 case",">=1 case"
"13","061","13061","GA","Georgia","Clay","No cases","No cases","No cases","No cases","No cases","No cases","No cases","No cases","No cases","No cases"
"13","063","13063","GA","Georgia","Clayton",">=1 case",">=1 case",">=1 case",">=1 case",">=1 case",">=1 case",">=1 case",">=1 case",">=1 case",">=1 case"
"13","065","13065","GA","Georgia","Clinch","No cases","No cases","No cases","No cases","No cases","No cases","No cases","No cases","No cases","No cases"
"13","067","13067","GA","Georgia","Cobb",">=1 case",">=1 case",">=1 case",">=1 case",">=1 case",">=1 case",">=1 case",">=1 case",">=1 case",">=1 case"
"13","069","13069","GA","Georgia","Coffee","No cases","No cases","No cases","No cases","No cases",">=1 case",">=1 case",">=1 case",">=1 case",">=1 case"
"13","071","13071","GA","Georgia","Colquitt",">=1 case","No cases","No cases",">=1 case",">=1 case","No cases","No cases",">=1 case",">=1 case",">=1 case"
"13","073","13073","GA","Georgia","Columbia",">=1 case",">=1 case",">=1 case",">=1 case","No cases",">=1 case",">=1 case",">=1 case",">=1 case",">=1 case"
"13","075","13075","GA","Georgia","Cook","No cases","No cases",">=1 case","No cases","No cases","No cases",">=1 case",">=1 case",">=1 case","No cases"
"13","077","13077","GA","Georgia","Coweta",">=1 case",">=1 case",">=1 case",">=1 case",">=1 case",">=1 case",">=1 case",">=1 case",">=1 case",">=1 case"
"13","079","13079","GA","Georgia","Crawford",">=1 case","No cases","No cases","No cases","No cases","No cases","No cases","No cases","No cases","No cases"
"13","081","13081","GA","Georgia","Crisp","No cases","No cases","No cases",">=1 case",">=1 case",">=1 case","No cases",">=1 case",">=1 case",">=1 case"
"13","083","13083","GA","Georgia","Dade","No cases","No cases","No cases","No cases","No cases","No cases","No cases","No cases","No cases","No cases"
"13","085","13085","GA","Georgia","Dawson","No cases","No cases","No cases",">=1 case","No cases","No cases",">=1 case","No cases","No cases",">=1 case"
"13","087","13087","GA","Georgia","Decatur",">=1 case",">=1 case",">=1 case","No cases",">=1 case",">=1 case",">=1 case",">=1 case","No cases",">=1 case"
"13","089","13089","GA","Georgia","DeKalb",">=1 case",">=1 case",">=1 case",">=1 case",">=1 case",">=1 case",">=1 case",">=1 case",">=1 case",">=1 case"
"13","091","13091","GA","Georgia","Dodge","No cases",">=1 case","No cases",">=1 case","No cases","No cases","No cases",">=1 case",">=1 case","No cases"
"13","093","13093","GA","Georgia","Dooly","No cases","No cases","No cases",">=1 case","No cases","No cases","No cases","No cases",">=1 case",">=1 case"
"13","095","13095","GA","Georgia","Dougherty",">=1 case",">=1 case",">=1 case",">=1 case",">=1 case",">=1 case",">=1 case",">=1 case",">=1 case",">=1 case"
"13","097","13097","GA","Georgia","Douglas",">=1 case","No cases",">=1 case",">=1 case",">=1 case",">=1 case",">=1 case",">=1 case",">=1 case",">=1 case"
"13","099","13099","GA","Georgia","Early","No cases",">=1 case","No cases","No cases","No cases","No cases","No cases","No cases","No cases","No cases"
"13","101","13101","GA","Georgia","Echols","No cases","No cases","No cases","No cases","No cases","No cases","No cases","No cases",">=1 case","No cases"
"13","103","13103","GA","Georgia","Effingham","No cases","No cases","No cases","No cases",">=1 case","No cases","No cases","No cases",">=1 case",">=1 case"
"13","105","13105","GA","Georgia","Elbert","No cases","No cases","No cases","No cases",">=1 case","No cases","No cases","No cases",">=1 case",">=1 case"
"13","107","13107","GA","Georgia","Emanuel",">=1 case",">=1 case","No cases",">=1 case",">=1 case","No cases","No cases",">=1 case",">=1 case",">=1 case"
"13","109","13109","GA","Georgia","Evans",">=1 case","No cases",">=1 case","No cases",">=1 case",">=1 case","No cases",">=1 case",">=1 case",">=1 case"
"13","111","13111","GA","Georgia","Fannin","No cases","No cases","No cases","No cases","No cases","No cases","No cases","No cases","No cases","No cases"
"13","113","13113","GA","Georgia","Fayette","No cases","No cases","No cases",">=1 case",">=1 case",">=1 case",">=1 case",">=1 case",">=1 case",">=1 case"
"13","115","13115","GA","Georgia","Floyd",">=1 case",">=1 case",">=1 case","No cases",">=1 case",">=1 case",">=1 case",">=1 case",">=1 case",">=1 case"
"13","117","13117","GA","Georgia","Forsyth",">=1 case","No cases","No cases",">=1 case",">=1 case","No cases",">=1 case",">=1 case",">=1 case",">=1 case"
"13","119","13119","GA","Georgia","Franklin","No cases","No cases","No cases","No cases","No cases","No cases",">=1 case","No cases","No cases",">=1 case"
"13","121","13121","GA","Georgia","Fulton",">=1 case",">=1 case",">=1 case",">=1 case",">=1 case",">=1 case",">=1 case",">=1 case",">=1 case",">=1 case"
"13","123","13123","GA","Georgia","Gilmer","No cases","No cases","No cases","No cases","No cases","No cases","No cases","No cases",">=1 case",">=1 case"
"13","125","13125","GA","Georgia","Glascock","No cases","No cases","No cases","No cases","No cases","No cases","No cases","No cases","No cases","No cases"
"13","127","13127","GA","Georgia","Glynn",">=1 case",">=1 case",">=1 case",">=1 case",">=1 case",">=1 case",">=1 case",">=1 case",">=1 case",">=1 case"
"13","129","13129","GA","Georgia","Gordon","No cases","No cases","No cases","No cases","No cases",">=1 case",">=1 case",">=1 case",">=1 case",">=1 case"
"13","131","13131","GA","Georgia","Grady","No cases","No cases","No cases","No cases","No cases","No cases","No cases","No cases","No cases",">=1 case"
"13","133","13133","GA","Georgia","Greene","No cases","No cases","No cases","No cases",">=1 case","No cases","No cases",">=1 case","No cases",">=1 case"
"13","135","13135","GA","Georgia","Gwinnett",">=1 case",">=1 case",">=1 case",">=1 case",">=1 case",">=1 case",">=1 case",">=1 case",">=1 case",">=1 case"
"13","137","13137","GA","Georgia","Habersham","No cases","No cases","No cases",">=1 case","No cases","No cases",">=1 case",">=1 case",">=1 case",">=1 case"
"13","139","13139","GA","Georgia","Hall",">=1 case",">=1 case",">=1 case",">=1 case","No cases",">=1 case",">=1 case",">=1 case",">=1 case",">=1 case"
"13","141","13141","GA","Georgia","Hancock","No cases","No cases","No cases","No cases","No cases","No cases","No cases","No cases","No cases","No cases"
"13","143","13143","GA","Georgia","Haralson","No cases","No cases","No cases",">=1 case","No cases","No cases","No cases","No cases","No cases",">=1 case"
"13","145","13145","GA","Georgia","Harris","No cases","No cases",">=1 case","No cases","No cases","No cases","No cases",">=1 case","No cases",">=1 case"
"13","147","13147","GA","Georgia","Hart","No cases",">=1 case","No cases","No cases",">=1 case","No cases","No cases","No cases",">=1 case",">=1 case"
"13","149","13149","GA","Georgia","Heard","No cases",">=1 case","No cases","No cases",">=1 case",">=1 case",">=1 case","No cases",">=1 case","No cases"
"13","151","13151","GA","Georgia","Henry",">=1 case",">=1 case",">=1 case",">=1 case",">=1 case",">=1 case",">=1 case",">=1 case",">=1 case",">=1 case"
"13","153","13153","GA","Georgia","Houston",">=1 case",">=1 case",">=1 case",">=1 case",">=1 case",">=1 case",">=1 case",">=1 case",">=1 case",">=1 case"
"13","155","13155","GA","Georgia","Irwin","No cases",">=1 case",">=1 case","No cases","No cases","No cases","No cases",">=1 case",">=1 case","No cases"
"13","157","13157","GA","Georgia","Jackson",">=1 case",">=1 case","No cases","No cases",">=1 case",">=1 case","No cases",">=1 case",">=1 case",">=1 case"
"13","159","13159","GA","Georgia","Jasper",">=1 case","No cases",">=1 case","No cases","No cases",">=1 case","No cases","No cases","No cases",">=1 case"
"13","161","13161","GA","Georgia","Jeff Davis","No cases","No cases","No cases","No cases","No cases","No cases","No cases",">=1 case",">=1 case",">=1 case"
"13","163","13163","GA","Georgia","Jefferson","No cases","No cases","No cases",">=1 case",">=1 case","No cases","No cases",">=1 case",">=1 case",">=1 case"
"13","165","13165","GA","Georgia","Jenkins","No cases","No cases",">=1 case","No cases","No cases","No cases","No cases","No cases","No cases",">=1 case"
"13","167","13167","GA","Georgia","Johnson","No cases","No cases","No cases","No cases","No cases","No cases","No cases","No cases","No cases","No cases"
"13","169","13169","GA","Georgia","Jones","No cases","No cases","No cases","No cases","No cases","No cases",">=1 case","No cases","No cases",">=1 case"
"13","171","13171","GA","Georgia","Lamar","No cases","No cases","No cases",">=1 case","No cases","No cases","No cases","No cases",">=1 case","No cases"
"13","173","13173","GA","Georgia","Lanier",">=1 case","No cases","No cases","No cases","No cases","No cases","No cases","No cases","No cases","No cases"
"13","175","13175","GA","Georgia","Laurens","No cases","No cases","No cases",">=1 case",">=1 case","No cases",">=1 case",">=1 case",">=1 case",">=1 case"
"13","177","13177","GA","Georgia","Lee","No cases",">=1 case",">=1 case",">=1 case",">=1 case",">=1 case","No cases",">=1 case","No cases","No cases"
"13","179","13179","GA","Georgia","Liberty","No cases",">=1 case",">=1 case","No cases",">=1 case",">=1 case",">=1 case",">=1 case",">=1 case",">=1 case"
"13","181","13181","GA","Georgia","Lincoln","No cases","No cases","No cases","No cases","No cases","No cases","No cases","No cases",">=1 case","No cases"
"13","183","13183","GA","Georgia","Long","No cases","No cases","No cases","No cases","No cases","No cases",">=1 case","No cases","No cases","No cases"
"13","185","13185","GA","Georgia","Lowndes",">=1 case",">=1 case",">=1 case",">=1 case",">=1 case",">=1 case",">=1 case",">=1 case",">=1 case",">=1 case"
"13","187","13187","GA","Georgia","Lumpkin","No cases","No cases","No cases","No cases","No cases","No cases","No cases","No cases","No cases","No cases"
"13","189","13189","GA","Georgia","McDuffie",">=1 case","No cases","No cases",">=1 case",">=1 case",">=1 case","No cases",">=1 case",">=1 case",">=1 case"
"13","191","13191","GA","Georgia","McIntosh","No cases","No cases","No cases","No cases","No cases","No cases",">=1 case","No cases","No cases",">=1 case"
"13","193","13193","GA","Georgia","Macon","No cases","No cases","No cases","No cases",">=1 case","No cases","No cases","No cases","No cases","No cases"
"13","195","13195","GA","Georgia","Madison","No cases","No cases","No cases","No cases","No cases","No cases","No cases","No cases","No cases",">=1 case"
"13","197","13197","GA","Georgia","Marion","No cases","No cases","No cases","No cases","No cases","No cases",">=1 case","No cases","No cases","No cases"
"13","199","13199","GA","Georgia","Meriwether","No cases","No cases","No cases","No cases","No cases","No cases","No cases",">=1 case","No cases","No cases"
"13","201","13201","GA","Georgia","Miller","No cases","No cases","No cases","No cases","No cases","No cases","No cases",">=1 case","No cases","No cases"
"13","205","13205","GA","Georgia","Mitchell","No cases",">=1 case","No cases","No cases",">=1 case",">=1 case","No cases","No cases",">=1 case","No cases"
"13","207","13207","GA","Georgia","Monroe","No cases","No cases","No cases","No cases","No cases",">=1 case",">=1 case","No cases","No cases","No cases"
"13","209","13209","GA","Georgia","Montgomery","No cases","No cases","No cases","No cases","No cases","No cases","No cases",">=1 case",">=1 case",">=1 case"
"13","211","13211","GA","Georgia","Morgan","No cases","No cases","No cases","No cases",">=1 case","No cases","No cases",">=1 case","No cases","No cases"
"13","213","13213","GA","Georgia","Murray","No cases","No cases","No cases","No cases","No cases","No cases","No cases",">=1 case","No cases",">=1 case"
"13","215","13215","GA","Georgia","Muscogee",">=1 case",">=1 case",">=1 case",">=1 case",">=1 case",">=1 case",">=1 case",">=1 case",">=1 case",">=1 case"
"13","217","13217","GA","Georgia","Newton",">=1 case",">=1 case","No cases",">=1 case",">=1 case",">=1 case",">=1 case",">=1 case",">=1 case",">=1 case"
"13","219","13219","GA","Georgia","Oconee","No cases","No cases",">=1 case","No cases","No cases","No cases","No cases","No cases",">=1 case",">=1 case"
"13","221","13221","GA","Georgia","Oglethorpe","No cases","No cases","No cases","No cases","No cases","No cases","No cases","No cases","No cases",">=1 case"
"13","223","13223","GA","Georgia","Paulding","No cases","No cases","No cases",">=1 case",">=1 case",">=1 case",">=1 case",">=1 case",">=1 case",">=1 case"
"13","225","13225","GA","Georgia","Peach",">=1 case",">=1 case",">=1 case","No cases","No cases",">=1 case",">=1 case",">=1 case",">=1 case",">=1 case"
"13","227","13227","GA","Georgia","Pickens","No cases","No cases","No cases","No cases","No cases","No cases","No cases","No cases",">=1 case","No cases"
"13","229","13229","GA","Georgia","Pierce","No cases",">=1 case","No cases","No cases","No cases","No cases","No cases","No cases","No cases",">=1 case"
"13","231","13231","GA","Georgia","Pike","No cases","No cases","No cases",">=1 case","No cases","No cases",">=1 case",">=1 case",">=1 case",">=1 case"
"13","233","13233","GA","Georgia","Polk","No cases","No cases",">=1 case",">=1 case","No cases",">=1 case","No cases",">=1 case","No cases",">=1 case"
"13","235","13235","GA","Georgia","Pulaski","No cases","No cases","No cases",">=1 case","No cases",">=1 case","No cases","No cases",">=1 case","No cases"
"13","237","13237","GA","Georgia","Putnam",">=1 case","No cases",">=1 case","No cases","No cases","No cases","No cases","No cases",">=1 case","No cases"
"13","239","13239","GA","Georgia","Quitman","No cases","No cases","No cases","No cases","No cases","No cases","No cases","No cases","No cases","No cases"
"13","241","13241","GA","Georgia","Rabun","No cases","No cases","No cases","No cases","No cases","No cases","No cases","No cases",">=1 case","No cases"
"13","243","13243","GA","Georgia","Randolph","No cases","No cases","No cases",">=1 case","No cases","No cases","No cases","No cases","No cases",">=1 case"
"13","245","13245","GA","Georgia","Richmond",">=1 case",">=1 case",">=1 case",">=1 case",">=1 case",">=1 case",">=1 case",">=1 case",">=1 case",">=1 case"
"13","247","13247","GA","Georgia","Rockdale",">=1 case",">=1 case",">=1 case","No cases",">=1 case",">=1 case",">=1 case",">=1 case",">=1 case",">=1 case"
"13","249","13249","GA","Georgia","Schley","No cases","No cases","No cases","No cases","No cases","No cases","No cases","No cases","No cases","No cases"
"13","251","13251","GA","Georgia","Screven",">=1 case","No cases","No cases","No cases","No cases","No cases","No cases",">=1 case","No cases",">=1 case"
"13","253","13253","GA","Georgia","Seminole","No cases","No cases","No cases","No cases",">=1 case","No cases","No cases","No cases",">=1 case",">=1 case"
"13","255","13255","GA","Georgia","Spalding",">=1 case",">=1 case","No cases",">=1 case",">=1 case",">=1 case",">=1 case",">=1 case",">=1 case",">=1 case"
"13","257","13257","GA","Georgia","Stephens","No cases","No cases",">=1 case",">=1 case","No cases","No cases",">=1 case","No cases","No cases","No cases"
"13","259","13259","GA","Georgia","Stewart","No cases","No cases",">=1 case","No cases","No cases",">=1 case","No cases","No cases","No cases",">=1 case"
"13","261","13261","GA","Georgia","Sumter",">=1 case","No cases","No cases",">=1 case","No cases","No cases","No cases",">=1 case","No cases","No cases"
"13","263","13263","GA","Georgia","Talbot","No cases","No cases","No cases","No cases","No cases","No cases","No cases","No cases","No cases","No cases"
"13","265","13265","GA","Georgia","Taliaferro","No cases","No cases","No cases","No cases","No cases","No cases","No cases","No cases","No cases","No cases"
"13","267","13267","GA","Georgia","Tattnall",">=1 case","No cases","No cases",">=1 case","No cases","No cases","No cases",">=1 case",">=1 case",">=1 case"
"13","269","13269","GA","Georgia","Taylor","No cases","No cases","No cases","No cases","No cases","No cases","No cases","No cases","No cases","No cases"
"13","271","13271","GA","Georgia","Telfair","No cases",">=1 case","No cases","No cases","No cases","No cases","No cases",">=1 case","No cases",">=1 case"
"13","273","13273","GA","Georgia","Terrell","No cases","No cases",">=1 case","No cases","No cases","No cases","No cases","No cases","No cases","No cases"
"13","275","13275","GA","Georgia","Thomas",">=1 case",">=1 case",">=1 case",">=1 case",">=1 case",">=1 case","No cases",">=1 case",">=1 case",">=1 case"
"13","277","13277","GA","Georgia","Tift","No cases",">=1 case",">=1 case","No cases","No cases",">=1 case","No cases","No cases",">=1 case",">=1 case"
"13","279","13279","GA","Georgia","Toombs",">=1 case",">=1 case",">=1 case",">=1 case",">=1 case",">=1 case","No cases",">=1 case","No cases",">=1 case"
"13","281","13281","GA","Georgia","Towns","No cases","No cases","No cases","No cases","No cases","No cases","No cases","No cases","No cases","No cases"
"13","283","13283","GA","Georgia","Treutlen","No cases","No cases","No cases","No cases","No cases","No cases","No cases","No cases","No cases","No cases"
"13","285","13285","GA","Georgia","Troup",">=1 case","No cases",">=1 case",">=1 case",">=1 case",">=1 case",">=1 case",">=1 case",">=1 case",">=1 case"
"13","287","13287","GA","Georgia","Turner","No cases","No cases","No cases",">=1 case","No cases","No cases","No cases",">=1 case","No cases",">=1 case"
"13","289","13289","GA","Georgia","Twiggs","No cases","No cases","No cases","No cases","No cases","No cases","No cases","No cases","No cases","No cases"
"13","291","13291","GA","Georgia","Union","No cases","No cases",">=1 case","No cases","No cases","No cases","No cases","No cases","No cases","No cases"
"13","293","13293","GA","Georgia","Upson","No cases","No cases","No cases",">=1 case","No cases",">=1 case",">=1 case",">=1 case",">=1 case",">=1 case"
"13","295","13295","GA","Georgia","Walker","No cases","No cases","No cases","No cases",">=1 case",">=1 case",">=1 case","No cases","No cases",">=1 case"
"13","297","13297","GA","Georgia","Walton","No cases",">=1 case","No cases",">=1 case",">=1 case",">=1 case","No cases",">=1 case",">=1 case",">=1 case"
"13","299","13299","GA","Georgia","Ware","No cases","No cases","No cases","No cases","No cases","No cases",">=1 case",">=1 case",">=1 case",">=1 case"
"13","301","13301","GA","Georgia","Warren","No cases","No cases","No cases","No cases","No cases","No cases","No cases","No cases","No cases","No cases"
"13","303","13303","GA","Georgia","Washington","No cases","No cases","No cases","No cases","No cases",">=1 case",">=1 case","No cases","No cases",">=1 case"
"13","305","13305","GA","Georgia","Wayne","No cases",">=1 case","No cases","No cases","No cases",">=1 case",">=1 case",">=1 case","No cases",">=1 case"
"13","307","13307","GA","Georgia","Webster","No cases","No cases","No cases","No cases","No cases","No cases","No cases","No cases","No cases","No cases"
"13","309","13309","GA","Georgia","Wheeler",">=1 case","No cases","No cases","No cases","No cases",">=1 case","No cases","No cases",">=1 case",">=1 case"
"13","311","13311","GA","Georgia","White","No cases","No cases","No cases","No cases","No cases",">=1 case","No cases","No cases","No cases",">=1 case"
"13","313","13313","GA","Georgia","Whitfield",">=1 case",">=1 case",">=1 case",">=1 case",">=1 case","No cases",">=1 case",">=1 case",">=1 case","No cases"
"13","315","13315","GA","Georgia","Wilcox","No cases","No cases","No cases",">=1 case","No cases","No cases","No cases","No cases","No cases",">=1 case"
"13","317","13317","GA","Georgia","Wilkes","No cases","No cases",">=1 case","No cases","No cases",">=1 case","No cases","No cases",">=1 case",">=1 case"
"13","319","13319","GA","Georgia","Wilkinson","No cases","No cases","No cases","No cases","No cases","No cases","No cases","No cases","No cases","No cases"
"13","321","13321","GA","Georgia","Worth","No cases","No cases","No cases",">=1 case",">=1 case","No cases",">=1 case","No cases","No cases","No cases"
"15","001","15001","HI","Hawaii","Hawaii",">=1 case",">=1 case","No cases","No cases","No cases","No cases","No cases","No cases",">=1 case",">=1 case"
"15","003","15003","HI","Hawaii","Honolulu",">=1 case",">=1 case",">=1 case",">=1 case",">=1 case",">=1 case",">=1 case",">=1 case",">=1 case",">=1 case"
"15","005","15005","HI","Hawaii","Kalawao","No cases","No cases","No cases","No cases","No cases","No cases","No cases","No cases","No cases","No cases"
"15","007","15007","HI","Hawaii","Kauai","No cases","No cases","No cases","No cases","No cases","No cases",">=1 case",">=1 case","No cases",">=1 case"
"15","009","15009","HI","Hawaii","Maui",">=1 case",">=1 case",">=1 case","No cases","No cases",">=1 case","No cases",">=1 case",">=1 case",">=1 case"
"16","001","16001","ID","Idaho","Ada","No cases",">=1 case",">=1 case",">=1 case",">=1 case",">=1 case",">=1 case",">=1 case",">=1 case",">=1 case"
"16","003","16003","ID","Idaho","Adams","No cases","No cases","No cases","No cases","No cases","No cases","No cases","No cases","No cases","No cases"
"16","005","16005","ID","Idaho","Bannock",">=1 case","No cases","No cases",">=1 case","No cases",">=1 case",">=1 case",">=1 case","No cases",">=1 case"
"16","007","16007","ID","Idaho","Bear Lake","No cases","No cases","No cases","No cases","No cases","No cases","No cases","No cases","No cases","No cases"
"16","009","16009","ID","Idaho","Benewah","No cases","No cases","No cases","No cases","No cases","No cases","No cases",">=1 case","No cases","No cases"
"16","011","16011","ID","Idaho","Bingham","No cases","No cases","No cases","No cases","No cases",">=1 case","No cases",">=1 case",">=1 case",">=1 case"
"16","013","16013","ID","Idaho","Blaine","No cases","No cases","No cases","No cases","No cases","No cases","No cases","No cases","No cases",">=1 case"
"16","015","16015","ID","Idaho","Boise","No cases","No cases","No cases","No cases","No cases","No cases","No cases","No cases","No cases","No cases"
"16","017","16017","ID","Idaho","Bonner","No cases","No cases","No cases","No cases","No cases",">=1 case","No cases",">=1 case",">=1 case","No cases"
"16","019","16019","ID","Idaho","Bonneville","No cases",">=1 case","No cases","No cases","No cases","No cases","No cases","No cases","No cases","No cases"
"16","021","16021","ID","Idaho","Boundary","No cases","No cases","No cases","No cases","No cases","No cases","No cases",">=1 case","No cases","No cases"
"16","023","16023","ID","Idaho","Butte","No cases","No cases","No cases","No cases","No cases","No cases","No cases","No cases","No cases","No cases"
"16","025","16025","ID","Idaho","Camas","No cases","No cases","No cases","No cases","No cases","No cases","No cases","No cases","No cases","No cases"
"16","027","16027","ID","Idaho","Canyon",">=1 case",">=1 case",">=1 case",">=1 case","No cases",">=1 case",">=1 case",">=1 case",">=1 case",">=1 case"
"16","029","16029","ID","Idaho","Caribou","No cases","No cases","No cases","No cases","No cases","No cases","No cases","No cases","No cases","No cases"
"16","031","16031","ID","Idaho","Cassia","No cases","No cases","No cases","No cases","No cases","No cases","No cases","No cases",">=1 case","No cases"
"16","033","16033","ID","Idaho","Clark","No cases","No cases","No cases","No cases","No cases","No cases","No cases","No cases","No cases","No cases"
"16","035","16035","ID","Idaho","Clearwater","No cases","No cases","No cases","No cases","No cases","No cases","No cases","No cases","No cases",">=1 case"
"16","037","16037","ID","Idaho","Custer","No cases","No cases","No cases","No cases","No cases","No cases","No cases","No cases","No cases","No cases"
"16","039","16039","ID","Idaho","Elmore","No cases","No cases","No cases","No cases","No cases","No cases","No cases","No cases","No cases",">=1 case"
"16","041","16041","ID","Idaho","Franklin","No cases","No cases","No cases","No cases","No cases","No cases","No cases","No cases","No cases","No cases"
"16","043","16043","ID","Idaho","Fremont","No cases","No cases","No cases","No cases","No cases","No cases","No cases","No cases","No cases","No cases"
"16","045","16045","ID","Idaho","Gem","No cases","No cases","No cases","No cases","No cases","No cases","No cases","No cases","No cases","No cases"
"16","047","16047","ID","Idaho","Gooding","No cases","No cases","No cases","No cases","No cases","No cases","No cases",">=1 case","No cases","No cases"
"16","049","16049","ID","Idaho","Idaho","No cases","No cases","No cases","No cases","No cases","No cases","No cases","No cases","No cases","No cases"
"16","051","16051","ID","Idaho","Jefferson","No cases","No cases","No cases","No cases","No cases","No cases",">=1 case","No cases","No cases","No cases"
"16","053","16053","ID","Idaho","Jerome","No cases","No cases","No cases","No cases","No cases","No cases",">=1 case","No cases","No cases","No cases"
"16","055","16055","ID","Idaho","Kootenai","No cases","No cases","No cases","No cases",">=1 case","No cases",">=1 case",">=1 case",">=1 case",">=1 case"
"16","057","16057","ID","Idaho","Latah","No cases","No cases","No cases","No cases","No cases","No cases","No cases",">=1 case",">=1 case","No cases"
"16","059","16059","ID","Idaho","Lemhi","No cases","No cases","No cases","No cases","No cases","No cases","No cases","No cases","No cases","No cases"
"16","061","16061","ID","Idaho","Lewis","No cases","No cases","No cases","No cases","No cases","No cases","No cases","No cases","No cases","No cases"
"16","063","16063","ID","Idaho","Lincoln","No cases","No cases","No cases","No cases","No cases","No cases","No cases","No cases","No cases","No cases"
"16","065","16065","ID","Idaho","Madison","No cases","No cases","No cases","No cases","No cases","No cases","No cases",">=1 case","No cases","No cases"
"16","067","16067","ID","Idaho","Minidoka","No cases","No cases","No cases","No cases","No cases","No cases","No cases","No cases","No cases","No cases"
"16","069","16069","ID","Idaho","Nez Perce","No cases","No cases","No cases","No cases","No cases","No cases","No cases","No cases","No cases",">=1 case"
"16","071","16071","ID","Idaho","Oneida","No cases","No cases","No cases","No cases","No cases","No cases","No cases","No cases","No cases","No cases"
"16","073","16073","ID","Idaho","Owyhee","No cases","No cases","No cases",">=1 case","No cases","No cases","No cases","No cases","No cases","No cases"
"16","075","16075","ID","Idaho","Payette","No cases","No cases","No cases","No cases","No cases",">=1 case","No cases",">=1 case","No cases","No cases"
"16","077","16077","ID","Idaho","Power","No cases","No cases","No cases","No cases","No cases","No cases","No cases","No cases","No cases","No cases"
"16","079","16079","ID","Idaho","Shoshone","No cases","No cases","No cases","No cases","No cases","No cases","No cases","No cases",">=1 case","No cases"
"16","081","16081","ID","Idaho","Teton","No cases","No cases","No cases","No cases","No cases","No cases","No cases","No cases","No cases","No cases"
"16","083","16083","ID","Idaho","Twin Falls","No cases","No cases","No cases",">=1 case","No cases",">=1 case",">=1 case","No cases",">=1 case",">=1 case"
"16","085","16085","ID","Idaho","Valley","No cases","No cases","No cases","No cases","No cases",">=1 case",">=1 case","No cases","No cases","No cases"
"16","087","16087","ID","Idaho","Washington","No cases","No cases","No cases","No cases","No cases","No cases","No cases","No cases","No cases","No cases"
"17","001","17001","IL","Illinois","Adams","No cases","No cases","No cases","No cases","No cases",">=1 case",">=1 case","No cases",">=1 case","No cases"
"17","003","17003","IL","Illinois","Alexander","No cases","No cases","No cases","No cases","No cases","No cases","No cases","No cases","No cases","No cases"
"17","005","17005","IL","Illinois","Bond","No cases","No cases","No cases","No cases","No cases",">=1 case","No cases","No cases","No cases","No cases"
"17","007","17007","IL","Illinois","Boone","No cases",">=1 case","No cases","No cases","No cases","No cases","No cases",">=1 case","No cases","No cases"
"17","009","17009","IL","Illinois","Brown","No cases","No cases","No cases","No cases","No cases","No cases","No cases","No cases","No cases","No cases"
"17","011","17011","IL","Illinois","Bureau","No cases","No cases","No cases","No cases","No cases",">=1 case","No cases",">=1 case","No cases","No cases"
"17","013","17013","IL","Illinois","Calhoun","No cases","No cases","No cases","No cases","No cases","No cases","No cases","No cases","No cases",">=1 case"
"17","015","17015","IL","Illinois","Carroll","No cases","No cases","No cases","No cases","No cases","No cases","No cases","No cases","No cases","No cases"
"17","017","17017","IL","Illinois","Cass","No cases","No cases","No cases","No cases","No cases","No cases","No cases","No cases",">=1 case",">=1 case"
"17","019","17019","IL","Illinois","Champaign",">=1 case",">=1 case",">=1 case",">=1 case",">=1 case",">=1 case",">=1 case",">=1 case",">=1 case",">=1 case"
"17","021","17021","IL","Illinois","Christian","No cases","No cases","No cases","No cases","No cases","No cases",">=1 case","No cases","No cases","No cases"
"17","023","17023","IL","Illinois","Clark","No cases","No cases","No cases","No cases","No cases","No cases","No cases","No cases","No cases","No cases"
"17","025","17025","IL","Illinois","Clay","No cases","No cases","No cases","No cases","No cases","No cases","No cases","No cases","No cases","No cases"
"17","027","17027","IL","Illinois","Clinton","No cases","No cases","No cases","No cases","No cases","No cases","No cases","No cases","No cases","No cases"
"17","029","17029","IL","Illinois","Coles",">=1 case","No cases","No cases","No cases","No cases",">=1 case","No cases","No cases","No cases","No cases"
"17","031","17031","IL","Illinois","Cook",">=1 case",">=1 case",">=1 case",">=1 case",">=1 case",">=1 case",">=1 case",">=1 case",">=1 case",">=1 case"
"17","033","17033","IL","Illinois","Crawford","No cases","No cases","No cases","No cases","No cases","No cases","No cases","No cases","No cases","No cases"
"17","035","17035","IL","Illinois","Cumberland","No cases","No cases","No cases","No cases","No cases","No cases","No cases","No cases","No cases","No cases"
"17","037","17037","IL","Illinois","DeKalb","No cases",">=1 case","No cases","No cases",">=1 case",">=1 case",">=1 case","No cases",">=1 case",">=1 case"
"17","039","17039","IL","Illinois","De Witt","No cases","No cases","No cases","No cases","No cases","No cases","No cases","No cases","No cases","No cases"
"17","041","17041","IL","Illinois","Douglas","No cases","No cases","No cases","No cases","No cases","No cases","No cases","No cases",">=1 case","No cases"
"17","043","17043","IL","Illinois","DuPage",">=1 case",">=1 case",">=1 case",">=1 case",">=1 case",">=1 case",">=1 case",">=1 case",">=1 case",">=1 case"
"17","045","17045","IL","Illinois","Edgar","No cases","No cases","No cases","No cases","No cases","No cases",">=1 case","No cases","No cases","No cases"
"17","047","17047","IL","Illinois","Edwards","No cases","No cases","No cases","No cases","No cases","No cases","No cases","No cases","No cases","No cases"
"17","049","17049","IL","Illinois","Effingham","No cases","No cases","No cases","No cases","No cases","No cases","No cases","No cases","No cases","No cases"
"17","051","17051","IL","Illinois","Fayette","No cases","No cases","No cases","No cases","No cases","No cases","No cases","No cases","No cases","No cases"
"17","053","17053","IL","Illinois","Ford","No cases","No cases","No cases","No cases","No cases","No cases","No cases","No cases","No cases","No cases"
"17","055","17055","IL","Illinois","Franklin","No cases","No cases","No cases","No cases","No cases","No cases","No cases","No cases","No cases","No cases"
"17","057","17057","IL","Illinois","Fulton","No cases","No cases","No cases","No cases",">=1 case","No cases","No cases",">=1 case","No cases","No cases"
"17","059","17059","IL","Illinois","Gallatin","No cases","No cases","No cases","No cases","No cases",">=1 case","No cases","No cases","No cases",">=1 case"
"17","061","17061","IL","Illinois","Greene","No cases","No cases","No cases","No cases","No cases","No cases","No cases","No cases","No cases","No cases"
"17","063","17063","IL","Illinois","Grundy","No cases","No cases","No cases","No cases","No cases","No cases","No cases","No cases","No cases","No cases"
"17","065","17065","IL","Illinois","Hamilton","No cases","No cases","No cases","No cases","No cases","No cases","No cases","No cases","No cases","No cases"
"17","067","17067","IL","Illinois","Hancock","No cases","No cases","No cases","No cases","No cases","No cases","No cases","No cases","No cases","No cases"
"17","069","17069","IL","Illinois","Hardin","No cases","No cases","No cases","No cases","No cases","No cases","No cases","No cases","No cases","No cases"
"17","071","17071","IL","Illinois","Henderson","No cases","No cases","No cases","No cases","No cases","No cases","No cases","No cases","No cases","No cases"
"17","073","17073","IL","Illinois","Henry","No cases","No cases","No cases","No cases","No cases","No cases","No cases","No cases","No cases","No cases"
"17","075","17075","IL","Illinois","Iroquois","No cases","No cases","No cases","No cases","No cases","No cases",">=1 case","No cases",">=1 case","No cases"
"17","077","17077","IL","Illinois","Jackson",">=1 case",">=1 case",">=1 case",">=1 case",">=1 case",">=1 case",">=1 case",">=1 case","No cases",">=1 case"
"17","079","17079","IL","Illinois","Jasper","No cases","No cases","No cases","No cases","No cases","No cases","No cases","No cases","No cases","No cases"
"17","081","17081","IL","Illinois","Jefferson","No cases","No cases","No cases","No cases","No cases","No cases",">=1 case","No cases",">=1 case","No cases"
"17","083","17083","IL","Illinois","Jersey","No cases","No cases","No cases","No cases","No cases","No cases","No cases","No cases","No cases","No cases"
"17","085","17085","IL","Illinois","Jo Daviess","No cases","No cases","No cases","No cases","No cases","No cases","No cases","No cases","No cases","No cases"
"17","087","17087","IL","Illinois","Johnson","No cases","No cases","No cases","No cases","No cases","No cases","No cases","No cases","No cases","No cases"
"17","089","17089","IL","Illinois","Kane",">=1 case",">=1 case",">=1 case",">=1 case",">=1 case",">=1 case",">=1 case",">=1 case",">=1 case",">=1 case"
"17","091","17091","IL","Illinois","Kankakee",">=1 case","No cases","No cases",">=1 case",">=1 case",">=1 case",">=1 case",">=1 case",">=1 case",">=1 case"
"17","093","17093","IL","Illinois","Kendall","No cases","No cases",">=1 case",">=1 case",">=1 case",">=1 case","No cases",">=1 case",">=1 case",">=1 case"
"17","095","17095","IL","Illinois","Knox","No cases",">=1 case","No cases","No cases",">=1 case","No cases",">=1 case",">=1 case",">=1 case",">=1 case"
"17","097","17097","IL","Illinois","Lake",">=1 case",">=1 case",">=1 case",">=1 case",">=1 case",">=1 case",">=1 case",">=1 case",">=1 case",">=1 case"
"17","099","17099","IL","Illinois","LaSalle","No cases","No cases","No cases","No cases",">=1 case",">=1 case",">=1 case",">=1 case",">=1 case",">=1 case"
"17","101","17101","IL","Illinois","Lawrence","No cases","No cases","No cases","No cases","No cases","No cases","No cases","No cases","No cases","No cases"
"17","103","17103","IL","Illinois","Lee","No cases","No cases","No cases","No cases","No cases","No cases","No cases","No cases","No cases","No cases"
"17","105","17105","IL","Illinois","Livingston",">=1 case",">=1 case",">=1 case",">=1 case","No cases","No cases","No cases","No cases","No cases","No cases"
"17","107","17107","IL","Illinois","Logan",">=1 case",">=1 case","No cases",">=1 case",">=1 case",">=1 case",">=1 case",">=1 case",">=1 case",">=1 case"
"17","109","17109","IL","Illinois","McDonough","No cases",">=1 case","No cases","No cases",">=1 case",">=1 case",">=1 case",">=1 case",">=1 case",">=1 case"
"17","111","17111","IL","Illinois","McHenry","No cases",">=1 case","No cases","No cases",">=1 case",">=1 case",">=1 case",">=1 case","No cases",">=1 case"
"17","113","17113","IL","Illinois","McLean",">=1 case",">=1 case",">=1 case",">=1 case",">=1 case","No cases",">=1 case","No cases",">=1 case",">=1 case"
"17","115","17115","IL","Illinois","Macon",">=1 case",">=1 case",">=1 case",">=1 case",">=1 case",">=1 case",">=1 case",">=1 case",">=1 case",">=1 case"
"17","117","17117","IL","Illinois","Macoupin","No cases","No cases","No cases","No cases",">=1 case","No cases",">=1 case",">=1 case",">=1 case",">=1 case"
"17","119","17119","IL","Illinois","Madison",">=1 case",">=1 case","No cases",">=1 case",">=1 case",">=1 case",">=1 case",">=1 case",">=1 case",">=1 case"
"17","121","17121","IL","Illinois","Marion",">=1 case","No cases","No cases","No cases","No cases","No cases","No cases","No cases",">=1 case",">=1 case"
"17","123","17123","IL","Illinois","Marshall","No cases","No cases","No cases","No cases","No cases","No cases",">=1 case","No cases","No cases","No cases"
"17","125","17125","IL","Illinois","Mason","No cases","No cases","No cases","No cases","No cases","No cases","No cases","No cases","No cases","No cases"
"17","127","17127","IL","Illinois","Massac","No cases","No cases","No cases",">=1 case","No cases","No cases","No cases","No cases","No cases",">=1 case"
"17","129","17129","IL","Illinois","Menard","No cases","No cases","No cases","No cases","No cases","No cases","No cases","No cases","No cases","No cases"
"17","131","17131","IL","Illinois","Mercer","No cases","No cases","No cases","No cases","No cases","No cases","No cases",">=1 case","No cases","No cases"
"17","133","17133","IL","Illinois","Monroe","No cases","No cases","No cases","No cases","No cases","No cases","No cases","No cases","No cases","No cases"
"17","135","17135","IL","Illinois","Montgomery","No cases","No cases","No cases","No cases","No cases",">=1 case","No cases",">=1 case",">=1 case","No cases"
"17","137","17137","IL","Illinois","Morgan","No cases","No cases","No cases","No cases","No cases","No cases",">=1 case","No cases","No cases","No cases"
"17","139","17139","IL","Illinois","Moultrie","No cases","No cases","No cases","No cases","No cases","No cases","No cases","No cases","No cases","No cases"
"17","141","17141","IL","Illinois","Ogle","No cases","No cases","No cases","No cases","No cases","No cases","No cases","No cases","No cases","No cases"
"17","143","17143","IL","Illinois","Peoria","No cases",">=1 case",">=1 case",">=1 case",">=1 case",">=1 case",">=1 case",">=1 case",">=1 case",">=1 case"
"17","145","17145","IL","Illinois","Perry","No cases","No cases","No cases","No cases","No cases","No cases","No cases","No cases","No cases","No cases"
"17","147","17147","IL","Illinois","Piatt","No cases","No cases","No cases","No cases","No cases","No cases",">=1 case","No cases","No cases",">=1 case"
"17","149","17149","IL","Illinois","Pike","No cases","No cases","No cases","No cases","No cases","No cases","No cases","No cases","No cases","No cases"
"17","151","17151","IL","Illinois","Pope","No cases","No cases",">=1 case","No cases","No cases","No cases","No cases","No cases","No cases","No cases"
"17","153","17153","IL","Illinois","Pulaski","No cases","No cases","No cases","No cases","No cases","No cases","No cases","No cases","No cases","No cases"
"17","155","17155","IL","Illinois","Putnam","No cases",">=1 case","No cases","No cases","No cases","No cases","No cases","No cases","No cases","No cases"
"17","157","17157","IL","Illinois","Randolph","No cases","No cases","No cases","No cases","No cases","No cases","No cases","No cases","No cases","No cases"
"17","159","17159","IL","Illinois","Richland","No cases","No cases","No cases","No cases","No cases","No cases","No cases","No cases","No cases","No cases"
"17","161","17161","IL","Illinois","Rock Island",">=1 case",">=1 case",">=1 case","No cases",">=1 case",">=1 case","No cases",">=1 case",">=1 case",">=1 case"
"17","163","17163","IL","Illinois","St. Clair",">=1 case",">=1 case",">=1 case",">=1 case",">=1 case",">=1 case",">=1 case",">=1 case",">=1 case",">=1 case"
"17","165","17165","IL","Illinois","Saline","No cases","No cases","No cases","No cases","No cases","No cases","No cases","No cases","No cases","No cases"
"17","167","17167","IL","Illinois","Sangamon",">=1 case",">=1 case",">=1 case","No cases",">=1 case",">=1 case",">=1 case",">=1 case",">=1 case",">=1 case"
"17","169","17169","IL","Illinois","Schuyler","No cases","No cases","No cases","No cases","No cases","No cases","No cases","No cases","No cases",">=1 case"
"17","171","17171","IL","Illinois","Scott","No cases","No cases","No cases","No cases","No cases","No cases","No cases","No cases","No cases","No cases"
"17","173","17173","IL","Illinois","Shelby","No cases","No cases","No cases","No cases","No cases","No cases","No cases",">=1 case","No cases","No cases"
"17","175","17175","IL","Illinois","Stark","No cases","No cases","No cases","No cases","No cases","No cases","No cases","No cases","No cases","No cases"
"17","177","17177","IL","Illinois","Stephenson","No cases","No cases","No cases","No cases",">=1 case","No cases","No cases",">=1 case",">=1 case","No cases"
"17","179","17179","IL","Illinois","Tazewell","No cases","No cases","No cases","No cases",">=1 case","No cases","No cases",">=1 case",">=1 case",">=1 case"
"17","181","17181","IL","Illinois","Union","No cases","No cases","No cases","No cases","No cases","No cases","No cases","No cases","No cases",">=1 case"
"17","183","17183","IL","Illinois","Vermilion",">=1 case",">=1 case","No cases",">=1 case",">=1 case",">=1 case",">=1 case",">=1 case",">=1 case",">=1 case"
"17","185","17185","IL","Illinois","Wabash","No cases","No cases","No cases","No cases","No cases","No cases","No cases","No cases","No cases","No cases"
"17","187","17187","IL","Illinois","Warren","No cases","No cases","No cases","No cases","No cases","No cases","No cases","No cases","No cases","No cases"
"17","189","17189","IL","Illinois","Washington","No cases","No cases","No cases","No cases","No cases","No cases","No cases","No cases","No cases","No cases"
"17","191","17191","IL","Illinois","Wayne","No cases","No cases","No cases","No cases","No cases","No cases",">=1 case","No cases","No cases","No cases"
"17","193","17193","IL","Illinois","White","No cases","No cases","No cases","No cases","No cases","No cases","No cases","No cases","No cases","No cases"
"17","195","17195","IL","Illinois","Whiteside","No cases","No cases","No cases","No cases","No cases","No cases",">=1 case","No cases","No cases",">=1 case"
"17","197","17197","IL","Illinois","Will",">=1 case",">=1 case",">=1 case",">=1 case",">=1 case",">=1 case",">=1 case",">=1 case",">=1 case",">=1 case"
"17","199","17199","IL","Illinois","Williamson","No cases","No cases",">=1 case","No cases","No cases","No cases",">=1 case","No cases","No cases","No cases"
"17","201","17201","IL","Illinois","Winnebago",">=1 case",">=1 case",">=1 case",">=1 case",">=1 case",">=1 case",">=1 case",">=1 case",">=1 case",">=1 case"
"17","203","17203","IL","Illinois","Woodford","No cases","No cases","No cases","No cases","No cases","No cases","No cases","No cases","No cases","No cases"
"18","001","18001","IN","Indiana","Adams","No cases","No cases","No cases","No cases","No cases","No cases","No cases","No cases",">=1 case","No cases"
"18","003","18003","IN","Indiana","Allen",">=1 case",">=1 case",">=1 case",">=1 case",">=1 case",">=1 case",">=1 case",">=1 case",">=1 case",">=1 case"
"18","005","18005","IN","Indiana","Bartholomew","No cases","No cases","No cases",">=1 case","No cases","No cases","No cases","No cases",">=1 case","No cases"
"18","007","18007","IN","Indiana","Benton","No cases",">=1 case","No cases","No cases","No cases","No cases","No cases","No cases",">=1 case","No cases"
"18","009","18009","IN","Indiana","Blackford","No cases","No cases","No cases","No cases","No cases","No cases","No cases","No cases","No cases","No cases"
"18","011","18011","IN","Indiana","Boone",">=1 case","No cases","No cases","No cases",">=1 case","No cases","No cases","No cases","No cases",">=1 case"
"18","013","18013","IN","Indiana","Brown","No cases","No cases","No cases","No cases","No cases","No cases","No cases","No cases","No cases","No cases"
"18","015","18015","IN","Indiana","Carroll","No cases","No cases","No cases","No cases","No cases","No cases","No cases","No cases","No cases","No cases"
"18","017","18017","IN","Indiana","Cass","No cases","No cases","No cases",">=1 case","No cases",">=1 case","No cases","No cases","No cases","No cases"
"18","019","18019","IN","Indiana","Clark",">=1 case",">=1 case","No cases",">=1 case","No cases","No cases",">=1 case",">=1 case",">=1 case",">=1 case"
"18","021","18021","IN","Indiana","Clay","No cases","No cases","No cases","No cases","No cases","No cases","No cases","No cases","No cases","No cases"
"18","023","18023","IN","Indiana","Clinton","No cases","No cases","No cases","No cases",">=1 case",">=1 case","No cases","No cases","No cases","No cases"
"18","025","18025","IN","Indiana","Crawford","No cases","No cases","No cases","No cases","No cases","No cases","No cases","No cases","No cases","No cases"
"18","027","18027","IN","Indiana","Daviess","No cases","No cases","No cases","No cases","No cases","No cases",">=1 case","No cases",">=1 case","No cases"
"18","029","18029","IN","Indiana","Dearborn","No cases","No cases",">=1 case","No cases","No cases","No cases","No cases","No cases","No cases","No cases"
"18","031","18031","IN","Indiana","Decatur",">=1 case","No cases","No cases","No cases","No cases","No cases","No cases","No cases","No cases",">=1 case"
"18","033","18033","IN","Indiana","DeKalb","No cases","No cases","No cases","No cases","No cases","No cases","No cases","No cases","No cases","No cases"
"18","035","18035","IN","Indiana","Delaware",">=1 case","No cases",">=1 case","No cases","No cases","No cases","No cases","No cases",">=1 case",">=1 case"
"18","037","18037","IN","Indiana","Dubois","No cases","No cases","No cases","No cases","No cases","No cases","No cases","No cases","No cases","No cases"
"18","039","18039","IN","Indiana","Elkhart","No cases",">=1 case",">=1 case","No cases",">=1 case","No cases","No cases",">=1 case",">=1 case",">=1 case"
"18","041","18041","IN","Indiana","Fayette","No cases",">=1 case","No cases","No cases","No cases","No cases","No cases","No cases","No cases",">=1 case"
"18","043","18043","IN","Indiana","Floyd",">=1 case","No cases",">=1 case",">=1 case",">=1 case",">=1 case",">=1 case",">=1 case",">=1 case",">=1 case"
"18","045","18045","IN","Indiana","Fountain","No cases","No cases","No cases","No cases","No cases","No cases","No cases","No cases","No cases","No cases"
"18","047","18047","IN","Indiana","Franklin",">=1 case","No cases","No cases","No cases","No cases","No cases","No cases","No cases","No cases","No cases"
"18","049","18049","IN","Indiana","Fulton","No cases","No cases","No cases","No cases","No cases","No cases","No cases","No cases","No cases","No cases"
"18","051","18051","IN","Indiana","Gibson","No cases","No cases","No cases","No cases","No cases","No cases","No cases","No cases","No cases","No cases"
"18","053","18053","IN","Indiana","Grant","No cases","No cases","No cases",">=1 case","No cases","No cases",">=1 case","No cases","No cases","No cases"
"18","055","18055","IN","Indiana","Greene",">=1 case","No cases","No cases","No cases","No cases",">=1 case","No cases","No cases","No cases","No cases"
"18","057","18057","IN","Indiana","Hamilton",">=1 case",">=1 case",">=1 case","No cases",">=1 case",">=1 case","No cases",">=1 case",">=1 case",">=1 case"
"18","059","18059","IN","Indiana","Hancock","No cases","No cases",">=1 case","No cases","No cases","No cases",">=1 case",">=1 case","No cases","No cases"
"18","061","18061","IN","Indiana","Harrison","No cases","No cases",">=1 case","No cases",">=1 case",">=1 case","No cases","No cases",">=1 case",">=1 case"
"18","063","18063","IN","Indiana","Hendricks","No cases","No cases","No cases",">=1 case","No cases",">=1 case",">=1 case","No cases","No cases",">=1 case"
"18","065","18065","IN","Indiana","Henry","No cases","No cases","No cases","No cases","No cases",">=1 case","No cases","No cases","No cases",">=1 case"
"18","067","18067","IN","Indiana","Howard",">=1 case","No cases","No cases",">=1 case",">=1 case",">=1 case",">=1 case","No cases",">=1 case",">=1 case"
"18","069","18069","IN","Indiana","Huntington",">=1 case","No cases","No cases","No cases","No cases","No cases","No cases","No cases","No cases","No cases"
"18","071","18071","IN","Indiana","Jackson","No cases",">=1 case",">=1 case","No cases","No cases",">=1 case","No cases","No cases","No cases","No cases"
"18","073","18073","IN","Indiana","Jasper","No cases","No cases","No cases","No cases",">=1 case","No cases","No cases","No cases","No cases","No cases"
"18","075","18075","IN","Indiana","Jay","No cases","No cases","No cases","No cases","No cases","No cases","No cases","No cases","No cases",">=1 case"
"18","077","18077","IN","Indiana","Jefferson","No cases","No cases","No cases","No cases","No cases","No cases",">=1 case",">=1 case","No cases",">=1 case"
"18","079","18079","IN","Indiana","Jennings","No cases",">=1 case","No cases",">=1 case","No cases","No cases",">=1 case","No cases","No cases","No cases"
"18","081","18081","IN","Indiana","Johnson",">=1 case",">=1 case",">=1 case",">=1 case",">=1 case",">=1 case",">=1 case","No cases",">=1 case","No cases"
"18","083","18083","IN","Indiana","Knox","No cases","No cases","No cases","No cases","No cases","No cases","No cases","No cases","No cases","No cases"
"18","085","18085","IN","Indiana","Kosciusko","No cases","No cases","No cases","No cases",">=1 case",">=1 case",">=1 case","No cases","No cases","No cases"
"18","087","18087","IN","Indiana","LaGrange","No cases","No cases","No cases","No cases","No cases","No cases","No cases","No cases",">=1 case","No cases"
"18","089","18089","IN","Indiana","Lake",">=1 case",">=1 case",">=1 case",">=1 case",">=1 case",">=1 case",">=1 case",">=1 case",">=1 case",">=1 case"
"18","091","18091","IN","Indiana","LaPorte","No cases",">=1 case","No cases","No cases","No cases",">=1 case",">=1 case",">=1 case",">=1 case",">=1 case"
"18","093","18093","IN","Indiana","Lawrence","No cases","No cases","No cases","No cases","No cases","No cases","No cases","No cases","No cases",">=1 case"
"18","095","18095","IN","Indiana","Madison","No cases","No cases","No cases",">=1 case",">=1 case",">=1 case",">=1 case",">=1 case",">=1 case",">=1 case"
"18","097","18097","IN","Indiana","Marion",">=1 case",">=1 case",">=1 case",">=1 case",">=1 case",">=1 case",">=1 case",">=1 case",">=1 case",">=1 case"
"18","099","18099","IN","Indiana","Marshall","No cases","No cases","No cases","No cases","No cases","No cases","No cases","No cases","No cases","No cases"
"18","101","18101","IN","Indiana","Martin","No cases","No cases","No cases","No cases","No cases","No cases","No cases","No cases","No cases","No cases"
"18","103","18103","IN","Indiana","Miami","No cases","No cases","No cases","No cases","No cases","No cases","No cases","No cases","No cases","No cases"
"18","105","18105","IN","Indiana","Monroe",">=1 case",">=1 case",">=1 case","No cases","No cases",">=1 case","No cases","No cases","No cases","No cases"
"18","107","18107","IN","Indiana","Montgomery","No cases","No cases","No cases","No cases","No cases","No cases","No cases","No cases","No cases",">=1 case"
"18","109","18109","IN","Indiana","Morgan","No cases","No cases",">=1 case",">=1 case","No cases",">=1 case",">=1 case",">=1 case","No cases","No cases"
"18","111","18111","IN","Indiana","Newton","No cases","No cases","No cases","No cases","No cases","No cases","No cases","No cases","No cases","No cases"
"18","113","18113","IN","Indiana","Noble","No cases","No cases","No cases","No cases",">=1 case","No cases",">=1 case",">=1 case","No cases","No cases"
"18","115","18115","IN","Indiana","Ohio","No cases","No cases","No cases","No cases","No cases","No cases","No cases","No cases","No cases","No cases"
"18","117","18117","IN","Indiana","Orange","No cases","No cases","No cases","No cases","No cases","No cases","No cases","No cases","No cases","No cases"
"18","119","18119","IN","Indiana","Owen","No cases","No cases",">=1 case","No cases","No cases","No cases","No cases","No cases","No cases","No cases"
"18","121","18121","IN","Indiana","Parke",">=1 case",">=1 case",">=1 case",">=1 case",">=1 case",">=1 case",">=1 case",">=1 case",">=1 case","No cases"
"18","123","18123","IN","Indiana","Perry","No cases","No cases","No cases","No cases","No cases","No cases","No cases","No cases","No cases",">=1 case"
"18","125","18125","IN","Indiana","Pike","No cases","No cases","No cases","No cases","No cases","No cases","No cases","No cases","No cases",">=1 case"
"18","127","18127","IN","Indiana","Porter","No cases","No cases","No cases",">=1 case","No cases",">=1 case",">=1 case",">=1 case",">=1 case",">=1 case"
"18","129","18129","IN","Indiana","Posey","No cases","No cases","No cases","No cases","No cases","No cases","No cases","No cases","No cases","No cases"
"18","131","18131","IN","Indiana","Pulaski","No cases","No cases","No cases","No cases","No cases","No cases","No cases","No cases","No cases","No cases"
"18","133","18133","IN","Indiana","Putnam","No cases","No cases","No cases","No cases","No cases","No cases",">=1 case","No cases","No cases",">=1 case"
"18","135","18135","IN","Indiana","Randolph","No cases","No cases","No cases",">=1 case","No cases","No cases","No cases","No cases","No cases",">=1 case"
"18","137","18137","IN","Indiana","Ripley","No cases",">=1 case","No cases","No cases","No cases","No cases",">=1 case","No cases","No cases","No cases"
"18","139","18139","IN","Indiana","Rush","No cases","No cases","No cases","No cases","No cases","No cases","No cases","No cases","No cases","No cases"
"18","141","18141","IN","Indiana","St. Joseph",">=1 case","No cases","No cases",">=1 case",">=1 case",">=1 case",">=1 case",">=1 case",">=1 case",">=1 case"
"18","143","18143","IN","Indiana","Scott","No cases","No cases","No cases",">=1 case",">=1 case","No cases",">=1 case","No cases","No cases",">=1 case"
"18","145","18145","IN","Indiana","Shelby","No cases","No cases",">=1 case","No cases",">=1 case","No cases","No cases",">=1 case","No cases","No cases"
"18","147","18147","IN","Indiana","Spencer","No cases","No cases","No cases","No cases","No cases","No cases","No cases","No cases","No cases",">=1 case"
"18","149","18149","IN","Indiana","Starke","No cases","No cases","No cases","No cases","No cases","No cases","No cases","No cases","No cases","No cases"
"18","151","18151","IN","Indiana","Steuben","No cases","No cases","No cases","No cases","No cases","No cases","No cases","No cases","No cases","No cases"
"18","153","18153","IN","Indiana","Sullivan","No cases","No cases","No cases","No cases","No cases","No cases","No cases","No cases","No cases","No cases"
"18","155","18155","IN","Indiana","Switzerland","No cases","No cases","No cases","No cases","No cases","No cases","No cases","No cases","No cases","No cases"
"18","157","18157","IN","Indiana","Tippecanoe",">=1 case","No cases","No cases","No cases",">=1 case",">=1 case",">=1 case",">=1 case",">=1 case",">=1 case"
"18","159","18159","IN","Indiana","Tipton","No cases","No cases","No cases","No cases","No cases","No cases",">=1 case","No cases","No cases","No cases"
"18","161","18161","IN","Indiana","Union","No cases","No cases","No cases","No cases","No cases","No cases","No cases","No cases","No cases","No cases"
"18","163","18163","IN","Indiana","Vanderburgh",">=1 case","No cases","No cases",">=1 case",">=1 case","No cases",">=1 case",">=1 case",">=1 case",">=1 case"
"18","165","18165","IN","Indiana","Vermillion","No cases","No cases","No cases","No cases","No cases","No cases",">=1 case","No cases",">=1 case",">=1 case"
"18","167","18167","IN","Indiana","Vigo","No cases",">=1 case","No cases","No cases","No cases","No cases",">=1 case",">=1 case",">=1 case",">=1 case"
"18","169","18169","IN","Indiana","Wabash","No cases","No cases","No cases","No cases","No cases","No cases","No cases","No cases","No cases","No cases"
"18","171","18171","IN","Indiana","Warren","No cases","No cases","No cases","No cases","No cases","No cases","No cases","No cases","No cases","No cases"
"18","173","18173","IN","Indiana","Warrick","No cases","No cases","No cases","No cases","No cases","No cases","No cases",">=1 case","No cases","No cases"
"18","175","18175","IN","Indiana","Washington","No cases","No cases","No cases","No cases","No cases","No cases","No cases","No cases",">=1 case","No cases"
"18","177","18177","IN","Indiana","Wayne","No cases",">=1 case","No cases","No cases",">=1 case","No cases","No cases","No cases",">=1 case",">=1 case"
"18","179","18179","IN","Indiana","Wells","No cases","No cases","No cases",">=1 case","No cases","No cases","No cases","No cases","No cases",">=1 case"
"18","181","18181","IN","Indiana","White",">=1 case","No cases","No cases","No cases","No cases","No cases",">=1 case","No cases","No cases","No cases"
"18","183","18183","IN","Indiana","Whitley","No cases","No cases","No cases","No cases","No cases","No cases","No cases","No cases","No cases","No cases"
"19","001","19001","IA","Iowa","Adair","No cases","No cases","No cases","No cases","No cases","No cases","No cases","No cases","No cases","No cases"
"19","003","19003","IA","Iowa","Adams","No cases","No cases","No cases","No cases","No cases","No cases","No cases","No cases","No cases","No cases"
"19","005","19005","IA","Iowa","Allamakee","No cases","No cases","No cases","No cases","No cases","No cases","No cases","No cases","No cases","No cases"
"19","007","19007","IA","Iowa","Appanoose","No cases","No cases","No cases","No cases","No cases","No cases","No cases","No cases","No cases","No cases"
"19","009","19009","IA","Iowa","Audubon","No cases","No cases","No cases","No cases",">=1 case","No cases","No cases","No cases","No cases","No cases"
"19","011","19011","IA","Iowa","Benton","No cases","No cases","No cases","No cases","No cases","No cases","No cases","No cases","No cases","No cases"
"19","013","19013","IA","Iowa","Black Hawk","No cases",">=1 case",">=1 case",">=1 case",">=1 case","No cases",">=1 case","No cases",">=1 case",">=1 case"
"19","015","19015","IA","Iowa","Boone","No cases","No cases","No cases","No cases","No cases","No cases","No cases",">=1 case","No cases","No cases"
"19","017","19017","IA","Iowa","Bremer","No cases","No cases",">=1 case","No cases","No cases","No cases","No cases","No cases","No cases","No cases"
"19","019","19019","IA","Iowa","Buchanan","No cases","No cases","No cases","No cases","No cases","No cases","No cases","No cases","No cases","No cases"
"19","021","19021","IA","Iowa","Buena Vista","No cases",">=1 case",">=1 case","No cases",">=1 case","No cases",">=1 case","No cases","No cases",">=1 case"
"19","023","19023","IA","Iowa","Butler","No cases","No cases","No cases","No cases","No cases","No cases","No cases",">=1 case","No cases","No cases"
"19","025","19025","IA","Iowa","Calhoun","No cases","No cases","No cases","No cases","No cases","No cases","No cases","No cases","No cases","No cases"
"19","027","19027","IA","Iowa","Carroll","No cases","No cases","No cases","No cases","No cases","No cases","No cases","No cases","No cases","No cases"
"19","029","19029","IA","Iowa","Cass","No cases","No cases","No cases","No cases","No cases","No cases","No cases","No cases","No cases",">=1 case"
"19","031","19031","IA","Iowa","Cedar","No cases","No cases","No cases","No cases","No cases","No cases","No cases","No cases",">=1 case","No cases"
"19","033","19033","IA","Iowa","Cerro Gordo",">=1 case","No cases","No cases","No cases","No cases","No cases",">=1 case","No cases","No cases",">=1 case"
"19","035","19035","IA","Iowa","Cherokee","No cases","No cases","No cases","No cases","No cases","No cases","No cases","No cases","No cases","No cases"
"19","037","19037","IA","Iowa","Chickasaw","No cases","No cases","No cases","No cases","No cases","No cases","No cases","No cases","No cases","No cases"
"19","039","19039","IA","Iowa","Clarke","No cases","No cases","No cases","No cases","No cases","No cases","No cases","No cases",">=1 case","No cases"
"19","041","19041","IA","Iowa","Clay","No cases","No cases","No cases","No cases","No cases","No cases","No cases","No cases","No cases","No cases"
"19","043","19043","IA","Iowa","Clayton","No cases",">=1 case","No cases","No cases","No cases","No cases","No cases","No cases","No cases","No cases"
"19","045","19045","IA","Iowa","Clinton","No cases","No cases","No cases","No cases","No cases","No cases","No cases",">=1 case",">=1 case","No cases"
"19","047","19047","IA","Iowa","Crawford","No cases","No cases","No cases","No cases","No cases","No cases",">=1 case","No cases","No cases","No cases"
"19","049","19049","IA","Iowa","Dallas","No cases","No cases","No cases","No cases","No cases","No cases",">=1 case","No cases","No cases","No cases"
"19","051","19051","IA","Iowa","Davis","No cases","No cases","No cases","No cases","No cases","No cases","No cases","No cases","No cases","No cases"
"19","053","19053","IA","Iowa","Decatur","No cases","No cases","No cases","No cases","No cases","No cases","No cases","No cases","No cases","No cases"
"19","055","19055","IA","Iowa","Delaware","No cases","No cases","No cases","No cases","No cases","No cases",">=1 case","No cases","No cases","No cases"
"19","057","19057","IA","Iowa","Des Moines","No cases","No cases","No cases",">=1 case",">=1 case",">=1 case",">=1 case",">=1 case","No cases",">=1 case"
"19","059","19059","IA","Iowa","Dickinson","No cases","No cases","No cases","No cases","No cases","No cases","No cases","No cases","No cases","No cases"
"19","061","19061","IA","Iowa","Dubuque","No cases","No cases","No cases",">=1 case","No cases",">=1 case","No cases",">=1 case",">=1 case",">=1 case"
"19","063","19063","IA","Iowa","Emmet","No cases","No cases","No cases","No cases","No cases","No cases","No cases","No cases",">=1 case","No cases"
"19","065","19065","IA","Iowa","Fayette","No cases","No cases","No cases","No cases","No cases","No cases","No cases","No cases","No cases","No cases"
"19","067","19067","IA","Iowa","Floyd","No cases","No cases","No cases","No cases","No cases","No cases","No cases","No cases","No cases","No cases"
"19","069","19069","IA","Iowa","Franklin","No cases","No cases","No cases","No cases","No cases","No cases","No cases","No cases","No cases","No cases"
"19","071","19071","IA","Iowa","Fremont","No cases","No cases","No cases","No cases","No cases","No cases","No cases","No cases","No cases","No cases"
"19","073","19073","IA","Iowa","Greene","No cases","No cases","No cases","No cases","No cases","No cases","No cases","No cases","No cases","No cases"
"19","075","19075","IA","Iowa","Grundy","No cases","No cases","No cases","No cases","No cases","No cases",">=1 case","No cases","No cases","No cases"
"19","077","19077","IA","Iowa","Guthrie","No cases","No cases","No cases","No cases","No cases","No cases","No cases","No cases","No cases","No cases"
"19","079","19079","IA","Iowa","Hamilton",">=1 case","No cases","No cases","No cases","No cases","No cases","No cases","No cases","No cases","No cases"
"19","081","19081","IA","Iowa","Hancock","No cases","No cases","No cases","No cases","No cases","No cases","No cases","No cases","No cases","No cases"
"19","083","19083","IA","Iowa","Hardin","No cases","No cases","No cases","No cases","No cases","No cases","No cases","No cases","No cases","No cases"
"19","085","19085","IA","Iowa","Harrison","No cases","No cases","No cases","No cases","No cases","No cases","No cases","No cases",">=1 case","No cases"
"19","087","19087","IA","Iowa","Henry",">=1 case","No cases","No cases","No cases","No cases",">=1 case","No cases","No cases",">=1 case","No cases"
"19","089","19089","IA","Iowa","Howard","No cases","No cases","No cases","No cases","No cases","No cases","No cases","No cases","No cases","No cases"
"19","091","19091","IA","Iowa","Humboldt","No cases","No cases","No cases","No cases","No cases","No cases","No cases","No cases","No cases","No cases"
"19","093","19093","IA","Iowa","Ida","No cases","No cases","No cases","No cases","No cases","No cases","No cases","No cases","No cases","No cases"
"19","095","19095","IA","Iowa","Iowa","No cases","No cases","No cases","No cases","No cases","No cases","No cases","No cases","No cases","No cases"
"19","097","19097","IA","Iowa","Jackson","No cases","No cases","No cases","No cases","No cases","No cases","No cases","No cases","No cases","No cases"
"19","099","19099","IA","Iowa","Jasper","No cases","No cases","No cases","No cases","No cases","No cases",">=1 case",">=1 case","No cases",">=1 case"
"19","101","19101","IA","Iowa","Jefferson","No cases","No cases","No cases","No cases","No cases","No cases","No cases","No cases","No cases","No cases"
"19","103","19103","IA","Iowa","Johnson",">=1 case",">=1 case",">=1 case",">=1 case",">=1 case",">=1 case",">=1 case",">=1 case",">=1 case",">=1 case"
"19","105","19105","IA","Iowa","Jones","No cases","No cases","No cases","No cases","No cases","No cases","No cases","No cases","No cases","No cases"
"19","107","19107","IA","Iowa","Keokuk","No cases","No cases","No cases","No cases","No cases","No cases","No cases","No cases","No cases","No cases"
"19","109","19109","IA","Iowa","Kossuth","No cases","No cases","No cases","No cases","No cases","No cases","No cases","No cases","No cases","No cases"
"19","111","19111","IA","Iowa","Lee","No cases","No cases","No cases","No cases","No cases","No cases","No cases","No cases","No cases","No cases"
"19","113","19113","IA","Iowa","Linn","No cases",">=1 case",">=1 case",">=1 case",">=1 case",">=1 case",">=1 case",">=1 case",">=1 case",">=1 case"
"19","115","19115","IA","Iowa","Louisa","No cases",">=1 case","No cases","No cases","No cases","No cases","No cases","No cases","No cases","No cases"
"19","117","19117","IA","Iowa","Lucas","No cases","No cases","No cases","No cases","No cases","No cases","No cases","No cases","No cases","No cases"
"19","119","19119","IA","Iowa","Lyon","No cases","No cases","No cases","No cases","No cases","No cases","No cases","No cases","No cases","No cases"
"19","121","19121","IA","Iowa","Madison","No cases","No cases","No cases","No cases","No cases","No cases","No cases","No cases","No cases","No cases"
"19","123","19123","IA","Iowa","Mahaska","No cases","No cases","No cases","No cases","No cases","No cases","No cases",">=1 case",">=1 case",">=1 case"
"19","125","19125","IA","Iowa","Marion","No cases","No cases","No cases","No cases","No cases","No cases","No cases","No cases",">=1 case",">=1 case"
"19","127","19127","IA","Iowa","Marshall",">=1 case","No cases","No cases","No cases","No cases","No cases",">=1 case",">=1 case",">=1 case","No cases"
"19","129","19129","IA","Iowa","Mills","No cases","No cases","No cases","No cases","No cases","No cases",">=1 case","No cases",">=1 case","No cases"
"19","131","19131","IA","Iowa","Mitchell","No cases","No cases","No cases","No cases",">=1 case","No cases","No cases","No cases","No cases","No cases"
"19","133","19133","IA","Iowa","Monona","No cases","No cases","No cases","No cases","No cases","No cases","No cases","No cases","No cases","No cases"
"19","135","19135","IA","Iowa","Monroe","No cases","No cases","No cases","No cases","No cases","No cases","No cases","No cases","No cases","No cases"
"19","137","19137","IA","Iowa","Montgomery","No cases","No cases","No cases","No cases","No cases","No cases","No cases","No cases","No cases","No cases"
"19","139","19139","IA","Iowa","Muscatine","No cases",">=1 case","No cases","No cases","No cases","No cases","No cases",">=1 case",">=1 case",">=1 case"
"19","141","19141","IA","Iowa","O'Brien","No cases","No cases",">=1 case","No cases","No cases","No cases","No cases","No cases","No cases","No cases"
"19","143","19143","IA","Iowa","Osceola","No cases","No cases","No cases","No cases","No cases","No cases","No cases","No cases","No cases","No cases"
"19","145","19145","IA","Iowa","Page","No cases","No cases","No cases","No cases","No cases","No cases","No cases","No cases","No cases","No cases"
"19","147","19147","IA","Iowa","Palo Alto","No cases","No cases","No cases","No cases","No cases","No cases","No cases","No cases","No cases","No cases"
"19","149","19149","IA","Iowa","Plymouth","No cases","No cases","No cases",">=1 case","No cases","No cases","No cases",">=1 case",">=1 case","No cases"
"19","151","19151","IA","Iowa","Pocahontas","No cases","No cases","No cases",">=1 case",">=1 case",">=1 case","No cases","No cases","No cases","No cases"
"19","153","19153","IA","Iowa","Polk",">=1 case",">=1 case",">=1 case",">=1 case",">=1 case",">=1 case",">=1 case",">=1 case",">=1 case",">=1 case"
"19","155","19155","IA","Iowa","Pottawattamie","No cases","No cases","No cases",">=1 case",">=1 case",">=1 case",">=1 case",">=1 case",">=1 case",">=1 case"
"19","157","19157","IA","Iowa","Poweshiek","No cases",">=1 case","No cases","No cases","No cases","No cases","No cases","No cases","No cases",">=1 case"
"19","159","19159","IA","Iowa","Ringgold","No cases","No cases","No cases","No cases","No cases","No cases","No cases","No cases","No cases",">=1 case"
"19","161","19161","IA","Iowa","Sac","No cases","No cases","No cases","No cases","No cases","No cases","No cases","No cases","No cases","No cases"
"19","163","19163","IA","Iowa","Scott","No cases",">=1 case",">=1 case","No cases",">=1 case","No cases",">=1 case","No cases",">=1 case",">=1 case"
"19","165","19165","IA","Iowa","Shelby","No cases","No cases","No cases","No cases","No cases","No cases","No cases","No cases","No cases","No cases"
"19","167","19167","IA","Iowa","Sioux","No cases","No cases","No cases","No cases",">=1 case","No cases","No cases","No cases","No cases",">=1 case"
"19","169","19169","IA","Iowa","Story","No cases","No cases","No cases","No cases",">=1 case","No cases","No cases","No cases","No cases",">=1 case"
"19","171","19171","IA","Iowa","Tama","No cases","No cases","No cases","No cases",">=1 case","No cases","No cases","No cases","No cases","No cases"
"19","173","19173","IA","Iowa","Taylor","No cases","No cases","No cases","No cases","No cases","No cases","No cases","No cases","No cases","No cases"
"19","175","19175","IA","Iowa","Union","No cases","No cases","No cases","No cases","No cases","No cases","No cases","No cases","No cases",">=1 case"
"19","177","19177","IA","Iowa","Van Buren","No cases","No cases","No cases","No cases","No cases","No cases","No cases","No cases","No cases","No cases"
"19","179","19179","IA","Iowa","Wapello","No cases","No cases","No cases","No cases","No cases","No cases","No cases",">=1 case","No cases","No cases"
"19","181","19181","IA","Iowa","Warren","No cases","No cases","No cases","No cases","No cases",">=1 case","No cases","No cases","No cases",">=1 case"
"19","183","19183","IA","Iowa","Washington","No cases","No cases","No cases","No cases","No cases","No cases","No cases","No cases","No cases",">=1 case"
"19","185","19185","IA","Iowa","Wayne","No cases","No cases","No cases","No cases","No cases","No cases","No cases","No cases","No cases","No cases"
"19","187","19187","IA","Iowa","Webster","No cases","No cases","No cases",">=1 case","No cases","No cases","No cases","No cases","No cases",">=1 case"
"19","189","19189","IA","Iowa","Winnebago","No cases","No cases","No cases","No cases","No cases","No cases",">=1 case","No cases","No cases","No cases"
"19","191","19191","IA","Iowa","Winneshiek","No cases",">=1 case","No cases","No cases","No cases","No cases","No cases","No cases","No cases","No cases"
"19","193","19193","IA","Iowa","Woodbury","No cases",">=1 case","No cases",">=1 case",">=1 case",">=1 case",">=1 case",">=1 case",">=1 case",">=1 case"
"19","195","19195","IA","Iowa","Worth","No cases","No cases","No cases","No cases","No cases",">=1 case","No cases","No cases","No cases","No cases"
"19","197","19197","IA","Iowa","Wright","No cases","No cases","No cases","No cases","No cases","No cases",">=1 case","No cases",">=1 case","No cases"
"20","001","20001","KS","Kansas","Allen","No cases","No cases","No cases",">=1 case","No cases","No cases","No cases",">=1 case","No cases",">=1 case"
"20","003","20003","KS","Kansas","Anderson","No cases","No cases","No cases","No cases","No cases","No cases","No cases","No cases","No cases","No cases"
"20","005","20005","KS","Kansas","Atchison","No cases","No cases","No cases","No cases",">=1 case","No cases",">=1 case","No cases",">=1 case",">=1 case"
"20","007","20007","KS","Kansas","Barber","No cases","No cases","No cases","No cases","No cases","No cases","No cases","No cases","No cases","No cases"
"20","009","20009","KS","Kansas","Barton","No cases","No cases",">=1 case","No cases",">=1 case","No cases","No cases","No cases","No cases",">=1 case"
"20","011","20011","KS","Kansas","Bourbon","No cases","No cases","No cases",">=1 case",">=1 case","No cases","No cases","No cases","No cases",">=1 case"
"20","013","20013","KS","Kansas","Brown","No cases","No cases","No cases","No cases","No cases","No cases","No cases","No cases",">=1 case",">=1 case"
"20","015","20015","KS","Kansas","Butler","No cases","No cases","No cases","No cases","No cases","No cases",">=1 case",">=1 case",">=1 case",">=1 case"
"20","017","20017","KS","Kansas","Chase","No cases","No cases","No cases","No cases","No cases","No cases","No cases","No cases","No cases","No cases"
"20","019","20019","KS","Kansas","Chautauqua","No cases","No cases","No cases","No cases","No cases","No cases","No cases",">=1 case",">=1 case","No cases"
"20","021","20021","KS","Kansas","Cherokee","No cases","No cases","No cases","No cases","No cases","No cases","No cases","No cases",">=1 case",">=1 case"
"20","023","20023","KS","Kansas","Cheyenne","No cases","No cases","No cases","No cases","No cases","No cases","No cases","No cases","No cases","No cases"
"20","025","20025","KS","Kansas","Clark","No cases","No cases","No cases","No cases","No cases","No cases","No cases","No cases","No cases","No cases"
"20","027","20027","KS","Kansas","Clay","No cases","No cases","No cases","No cases","No cases","No cases","No cases","No cases","No cases","No cases"
"20","029","20029","KS","Kansas","Cloud","No cases","No cases","No cases","No cases","No cases","No cases","No cases","No cases","No cases","No cases"
"20","031","20031","KS","Kansas","Coffey","No cases","No cases","No cases","No cases","No cases","No cases","No cases","No cases",">=1 case","No cases"
"20","033","20033","KS","Kansas","Comanche","No cases","No cases","No cases","No cases","No cases","No cases","No cases","No cases","No cases","No cases"
"20","035","20035","KS","Kansas","Cowley","No cases","No cases","No cases",">=1 case",">=1 case","No cases","No cases",">=1 case",">=1 case","No cases"
"20","037","20037","KS","Kansas","Crawford","No cases","No cases","No cases","No cases",">=1 case","No cases","No cases","No cases",">=1 case",">=1 case"
"20","039","20039","KS","Kansas","Decatur","No cases","No cases","No cases","No cases","No cases","No cases","No cases","No cases","No cases","No cases"
"20","041","20041","KS","Kansas","Dickinson","No cases","No cases","No cases","No cases","No cases","No cases","No cases","No cases","No cases","No cases"
"20","043","20043","KS","Kansas","Doniphan","No cases","No cases","No cases","No cases","No cases","No cases","No cases","No cases","No cases",">=1 case"
"20","045","20045","KS","Kansas","Douglas","No cases","No cases",">=1 case",">=1 case",">=1 case",">=1 case",">=1 case",">=1 case",">=1 case",">=1 case"
"20","047","20047","KS","Kansas","Edwards","No cases","No cases","No cases","No cases","No cases","No cases","No cases","No cases","No cases","No cases"
"20","049","20049","KS","Kansas","Elk","No cases","No cases","No cases","No cases","No cases","No cases","No cases","No cases","No cases","No cases"
"20","051","20051","KS","Kansas","Ellis","No cases","No cases","No cases","No cases","No cases","No cases","No cases","No cases","No cases",">=1 case"
"20","053","20053","KS","Kansas","Ellsworth","No cases","No cases","No cases","No cases","No cases","No cases","No cases","No cases","No cases","No cases"
"20","055","20055","KS","Kansas","Finney","No cases",">=1 case","No cases","No cases",">=1 case","No cases","No cases","No cases","No cases",">=1 case"
"20","057","20057","KS","Kansas","Ford","No cases","No cases","No cases","No cases",">=1 case","No cases","No cases","No cases","No cases","No cases"
"20","059","20059","KS","Kansas","Franklin","No cases","No cases","No cases","No cases","No cases","No cases",">=1 case","No cases","No cases",">=1 case"
"20","061","20061","KS","Kansas","Geary","No cases","No cases","No cases",">=1 case","No cases",">=1 case","No cases",">=1 case",">=1 case",">=1 case"
"20","063","20063","KS","Kansas","Gove","No cases","No cases","No cases","No cases","No cases","No cases","No cases","No cases","No cases","No cases"
"20","065","20065","KS","Kansas","Graham","No cases","No cases","No cases","No cases","No cases","No cases","No cases","No cases","No cases","No cases"
"20","067","20067","KS","Kansas","Grant","No cases","No cases","No cases","No cases","No cases","No cases","No cases","No cases",">=1 case","No cases"
"20","069","20069","KS","Kansas","Gray","No cases","No cases","No cases","No cases","No cases","No cases","No cases","No cases","No cases","No cases"
"20","071","20071","KS","Kansas","Greeley","No cases","No cases","No cases","No cases","No cases","No cases","No cases","No cases","No cases","No cases"
"20","073","20073","KS","Kansas","Greenwood","No cases","No cases","No cases","No cases","No cases","No cases","No cases","No cases","No cases","No cases"
"20","075","20075","KS","Kansas","Hamilton","No cases","No cases","No cases","No cases","No cases","No cases","No cases",">=1 case","No cases","No cases"
"20","077","20077","KS","Kansas","Harper","No cases","No cases","No cases","No cases","No cases","No cases","No cases","No cases","No cases","No cases"
"20","079","20079","KS","Kansas","Harvey","No cases","No cases","No cases","No cases","No cases",">=1 case","No cases","No cases",">=1 case","No cases"
"20","081","20081","KS","Kansas","Haskell","No cases","No cases","No cases","No cases","No cases","No cases","No cases","No cases","No cases","No cases"
"20","083","20083","KS","Kansas","Hodgeman","No cases","No cases","No cases","No cases","No cases","No cases","No cases","No cases","No cases","No cases"
"20","085","20085","KS","Kansas","Jackson","No cases","No cases","No cases","No cases","No cases","No cases","No cases","No cases","No cases","No cases"
"20","087","20087","KS","Kansas","Jefferson","No cases","No cases","No cases","No cases","No cases","No cases","No cases","No cases","No cases","No cases"
"20","089","20089","KS","Kansas","Jewell","No cases","No cases","No cases","No cases","No cases","No cases","No cases","No cases","No cases","No cases"
"20","091","20091","KS","Kansas","Johnson",">=1 case",">=1 case",">=1 case",">=1 case",">=1 case",">=1 case",">=1 case",">=1 case",">=1 case",">=1 case"
"20","093","20093","KS","Kansas","Kearny","No cases","No cases","No cases","No cases","No cases","No cases","No cases","No cases","No cases","No cases"
"20","095","20095","KS","Kansas","Kingman","No cases","No cases","No cases","No cases","No cases","No cases","No cases","No cases","No cases","No cases"
"20","097","20097","KS","Kansas","Kiowa","No cases",">=1 case","No cases","No cases","No cases","No cases","No cases","No cases","No cases","No cases"
"20","099","20099","KS","Kansas","Labette","No cases","No cases","No cases","No cases",">=1 case","No cases","No cases","No cases",">=1 case",">=1 case"
"20","101","20101","KS","Kansas","Lane","No cases","No cases","No cases","No cases","No cases","No cases","No cases","No cases","No cases","No cases"
"20","103","20103","KS","Kansas","Leavenworth","No cases","No cases","No cases",">=1 case",">=1 case",">=1 case",">=1 case","No cases",">=1 case",">=1 case"
"20","105","20105","KS","Kansas","Lincoln","No cases","No cases","No cases","No cases","No cases","No cases","No cases","No cases","No cases","No cases"
"20","107","20107","KS","Kansas","Linn","No cases","No cases","No cases","No cases","No cases","No cases","No cases","No cases","No cases","No cases"
"20","109","20109","KS","Kansas","Logan","No cases","No cases","No cases","No cases","No cases","No cases","No cases","No cases","No cases","No cases"
"20","111","20111","KS","Kansas","Lyon","No cases","No cases","No cases",">=1 case",">=1 case",">=1 case","No cases","No cases","No cases","No cases"
"20","113","20113","KS","Kansas","McPherson","No cases","No cases","No cases","No cases","No cases","No cases","No cases","No cases","No cases","No cases"
"20","115","20115","KS","Kansas","Marion","No cases","No cases","No cases","No cases","No cases","No cases","No cases","No cases","No cases","No cases"
"20","117","20117","KS","Kansas","Marshall","No cases","No cases","No cases","No cases","No cases","No cases","No cases","No cases","No cases","No cases"
"20","119","20119","KS","Kansas","Meade","No cases","No cases","No cases","No cases","No cases","No cases","No cases","No cases","No cases","No cases"
"20","121","20121","KS","Kansas","Miami","No cases","No cases","No cases","No cases","No cases","No cases",">=1 case","No cases","No cases",">=1 case"
"20","123","20123","KS","Kansas","Mitchell","No cases","No cases","No cases","No cases","No cases","No cases","No cases","No cases","No cases","No cases"
"20","125","20125","KS","Kansas","Montgomery","No cases","No cases","No cases","No cases","No cases","No cases","No cases",">=1 case",">=1 case",">=1 case"
"20","127","20127","KS","Kansas","Morris","No cases","No cases","No cases","No cases",">=1 case","No cases","No cases","No cases","No cases","No cases"
"20","129","20129","KS","Kansas","Morton","No cases","No cases","No cases","No cases","No cases","No cases","No cases","No cases","No cases","No cases"
"20","131","20131","KS","Kansas","Nemaha","No cases","No cases","No cases","No cases","No cases","No cases","No cases","No cases","No cases","No cases"
"20","133","20133","KS","Kansas","Neosho","No cases","No cases","No cases","No cases",">=1 case","No cases","No cases",">=1 case",">=1 case",">=1 case"
"20","135","20135","KS","Kansas","Ness","No cases","No cases","No cases","No cases","No cases","No cases","No cases","No cases","No cases","No cases"
"20","137","20137","KS","Kansas","Norton","No cases","No cases","No cases","No cases","No cases","No cases","No cases","No cases","No cases","No cases"
"20","139","20139","KS","Kansas","Osage","No cases","No cases","No cases","No cases","No cases","No cases","No cases",">=1 case","No cases","No cases"
"20","141","20141","KS","Kansas","Osborne","No cases","No cases","No cases","No cases","No cases","No cases","No cases","No cases","No cases","No cases"
"20","143","20143","KS","Kansas","Ottawa","No cases","No cases",">=1 case","No cases","No cases","No cases","No cases","No cases","No cases","No cases"
"20","145","20145","KS","Kansas","Pawnee","No cases","No cases","No cases","No cases","No cases","No cases","No cases","No cases","No cases","No cases"
"20","147","20147","KS","Kansas","Phillips","No cases","No cases","No cases","No cases","No cases","No cases","No cases","No cases","No cases","No cases"
"20","149","20149","KS","Kansas","Pottawatomie","No cases","No cases","No cases","No cases","No cases","No cases","No cases","No cases","No cases",">=1 case"
"20","151","20151","KS","Kansas","Pratt","No cases","No cases","No cases","No cases","No cases","No cases","No cases","No cases","No cases","No cases"
"20","153","20153","KS","Kansas","Rawlins","No cases","No cases","No cases","No cases","No cases","No cases","No cases","No cases","No cases","No cases"
"20","155","20155","KS","Kansas","Reno",">=1 case","No cases","No cases","No cases","No cases","No cases",">=1 case",">=1 case",">=1 case",">=1 case"
"20","157","20157","KS","Kansas","Republic","No cases","No cases","No cases","No cases","No cases","No cases","No cases","No cases","No cases",">=1 case"
"20","159","20159","KS","Kansas","Rice","No cases","No cases","No cases","No cases","No cases","No cases","No cases","No cases","No cases","No cases"
"20","161","20161","KS","Kansas","Riley","No cases","No cases",">=1 case",">=1 case",">=1 case","No cases",">=1 case",">=1 case","No cases",">=1 case"
"20","163","20163","KS","Kansas","Rooks","No cases","No cases","No cases","No cases","No cases","No cases","No cases","No cases","No cases","No cases"
"20","165","20165","KS","Kansas","Rush","No cases","No cases","No cases","No cases","No cases","No cases","No cases","No cases","No cases","No cases"
"20","167","20167","KS","Kansas","Russell","No cases","No cases","No cases","No cases","No cases","No cases","No cases","No cases","No cases",">=1 case"
"20","169","20169","KS","Kansas","Saline","No cases","No cases","No cases","No cases","No cases",">=1 case",">=1 case","No cases",">=1 case",">=1 case"
"20","171","20171","KS","Kansas","Scott","No cases","No cases","No cases","No cases","No cases","No cases","No cases","No cases","No cases","No cases"
"20","173","20173","KS","Kansas","Sedgwick",">=1 case",">=1 case",">=1 case",">=1 case",">=1 case",">=1 case",">=1 case",">=1 case",">=1 case",">=1 case"
"20","175","20175","KS","Kansas","Seward","No cases","No cases","No cases","No cases",">=1 case","No cases","No cases","No cases",">=1 case","No cases"
"20","177","20177","KS","Kansas","Shawnee",">=1 case",">=1 case",">=1 case",">=1 case",">=1 case",">=1 case",">=1 case",">=1 case",">=1 case",">=1 case"
"20","179","20179","KS","Kansas","Sheridan","No cases","No cases","No cases","No cases","No cases","No cases","No cases","No cases","No cases","No cases"
"20","181","20181","KS","Kansas","Sherman","No cases","No cases","No cases","No cases","No cases","No cases","No cases","No cases","No cases","No cases"
"20","183","20183","KS","Kansas","Smith","No cases","No cases","No cases","No cases","No cases","No cases","No cases","No cases","No cases","No cases"
"20","185","20185","KS","Kansas","Stafford","No cases","No cases","No cases","No cases","No cases","No cases","No cases","No cases","No cases","No cases"
"20","187","20187","KS","Kansas","Stanton","No cases","No cases","No cases","No cases","No cases","No cases","No cases","No cases","No cases","No cases"
"20","189","20189","KS","Kansas","Stevens","No cases","No cases","No cases","No cases","No cases","No cases","No cases","No cases","No cases","No cases"
"20","191","20191","KS","Kansas","Sumner","No cases","No cases","No cases","No cases","No cases","No cases","No cases",">=1 case","No cases","No cases"
"20","193","20193","KS","Kansas","Thomas","No cases","No cases","No cases","No cases","No cases","No cases","No cases","No cases","No cases","No cases"
"20","195","20195","KS","Kansas","Trego","No cases","No cases","No cases","No cases","No cases","No cases","No cases","No cases","No cases","No cases"
"20","197","20197","KS","Kansas","Wabaunsee","No cases","No cases","No cases","No cases","No cases",">=1 case","No cases","No cases","No cases","No cases"
"20","199","20199","KS","Kansas","Wallace","No cases","No cases","No cases","No cases","No cases","No cases","No cases","No cases","No cases","No cases"
"20","201","20201","KS","Kansas","Washington","No cases","No cases","No cases","No cases","No cases","No cases","No cases","No cases","No cases","No cases"
"20","203","20203","KS","Kansas","Wichita","No cases","No cases","No cases","No cases","No cases","No cases","No cases","No cases","No cases","No cases"
"20","205","20205","KS","Kansas","Wilson","No cases","No cases","No cases","No cases","No cases","No cases","No cases","No cases","No cases","No cases"
"20","207","20207","KS","Kansas","Woodson","No cases","No cases","No cases","No cases","No cases","No cases","No cases","No cases","No cases","No cases"
"20","209","20209","KS","Kansas","Wyandotte",">=1 case",">=1 case",">=1 case",">=1 case",">=1 case",">=1 case",">=1 case",">=1 case",">=1 case",">=1 case"
"21","001","21001","KY","Kentucky","Adair","No cases","No cases","No cases","No cases","No cases","No cases","No cases","No cases",">=1 case",">=1 case"
"21","003","21003","KY","Kentucky","Allen","No cases","No cases","No cases","No cases","No cases","No cases","No cases",">=1 case","No cases","No cases"
"21","005","21005","KY","Kentucky","Anderson","No cases","No cases","No cases","No cases","No cases","No cases","No cases","No cases","No cases","No cases"
"21","007","21007","KY","Kentucky","Ballard","No cases","No cases","No cases","No cases","No cases",">=1 case","No cases","No cases","No cases","No cases"
"21","009","21009","KY","Kentucky","Barren","No cases","No cases",">=1 case",">=1 case","No cases","No cases","No cases","No cases","No cases","No cases"
"21","011","21011","KY","Kentucky","Bath","No cases","No cases","No cases","No cases","No cases","No cases",">=1 case","No cases","No cases",">=1 case"
"21","013","21013","KY","Kentucky","Bell","No cases",">=1 case","No cases","No cases","No cases","No cases",">=1 case",">=1 case","No cases",">=1 case"
"21","015","21015","KY","Kentucky","Boone",">=1 case",">=1 case","No cases",">=1 case",">=1 case",">=1 case",">=1 case",">=1 case",">=1 case",">=1 case"
"21","017","21017","KY","Kentucky","Bourbon","No cases","No cases","No cases","No cases","No cases","No cases","No cases","No cases",">=1 case",">=1 case"
"21","019","21019","KY","Kentucky","Boyd","No cases","No cases","No cases",">=1 case",">=1 case","No cases","No cases",">=1 case",">=1 case",">=1 case"
"21","021","21021","KY","Kentucky","Boyle","No cases","No cases","No cases","No cases","No cases","No cases",">=1 case",">=1 case",">=1 case",">=1 case"
"21","023","21023","KY","Kentucky","Bracken","No cases","No cases","No cases","No cases","No cases","No cases","No cases","No cases",">=1 case","No cases"
"21","025","21025","KY","Kentucky","Breathitt","No cases","No cases","No cases","No cases","No cases","No cases","No cases","No cases","No cases","No cases"
"21","027","21027","KY","Kentucky","Breckinridge","No cases","No cases","No cases","No cases","No cases","No cases","No cases","No cases","No cases","No cases"
"21","029","21029","KY","Kentucky","Bullitt","No cases","No cases","No cases","No cases",">=1 case","No cases","No cases",">=1 case",">=1 case",">=1 case"
"21","031","21031","KY","Kentucky","Butler","No cases","No cases","No cases","No cases","No cases","No cases","No cases","No cases","No cases","No cases"
"21","033","21033","KY","Kentucky","Caldwell","No cases","No cases","No cases",">=1 case","No cases","No cases","No cases",">=1 case","No cases",">=1 case"
"21","035","21035","KY","Kentucky","Calloway","No cases","No cases","No cases",">=1 case",">=1 case",">=1 case",">=1 case","No cases","No cases","No cases"
"21","037","21037","KY","Kentucky","Campbell",">=1 case",">=1 case",">=1 case",">=1 case",">=1 case","No cases",">=1 case","No cases",">=1 case",">=1 case"
"21","039","21039","KY","Kentucky","Carlisle","No cases","No cases","No cases","No cases",">=1 case","No cases","No cases","No cases","No cases","No cases"
"21","041","21041","KY","Kentucky","Carroll","No cases","No cases","No cases","No cases","No cases","No cases","No cases","No cases","No cases","No cases"
"21","043","21043","KY","Kentucky","Carter","No cases","No cases","No cases","No cases","No cases",">=1 case","No cases","No cases",">=1 case",">=1 case"
"21","045","21045","KY","Kentucky","Casey","No cases","No cases","No cases","No cases","No cases","No cases","No cases","No cases","No cases",">=1 case"
"21","047","21047","KY","Kentucky","Christian","No cases","No cases",">=1 case",">=1 case",">=1 case","No cases",">=1 case",">=1 case",">=1 case",">=1 case"
"21","049","21049","KY","Kentucky","Clark",">=1 case","No cases","No cases","No cases","No cases","No cases","No cases",">=1 case",">=1 case",">=1 case"
"21","051","21051","KY","Kentucky","Clay","No cases","No cases","No cases","No cases","No cases","No cases","No cases","No cases","No cases","No cases"
"21","053","21053","KY","Kentucky","Clinton","No cases","No cases","No cases",">=1 case","No cases","No cases","No cases","No cases","No cases","No cases"
"21","055","21055","KY","Kentucky","Crittenden","No cases",">=1 case","No cases","No cases","No cases","No cases","No cases","No cases","No cases","No cases"
"21","057","21057","KY","Kentucky","Cumberland","No cases","No cases","No cases","No cases","No cases","No cases","No cases","No cases","No cases","No cases"
"21","059","21059","KY","Kentucky","Daviess","No cases","No cases","No cases",">=1 case","No cases","No cases","No cases",">=1 case",">=1 case",">=1 case"
"21","061","21061","KY","Kentucky","Edmonson","No cases","No cases","No cases","No cases","No cases","No cases","No cases","No cases","No cases",">=1 case"
"21","063","21063","KY","Kentucky","Elliott","No cases","No cases","No cases","No cases","No cases","No cases","No cases","No cases","No cases",">=1 case"
"21","065","21065","KY","Kentucky","Estill","No cases","No cases","No cases","No cases","No cases","No cases","No cases",">=1 case","No cases","No cases"
"21","067","21067","KY","Kentucky","Fayette",">=1 case",">=1 case",">=1 case",">=1 case",">=1 case",">=1 case",">=1 case",">=1 case",">=1 case",">=1 case"
"21","069","21069","KY","Kentucky","Fleming","No cases","No cases","No cases","No cases","No cases","No cases","No cases","No cases","No cases",">=1 case"
"21","071","21071","KY","Kentucky","Floyd","No cases","No cases","No cases","No cases","No cases","No cases","No cases","No cases","No cases","No cases"
"21","073","21073","KY","Kentucky","Franklin",">=1 case",">=1 case","No cases",">=1 case",">=1 case",">=1 case",">=1 case",">=1 case",">=1 case",">=1 case"
"21","075","21075","KY","Kentucky","Fulton","No cases","No cases","No cases",">=1 case","No cases","No cases","No cases","No cases","No cases","No cases"
"21","077","21077","KY","Kentucky","Gallatin","No cases","No cases","No cases","No cases","No cases","No cases","No cases","No cases","No cases","No cases"
"21","079","21079","KY","Kentucky","Garrard","No cases","No cases","No cases","No cases","No cases","No cases",">=1 case","No cases",">=1 case",">=1 case"
"21","081","21081","KY","Kentucky","Grant","No cases","No cases","No cases","No cases","No cases",">=1 case","No cases","No cases","No cases","No cases"
"21","083","21083","KY","Kentucky","Graves","No cases","No cases","No cases","No cases","No cases","No cases","No cases","No cases",">=1 case",">=1 case"
"21","085","21085","KY","Kentucky","Grayson","No cases","No cases","No cases","No cases","No cases","No cases","No cases",">=1 case","No cases","No cases"
"21","087","21087","KY","Kentucky","Green","No cases","No cases","No cases","No cases","No cases",">=1 case","No cases","No cases","No cases","No cases"
"21","089","21089","KY","Kentucky","Greenup","No cases","No cases","No cases",">=1 case","No cases","No cases","No cases","No cases",">=1 case",">=1 case"
"21","091","21091","KY","Kentucky","Hancock","No cases","No cases","No cases","No cases","No cases","No cases","No cases","No cases","No cases","No cases"
"21","093","21093","KY","Kentucky","Hardin",">=1 case",">=1 case","No cases",">=1 case",">=1 case",">=1 case",">=1 case",">=1 case",">=1 case",">=1 case"
"21","095","21095","KY","Kentucky","Harlan","No cases","No cases","No cases","No cases","No cases","No cases","No cases","No cases","No cases",">=1 case"
"21","097","21097","KY","Kentucky","Harrison","No cases",">=1 case","No cases","No cases","No cases","No cases",">=1 case","No cases","No cases",">=1 case"
"21","099","21099","KY","Kentucky","Hart","No cases","No cases","No cases",">=1 case","No cases","No cases","No cases","No cases","No cases","No cases"
"21","101","21101","KY","Kentucky","Henderson","No cases","No cases",">=1 case",">=1 case","No cases","No cases","No cases",">=1 case","No cases",">=1 case"
"21","103","21103","KY","Kentucky","Henry","No cases","No cases","No cases","No cases","No cases","No cases","No cases","No cases","No cases",">=1 case"
"21","105","21105","KY","Kentucky","Hickman","No cases","No cases","No cases","No cases","No cases","No cases","No cases","No cases","No cases","No cases"
"21","107","21107","KY","Kentucky","Hopkins","No cases","No cases",">=1 case",">=1 case","No cases",">=1 case","No cases",">=1 case","No cases",">=1 case"
"21","109","21109","KY","Kentucky","Jackson","No cases","No cases","No cases","No cases","No cases","No cases","No cases","No cases","No cases","No cases"
"21","111","21111","KY","Kentucky","Jefferson",">=1 case",">=1 case",">=1 case",">=1 case",">=1 case",">=1 case",">=1 case",">=1 case",">=1 case",">=1 case"
"21","113","21113","KY","Kentucky","Jessamine",">=1 case","No cases","No cases",">=1 case","No cases",">=1 case",">=1 case",">=1 case",">=1 case",">=1 case"
"21","115","21115","KY","Kentucky","Johnson","No cases","No cases","No cases","No cases","No cases",">=1 case","No cases","No cases","No cases","No cases"
"21","117","21117","KY","Kentucky","Kenton",">=1 case",">=1 case",">=1 case",">=1 case",">=1 case",">=1 case",">=1 case",">=1 case",">=1 case",">=1 case"
"21","119","21119","KY","Kentucky","Knott","No cases","No cases",">=1 case","No cases","No cases","No cases","No cases","No cases","No cases","No cases"
"21","121","21121","KY","Kentucky","Knox",">=1 case","No cases","No cases","No cases","No cases",">=1 case","No cases","No cases",">=1 case",">=1 case"
"21","123","21123","KY","Kentucky","Larue","No cases","No cases","No cases","No cases","No cases","No cases","No cases","No cases",">=1 case","No cases"
"21","125","21125","KY","Kentucky","Laurel",">=1 case","No cases",">=1 case","No cases",">=1 case","No cases","No cases",">=1 case",">=1 case",">=1 case"
"21","127","21127","KY","Kentucky","Lawrence","No cases","No cases",">=1 case","No cases","No cases","No cases","No cases",">=1 case","No cases",">=1 case"
"21","129","21129","KY","Kentucky","Lee","No cases","No cases","No cases","No cases","No cases","No cases","No cases","No cases","No cases","No cases"
"21","131","21131","KY","Kentucky","Leslie","No cases","No cases","No cases","No cases","No cases","No cases","No cases","No cases","No cases","No cases"
"21","133","21133","KY","Kentucky","Letcher","No cases","No cases","No cases","No cases","No cases","No cases","No cases","No cases","No cases","No cases"
"21","135","21135","KY","Kentucky","Lewis","No cases","No cases","No cases","No cases","No cases","No cases","No cases","No cases","No cases","No cases"
"21","137","21137","KY","Kentucky","Lincoln","No cases","No cases","No cases",">=1 case","No cases","No cases","No cases","No cases","No cases","No cases"
"21","139","21139","KY","Kentucky","Livingston","No cases","No cases","No cases","No cases","No cases","No cases","No cases","No cases","No cases","No cases"
"21","141","21141","KY","Kentucky","Logan","No cases","No cases","No cases",">=1 case","No cases",">=1 case","No cases","No cases",">=1 case","No cases"
"21","143","21143","KY","Kentucky","Lyon","No cases","No cases","No cases","No cases","No cases","No cases","No cases","No cases","No cases","No cases"
"21","145","21145","KY","Kentucky","McCracken",">=1 case","No cases",">=1 case",">=1 case","No cases",">=1 case","No cases",">=1 case","No cases",">=1 case"
"21","147","21147","KY","Kentucky","McCreary","No cases","No cases","No cases","No cases","No cases","No cases","No cases","No cases","No cases","No cases"
"21","149","21149","KY","Kentucky","McLean","No cases","No cases","No cases","No cases","No cases","No cases","No cases","No cases","No cases","No cases"
"21","151","21151","KY","Kentucky","Madison",">=1 case","No cases","No cases",">=1 case","No cases",">=1 case","No cases",">=1 case",">=1 case",">=1 case"
"21","153","21153","KY","Kentucky","Magoffin","No cases","No cases","No cases","No cases","No cases","No cases","No cases","No cases","No cases","No cases"
"21","155","21155","KY","Kentucky","Marion","No cases","No cases","No cases","No cases","No cases","No cases","No cases","No cases","No cases","No cases"
"21","157","21157","KY","Kentucky","Marshall","No cases","No cases","No cases","No cases","No cases","No cases","No cases","No cases","No cases","No cases"
"21","159","21159","KY","Kentucky","Martin","No cases","No cases","No cases","No cases","No cases","No cases","No cases",">=1 case","No cases","No cases"
"21","161","21161","KY","Kentucky","Mason","No cases","No cases","No cases",">=1 case","No cases",">=1 case","No cases",">=1 case",">=1 case","No cases"
"21","163","21163","KY","Kentucky","Meade","No cases",">=1 case","No cases","No cases",">=1 case","No cases",">=1 case","No cases","No cases","No cases"
"21","165","21165","KY","Kentucky","Menifee","No cases","No cases","No cases","No cases","No cases","No cases","No cases","No cases",">=1 case",">=1 case"
"21","167","21167","KY","Kentucky","Mercer","No cases","No cases","No cases","No cases","No cases","No cases","No cases",">=1 case",">=1 case",">=1 case"
"21","169","21169","KY","Kentucky","Metcalfe","No cases","No cases","No cases",">=1 case","No cases","No cases","No cases","No cases","No cases","No cases"
"21","171","21171","KY","Kentucky","Monroe","No cases","No cases","No cases","No cases","No cases","No cases","No cases","No cases","No cases","No cases"
"21","173","21173","KY","Kentucky","Montgomery","No cases","No cases","No cases","No cases","No cases","No cases","No cases","No cases",">=1 case",">=1 case"
"21","175","21175","KY","Kentucky","Morgan","No cases","No cases","No cases","No cases","No cases","No cases","No cases",">=1 case","No cases","No cases"
"21","177","21177","KY","Kentucky","Muhlenberg","No cases",">=1 case","No cases","No cases","No cases","No cases","No cases","No cases",">=1 case","No cases"
"21","179","21179","KY","Kentucky","Nelson","No cases","No cases","No cases","No cases","No cases","No cases","No cases","No cases",">=1 case",">=1 case"
"21","181","21181","KY","Kentucky","Nicholas","No cases","No cases","No cases","No cases","No cases",">=1 case",">=1 case","No cases","No cases",">=1 case"
"21","183","21183","KY","Kentucky","Ohio","No cases","No cases","No cases","No cases","No cases","No cases","No cases","No cases","No cases","No cases"
"21","185","21185","KY","Kentucky","Oldham","No cases","No cases","No cases",">=1 case","No cases","No cases",">=1 case",">=1 case",">=1 case",">=1 case"
"21","187","21187","KY","Kentucky","Owen","No cases","No cases","No cases","No cases","No cases","No cases","No cases","No cases","No cases","No cases"
"21","189","21189","KY","Kentucky","Owsley","No cases","No cases","No cases","No cases","No cases","No cases","No cases","No cases","No cases","No cases"
"21","191","21191","KY","Kentucky","Pendleton","No cases","No cases","No cases","No cases","No cases","No cases","No cases","No cases","No cases","No cases"
"21","193","21193","KY","Kentucky","Perry","No cases","No cases","No cases","No cases",">=1 case",">=1 case","No cases","No cases","No cases","No cases"
"21","195","21195","KY","Kentucky","Pike","No cases","No cases",">=1 case","No cases","No cases","No cases","No cases","No cases","No cases",">=1 case"
"21","197","21197","KY","Kentucky","Powell","No cases","No cases","No cases","No cases","No cases","No cases","No cases","No cases",">=1 case",">=1 case"
"21","199","21199","KY","Kentucky","Pulaski",">=1 case","No cases","No cases","No cases","No cases",">=1 case","No cases","No cases","No cases","No cases"
"21","201","21201","KY","Kentucky","Robertson","No cases","No cases","No cases","No cases","No cases","No cases","No cases","No cases","No cases","No cases"
"21","203","21203","KY","Kentucky","Rockcastle","No cases","No cases","No cases","No cases","No cases","No cases","No cases","No cases","No cases","No cases"
"21","205","21205","KY","Kentucky","Rowan","No cases","No cases","No cases","No cases","No cases","No cases","No cases",">=1 case","No cases",">=1 case"
"21","207","21207","KY","Kentucky","Russell","No cases","No cases","No cases","No cases","No cases","No cases","No cases","No cases","No cases",">=1 case"
"21","209","21209","KY","Kentucky","Scott","No cases","No cases","No cases","No cases","No cases",">=1 case",">=1 case",">=1 case",">=1 case",">=1 case"
"21","211","21211","KY","Kentucky","Shelby","No cases","No cases","No cases","No cases",">=1 case","No cases",">=1 case","No cases",">=1 case",">=1 case"
"21","213","21213","KY","Kentucky","Simpson","No cases","No cases","No cases","No cases","No cases","No cases","No cases","No cases","No cases",">=1 case"
"21","215","21215","KY","Kentucky","Spencer","No cases","No cases","No cases",">=1 case","No cases","No cases","No cases","No cases","No cases","No cases"
"21","217","21217","KY","Kentucky","Taylor","No cases",">=1 case","No cases","No cases","No cases",">=1 case","No cases",">=1 case","No cases","No cases"
"21","219","21219","KY","Kentucky","Todd","No cases","No cases",">=1 case","No cases","No cases","No cases","No cases","No cases","No cases","No cases"
"21","221","21221","KY","Kentucky","Trigg","No cases","No cases",">=1 case","No cases","No cases","No cases","No cases","No cases","No cases","No cases"
"21","223","21223","KY","Kentucky","Trimble","No cases","No cases","No cases","No cases","No cases","No cases","No cases","No cases",">=1 case",">=1 case"
"21","225","21225","KY","Kentucky","Union","No cases","No cases","No cases","No cases","No cases","No cases","No cases","No cases","No cases","No cases"
"21","227","21227","KY","Kentucky","Warren","No cases",">=1 case",">=1 case","No cases",">=1 case","No cases",">=1 case",">=1 case",">=1 case",">=1 case"
"21","229","21229","KY","Kentucky","Washington","No cases","No cases","No cases","No cases","No cases",">=1 case","No cases","No cases","No cases","No cases"
"21","231","21231","KY","Kentucky","Wayne","No cases","No cases",">=1 case","No cases","No cases","No cases","No cases","No cases",">=1 case",">=1 case"
"21","233","21233","KY","Kentucky","Webster","No cases","No cases","No cases","No cases","No cases","No cases","No cases","No cases","No cases","No cases"
"21","235","21235","KY","Kentucky","Whitley","No cases","No cases",">=1 case","No cases","No cases","No cases","No cases",">=1 case",">=1 case",">=1 case"
"21","237","21237","KY","Kentucky","Wolfe","No cases","No cases","No cases","No cases","No cases","No cases","No cases","No cases",">=1 case","No cases"
"21","239","21239","KY","Kentucky","Woodford","No cases","No cases","No cases","No cases","No cases","No cases",">=1 case",">=1 case",">=1 case",">=1 case"
"22","001","22001","LA","Louisiana","Acadia",">=1 case",">=1 case",">=1 case",">=1 case",">=1 case",">=1 case",">=1 case",">=1 case",">=1 case",">=1 case"
"22","003","22003","LA","Louisiana","Allen","No cases","No cases",">=1 case","No cases",">=1 case",">=1 case","No cases",">=1 case","No cases",">=1 case"
"22","005","22005","LA","Louisiana","Ascension",">=1 case",">=1 case",">=1 case",">=1 case",">=1 case",">=1 case",">=1 case",">=1 case",">=1 case",">=1 case"
"22","007","22007","LA","Louisiana","Assumption","No cases",">=1 case",">=1 case",">=1 case",">=1 case","No cases",">=1 case",">=1 case","No cases",">=1 case"
"22","009","22009","LA","Louisiana","Avoyelles","No cases",">=1 case",">=1 case",">=1 case",">=1 case",">=1 case",">=1 case",">=1 case",">=1 case",">=1 case"
"22","011","22011","LA","Louisiana","Beauregard",">=1 case","No cases",">=1 case",">=1 case","No cases",">=1 case","No cases",">=1 case",">=1 case",">=1 case"
"22","013","22013","LA","Louisiana","Bienville","No cases",">=1 case",">=1 case",">=1 case",">=1 case",">=1 case",">=1 case",">=1 case",">=1 case",">=1 case"
"22","015","22015","LA","Louisiana","Bossier",">=1 case",">=1 case",">=1 case",">=1 case",">=1 case",">=1 case",">=1 case",">=1 case",">=1 case",">=1 case"
"22","017","22017","LA","Louisiana","Caddo",">=1 case",">=1 case",">=1 case",">=1 case",">=1 case",">=1 case",">=1 case",">=1 case",">=1 case",">=1 case"
"22","019","22019","LA","Louisiana","Calcasieu",">=1 case",">=1 case",">=1 case",">=1 case",">=1 case",">=1 case",">=1 case",">=1 case",">=1 case",">=1 case"
"22","021","22021","LA","Louisiana","Caldwell",">=1 case",">=1 case","No cases","No cases","No cases","No cases","No cases","No cases","No cases",">=1 case"
"22","023","22023","LA","Louisiana","Cameron","No cases","No cases","No cases","No cases","No cases","No cases",">=1 case","No cases",">=1 case","No cases"
"22","025","22025","LA","Louisiana","Catahoula","No cases","No cases","No cases","No cases","No cases","No cases","No cases",">=1 case","No cases",">=1 case"
"22","027","22027","LA","Louisiana","Claiborne","No cases",">=1 case","No cases",">=1 case",">=1 case",">=1 case",">=1 case",">=1 case",">=1 case","No cases"
"22","029","22029","LA","Louisiana","Concordia","No cases","No cases",">=1 case","No cases","No cases","No cases","No cases",">=1 case",">=1 case",">=1 case"
"22","031","22031","LA","Louisiana","De Soto",">=1 case",">=1 case",">=1 case",">=1 case",">=1 case",">=1 case",">=1 case",">=1 case",">=1 case",">=1 case"
"22","033","22033","LA","Louisiana","East Baton Rouge",">=1 case",">=1 case",">=1 case",">=1 case",">=1 case",">=1 case",">=1 case",">=1 case",">=1 case",">=1 case"
"22","035","22035","LA","Louisiana","East Carroll","No cases",">=1 case",">=1 case","No cases",">=1 case",">=1 case",">=1 case",">=1 case","No cases",">=1 case"
"22","037","22037","LA","Louisiana","East Feliciana",">=1 case","No cases",">=1 case",">=1 case",">=1 case",">=1 case",">=1 case",">=1 case","No cases",">=1 case"
"22","039","22039","LA","Louisiana","Evangeline","No cases",">=1 case",">=1 case","No cases",">=1 case",">=1 case",">=1 case",">=1 case",">=1 case",">=1 case"
"22","041","22041","LA","Louisiana","Franklin",">=1 case",">=1 case","No cases",">=1 case",">=1 case",">=1 case",">=1 case",">=1 case",">=1 case",">=1 case"
"22","043","22043","LA","Louisiana","Grant","No cases","No cases",">=1 case",">=1 case",">=1 case",">=1 case",">=1 case",">=1 case",">=1 case",">=1 case"
"22","045","22045","LA","Louisiana","Iberia",">=1 case",">=1 case",">=1 case",">=1 case",">=1 case",">=1 case",">=1 case",">=1 case",">=1 case",">=1 case"
"22","047","22047","LA","Louisiana","Iberville",">=1 case",">=1 case",">=1 case",">=1 case",">=1 case",">=1 case",">=1 case",">=1 case",">=1 case",">=1 case"
"22","049","22049","LA","Louisiana","Jackson",">=1 case","No cases",">=1 case",">=1 case",">=1 case",">=1 case",">=1 case",">=1 case",">=1 case",">=1 case"
"22","051","22051","LA","Louisiana","Jefferson",">=1 case",">=1 case",">=1 case",">=1 case",">=1 case",">=1 case",">=1 case",">=1 case",">=1 case",">=1 case"
"22","053","22053","LA","Louisiana","Jefferson Davis","No cases",">=1 case",">=1 case",">=1 case","No cases",">=1 case",">=1 case",">=1 case",">=1 case",">=1 case"
"22","055","22055","LA","Louisiana","Lafayette",">=1 case",">=1 case",">=1 case",">=1 case",">=1 case",">=1 case",">=1 case",">=1 case",">=1 case",">=1 case"
"22","057","22057","LA","Louisiana","Lafourche",">=1 case",">=1 case",">=1 case",">=1 case",">=1 case",">=1 case",">=1 case",">=1 case",">=1 case",">=1 case"
"22","059","22059","LA","Louisiana","LaSalle","No cases","No cases","No cases",">=1 case",">=1 case",">=1 case",">=1 case","No cases",">=1 case",">=1 case"
"22","061","22061","LA","Louisiana","Lincoln",">=1 case",">=1 case",">=1 case",">=1 case",">=1 case",">=1 case",">=1 case",">=1 case",">=1 case",">=1 case"
"22","063","22063","LA","Louisiana","Livingston",">=1 case",">=1 case",">=1 case",">=1 case",">=1 case",">=1 case",">=1 case",">=1 case",">=1 case",">=1 case"
"22","065","22065","LA","Louisiana","Madison","No cases","No cases","No cases",">=1 case","No cases",">=1 case",">=1 case",">=1 case",">=1 case",">=1 case"
"22","067","22067","LA","Louisiana","Morehouse",">=1 case","No cases",">=1 case",">=1 case",">=1 case",">=1 case",">=1 case",">=1 case",">=1 case",">=1 case"
"22","069","22069","LA","Louisiana","Natchitoches",">=1 case",">=1 case",">=1 case",">=1 case",">=1 case",">=1 case",">=1 case",">=1 case",">=1 case",">=1 case"
"22","071","22071","LA","Louisiana","Orleans",">=1 case",">=1 case",">=1 case",">=1 case",">=1 case",">=1 case",">=1 case",">=1 case",">=1 case",">=1 case"
"22","073","22073","LA","Louisiana","Ouachita",">=1 case",">=1 case",">=1 case",">=1 case",">=1 case",">=1 case",">=1 case",">=1 case",">=1 case",">=1 case"
"22","075","22075","LA","Louisiana","Plaquemines",">=1 case",">=1 case",">=1 case",">=1 case","No cases",">=1 case",">=1 case",">=1 case",">=1 case","No cases"
"22","077","22077","LA","Louisiana","Pointe Coupee",">=1 case","No cases",">=1 case",">=1 case","No cases",">=1 case",">=1 case",">=1 case","No cases","No cases"
"22","079","22079","LA","Louisiana","Rapides",">=1 case",">=1 case",">=1 case",">=1 case",">=1 case",">=1 case",">=1 case",">=1 case",">=1 case",">=1 case"
"22","081","22081","LA","Louisiana","Red River",">=1 case",">=1 case",">=1 case",">=1 case",">=1 case",">=1 case","No cases",">=1 case",">=1 case",">=1 case"
"22","083","22083","LA","Louisiana","Richland",">=1 case",">=1 case",">=1 case",">=1 case",">=1 case",">=1 case",">=1 case",">=1 case","No cases",">=1 case"
"22","085","22085","LA","Louisiana","Sabine","No cases",">=1 case",">=1 case",">=1 case",">=1 case",">=1 case",">=1 case",">=1 case",">=1 case",">=1 case"
"22","087","22087","LA","Louisiana","St. Bernard",">=1 case","No cases",">=1 case",">=1 case",">=1 case",">=1 case",">=1 case",">=1 case",">=1 case",">=1 case"
"22","089","22089","LA","Louisiana","St. Charles","No cases","No cases","No cases",">=1 case",">=1 case",">=1 case",">=1 case",">=1 case",">=1 case",">=1 case"
"22","091","22091","LA","Louisiana","St. Helena",">=1 case",">=1 case",">=1 case","No cases","No cases",">=1 case","No cases","No cases","No cases","No cases"
"22","093","22093","LA","Louisiana","St. James",">=1 case",">=1 case",">=1 case",">=1 case",">=1 case",">=1 case",">=1 case",">=1 case",">=1 case",">=1 case"
"22","095","22095","LA","Louisiana","St. John the Baptist",">=1 case",">=1 case",">=1 case","No cases",">=1 case",">=1 case",">=1 case",">=1 case",">=1 case",">=1 case"
"22","097","22097","LA","Louisiana","St. Landry",">=1 case",">=1 case",">=1 case",">=1 case",">=1 case",">=1 case",">=1 case",">=1 case",">=1 case",">=1 case"
"22","099","22099","LA","Louisiana","St. Martin",">=1 case",">=1 case",">=1 case",">=1 case",">=1 case",">=1 case",">=1 case",">=1 case",">=1 case",">=1 case"
"22","101","22101","LA","Louisiana","St. Mary",">=1 case",">=1 case",">=1 case",">=1 case",">=1 case",">=1 case",">=1 case",">=1 case",">=1 case",">=1 case"
"22","103","22103","LA","Louisiana","St. Tammany",">=1 case",">=1 case",">=1 case",">=1 case",">=1 case",">=1 case",">=1 case",">=1 case",">=1 case",">=1 case"
"22","105","22105","LA","Louisiana","Tangipahoa",">=1 case",">=1 case",">=1 case",">=1 case",">=1 case",">=1 case",">=1 case",">=1 case",">=1 case",">=1 case"
"22","107","22107","LA","Louisiana","Tensas",">=1 case","No cases","No cases","No cases","No cases","No cases","No cases","No cases","No cases",">=1 case"
"22","109","22109","LA","Louisiana","Terrebonne",">=1 case",">=1 case",">=1 case",">=1 case",">=1 case",">=1 case",">=1 case",">=1 case",">=1 case",">=1 case"
"22","111","22111","LA","Louisiana","Union","No cases",">=1 case",">=1 case",">=1 case",">=1 case","No cases",">=1 case",">=1 case",">=1 case",">=1 case"
"22","113","22113","LA","Louisiana","Vermilion",">=1 case",">=1 case","No cases",">=1 case","No cases",">=1 case",">=1 case",">=1 case",">=1 case",">=1 case"
"22","115","22115","LA","Louisiana","Vernon","No cases","No cases",">=1 case",">=1 case",">=1 case",">=1 case","No cases",">=1 case",">=1 case",">=1 case"
"22","117","22117","LA","Louisiana","Washington",">=1 case",">=1 case",">=1 case",">=1 case",">=1 case",">=1 case",">=1 case",">=1 case",">=1 case",">=1 case"
"22","119","22119","LA","Louisiana","Webster",">=1 case",">=1 case",">=1 case",">=1 case",">=1 case",">=1 case",">=1 case",">=1 case",">=1 case",">=1 case"
"22","121","22121","LA","Louisiana","West Baton Rouge",">=1 case","No cases",">=1 case",">=1 case",">=1 case",">=1 case",">=1 case",">=1 case",">=1 case",">=1 case"
"22","123","22123","LA","Louisiana","West Carroll",">=1 case",">=1 case","No cases","No cases",">=1 case","No cases",">=1 case",">=1 case",">=1 case","No cases"
"22","125","22125","LA","Louisiana","West Feliciana",">=1 case","No cases",">=1 case","No cases",">=1 case",">=1 case",">=1 case",">=1 case","No cases","No cases"
"22","127","22127","LA","Louisiana","Winn","No cases","No cases",">=1 case","No cases",">=1 case",">=1 case",">=1 case",">=1 case",">=1 case",">=1 case"
"23","001","23001","ME","Maine","Androscoggin","No cases",">=1 case",">=1 case","No cases","No cases","No cases","No cases",">=1 case",">=1 case",">=1 case"
"23","003","23003","ME","Maine","Aroostook","No cases","No cases","No cases","No cases","No cases","No cases","No cases","No cases",">=1 case","No cases"
"23","005","23005","ME","Maine","Cumberland","No cases",">=1 case",">=1 case",">=1 case","No cases",">=1 case",">=1 case",">=1 case",">=1 case",">=1 case"
"23","007","23007","ME","Maine","Franklin","No cases","No cases","No cases","No cases","No cases","No cases","No cases",">=1 case",">=1 case",">=1 case"
"23","009","23009","ME","Maine","Hancock","No cases","No cases","No cases",">=1 case","No cases","No cases","No cases","No cases","No cases","No cases"
"23","011","23011","ME","Maine","Kennebec","No cases","No cases","No cases","No cases","No cases",">=1 case","No cases","No cases","No cases",">=1 case"
"23","013","23013","ME","Maine","Knox","No cases","No cases","No cases","No cases","No cases","No cases","No cases",">=1 case","No cases","No cases"
"23","015","23015","ME","Maine","Lincoln","No cases","No cases","No cases","No cases","No cases","No cases","No cases","No cases","No cases","No cases"
"23","017","23017","ME","Maine","Oxford","No cases","No cases","No cases","No cases","No cases","No cases","No cases",">=1 case",">=1 case",">=1 case"
"23","019","23019","ME","Maine","Penobscot","No cases","No cases","No cases","No cases",">=1 case",">=1 case","No cases",">=1 case",">=1 case",">=1 case"
"23","021","23021","ME","Maine","Piscataquis","No cases","No cases","No cases","No cases","No cases","No cases","No cases","No cases","No cases","No cases"
"23","023","23023","ME","Maine","Sagadahoc","No cases","No cases","No cases","No cases","No cases","No cases","No cases",">=1 case","No cases","No cases"
"23","025","23025","ME","Maine","Somerset","No cases","No cases","No cases","No cases","No cases",">=1 case","No cases","No cases","No cases","No cases"
"23","027","23027","ME","Maine","Waldo","No cases","No cases","No cases","No cases","No cases","No cases",">=1 case","No cases","No cases","No cases"
"23","029","23029","ME","Maine","Washington","No cases","No cases","No cases","No cases",">=1 case","No cases","No cases","No cases","No cases",">=1 case"
"23","031","23031","ME","Maine","York","No cases","No cases","No cases",">=1 case","No cases","No cases","No cases",">=1 case",">=1 case","No cases"
"24","001","24001","MD","Maryland","Allegany","No cases","No cases","No cases","No cases","No cases",">=1 case",">=1 case",">=1 case","No cases",">=1 case"
"24","003","24003","MD","Maryland","Anne Arundel",">=1 case",">=1 case",">=1 case",">=1 case",">=1 case",">=1 case",">=1 case",">=1 case",">=1 case",">=1 case"
"24","005","24005","MD","Maryland","Baltimore",">=1 case",">=1 case",">=1 case",">=1 case",">=1 case",">=1 case",">=1 case",">=1 case",">=1 case",">=1 case"
"24","009","24009","MD","Maryland","Calvert","No cases","No cases",">=1 case","No cases",">=1 case",">=1 case","No cases",">=1 case",">=1 case",">=1 case"
"24","011","24011","MD","Maryland","Caroline","No cases","No cases","No cases",">=1 case","No cases","No cases",">=1 case","No cases","No cases",">=1 case"
"24","013","24013","MD","Maryland","Carroll","No cases","No cases",">=1 case","No cases",">=1 case",">=1 case",">=1 case","No cases",">=1 case",">=1 case"
"24","015","24015","MD","Maryland","Cecil",">=1 case","No cases","No cases",">=1 case",">=1 case",">=1 case",">=1 case",">=1 case",">=1 case",">=1 case"
"24","017","24017","MD","Maryland","Charles",">=1 case",">=1 case",">=1 case",">=1 case",">=1 case",">=1 case",">=1 case",">=1 case",">=1 case",">=1 case"
"24","019","24019","MD","Maryland","Dorchester","No cases",">=1 case",">=1 case","No cases","No cases",">=1 case","No cases","No cases","No cases",">=1 case"
"24","021","24021","MD","Maryland","Frederick","No cases",">=1 case",">=1 case",">=1 case","No cases",">=1 case",">=1 case",">=1 case",">=1 case",">=1 case"
"24","023","24023","MD","Maryland","Garrett","No cases","No cases","No cases","No cases","No cases","No cases","No cases",">=1 case","No cases","No cases"
"24","025","24025","MD","Maryland","Harford",">=1 case",">=1 case",">=1 case",">=1 case",">=1 case",">=1 case",">=1 case",">=1 case",">=1 case",">=1 case"
"24","027","24027","MD","Maryland","Howard",">=1 case",">=1 case",">=1 case",">=1 case",">=1 case",">=1 case",">=1 case",">=1 case",">=1 case",">=1 case"
"24","029","24029","MD","Maryland","Kent","No cases","No cases","No cases","No cases","No cases",">=1 case","No cases","No cases","No cases","No cases"
"24","031","24031","MD","Maryland","Montgomery",">=1 case",">=1 case",">=1 case",">=1 case",">=1 case",">=1 case",">=1 case",">=1 case",">=1 case",">=1 case"
"24","033","24033","MD","Maryland","Prince George's",">=1 case",">=1 case",">=1 case",">=1 case",">=1 case",">=1 case",">=1 case",">=1 case",">=1 case",">=1 case"
"24","035","24035","MD","Maryland","Queen Anne's","No cases","No cases","No cases",">=1 case","No cases","No cases",">=1 case","No cases","No cases",">=1 case"
"24","037","24037","MD","Maryland","St. Mary's","No cases","No cases","No cases","No cases",">=1 case",">=1 case","No cases","No cases",">=1 case",">=1 case"
"24","039","24039","MD","Maryland","Somerset",">=1 case",">=1 case","No cases",">=1 case","No cases",">=1 case","No cases",">=1 case",">=1 case","No cases"
"24","041","24041","MD","Maryland","Talbot","No cases","No cases","No cases","No cases","No cases","No cases","No cases","No cases","No cases","No cases"
"24","043","24043","MD","Maryland","Washington",">=1 case",">=1 case","No cases","No cases",">=1 case",">=1 case",">=1 case",">=1 case",">=1 case",">=1 case"
"24","045","24045","MD","Maryland","Wicomico","No cases",">=1 case",">=1 case","No cases","No cases",">=1 case",">=1 case",">=1 case",">=1 case",">=1 case"
"24","047","24047","MD","Maryland","Worcester","No cases","No cases","No cases","No cases","No cases",">=1 case",">=1 case",">=1 case",">=1 case","No cases"
"24","510","24510","MD","Maryland","Baltimore",">=1 case",">=1 case",">=1 case",">=1 case",">=1 case",">=1 case",">=1 case",">=1 case",">=1 case",">=1 case"
"25","001","25001","MA","Massachusetts","Barnstable","No cases",">=1 case","No cases","No cases","No cases",">=1 case","No cases",">=1 case","No cases",">=1 case"
"25","003","25003","MA","Massachusetts","Berkshire","No cases","No cases","No cases",">=1 case","No cases","No cases","No cases","No cases",">=1 case",">=1 case"
"25","005","25005","MA","Massachusetts","Bristol",">=1 case",">=1 case",">=1 case",">=1 case",">=1 case",">=1 case",">=1 case",">=1 case",">=1 case",">=1 case"
"25","007","25007","MA","Massachusetts","Dukes","No cases","No cases","No cases","No cases","No cases","No cases","No cases","No cases","No cases","No cases"
"25","009","25009","MA","Massachusetts","Essex",">=1 case",">=1 case",">=1 case",">=1 case",">=1 case",">=1 case",">=1 case",">=1 case",">=1 case",">=1 case"
"25","011","25011","MA","Massachusetts","Franklin",">=1 case",">=1 case","No cases","No cases","No cases","No cases",">=1 case","No cases","No cases",">=1 case"
"25","013","25013","MA","Massachusetts","Hampden",">=1 case",">=1 case",">=1 case",">=1 case",">=1 case",">=1 case",">=1 case",">=1 case",">=1 case",">=1 case"
"25","015","25015","MA","Massachusetts","Hampshire","No cases","No cases",">=1 case","No cases",">=1 case",">=1 case",">=1 case","No cases","No cases","No cases"
"25","017","25017","MA","Massachusetts","Middlesex",">=1 case",">=1 case",">=1 case",">=1 case",">=1 case",">=1 case",">=1 case",">=1 case",">=1 case",">=1 case"
"25","019","25019","MA","Massachusetts","Nantucket","No cases","No cases","No cases","No cases","No cases","No cases","No cases","No cases",">=1 case","No cases"
"25","021","25021","MA","Massachusetts","Norfolk",">=1 case",">=1 case",">=1 case",">=1 case",">=1 case",">=1 case",">=1 case",">=1 case",">=1 case",">=1 case"
"25","023","25023","MA","Massachusetts","Plymouth",">=1 case",">=1 case",">=1 case",">=1 case",">=1 case",">=1 case",">=1 case",">=1 case",">=1 case",">=1 case"
"25","025","25025","MA","Massachusetts","Suffolk",">=1 case",">=1 case",">=1 case",">=1 case",">=1 case",">=1 case",">=1 case",">=1 case",">=1 case",">=1 case"
"25","027","25027","MA","Massachusetts","Worcester",">=1 case",">=1 case",">=1 case",">=1 case",">=1 case",">=1 case",">=1 case",">=1 case",">=1 case",">=1 case"
"26","001","26001","MI","Michigan","Alcona","No cases","No cases","No cases","No cases","No cases","No cases","No cases","No cases","No cases","No cases"
"26","003","26003","MI","Michigan","Alger","No cases","No cases","No cases","No cases","No cases","No cases","No cases","No cases","No cases","No cases"
"26","005","26005","MI","Michigan","Allegan","No cases","No cases","No cases","No cases","No cases",">=1 case",">=1 case",">=1 case","No cases",">=1 case"
"26","007","26007","MI","Michigan","Alpena","No cases","No cases","No cases","No cases","No cases","No cases","No cases","No cases","No cases","No cases"
"26","009","26009","MI","Michigan","Antrim","No cases","No cases","No cases","No cases","No cases","No cases","No cases",">=1 case","No cases",">=1 case"
"26","011","26011","MI","Michigan","Arenac","No cases","No cases","No cases","No cases","No cases","No cases","No cases","No cases","No cases","No cases"
"26","013","26013","MI","Michigan","Baraga","No cases","No cases","No cases","No cases","No cases","No cases","No cases","No cases","No cases","No cases"
"26","015","26015","MI","Michigan","Barry","No cases","No cases","No cases","No cases","No cases","No cases","No cases",">=1 case",">=1 case",">=1 case"
"26","017","26017","MI","Michigan","Bay","No cases","No cases","No cases","No cases","No cases","No cases","No cases","No cases",">=1 case","No cases"
"26","019","26019","MI","Michigan","Benzie","No cases","No cases","No cases","No cases","No cases","No cases","No cases","No cases","No cases","No cases"
"26","021","26021","MI","Michigan","Berrien",">=1 case",">=1 case","No cases",">=1 case",">=1 case",">=1 case","No cases",">=1 case",">=1 case",">=1 case"
"26","023","26023","MI","Michigan","Branch","No cases","No cases","No cases","No cases","No cases","No cases",">=1 case",">=1 case","No cases","No cases"
"26","025","26025","MI","Michigan","Calhoun","No cases",">=1 case","No cases",">=1 case",">=1 case",">=1 case",">=1 case",">=1 case","No cases",">=1 case"
"26","027","26027","MI","Michigan","Cass","No cases","No cases","No cases","No cases","No cases",">=1 case",">=1 case","No cases","No cases","No cases"
"26","029","26029","MI","Michigan","Charlevoix","No cases","No cases","No cases","No cases","No cases","No cases","No cases","No cases","No cases","No cases"
"26","031","26031","MI","Michigan","Cheboygan","No cases","No cases","No cases","No cases","No cases","No cases","No cases","No cases","No cases",">=1 case"
"26","033","26033","MI","Michigan","Chippewa","No cases","No cases","No cases","No cases",">=1 case","No cases","No cases","No cases",">=1 case",">=1 case"
"26","035","26035","MI","Michigan","Clare","No cases","No cases","No cases","No cases","No cases","No cases","No cases","No cases","No cases","No cases"
"26","037","26037","MI","Michigan","Clinton","No cases","No cases","No cases","No cases","No cases","No cases","No cases",">=1 case","No cases",">=1 case"
"26","039","26039","MI","Michigan","Crawford","No cases","No cases","No cases","No cases","No cases","No cases","No cases","No cases","No cases","No cases"
"26","041","26041","MI","Michigan","Delta","No cases","No cases","No cases","No cases","No cases","No cases","No cases","No cases","No cases","No cases"
"26","043","26043","MI","Michigan","Dickinson","No cases","No cases","No cases","No cases","No cases","No cases","No cases","No cases",">=1 case","No cases"
"26","045","26045","MI","Michigan","Eaton",">=1 case",">=1 case","No cases","No cases","No cases","No cases","No cases",">=1 case",">=1 case",">=1 case"
"26","047","26047","MI","Michigan","Emmet","No cases","No cases","No cases","No cases","No cases","No cases","No cases","No cases","No cases","No cases"
"26","049","26049","MI","Michigan","Genesee",">=1 case",">=1 case",">=1 case",">=1 case",">=1 case",">=1 case",">=1 case",">=1 case",">=1 case",">=1 case"
"26","051","26051","MI","Michigan","Gladwin","No cases","No cases","No cases",">=1 case","No cases","No cases","No cases","No cases","No cases","No cases"
"26","053","26053","MI","Michigan","Gogebic","No cases","No cases","No cases","No cases","No cases","No cases","No cases","No cases","No cases","No cases"
"26","055","26055","MI","Michigan","Grand Traverse","No cases","No cases",">=1 case","No cases","No cases","No cases","No cases","No cases",">=1 case","No cases"
"26","057","26057","MI","Michigan","Gratiot","No cases","No cases","No cases","No cases","No cases","No cases","No cases","No cases","No cases","No cases"
"26","059","26059","MI","Michigan","Hillsdale","No cases","No cases","No cases","No cases","No cases","No cases","No cases",">=1 case","No cases",">=1 case"
"26","061","26061","MI","Michigan","Houghton","No cases","No cases","No cases","No cases","No cases","No cases","No cases",">=1 case","No cases","No cases"
"26","063","26063","MI","Michigan","Huron","No cases","No cases","No cases","No cases",">=1 case","No cases","No cases","No cases","No cases","No cases"
"26","065","26065","MI","Michigan","Ingham",">=1 case",">=1 case",">=1 case",">=1 case",">=1 case",">=1 case",">=1 case",">=1 case",">=1 case",">=1 case"
"26","067","26067","MI","Michigan","Ionia","No cases","No cases","No cases","No cases","No cases",">=1 case","No cases",">=1 case",">=1 case",">=1 case"
"26","069","26069","MI","Michigan","Iosco","No cases","No cases","No cases","No cases",">=1 case","No cases","No cases","No cases","No cases","No cases"
"26","071","26071","MI","Michigan","Iron","No cases","No cases","No cases","No cases","No cases","No cases","No cases","No cases","No cases","No cases"
"26","073","26073","MI","Michigan","Isabella","No cases","No cases","No cases","No cases","No cases","No cases","No cases","No cases","No cases","No cases"
"26","075","26075","MI","Michigan","Jackson","No cases",">=1 case","No cases",">=1 case","No cases","No cases","No cases","No cases",">=1 case",">=1 case"
"26","077","26077","MI","Michigan","Kalamazoo",">=1 case",">=1 case",">=1 case",">=1 case",">=1 case",">=1 case",">=1 case",">=1 case",">=1 case",">=1 case"
"26","079","26079","MI","Michigan","Kalkaska","No cases","No cases","No cases","No cases","No cases","No cases","No cases","No cases","No cases","No cases"
"26","081","26081","MI","Michigan","Kent",">=1 case",">=1 case",">=1 case",">=1 case",">=1 case",">=1 case",">=1 case",">=1 case",">=1 case",">=1 case"
"26","083","26083","MI","Michigan","Keweenaw","No cases","No cases","No cases","No cases","No cases","No cases","No cases","No cases","No cases","No cases"
"26","085","26085","MI","Michigan","Lake","No cases","No cases",">=1 case","No cases","No cases","No cases","No cases","No cases","No cases","No cases"
"26","087","26087","MI","Michigan","Lapeer","No cases","No cases",">=1 case","No cases","No cases","No cases","No cases","No cases",">=1 case","No cases"
"26","089","26089","MI","Michigan","Leelanau","No cases","No cases","No cases","No cases","No cases","No cases","No cases","No cases",">=1 case","No cases"
"26","091","26091","MI","Michigan","Lenawee","No cases","No cases","No cases","No cases","No cases",">=1 case",">=1 case","No cases",">=1 case","No cases"
"26","093","26093","MI","Michigan","Livingston",">=1 case","No cases","No cases","No cases",">=1 case","No cases",">=1 case",">=1 case","No cases",">=1 case"
"26","095","26095","MI","Michigan","Luce","No cases","No cases","No cases","No cases","No cases","No cases","No cases","No cases","No cases","No cases"
"26","097","26097","MI","Michigan","Mackinac","No cases","No cases","No cases","No cases","No cases","No cases","No cases","No cases","No cases","No cases"
"26","099","26099","MI","Michigan","Macomb",">=1 case",">=1 case",">=1 case",">=1 case",">=1 case",">=1 case",">=1 case",">=1 case",">=1 case",">=1 case"
"26","101","26101","MI","Michigan","Manistee","No cases","No cases","No cases","No cases","No cases","No cases","No cases","No cases","No cases","No cases"
"26","103","26103","MI","Michigan","Marquette","No cases","No cases","No cases","No cases","No cases","No cases","No cases","No cases","No cases","No cases"
"26","105","26105","MI","Michigan","Mason","No cases","No cases","No cases","No cases","No cases","No cases",">=1 case","No cases","No cases","No cases"
"26","107","26107","MI","Michigan","Mecosta","No cases","No cases","No cases","No cases","No cases","No cases","No cases","No cases","No cases","No cases"
"26","109","26109","MI","Michigan","Menominee","No cases","No cases","No cases","No cases","No cases","No cases","No cases","No cases","No cases","No cases"
"26","111","26111","MI","Michigan","Midland",">=1 case","No cases","No cases","No cases","No cases","No cases","No cases",">=1 case","No cases",">=1 case"
"26","113","26113","MI","Michigan","Missaukee","No cases","No cases","No cases","No cases","No cases","No cases","No cases","No cases","No cases","No cases"
"26","115","26115","MI","Michigan","Monroe","No cases",">=1 case","No cases","No cases",">=1 case","No cases","No cases",">=1 case",">=1 case",">=1 case"
"26","117","26117","MI","Michigan","Montcalm","No cases","No cases","No cases","No cases",">=1 case","No cases","No cases","No cases","No cases","No cases"
"26","119","26119","MI","Michigan","Montmorency","No cases",">=1 case","No cases","No cases","No cases","No cases","No cases","No cases","No cases",">=1 case"
"26","121","26121","MI","Michigan","Muskegon",">=1 case",">=1 case","No cases",">=1 case",">=1 case",">=1 case",">=1 case",">=1 case",">=1 case",">=1 case"
"26","123","26123","MI","Michigan","Newaygo","No cases","No cases","No cases","No cases",">=1 case","No cases","No cases",">=1 case",">=1 case",">=1 case"
"26","125","26125","MI","Michigan","Oakland",">=1 case",">=1 case",">=1 case",">=1 case",">=1 case",">=1 case",">=1 case",">=1 case",">=1 case",">=1 case"
"26","127","26127","MI","Michigan","Oceana","No cases","No cases","No cases","No cases","No cases","No cases","No cases","No cases","No cases","No cases"
"26","129","26129","MI","Michigan","Ogemaw","No cases","No cases","No cases","No cases","No cases","No cases","No cases","No cases","No cases","No cases"
"26","131","26131","MI","Michigan","Ontonagon","No cases","No cases","No cases","No cases","No cases","No cases","No cases","No cases","No cases","No cases"
"26","133","26133","MI","Michigan","Osceola","No cases","No cases","No cases","No cases","No cases","No cases","No cases","No cases","No cases",">=1 case"
"26","135","26135","MI","Michigan","Oscoda","No cases","No cases","No cases","No cases","No cases","No cases","No cases","No cases","No cases","No cases"
"26","137","26137","MI","Michigan","Otsego","No cases","No cases","No cases","No cases","No cases","No cases","No cases","No cases","No cases","No cases"
"26","139","26139","MI","Michigan","Ottawa",">=1 case",">=1 case","No cases","No cases",">=1 case",">=1 case","No cases","No cases","No cases",">=1 case"
"26","141","26141","MI","Michigan","Presque Isle","No cases","No cases","No cases","No cases","No cases","No cases","No cases","No cases","No cases","No cases"
"26","143","26143","MI","Michigan","Roscommon","No cases","No cases","No cases","No cases","No cases","No cases","No cases","No cases","No cases","No cases"
"26","145","26145","MI","Michigan","Saginaw",">=1 case","No cases",">=1 case",">=1 case",">=1 case","No cases",">=1 case",">=1 case",">=1 case",">=1 case"
"26","147","26147","MI","Michigan","St. Clair","No cases","No cases",">=1 case",">=1 case",">=1 case","No cases","No cases",">=1 case",">=1 case",">=1 case"
"26","149","26149","MI","Michigan","St. Joseph",">=1 case","No cases","No cases","No cases","No cases","No cases","No cases",">=1 case","No cases",">=1 case"
"26","151","26151","MI","Michigan","Sanilac","No cases","No cases","No cases","No cases",">=1 case","No cases","No cases","No cases","No cases","No cases"
"26","153","26153","MI","Michigan","Schoolcraft","No cases","No cases","No cases","No cases","No cases","No cases","No cases","No cases","No cases","No cases"
"26","155","26155","MI","Michigan","Shiawassee","No cases","No cases","No cases","No cases","No cases",">=1 case","No cases","No cases","No cases","No cases"
"26","157","26157","MI","Michigan","Tuscola","No cases","No cases","No cases","No cases","No cases","No cases","No cases","No cases","No cases","No cases"
"26","159","26159","MI","Michigan","Van Buren","No cases",">=1 case","No cases","No cases","No cases","No cases","No cases",">=1 case","No cases","No cases"
"26","161","26161","MI","Michigan","Washtenaw",">=1 case",">=1 case",">=1 case",">=1 case",">=1 case",">=1 case",">=1 case",">=1 case",">=1 case",">=1 case"
"26","163","26163","MI","Michigan","Wayne",">=1 case",">=1 case",">=1 case",">=1 case",">=1 case",">=1 case",">=1 case",">=1 case",">=1 case",">=1 case"
"26","165","26165","MI","Michigan","Wexford","No cases","No cases","No cases","No cases","No cases","No cases","No cases","No cases",">=1 case","No cases"
"27","001","27001","MN","Minnesota","Aitkin","No cases","No cases","No cases","No cases","No cases","No cases","No cases","No cases","No cases","No cases"
"27","003","27003","MN","Minnesota","Anoka",">=1 case",">=1 case",">=1 case",">=1 case",">=1 case",">=1 case",">=1 case",">=1 case",">=1 case",">=1 case"
"27","005","27005","MN","Minnesota","Becker","No cases","No cases","No cases","No cases","No cases","No cases","No cases","No cases",">=1 case",">=1 case"
"27","007","27007","MN","Minnesota","Beltrami","No cases","No cases",">=1 case",">=1 case",">=1 case","No cases","No cases",">=1 case",">=1 case",">=1 case"
"27","009","27009","MN","Minnesota","Benton","No cases","No cases","No cases","No cases","No cases","No cases","No cases",">=1 case",">=1 case","No cases"
"27","011","27011","MN","Minnesota","Big Stone","No cases","No cases","No cases","No cases","No cases","No cases","No cases","No cases","No cases","No cases"
"27","013","27013","MN","Minnesota","Blue Earth",">=1 case","No cases","No cases","No cases","No cases","No cases","No cases",">=1 case",">=1 case",">=1 case"
"27","015","27015","MN","Minnesota","Brown","No cases","No cases","No cases","No cases","No cases","No cases","No cases","No cases","No cases","No cases"
"27","017","27017","MN","Minnesota","Carlton",">=1 case","No cases","No cases","No cases","No cases",">=1 case",">=1 case",">=1 case",">=1 case",">=1 case"
"27","019","27019","MN","Minnesota","Carver","No cases","No cases",">=1 case","No cases","No cases",">=1 case",">=1 case",">=1 case","No cases",">=1 case"
"27","021","27021","MN","Minnesota","Cass","No cases","No cases","No cases","No cases","No cases","No cases","No cases",">=1 case",">=1 case",">=1 case"
"27","023","27023","MN","Minnesota","Chippewa",">=1 case",">=1 case","No cases","No cases","No cases","No cases","No cases","No cases","No cases","No cases"
"27","025","27025","MN","Minnesota","Chisago","No cases","No cases",">=1 case","No cases","No cases",">=1 case","No cases",">=1 case",">=1 case","No cases"
"27","027","27027","MN","Minnesota","Clay","No cases","No cases","No cases","No cases","No cases","No cases","No cases","No cases",">=1 case",">=1 case"
"27","029","27029","MN","Minnesota","Clearwater","No cases","No cases","No cases","No cases","No cases","No cases","No cases","No cases",">=1 case",">=1 case"
"27","031","27031","MN","Minnesota","Cook","No cases","No cases","No cases","No cases","No cases","No cases","No cases","No cases","No cases","No cases"
"27","033","27033","MN","Minnesota","Cottonwood","No cases","No cases","No cases","No cases","No cases",">=1 case","No cases","No cases","No cases","No cases"
"27","035","27035","MN","Minnesota","Crow Wing","No cases","No cases","No cases","No cases","No cases","No cases",">=1 case",">=1 case",">=1 case",">=1 case"
"27","037","27037","MN","Minnesota","Dakota",">=1 case",">=1 case",">=1 case",">=1 case",">=1 case",">=1 case",">=1 case",">=1 case",">=1 case",">=1 case"
"27","039","27039","MN","Minnesota","Dodge","No cases","No cases","No cases","No cases",">=1 case","No cases","No cases","No cases","No cases","No cases"
"27","041","27041","MN","Minnesota","Douglas","No cases","No cases","No cases","No cases","No cases","No cases","No cases","No cases",">=1 case","No cases"
"27","043","27043","MN","Minnesota","Faribault","No cases","No cases","No cases","No cases","No cases","No cases",">=1 case","No cases","No cases","No cases"
"27","045","27045","MN","Minnesota","Fillmore","No cases","No cases","No cases","No cases","No cases","No cases","No cases","No cases","No cases","No cases"
"27","047","27047","MN","Minnesota","Freeborn","No cases","No cases","No cases",">=1 case","No cases","No cases","No cases","No cases",">=1 case","No cases"
"27","049","27049","MN","Minnesota","Goodhue","No cases","No cases","No cases",">=1 case","No cases","No cases","No cases","No cases",">=1 case","No cases"
"27","051","27051","MN","Minnesota","Grant","No cases","No cases","No cases","No cases","No cases","No cases","No cases","No cases","No cases","No cases"
"27","053","27053","MN","Minnesota","Hennepin",">=1 case",">=1 case",">=1 case",">=1 case",">=1 case",">=1 case",">=1 case",">=1 case",">=1 case",">=1 case"
"27","055","27055","MN","Minnesota","Houston","No cases","No cases","No cases","No cases","No cases","No cases","No cases","No cases","No cases",">=1 case"
"27","057","27057","MN","Minnesota","Hubbard",">=1 case","No cases","No cases","No cases","No cases","No cases","No cases",">=1 case","No cases","No cases"
"27","059","27059","MN","Minnesota","Isanti","No cases","No cases","No cases","No cases","No cases","No cases","No cases","No cases","No cases",">=1 case"
"27","061","27061","MN","Minnesota","Itasca","No cases",">=1 case","No cases","No cases","No cases",">=1 case","No cases",">=1 case",">=1 case",">=1 case"
"27","063","27063","MN","Minnesota","Jackson","No cases","No cases","No cases","No cases","No cases","No cases",">=1 case","No cases","No cases","No cases"
"27","065","27065","MN","Minnesota","Kanabec","No cases","No cases","No cases","No cases","No cases","No cases","No cases","No cases","No cases","No cases"
"27","067","27067","MN","Minnesota","Kandiyohi","No cases","No cases","No cases","No cases","No cases",">=1 case",">=1 case",">=1 case","No cases",">=1 case"
"27","069","27069","MN","Minnesota","Kittson","No cases","No cases","No cases","No cases","No cases","No cases","No cases","No cases","No cases","No cases"
"27","071","27071","MN","Minnesota","Koochiching","No cases","No cases","No cases","No cases","No cases","No cases","No cases","No cases","No cases",">=1 case"
"27","073","27073","MN","Minnesota","Lac qui Parle","No cases","No cases","No cases","No cases","No cases","No cases","No cases","No cases","No cases","No cases"
"27","075","27075","MN","Minnesota","Lake","No cases","No cases","No cases","No cases","No cases","No cases","No cases","No cases","No cases","No cases"
"27","077","27077","MN","Minnesota","Lake of the Woods","No cases","No cases","No cases","No cases","No cases","No cases","No cases","No cases","No cases","No cases"
"27","079","27079","MN","Minnesota","Le Sueur","No cases","No cases","No cases","No cases","No cases","No cases","No cases",">=1 case","No cases",">=1 case"
"27","081","27081","MN","Minnesota","Lincoln","No cases","No cases","No cases","No cases","No cases","No cases","No cases","No cases","No cases","No cases"
"27","083","27083","MN","Minnesota","Lyon","No cases","No cases","No cases",">=1 case",">=1 case","No cases","No cases","No cases","No cases","No cases"
"27","085","27085","MN","Minnesota","McLeod","No cases","No cases","No cases","No cases","No cases",">=1 case","No cases","No cases","No cases","No cases"
"27","087","27087","MN","Minnesota","Mahnomen","No cases","No cases","No cases","No cases","No cases","No cases","No cases",">=1 case","No cases","No cases"
"27","089","27089","MN","Minnesota","Marshall","No cases","No cases","No cases","No cases","No cases","No cases","No cases","No cases","No cases",">=1 case"
"27","091","27091","MN","Minnesota","Martin","No cases","No cases","No cases","No cases","No cases","No cases",">=1 case",">=1 case","No cases",">=1 case"
"27","093","27093","MN","Minnesota","Meeker","No cases","No cases","No cases","No cases","No cases",">=1 case","No cases","No cases","No cases","No cases"
"27","095","27095","MN","Minnesota","Mille Lacs","No cases","No cases","No cases","No cases","No cases","No cases",">=1 case",">=1 case",">=1 case",">=1 case"
"27","097","27097","MN","Minnesota","Morrison","No cases","No cases","No cases","No cases","No cases","No cases","No cases","No cases","No cases","No cases"
"27","099","27099","MN","Minnesota","Mower",">=1 case","No cases",">=1 case","No cases","No cases",">=1 case","No cases",">=1 case",">=1 case",">=1 case"
"27","101","27101","MN","Minnesota","Murray","No cases","No cases","No cases","No cases","No cases","No cases","No cases","No cases","No cases","No cases"
"27","103","27103","MN","Minnesota","Nicollet","No cases","No cases","No cases","No cases","No cases","No cases",">=1 case",">=1 case","No cases",">=1 case"
"27","105","27105","MN","Minnesota","Nobles","No cases","No cases","No cases","No cases","No cases","No cases",">=1 case","No cases","No cases",">=1 case"
"27","107","27107","MN","Minnesota","Norman","No cases","No cases","No cases","No cases","No cases","No cases","No cases","No cases","No cases","No cases"
"27","109","27109","MN","Minnesota","Olmsted",">=1 case",">=1 case",">=1 case",">=1 case","No cases",">=1 case",">=1 case",">=1 case",">=1 case",">=1 case"
"27","111","27111","MN","Minnesota","Otter Tail","No cases",">=1 case","No cases",">=1 case","No cases",">=1 case","No cases","No cases","No cases","No cases"
"27","113","27113","MN","Minnesota","Pennington","No cases","No cases","No cases","No cases","No cases","No cases","No cases","No cases","No cases",">=1 case"
"27","115","27115","MN","Minnesota","Pine","No cases",">=1 case","No cases","No cases","No cases","No cases","No cases",">=1 case","No cases",">=1 case"
"27","117","27117","MN","Minnesota","Pipestone","No cases","No cases","No cases","No cases","No cases","No cases","No cases",">=1 case","No cases","No cases"
"27","119","27119","MN","Minnesota","Polk","No cases","No cases","No cases","No cases","No cases",">=1 case","No cases",">=1 case",">=1 case",">=1 case"
"27","121","27121","MN","Minnesota","Pope","No cases","No cases","No cases","No cases","No cases","No cases","No cases","No cases","No cases","No cases"
"27","123","27123","MN","Minnesota","Ramsey",">=1 case",">=1 case",">=1 case",">=1 case",">=1 case",">=1 case",">=1 case",">=1 case",">=1 case",">=1 case"
"27","125","27125","MN","Minnesota","Red Lake","No cases","No cases","No cases","No cases","No cases","No cases","No cases","No cases","No cases","No cases"
"27","127","27127","MN","Minnesota","Redwood","No cases","No cases","No cases","No cases","No cases","No cases","No cases","No cases",">=1 case","No cases"
"27","129","27129","MN","Minnesota","Renville","No cases",">=1 case","No cases","No cases","No cases","No cases","No cases",">=1 case","No cases","No cases"
"27","131","27131","MN","Minnesota","Rice","No cases",">=1 case","No cases","No cases","No cases",">=1 case","No cases",">=1 case",">=1 case",">=1 case"
"27","133","27133","MN","Minnesota","Rock","No cases","No cases","No cases","No cases","No cases","No cases","No cases","No cases","No cases","No cases"
"27","135","27135","MN","Minnesota","Roseau","No cases","No cases","No cases","No cases","No cases","No cases","No cases","No cases","No cases","No cases"
"27","137","27137","MN","Minnesota","St. Louis",">=1 case",">=1 case",">=1 case",">=1 case",">=1 case",">=1 case",">=1 case",">=1 case",">=1 case",">=1 case"
"27","139","27139","MN","Minnesota","Scott","No cases",">=1 case",">=1 case","No cases",">=1 case",">=1 case",">=1 case",">=1 case",">=1 case",">=1 case"
"27","141","27141","MN","Minnesota","Sherburne","No cases",">=1 case","No cases","No cases","No cases",">=1 case","No cases","No cases","No cases",">=1 case"
"27","143","27143","MN","Minnesota","Sibley","No cases","No cases","No cases","No cases","No cases","No cases","No cases","No cases","No cases",">=1 case"
"27","145","27145","MN","Minnesota","Stearns","No cases",">=1 case",">=1 case",">=1 case","No cases",">=1 case",">=1 case",">=1 case",">=1 case",">=1 case"
"27","147","27147","MN","Minnesota","Steele",">=1 case",">=1 case","No cases","No cases","No cases","No cases","No cases","No cases","No cases",">=1 case"
"27","149","27149","MN","Minnesota","Stevens","No cases","No cases","No cases","No cases","No cases","No cases","No cases","No cases","No cases","No cases"
"27","151","27151","MN","Minnesota","Swift","No cases","No cases","No cases","No cases","No cases","No cases","No cases","No cases","No cases","No cases"
"27","153","27153","MN","Minnesota","Todd","No cases","No cases","No cases","No cases","No cases","No cases",">=1 case","No cases","No cases","No cases"
"27","155","27155","MN","Minnesota","Traverse","No cases","No cases","No cases","No cases","No cases","No cases","No cases","No cases","No cases","No cases"
"27","157","27157","MN","Minnesota","Wabasha",">=1 case","No cases","No cases","No cases","No cases","No cases","No cases","No cases","No cases","No cases"
"27","159","27159","MN","Minnesota","Wadena","No cases","No cases","No cases","No cases","No cases","No cases","No cases","No cases","No cases","No cases"
"27","161","27161","MN","Minnesota","Waseca",">=1 case","No cases","No cases",">=1 case",">=1 case","No cases",">=1 case","No cases","No cases",">=1 case"
"27","163","27163","MN","Minnesota","Washington",">=1 case","No cases",">=1 case",">=1 case","No cases",">=1 case",">=1 case",">=1 case",">=1 case",">=1 case"
"27","165","27165","MN","Minnesota","Watonwan","No cases","No cases","No cases","No cases","No cases","No cases","No cases","No cases","No cases","No cases"
"27","167","27167","MN","Minnesota","Wilkin","No cases","No cases","No cases","No cases","No cases","No cases","No cases","No cases","No cases","No cases"
"27","169","27169","MN","Minnesota","Winona","No cases","No cases","No cases",">=1 case","No cases","No cases","No cases","No cases","No cases","No cases"
"27","171","27171","MN","Minnesota","Wright","No cases",">=1 case",">=1 case",">=1 case","No cases",">=1 case","No cases","No cases",">=1 case","No cases"
"27","173","27173","MN","Minnesota","Yellow Medicine","No cases","No cases","No cases","No cases","No cases","No cases","No cases","No cases","No cases","No cases"
"28","001","28001","MS","Mississippi","Adams","No cases",">=1 case","No cases",">=1 case","No cases","No cases","No cases",">=1 case","No cases",">=1 case"
"28","003","28003","MS","Mississippi","Alcorn","No cases",">=1 case","No cases","No cases","No cases",">=1 case",">=1 case",">=1 case",">=1 case",">=1 case"
"28","005","28005","MS","Mississippi","Amite","No cases","No cases","No cases","No cases",">=1 case","No cases","No cases","No cases","No cases","No cases"
"28","007","28007","MS","Mississippi","Attala",">=1 case","No cases",">=1 case","No cases",">=1 case","No cases",">=1 case",">=1 case",">=1 case",">=1 case"
"28","009","28009","MS","Mississippi","Benton","No cases","No cases","No cases","No cases","No cases","No cases","No cases",">=1 case","No cases",">=1 case"
"28","011","28011","MS","Mississippi","Bolivar","No cases",">=1 case","No cases",">=1 case",">=1 case",">=1 case",">=1 case",">=1 case",">=1 case",">=1 case"
"28","013","28013","MS","Mississippi","Calhoun","No cases","No cases","No cases","No cases","No cases","No cases","No cases",">=1 case","No cases",">=1 case"
"28","015","28015","MS","Mississippi","Carroll","No cases","No cases","No cases","No cases","No cases","No cases","No cases","No cases",">=1 case",">=1 case"
"28","017","28017","MS","Mississippi","Chickasaw","No cases","No cases","No cases","No cases","No cases","No cases","No cases",">=1 case",">=1 case",">=1 case"
"28","019","28019","MS","Mississippi","Choctaw","No cases","No cases","No cases","No cases",">=1 case","No cases","No cases","No cases",">=1 case",">=1 case"
"28","021","28021","MS","Mississippi","Claiborne",">=1 case","No cases",">=1 case","No cases","No cases","No cases","No cases","No cases","No cases","No cases"
"28","023","28023","MS","Mississippi","Clarke",">=1 case","No cases","No cases",">=1 case","No cases","No cases","No cases",">=1 case",">=1 case",">=1 case"
"28","025","28025","MS","Mississippi","Clay","No cases","No cases","No cases","No cases","No cases",">=1 case",">=1 case","No cases","No cases",">=1 case"
"28","027","28027","MS","Mississippi","Coahoma",">=1 case",">=1 case","No cases","No cases","No cases",">=1 case","No cases",">=1 case",">=1 case",">=1 case"
"28","029","28029","MS","Mississippi","Copiah",">=1 case",">=1 case","No cases","No cases",">=1 case",">=1 case",">=1 case",">=1 case",">=1 case",">=1 case"
"28","031","28031","MS","Mississippi","Covington",">=1 case",">=1 case","No cases","No cases","No cases","No cases",">=1 case","No cases",">=1 case",">=1 case"
"28","033","28033","MS","Mississippi","DeSoto",">=1 case",">=1 case",">=1 case",">=1 case",">=1 case",">=1 case",">=1 case",">=1 case",">=1 case",">=1 case"
"28","035","28035","MS","Mississippi","Forrest",">=1 case",">=1 case",">=1 case",">=1 case",">=1 case",">=1 case",">=1 case",">=1 case",">=1 case",">=1 case"
"28","037","28037","MS","Mississippi","Franklin","No cases","No cases","No cases","No cases","No cases","No cases","No cases",">=1 case",">=1 case","No cases"
"28","039","28039","MS","Mississippi","George",">=1 case",">=1 case",">=1 case","No cases","No cases","No cases","No cases",">=1 case","No cases","No cases"
"28","041","28041","MS","Mississippi","Greene","No cases",">=1 case","No cases",">=1 case","No cases",">=1 case","No cases","No cases",">=1 case",">=1 case"
"28","043","28043","MS","Mississippi","Grenada","No cases","No cases","No cases",">=1 case","No cases",">=1 case",">=1 case","No cases",">=1 case",">=1 case"
"28","045","28045","MS","Mississippi","Hancock",">=1 case",">=1 case",">=1 case","No cases","No cases","No cases",">=1 case",">=1 case",">=1 case",">=1 case"
"28","047","28047","MS","Mississippi","Harrison",">=1 case",">=1 case",">=1 case",">=1 case",">=1 case",">=1 case",">=1 case",">=1 case",">=1 case",">=1 case"
"28","049","28049","MS","Mississippi","Hinds",">=1 case",">=1 case",">=1 case",">=1 case",">=1 case",">=1 case",">=1 case",">=1 case",">=1 case",">=1 case"
"28","051","28051","MS","Mississippi","Holmes","No cases",">=1 case",">=1 case",">=1 case",">=1 case",">=1 case",">=1 case",">=1 case",">=1 case",">=1 case"
"28","053","28053","MS","Mississippi","Humphreys","No cases","No cases",">=1 case","No cases","No cases","No cases",">=1 case","No cases",">=1 case",">=1 case"
"28","055","28055","MS","Mississippi","Issaquena","No cases","No cases","No cases","No cases","No cases","No cases","No cases","No cases","No cases",">=1 case"
"28","057","28057","MS","Mississippi","Itawamba","No cases","No cases","No cases","No cases","No cases","No cases","No cases","No cases","No cases","No cases"
"28","059","28059","MS","Mississippi","Jackson",">=1 case",">=1 case",">=1 case",">=1 case",">=1 case",">=1 case",">=1 case",">=1 case",">=1 case",">=1 case"
"28","061","28061","MS","Mississippi","Jasper",">=1 case","No cases",">=1 case",">=1 case","No cases","No cases","No cases","No cases",">=1 case",">=1 case"
"28","063","28063","MS","Mississippi","Jefferson","No cases","No cases","No cases","No cases","No cases","No cases","No cases",">=1 case","No cases",">=1 case"
"28","065","28065","MS","Mississippi","Jefferson Davis","No cases",">=1 case","No cases","No cases","No cases","No cases","No cases","No cases",">=1 case",">=1 case"
"28","067","28067","MS","Mississippi","Jones",">=1 case",">=1 case",">=1 case",">=1 case",">=1 case",">=1 case",">=1 case",">=1 case",">=1 case",">=1 case"
"28","069","28069","MS","Mississippi","Kemper",">=1 case",">=1 case","No cases","No cases","No cases","No cases","No cases",">=1 case",">=1 case",">=1 case"
"28","071","28071","MS","Mississippi","Lafayette","No cases",">=1 case","No cases",">=1 case","No cases",">=1 case","No cases","No cases",">=1 case",">=1 case"
"28","073","28073","MS","Mississippi","Lamar",">=1 case","No cases","No cases","No cases",">=1 case",">=1 case",">=1 case","No cases",">=1 case",">=1 case"
"28","075","28075","MS","Mississippi","Lauderdale",">=1 case",">=1 case",">=1 case","No cases",">=1 case",">=1 case",">=1 case",">=1 case",">=1 case",">=1 case"
"28","077","28077","MS","Mississippi","Lawrence","No cases","No cases","No cases",">=1 case",">=1 case","No cases","No cases","No cases",">=1 case",">=1 case"
"28","079","28079","MS","Mississippi","Leake",">=1 case",">=1 case","No cases",">=1 case","No cases",">=1 case",">=1 case",">=1 case",">=1 case",">=1 case"
"28","081","28081","MS","Mississippi","Lee","No cases",">=1 case","No cases",">=1 case","No cases",">=1 case",">=1 case",">=1 case",">=1 case",">=1 case"
"28","083","28083","MS","Mississippi","Leflore",">=1 case","No cases","No cases","No cases","No cases",">=1 case",">=1 case",">=1 case",">=1 case",">=1 case"
"28","085","28085","MS","Mississippi","Lincoln","No cases",">=1 case",">=1 case",">=1 case",">=1 case","No cases",">=1 case",">=1 case",">=1 case",">=1 case"
"28","087","28087","MS","Mississippi","Lowndes",">=1 case",">=1 case","No cases",">=1 case",">=1 case",">=1 case",">=1 case",">=1 case",">=1 case",">=1 case"
"28","089","28089","MS","Mississippi","Madison","No cases",">=1 case","No cases",">=1 case",">=1 case",">=1 case",">=1 case",">=1 case",">=1 case",">=1 case"
"28","091","28091","MS","Mississippi","Marion",">=1 case",">=1 case","No cases",">=1 case",">=1 case","No cases",">=1 case","No cases",">=1 case",">=1 case"
"28","093","28093","MS","Mississippi","Marshall",">=1 case",">=1 case","No cases","No cases","No cases",">=1 case",">=1 case",">=1 case",">=1 case",">=1 case"
"28","095","28095","MS","Mississippi","Monroe","No cases","No cases","No cases","No cases","No cases","No cases","No cases",">=1 case",">=1 case",">=1 case"
"28","097","28097","MS","Mississippi","Montgomery",">=1 case",">=1 case","No cases","No cases",">=1 case","No cases","No cases","No cases",">=1 case",">=1 case"
"28","099","28099","MS","Mississippi","Neshoba",">=1 case","No cases",">=1 case","No cases",">=1 case",">=1 case",">=1 case",">=1 case",">=1 case",">=1 case"
"28","101","28101","MS","Mississippi","Newton",">=1 case",">=1 case","No cases","No cases","No cases","No cases",">=1 case",">=1 case",">=1 case",">=1 case"
"28","103","28103","MS","Mississippi","Noxubee",">=1 case",">=1 case","No cases","No cases","No cases","No cases","No cases",">=1 case","No cases","No cases"
"28","105","28105","MS","Mississippi","Oktibbeha","No cases",">=1 case",">=1 case","No cases",">=1 case",">=1 case","No cases",">=1 case","No cases",">=1 case"
"28","107","28107","MS","Mississippi","Panola","No cases",">=1 case","No cases","No cases","No cases","No cases",">=1 case",">=1 case",">=1 case",">=1 case"
"28","109","28109","MS","Mississippi","Pearl River",">=1 case","No cases",">=1 case",">=1 case",">=1 case",">=1 case","No cases",">=1 case",">=1 case",">=1 case"
"28","111","28111","MS","Mississippi","Perry",">=1 case","No cases","No cases","No cases","No cases","No cases",">=1 case","No cases",">=1 case",">=1 case"
"28","113","28113","MS","Mississippi","Pike",">=1 case","No cases",">=1 case",">=1 case",">=1 case",">=1 case",">=1 case",">=1 case",">=1 case",">=1 case"
"28","115","28115","MS","Mississippi","Pontotoc","No cases","No cases",">=1 case",">=1 case",">=1 case","No cases",">=1 case","No cases","No cases",">=1 case"
"28","117","28117","MS","Mississippi","Prentiss","No cases",">=1 case","No cases","No cases","No cases","No cases","No cases","No cases",">=1 case",">=1 case"
"28","119","28119","MS","Mississippi","Quitman","No cases",">=1 case",">=1 case","No cases","No cases","No cases",">=1 case",">=1 case",">=1 case",">=1 case"
"28","121","28121","MS","Mississippi","Rankin",">=1 case",">=1 case",">=1 case",">=1 case",">=1 case",">=1 case",">=1 case",">=1 case",">=1 case",">=1 case"
"28","123","28123","MS","Mississippi","Scott","No cases","No cases",">=1 case","No cases",">=1 case",">=1 case",">=1 case",">=1 case",">=1 case",">=1 case"
"28","125","28125","MS","Mississippi","Sharkey","No cases",">=1 case","No cases","No cases",">=1 case","No cases",">=1 case","No cases","No cases","No cases"
"28","127","28127","MS","Mississippi","Simpson",">=1 case",">=1 case","No cases",">=1 case","No cases",">=1 case",">=1 case",">=1 case",">=1 case",">=1 case"
"28","129","28129","MS","Mississippi","Smith",">=1 case","No cases","No cases","No cases","No cases",">=1 case","No cases",">=1 case",">=1 case",">=1 case"
"28","131","28131","MS","Mississippi","Stone",">=1 case",">=1 case","No cases","No cases","No cases",">=1 case","No cases","No cases",">=1 case",">=1 case"
"28","133","28133","MS","Mississippi","Sunflower","No cases","No cases","No cases","No cases","No cases","No cases","No cases",">=1 case",">=1 case",">=1 case"
"28","135","28135","MS","Mississippi","Tallahatchie","No cases","No cases",">=1 case","No cases",">=1 case","No cases","No cases","No cases",">=1 case",">=1 case"
"28","137","28137","MS","Mississippi","Tate",">=1 case",">=1 case","No cases",">=1 case",">=1 case","No cases",">=1 case",">=1 case",">=1 case",">=1 case"
"28","139","28139","MS","Mississippi","Tippah","No cases",">=1 case","No cases","No cases","No cases","No cases","No cases","No cases",">=1 case","No cases"
"28","141","28141","MS","Mississippi","Tishomingo","No cases","No cases","No cases","No cases","No cases","No cases","No cases","No cases","No cases","No cases"
"28","143","28143","MS","Mississippi","Tunica",">=1 case",">=1 case","No cases","No cases","No cases",">=1 case",">=1 case",">=1 case",">=1 case",">=1 case"
"28","145","28145","MS","Mississippi","Union",">=1 case",">=1 case","No cases",">=1 case",">=1 case",">=1 case","No cases",">=1 case",">=1 case",">=1 case"
"28","147","28147","MS","Mississippi","Walthall","No cases","No cases",">=1 case","No cases","No cases","No cases","No cases","No cases","No cases",">=1 case"
"28","149","28149","MS","Mississippi","Warren",">=1 case",">=1 case",">=1 case",">=1 case",">=1 case",">=1 case",">=1 case",">=1 case",">=1 case",">=1 case"
"28","151","28151","MS","Mississippi","Washington",">=1 case",">=1 case",">=1 case",">=1 case",">=1 case",">=1 case",">=1 case",">=1 case",">=1 case",">=1 case"
"28","153","28153","MS","Mississippi","Wayne",">=1 case","No cases","No cases","No cases","No cases","No cases","No cases","No cases",">=1 case",">=1 case"
"28","155","28155","MS","Mississippi","Webster","No cases","No cases","No cases","No cases","No cases","No cases","No cases","No cases","No cases",">=1 case"
"28","157","28157","MS","Mississippi","Wilkinson","No cases","No cases","No cases","No cases","No cases","No cases",">=1 case","No cases","No cases",">=1 case"
"28","159","28159","MS","Mississippi","Winston","No cases","No cases","No cases","No cases","No cases","No cases",">=1 case",">=1 case","No cases",">=1 case"
"28","161","28161","MS","Mississippi","Yalobusha","No cases","No cases","No cases","No cases",">=1 case","No cases","No cases",">=1 case",">=1 case",">=1 case"
"28","163","28163","MS","Mississippi","Yazoo",">=1 case",">=1 case",">=1 case","No cases","No cases",">=1 case",">=1 case",">=1 case",">=1 case",">=1 case"
"29","001","29001","MO","Missouri","Adair","No cases","No cases","No cases","No cases","No cases","No cases","No cases","No cases","No cases","No cases"
"29","003","29003","MO","Missouri","Andrew","No cases","No cases","No cases","No cases","No cases","No cases","No cases","No cases","No cases","No cases"
"29","005","29005","MO","Missouri","Atchison","No cases","No cases","No cases","No cases","No cases","No cases","No cases","No cases","No cases","No cases"
"29","007","29007","MO","Missouri","Audrain",">=1 case","No cases",">=1 case","No cases","No cases","No cases",">=1 case",">=1 case","No cases",">=1 case"
"29","009","29009","MO","Missouri","Barry","No cases",">=1 case","No cases","No cases","No cases","No cases",">=1 case","No cases",">=1 case",">=1 case"
"29","011","29011","MO","Missouri","Barton","No cases","No cases","No cases","No cases","No cases","No cases","No cases","No cases",">=1 case",">=1 case"
"29","013","29013","MO","Missouri","Bates","No cases","No cases","No cases","No cases","No cases",">=1 case","No cases",">=1 case","No cases",">=1 case"
"29","015","29015","MO","Missouri","Benton","No cases","No cases","No cases","No cases","No cases","No cases","No cases","No cases","No cases",">=1 case"
"29","017","29017","MO","Missouri","Bollinger","No cases","No cases","No cases","No cases","No cases","No cases","No cases","No cases",">=1 case",">=1 case"
"29","019","29019","MO","Missouri","Boone","No cases",">=1 case","No cases","No cases",">=1 case",">=1 case",">=1 case",">=1 case",">=1 case",">=1 case"
"29","021","29021","MO","Missouri","Buchanan","No cases",">=1 case","No cases",">=1 case",">=1 case",">=1 case","No cases",">=1 case",">=1 case",">=1 case"
"29","023","29023","MO","Missouri","Butler",">=1 case","No cases","No cases","No cases","No cases",">=1 case","No cases","No cases","No cases",">=1 case"
"29","025","29025","MO","Missouri","Caldwell","No cases","No cases","No cases","No cases","No cases","No cases",">=1 case","No cases",">=1 case",">=1 case"
"29","027","29027","MO","Missouri","Callaway","No cases","No cases","No cases","No cases","No cases",">=1 case","No cases","No cases",">=1 case",">=1 case"
"29","029","29029","MO","Missouri","Camden","No cases","No cases","No cases","No cases","No cases","No cases",">=1 case",">=1 case","No cases",">=1 case"
"29","031","29031","MO","Missouri","Cape Girardeau","No cases","No cases","No cases","No cases","No cases",">=1 case","No cases",">=1 case",">=1 case",">=1 case"
"29","033","29033","MO","Missouri","Carroll","No cases","No cases","No cases","No cases","No cases","No cases","No cases",">=1 case","No cases",">=1 case"
"29","035","29035","MO","Missouri","Carter","No cases","No cases","No cases","No cases","No cases","No cases","No cases","No cases","No cases",">=1 case"
"29","037","29037","MO","Missouri","Cass","No cases","No cases","No cases","No cases","No cases",">=1 case",">=1 case",">=1 case",">=1 case",">=1 case"
"29","039","29039","MO","Missouri","Cedar","No cases","No cases","No cases","No cases","No cases","No cases","No cases","No cases","No cases","No cases"
"29","041","29041","MO","Missouri","Chariton","No cases","No cases","No cases","No cases","No cases","No cases","No cases","No cases","No cases","No cases"
"29","043","29043","MO","Missouri","Christian","No cases","No cases","No cases","No cases","No cases","No cases","No cases","No cases",">=1 case",">=1 case"
"29","045","29045","MO","Missouri","Clark","No cases","No cases","No cases","No cases","No cases","No cases","No cases","No cases","No cases","No cases"
"29","047","29047","MO","Missouri","Clay","No cases",">=1 case","No cases",">=1 case",">=1 case",">=1 case",">=1 case",">=1 case",">=1 case",">=1 case"
"29","049","29049","MO","Missouri","Clinton",">=1 case","No cases","No cases","No cases","No cases",">=1 case","No cases","No cases",">=1 case",">=1 case"
"29","051","29051","MO","Missouri","Cole","No cases","No cases","No cases",">=1 case",">=1 case",">=1 case",">=1 case",">=1 case",">=1 case",">=1 case"
"29","053","29053","MO","Missouri","Cooper","No cases","No cases","No cases","No cases",">=1 case","No cases","No cases",">=1 case",">=1 case","No cases"
"29","055","29055","MO","Missouri","Crawford","No cases","No cases","No cases","No cases","No cases","No cases","No cases","No cases","No cases","No cases"
"29","057","29057","MO","Missouri","Dade","No cases","No cases","No cases","No cases","No cases","No cases","No cases","No cases","No cases","No cases"
"29","059","29059","MO","Missouri","Dallas","No cases","No cases","No cases","No cases","No cases",">=1 case","No cases",">=1 case","No cases","No cases"
"29","061","29061","MO","Missouri","Daviess","No cases","No cases","No cases","No cases","No cases",">=1 case","No cases","No cases","No cases","No cases"
"29","063","29063","MO","Missouri","DeKalb","No cases","No cases","No cases","No cases","No cases","No cases","No cases","No cases","No cases","No cases"
"29","065","29065","MO","Missouri","Dent","No cases","No cases","No cases","No cases","No cases","No cases","No cases","No cases","No cases",">=1 case"
"29","067","29067","MO","Missouri","Douglas","No cases","No cases","No cases","No cases","No cases","No cases","No cases","No cases",">=1 case","No cases"
"29","069","29069","MO","Missouri","Dunklin","No cases",">=1 case","No cases",">=1 case","No cases","No cases","No cases",">=1 case",">=1 case",">=1 case"
"29","071","29071","MO","Missouri","Franklin","No cases","No cases","No cases","No cases","No cases",">=1 case","No cases","No cases",">=1 case",">=1 case"
"29","073","29073","MO","Missouri","Gasconade","No cases","No cases","No cases","No cases","No cases","No cases","No cases",">=1 case","No cases",">=1 case"
"29","075","29075","MO","Missouri","Gentry","No cases","No cases","No cases","No cases","No cases","No cases","No cases","No cases","No cases","No cases"
"29","077","29077","MO","Missouri","Greene",">=1 case",">=1 case",">=1 case",">=1 case","No cases","No cases",">=1 case",">=1 case",">=1 case",">=1 case"
"29","079","29079","MO","Missouri","Grundy","No cases","No cases","No cases","No cases","No cases",">=1 case","No cases","No cases",">=1 case","No cases"
"29","081","29081","MO","Missouri","Harrison","No cases","No cases",">=1 case","No cases","No cases","No cases","No cases","No cases","No cases","No cases"
"29","083","29083","MO","Missouri","Henry","No cases","No cases","No cases","No cases","No cases",">=1 case","No cases","No cases",">=1 case",">=1 case"
"29","085","29085","MO","Missouri","Hickory","No cases","No cases","No cases","No cases","No cases","No cases","No cases","No cases","No cases","No cases"
"29","087","29087","MO","Missouri","Holt","No cases","No cases","No cases","No cases","No cases","No cases","No cases","No cases","No cases","No cases"
"29","089","29089","MO","Missouri","Howard","No cases","No cases","No cases","No cases","No cases","No cases","No cases","No cases","No cases",">=1 case"
"29","091","29091","MO","Missouri","Howell","No cases","No cases","No cases","No cases","No cases",">=1 case",">=1 case",">=1 case","No cases",">=1 case"
"29","093","29093","MO","Missouri","Iron","No cases","No cases","No cases","No cases","No cases","No cases","No cases","No cases",">=1 case",">=1 case"
"29","095","29095","MO","Missouri","Jackson",">=1 case",">=1 case",">=1 case",">=1 case",">=1 case",">=1 case",">=1 case",">=1 case",">=1 case",">=1 case"
"29","097","29097","MO","Missouri","Jasper",">=1 case","No cases","No cases","No cases","No cases",">=1 case",">=1 case",">=1 case",">=1 case",">=1 case"
"29","099","29099","MO","Missouri","Jefferson",">=1 case",">=1 case","No cases","No cases",">=1 case",">=1 case",">=1 case",">=1 case",">=1 case",">=1 case"
"29","101","29101","MO","Missouri","Johnson","No cases","No cases","No cases",">=1 case",">=1 case","No cases","No cases",">=1 case",">=1 case",">=1 case"
"29","103","29103","MO","Missouri","Knox","No cases","No cases","No cases","No cases","No cases","No cases","No cases","No cases","No cases","No cases"
"29","105","29105","MO","Missouri","Laclede","No cases","No cases","No cases","No cases","No cases",">=1 case","No cases","No cases","No cases",">=1 case"
"29","107","29107","MO","Missouri","Lafayette","No cases","No cases","No cases","No cases","No cases",">=1 case","No cases",">=1 case",">=1 case",">=1 case"
"29","109","29109","MO","Missouri","Lawrence","No cases","No cases","No cases","No cases","No cases","No cases","No cases","No cases",">=1 case",">=1 case"
"29","111","29111","MO","Missouri","Lewis","No cases","No cases","No cases","No cases","No cases","No cases","No cases","No cases","No cases","No cases"
"29","113","29113","MO","Missouri","Lincoln","No cases",">=1 case","No cases","No cases",">=1 case","No cases","No cases",">=1 case",">=1 case","No cases"
"29","115","29115","MO","Missouri","Linn","No cases","No cases","No cases","No cases","No cases","No cases","No cases","No cases",">=1 case","No cases"
"29","117","29117","MO","Missouri","Livingston","No cases","No cases","No cases","No cases","No cases","No cases","No cases",">=1 case",">=1 case",">=1 case"
"29","119","29119","MO","Missouri","McDonald","No cases","No cases","No cases","No cases",">=1 case","No cases",">=1 case",">=1 case",">=1 case",">=1 case"
"29","121","29121","MO","Missouri","Macon","No cases","No cases","No cases","No cases","No cases","No cases","No cases","No cases",">=1 case","No cases"
"29","123","29123","MO","Missouri","Madison","No cases","No cases","No cases",">=1 case","No cases","No cases","No cases",">=1 case",">=1 case","No cases"
"29","125","29125","MO","Missouri","Maries","No cases","No cases","No cases","No cases","No cases","No cases","No cases",">=1 case",">=1 case","No cases"
"29","127","29127","MO","Missouri","Marion","No cases","No cases","No cases","No cases","No cases","No cases","No cases","No cases","No cases",">=1 case"
"29","129","29129","MO","Missouri","Mercer","No cases","No cases","No cases","No cases","No cases","No cases","No cases","No cases","No cases","No cases"
"29","131","29131","MO","Missouri","Miller","No cases","No cases","No cases","No cases","No cases","No cases","No cases","No cases",">=1 case",">=1 case"
"29","133","29133","MO","Missouri","Mississippi",">=1 case","No cases","No cases","No cases","No cases","No cases","No cases","No cases",">=1 case",">=1 case"
"29","135","29135","MO","Missouri","Moniteau","No cases","No cases","No cases","No cases","No cases","No cases","No cases",">=1 case",">=1 case",">=1 case"
"29","137","29137","MO","Missouri","Monroe","No cases","No cases","No cases","No cases","No cases","No cases","No cases","No cases","No cases","No cases"
"29","139","29139","MO","Missouri","Montgomery","No cases","No cases","No cases","No cases","No cases","No cases","No cases","No cases","No cases",">=1 case"
"29","141","29141","MO","Missouri","Morgan","No cases","No cases","No cases","No cases","No cases","No cases","No cases","No cases","No cases",">=1 case"
"29","143","29143","MO","Missouri","New Madrid","No cases","No cases","No cases","No cases","No cases","No cases","No cases","No cases",">=1 case",">=1 case"
"29","145","29145","MO","Missouri","Newton","No cases",">=1 case","No cases","No cases",">=1 case","No cases","No cases",">=1 case",">=1 case",">=1 case"
"29","147","29147","MO","Missouri","Nodaway","No cases","No cases","No cases","No cases","No cases","No cases","No cases","No cases","No cases","No cases"
"29","149","29149","MO","Missouri","Oregon","No cases","No cases","No cases","No cases","No cases","No cases","No cases","No cases",">=1 case","No cases"
"29","151","29151","MO","Missouri","Osage","No cases","No cases","No cases","No cases","No cases","No cases","No cases","No cases",">=1 case","No cases"
"29","153","29153","MO","Missouri","Ozark","No cases","No cases","No cases","No cases","No cases","No cases","No cases","No cases","No cases","No cases"
"29","155","29155","MO","Missouri","Pemiscot","No cases","No cases","No cases","No cases","No cases",">=1 case",">=1 case",">=1 case","No cases",">=1 case"
"29","157","29157","MO","Missouri","Perry","No cases","No cases","No cases","No cases","No cases","No cases","No cases","No cases","No cases","No cases"
"29","159","29159","MO","Missouri","Pettis","No cases","No cases","No cases","No cases","No cases","No cases",">=1 case","No cases",">=1 case",">=1 case"
"29","161","29161","MO","Missouri","Phelps","No cases","No cases","No cases","No cases",">=1 case",">=1 case","No cases",">=1 case",">=1 case",">=1 case"
"29","163","29163","MO","Missouri","Pike","No cases","No cases","No cases","No cases","No cases","No cases","No cases","No cases","No cases",">=1 case"
"29","165","29165","MO","Missouri","Platte","No cases","No cases","No cases","No cases",">=1 case","No cases",">=1 case",">=1 case",">=1 case",">=1 case"
"29","167","29167","MO","Missouri","Polk","No cases","No cases","No cases","No cases","No cases","No cases","No cases","No cases","No cases",">=1 case"
"29","169","29169","MO","Missouri","Pulaski","No cases","No cases","No cases","No cases",">=1 case","No cases","No cases","No cases",">=1 case",">=1 case"
"29","171","29171","MO","Missouri","Putnam","No cases","No cases","No cases","No cases","No cases","No cases","No cases","No cases","No cases","No cases"
"29","173","29173","MO","Missouri","Ralls","No cases","No cases","No cases","No cases","No cases","No cases",">=1 case","No cases","No cases","No cases"
"29","175","29175","MO","Missouri","Randolph","No cases","No cases",">=1 case","No cases","No cases","No cases","No cases",">=1 case",">=1 case","No cases"
"29","177","29177","MO","Missouri","Ray","No cases","No cases","No cases","No cases","No cases","No cases",">=1 case",">=1 case",">=1 case",">=1 case"
"29","179","29179","MO","Missouri","Reynolds","No cases","No cases","No cases","No cases","No cases","No cases","No cases","No cases","No cases","No cases"
"29","181","29181","MO","Missouri","Ripley","No cases",">=1 case","No cases","No cases","No cases","No cases","No cases","No cases","No cases","No cases"
"29","183","29183","MO","Missouri","St. Charles",">=1 case",">=1 case",">=1 case",">=1 case",">=1 case",">=1 case",">=1 case",">=1 case",">=1 case",">=1 case"
"29","185","29185","MO","Missouri","St. Clair","No cases","No cases","No cases","No cases","No cases","No cases","No cases","No cases","No cases","No cases"
"29","186","29186","MO","Missouri","Ste. Genevieve","No cases","No cases","No cases","No cases","No cases","No cases","No cases",">=1 case","No cases",">=1 case"
"29","187","29187","MO","Missouri","St. Francois","No cases","No cases","No cases","No cases","No cases",">=1 case","No cases",">=1 case",">=1 case",">=1 case"
"29","189","29189","MO","Missouri","St. Louis",">=1 case",">=1 case",">=1 case",">=1 case",">=1 case",">=1 case",">=1 case",">=1 case",">=1 case",">=1 case"
"29","195","29195","MO","Missouri","Saline","No cases","No cases","No cases","No cases","No cases","No cases","No cases",">=1 case",">=1 case",">=1 case"
"29","197","29197","MO","Missouri","Schuyler","No cases","No cases","No cases","No cases","No cases","No cases","No cases","No cases","No cases","No cases"
"29","199","29199","MO","Missouri","Scotland",">=1 case","No cases","No cases","No cases","No cases","No cases","No cases","No cases","No cases","No cases"
"29","201","29201","MO","Missouri","Scott","No cases",">=1 case",">=1 case","No cases","No cases",">=1 case","No cases",">=1 case",">=1 case",">=1 case"
"29","203","29203","MO","Missouri","Shannon","No cases","No cases","No cases","No cases","No cases","No cases","No cases","No cases","No cases","No cases"
"29","205","29205","MO","Missouri","Shelby","No cases","No cases","No cases","No cases","No cases","No cases","No cases","No cases","No cases","No cases"
"29","207","29207","MO","Missouri","Stoddard","No cases",">=1 case","No cases","No cases","No cases","No cases","No cases","No cases","No cases",">=1 case"
"29","209","29209","MO","Missouri","Stone","No cases",">=1 case","No cases","No cases","No cases","No cases","No cases","No cases",">=1 case","No cases"
"29","211","29211","MO","Missouri","Sullivan","No cases","No cases","No cases","No cases","No cases","No cases","No cases","No cases","No cases","No cases"
"29","213","29213","MO","Missouri","Taney","No cases","No cases","No cases",">=1 case","No cases",">=1 case",">=1 case",">=1 case",">=1 case",">=1 case"
"29","215","29215","MO","Missouri","Texas","No cases","No cases","No cases","No cases","No cases","No cases","No cases",">=1 case",">=1 case",">=1 case"
"29","217","29217","MO","Missouri","Vernon","No cases","No cases","No cases","No cases","No cases",">=1 case",">=1 case","No cases","No cases","No cases"
"29","219","29219","MO","Missouri","Warren","No cases","No cases","No cases","No cases","No cases","No cases",">=1 case","No cases",">=1 case",">=1 case"
"29","221","29221","MO","Missouri","Washington","No cases","No cases","No cases","No cases","No cases","No cases","No cases",">=1 case","No cases",">=1 case"
"29","223","29223","MO","Missouri","Wayne","No cases","No cases","No cases","No cases","No cases","No cases","No cases","No cases","No cases",">=1 case"
"29","225","29225","MO","Missouri","Webster",">=1 case",">=1 case","No cases","No cases","No cases","No cases","No cases",">=1 case",">=1 case",">=1 case"
"29","227","29227","MO","Missouri","Worth","No cases","No cases","No cases","No cases","No cases","No cases","No cases","No cases","No cases","No cases"
"29","229","29229","MO","Missouri","Wright","No cases","No cases","No cases","No cases","No cases","No cases","No cases",">=1 case",">=1 case",">=1 case"
"29","510","29510","MO","Missouri","St. Louis",">=1 case",">=1 case",">=1 case",">=1 case",">=1 case",">=1 case",">=1 case",">=1 case",">=1 case",">=1 case"
"30","001","30001","MT","Montana","Beaverhead","No cases","No cases","No cases","No cases","No cases","No cases","No cases","No cases","No cases","No cases"
"30","003","30003","MT","Montana","Big Horn","No cases","No cases","No cases","No cases","No cases","No cases","No cases","No cases","No cases","No cases"
"30","005","30005","MT","Montana","Blaine","No cases","No cases","No cases","No cases","No cases","No cases","No cases","No cases","No cases","No cases"
"30","007","30007","MT","Montana","Broadwater","No cases","No cases","No cases","No cases","No cases","No cases","No cases","No cases","No cases","No cases"
"30","009","30009","MT","Montana","Carbon","No cases","No cases","No cases","No cases","No cases","No cases","No cases","No cases","No cases","No cases"
"30","011","30011","MT","Montana","Carter","No cases","No cases","No cases","No cases","No cases","No cases","No cases","No cases","No cases","No cases"
"30","013","30013","MT","Montana","Cascade","No cases",">=1 case","No cases","No cases","No cases","No cases","No cases","No cases",">=1 case",">=1 case"
"30","015","30015","MT","Montana","Chouteau","No cases","No cases","No cases","No cases","No cases","No cases","No cases","No cases",">=1 case","No cases"
"30","017","30017","MT","Montana","Custer","No cases","No cases","No cases","No cases","No cases","No cases","No cases","No cases","No cases","No cases"
"30","019","30019","MT","Montana","Daniels","No cases","No cases","No cases","No cases","No cases","No cases","No cases","No cases","No cases","No cases"
"30","021","30021","MT","Montana","Dawson","No cases","No cases","No cases","No cases","No cases","No cases","No cases","No cases","No cases",">=1 case"
"30","023","30023","MT","Montana","Deer Lodge","No cases","No cases","No cases","No cases","No cases","No cases","No cases","No cases","No cases","No cases"
"30","025","30025","MT","Montana","Fallon","No cases","No cases","No cases","No cases","No cases","No cases","No cases","No cases","No cases","No cases"
"30","027","30027","MT","Montana","Fergus","No cases","No cases","No cases","No cases","No cases","No cases","No cases","No cases","No cases","No cases"
"30","029","30029","MT","Montana","Flathead","No cases","No cases","No cases","No cases",">=1 case","No cases","No cases",">=1 case","No cases","No cases"
"30","031","30031","MT","Montana","Gallatin","No cases","No cases","No cases","No cases","No cases",">=1 case","No cases",">=1 case","No cases","No cases"
"30","033","30033","MT","Montana","Garfield","No cases","No cases","No cases","No cases","No cases","No cases","No cases","No cases","No cases","No cases"
"30","035","30035","MT","Montana","Glacier","No cases","No cases","No cases","No cases","No cases","No cases","No cases","No cases","No cases","No cases"
"30","037","30037","MT","Montana","Golden Valley","No cases","No cases","No cases","No cases","No cases","No cases","No cases","No cases","No cases","No cases"
"30","039","30039","MT","Montana","Granite","No cases","No cases","No cases","No cases","No cases","No cases","No cases","No cases","No cases","No cases"
"30","041","30041","MT","Montana","Hill","No cases","No cases","No cases","No cases","No cases","No cases","No cases","No cases","No cases",">=1 case"
"30","043","30043","MT","Montana","Jefferson","No cases","No cases","No cases","No cases","No cases","No cases","No cases","No cases","No cases","No cases"
"30","045","30045","MT","Montana","Judith Basin","No cases","No cases","No cases","No cases","No cases","No cases","No cases","No cases","No cases","No cases"
"30","047","30047","MT","Montana","Lake","No cases","No cases","No cases","No cases","No cases","No cases","No cases","No cases","No cases","No cases"
"30","049","30049","MT","Montana","Lewis and Clark","No cases","No cases","No cases",">=1 case","No cases","No cases","No cases","No cases",">=1 case","No cases"
"30","051","30051","MT","Montana","Liberty","No cases","No cases","No cases","No cases","No cases","No cases","No cases","No cases","No cases","No cases"
"30","053","30053","MT","Montana","Lincoln","No cases","No cases","No cases","No cases","No cases","No cases","No cases","No cases","No cases","No cases"
"30","055","30055","MT","Montana","McCone","No cases","No cases","No cases","No cases","No cases","No cases","No cases","No cases","No cases","No cases"
"30","057","30057","MT","Montana","Madison","No cases","No cases","No cases","No cases","No cases","No cases","No cases","No cases","No cases","No cases"
"30","059","30059","MT","Montana","Meagher","No cases","No cases","No cases","No cases","No cases","No cases","No cases","No cases","No cases","No cases"
"30","061","30061","MT","Montana","Mineral","No cases","No cases","No cases","No cases","No cases","No cases","No cases","No cases","No cases","No cases"
"30","063","30063","MT","Montana","Missoula","No cases",">=1 case","No cases",">=1 case","No cases","No cases","No cases","No cases",">=1 case",">=1 case"
"30","065","30065","MT","Montana","Musselshell","No cases","No cases","No cases","No cases","No cases","No cases","No cases","No cases","No cases","No cases"
"30","067","30067","MT","Montana","Park","No cases","No cases","No cases","No cases","No cases","No cases","No cases","No cases","No cases","No cases"
"30","069","30069","MT","Montana","Petroleum","No cases","No cases","No cases","No cases","No cases","No cases","No cases","No cases","No cases","No cases"
"30","071","30071","MT","Montana","Phillips","No cases","No cases","No cases","No cases","No cases","No cases","No cases","No cases","No cases","No cases"
"30","073","30073","MT","Montana","Pondera","No cases","No cases","No cases","No cases","No cases","No cases","No cases","No cases","No cases","No cases"
"30","075","30075","MT","Montana","Powder River","No cases","No cases","No cases","No cases","No cases","No cases","No cases","No cases","No cases","No cases"
"30","077","30077","MT","Montana","Powell","No cases","No cases","No cases","No cases","No cases","No cases","No cases","No cases","No cases","No cases"
"30","079","30079","MT","Montana","Prairie","No cases","No cases","No cases","No cases","No cases","No cases","No cases","No cases","No cases","No cases"
"30","081","30081","MT","Montana","Ravalli","No cases","No cases","No cases","No cases","No cases","No cases","No cases","No cases","No cases","No cases"
"30","083","30083","MT","Montana","Richland","No cases","No cases","No cases","No cases","No cases","No cases","No cases","No cases","No cases","No cases"
"30","085","30085","MT","Montana","Roosevelt","No cases","No cases","No cases","No cases",">=1 case",">=1 case","No cases",">=1 case","No cases","No cases"
"30","087","30087","MT","Montana","Rosebud","No cases","No cases","No cases","No cases","No cases",">=1 case","No cases","No cases","No cases","No cases"
"30","089","30089","MT","Montana","Sanders","No cases","No cases","No cases","No cases","No cases","No cases","No cases","No cases","No cases","No cases"
"30","091","30091","MT","Montana","Sheridan","No cases","No cases","No cases","No cases","No cases","No cases","No cases","No cases","No cases","No cases"
"30","093","30093","MT","Montana","Silver Bow","No cases","No cases","No cases","No cases","No cases","No cases","No cases","No cases",">=1 case","No cases"
"30","095","30095","MT","Montana","Stillwater","No cases","No cases","No cases","No cases","No cases","No cases","No cases","No cases","No cases","No cases"
"30","097","30097","MT","Montana","Sweet Grass","No cases","No cases","No cases","No cases","No cases","No cases","No cases","No cases","No cases",">=1 case"
"30","099","30099","MT","Montana","Teton","No cases","No cases","No cases","No cases","No cases","No cases","No cases","No cases","No cases","No cases"
"30","101","30101","MT","Montana","Toole","No cases","No cases","No cases","No cases","No cases","No cases","No cases","No cases","No cases","No cases"
"30","103","30103","MT","Montana","Treasure","No cases","No cases","No cases","No cases","No cases","No cases","No cases","No cases","No cases","No cases"
"30","105","30105","MT","Montana","Valley","No cases","No cases","No cases","No cases","No cases","No cases","No cases","No cases","No cases","No cases"
"30","107","30107","MT","Montana","Wheatland","No cases","No cases","No cases","No cases","No cases","No cases","No cases","No cases","No cases","No cases"
"30","109","30109","MT","Montana","Wibaux","No cases","No cases","No cases","No cases","No cases","No cases","No cases","No cases","No cases","No cases"
"30","111","30111","MT","Montana","Yellowstone",">=1 case","No cases","No cases","No cases",">=1 case",">=1 case",">=1 case",">=1 case",">=1 case",">=1 case"
"31","001","31001","NE","Nebraska","Adams","No cases","No cases","No cases","No cases","No cases","No cases","No cases",">=1 case","No cases","No cases"
"31","003","31003","NE","Nebraska","Antelope","No cases","No cases","No cases","No cases","No cases","No cases","No cases","No cases","No cases","No cases"
"31","005","31005","NE","Nebraska","Arthur","No cases","No cases","No cases","No cases","No cases","No cases","No cases","No cases","No cases","No cases"
"31","007","31007","NE","Nebraska","Banner","No cases","No cases","No cases","No cases","No cases","No cases","No cases","No cases","No cases","No cases"
"31","009","31009","NE","Nebraska","Blaine","No cases","No cases","No cases","No cases","No cases","No cases","No cases","No cases","No cases","No cases"
"31","011","31011","NE","Nebraska","Boone","No cases","No cases","No cases","No cases","No cases","No cases","No cases","No cases","No cases","No cases"
"31","013","31013","NE","Nebraska","Box Butte","No cases","No cases","No cases","No cases","No cases","No cases","No cases","No cases","No cases","No cases"
"31","015","31015","NE","Nebraska","Boyd","No cases","No cases","No cases","No cases","No cases","No cases","No cases","No cases","No cases","No cases"
"31","017","31017","NE","Nebraska","Brown","No cases","No cases","No cases","No cases","No cases","No cases","No cases","No cases","No cases","No cases"
"31","019","31019","NE","Nebraska","Buffalo","No cases","No cases","No cases","No cases","No cases","No cases","No cases","No cases","No cases",">=1 case"
"31","021","31021","NE","Nebraska","Burt","No cases","No cases","No cases","No cases","No cases","No cases","No cases","No cases","No cases","No cases"
"31","023","31023","NE","Nebraska","Butler","No cases","No cases","No cases","No cases","No cases","No cases","No cases","No cases",">=1 case","No cases"
"31","025","31025","NE","Nebraska","Cass","No cases","No cases","No cases","No cases","No cases","No cases","No cases","No cases",">=1 case","No cases"
"31","027","31027","NE","Nebraska","Cedar","No cases","No cases","No cases","No cases","No cases","No cases","No cases","No cases","No cases","No cases"
"31","029","31029","NE","Nebraska","Chase","No cases","No cases","No cases","No cases","No cases","No cases","No cases","No cases","No cases","No cases"
"31","031","31031","NE","Nebraska","Cherry","No cases","No cases","No cases","No cases","No cases","No cases","No cases","No cases","No cases","No cases"
"31","033","31033","NE","Nebraska","Cheyenne","No cases","No cases","No cases","No cases","No cases","No cases","No cases","No cases","No cases","No cases"
"31","035","31035","NE","Nebraska","Clay","No cases","No cases","No cases","No cases","No cases","No cases","No cases","No cases","No cases","No cases"
"31","037","31037","NE","Nebraska","Colfax","No cases","No cases","No cases","No cases","No cases","No cases","No cases","No cases",">=1 case","No cases"
"31","039","31039","NE","Nebraska","Cuming","No cases","No cases","No cases","No cases","No cases","No cases","No cases","No cases","No cases","No cases"
"31","041","31041","NE","Nebraska","Custer","No cases","No cases","No cases","No cases","No cases","No cases","No cases","No cases","No cases","No cases"
"31","043","31043","NE","Nebraska","Dakota",">=1 case","No cases","No cases","No cases","No cases","No cases","No cases","No cases","No cases","No cases"
"31","045","31045","NE","Nebraska","Dawes","No cases","No cases","No cases","No cases","No cases","No cases","No cases","No cases","No cases",">=1 case"
"31","047","31047","NE","Nebraska","Dawson","No cases","No cases","No cases",">=1 case","No cases","No cases","No cases","No cases","No cases","No cases"
"31","049","31049","NE","Nebraska","Deuel","No cases","No cases","No cases","No cases","No cases","No cases","No cases","No cases","No cases","No cases"
"31","051","31051","NE","Nebraska","Dixon","No cases","No cases","No cases","No cases","No cases","No cases","No cases","No cases","No cases","No cases"
"31","053","31053","NE","Nebraska","Dodge","No cases","No cases","No cases","No cases",">=1 case","No cases","No cases","No cases","No cases",">=1 case"
"31","055","31055","NE","Nebraska","Douglas","No cases","No cases",">=1 case",">=1 case",">=1 case",">=1 case",">=1 case",">=1 case",">=1 case",">=1 case"
"31","057","31057","NE","Nebraska","Dundy","No cases","No cases","No cases","No cases","No cases","No cases","No cases","No cases","No cases","No cases"
"31","059","31059","NE","Nebraska","Fillmore","No cases",">=1 case","No cases","No cases","No cases","No cases","No cases","No cases","No cases","No cases"
"31","061","31061","NE","Nebraska","Franklin","No cases","No cases","No cases","No cases","No cases","No cases","No cases","No cases","No cases","No cases"
"31","063","31063","NE","Nebraska","Frontier","No cases","No cases","No cases","No cases","No cases","No cases","No cases","No cases","No cases","No cases"
"31","065","31065","NE","Nebraska","Furnas","No cases","No cases","No cases","No cases","No cases","No cases","No cases","No cases","No cases","No cases"
"31","067","31067","NE","Nebraska","Gage","No cases","No cases","No cases","No cases","No cases","No cases","No cases","No cases","No cases","No cases"
"31","069","31069","NE","Nebraska","Garden","No cases","No cases","No cases","No cases","No cases","No cases","No cases","No cases","No cases","No cases"
"31","071","31071","NE","Nebraska","Garfield","No cases","No cases","No cases","No cases","No cases","No cases","No cases","No cases","No cases","No cases"
"31","073","31073","NE","Nebraska","Gosper","No cases","No cases","No cases","No cases","No cases","No cases","No cases","No cases","No cases","No cases"
"31","075","31075","NE","Nebraska","Grant","No cases","No cases","No cases","No cases","No cases","No cases","No cases","No cases","No cases","No cases"
"31","077","31077","NE","Nebraska","Greeley","No cases","No cases","No cases","No cases","No cases","No cases","No cases","No cases","No cases","No cases"
"31","079","31079","NE","Nebraska","Hall",">=1 case",">=1 case","No cases",">=1 case",">=1 case",">=1 case","No cases",">=1 case",">=1 case",">=1 case"
"31","081","31081","NE","Nebraska","Hamilton","No cases","No cases","No cases","No cases","No cases","No cases","No cases","No cases","No cases","No cases"
"31","083","31083","NE","Nebraska","Harlan","No cases","No cases","No cases","No cases","No cases","No cases","No cases","No cases","No cases","No cases"
"31","085","31085","NE","Nebraska","Hayes","No cases","No cases","No cases","No cases","No cases","No cases","No cases","No cases","No cases","No cases"
"31","087","31087","NE","Nebraska","Hitchcock","No cases","No cases","No cases","No cases","No cases","No cases","No cases","No cases","No cases","No cases"
"31","089","31089","NE","Nebraska","Holt","No cases","No cases","No cases","No cases","No cases","No cases","No cases","No cases","No cases","No cases"
"31","091","31091","NE","Nebraska","Hooker","No cases","No cases","No cases","No cases","No cases","No cases","No cases","No cases","No cases","No cases"
"31","093","31093","NE","Nebraska","Howard","No cases","No cases","No cases","No cases","No cases","No cases","No cases","No cases","No cases","No cases"
"31","095","31095","NE","Nebraska","Jefferson","No cases","No cases","No cases","No cases","No cases","No cases","No cases","No cases","No cases","No cases"
"31","097","31097","NE","Nebraska","Johnson","No cases","No cases","No cases","No cases","No cases","No cases","No cases","No cases","No cases","No cases"
"31","099","31099","NE","Nebraska","Kearney","No cases","No cases","No cases","No cases","No cases","No cases","No cases","No cases","No cases","No cases"
"31","101","31101","NE","Nebraska","Keith","No cases","No cases","No cases","No cases","No cases","No cases","No cases","No cases","No cases",">=1 case"
"31","103","31103","NE","Nebraska","Keya Paha","No cases","No cases","No cases","No cases","No cases","No cases","No cases","No cases","No cases","No cases"
"31","105","31105","NE","Nebraska","Kimball","No cases","No cases","No cases","No cases","No cases","No cases","No cases","No cases","No cases","No cases"
"31","107","31107","NE","Nebraska","Knox","No cases","No cases","No cases","No cases","No cases","No cases","No cases","No cases","No cases","No cases"
"31","109","31109","NE","Nebraska","Lancaster","No cases",">=1 case",">=1 case",">=1 case",">=1 case","No cases","No cases",">=1 case",">=1 case",">=1 case"
"31","111","31111","NE","Nebraska","Lincoln","No cases","No cases","No cases",">=1 case","No cases","No cases","No cases","No cases","No cases","No cases"
"31","113","31113","NE","Nebraska","Logan","No cases","No cases","No cases","No cases","No cases","No cases","No cases","No cases","No cases","No cases"
"31","115","31115","NE","Nebraska","Loup","No cases","No cases","No cases","No cases","No cases","No cases","No cases","No cases","No cases","No cases"
"31","117","31117","NE","Nebraska","McPherson","No cases","No cases","No cases","No cases","No cases","No cases","No cases","No cases","No cases","No cases"
"31","119","31119","NE","Nebraska","Madison","No cases","No cases","No cases","No cases","No cases",">=1 case","No cases","No cases","No cases",">=1 case"
"31","121","31121","NE","Nebraska","Merrick","No cases","No cases","No cases","No cases","No cases","No cases","No cases","No cases","No cases","No cases"
"31","123","31123","NE","Nebraska","Morrill","No cases","No cases","No cases","No cases","No cases","No cases","No cases","No cases","No cases","No cases"
"31","125","31125","NE","Nebraska","Nance","No cases","No cases","No cases","No cases","No cases","No cases","No cases","No cases","No cases","No cases"
"31","127","31127","NE","Nebraska","Nemaha","No cases","No cases","No cases","No cases","No cases","No cases",">=1 case","No cases","No cases","No cases"
"31","129","31129","NE","Nebraska","Nuckolls","No cases","No cases","No cases","No cases","No cases","No cases","No cases","No cases","No cases","No cases"
"31","131","31131","NE","Nebraska","Otoe","No cases","No cases","No cases","No cases","No cases","No cases","No cases","No cases","No cases","No cases"
"31","133","31133","NE","Nebraska","Pawnee","No cases","No cases","No cases","No cases","No cases","No cases","No cases","No cases","No cases","No cases"
"31","135","31135","NE","Nebraska","Perkins","No cases","No cases","No cases","No cases","No cases","No cases","No cases","No cases","No cases","No cases"
"31","137","31137","NE","Nebraska","Phelps","No cases","No cases","No cases","No cases","No cases","No cases","No cases","No cases","No cases","No cases"
"31","139","31139","NE","Nebraska","Pierce","No cases","No cases","No cases","No cases","No cases","No cases","No cases","No cases","No cases","No cases"
"31","141","31141","NE","Nebraska","Platte","No cases","No cases","No cases","No cases","No cases","No cases","No cases","No cases","No cases",">=1 case"
"31","143","31143","NE","Nebraska","Polk","No cases","No cases","No cases","No cases","No cases","No cases","No cases","No cases","No cases","No cases"
"31","145","31145","NE","Nebraska","Red Willow","No cases","No cases","No cases","No cases","No cases","No cases","No cases","No cases","No cases","No cases"
"31","147","31147","NE","Nebraska","Richardson","No cases","No cases","No cases","No cases","No cases","No cases","No cases","No cases","No cases","No cases"
"31","149","31149","NE","Nebraska","Rock","No cases","No cases","No cases","No cases","No cases","No cases","No cases","No cases","No cases","No cases"
"31","151","31151","NE","Nebraska","Saline",">=1 case","No cases","No cases","No cases","No cases","No cases","No cases","No cases","No cases","No cases"
"31","153","31153","NE","Nebraska","Sarpy","No cases",">=1 case",">=1 case",">=1 case","No cases","No cases",">=1 case",">=1 case","No cases",">=1 case"
"31","155","31155","NE","Nebraska","Saunders","No cases","No cases","No cases","No cases","No cases","No cases","No cases","No cases","No cases","No cases"
"31","157","31157","NE","Nebraska","Scotts Bluff","No cases","No cases","No cases","No cases","No cases","No cases","No cases","No cases","No cases","No cases"
"31","159","31159","NE","Nebraska","Seward","No cases","No cases","No cases","No cases","No cases","No cases","No cases","No cases","No cases","No cases"
"31","161","31161","NE","Nebraska","Sheridan","No cases","No cases","No cases","No cases","No cases","No cases",">=1 case","No cases","No cases","No cases"
"31","163","31163","NE","Nebraska","Sherman","No cases","No cases","No cases","No cases","No cases","No cases","No cases","No cases","No cases","No cases"
"31","165","31165","NE","Nebraska","Sioux","No cases","No cases","No cases","No cases","No cases","No cases","No cases","No cases","No cases","No cases"
"31","167","31167","NE","Nebraska","Stanton","No cases","No cases","No cases","No cases","No cases","No cases","No cases","No cases","No cases","No cases"
"31","169","31169","NE","Nebraska","Thayer","No cases","No cases","No cases","No cases","No cases","No cases","No cases","No cases","No cases","No cases"
"31","171","31171","NE","Nebraska","Thomas","No cases","No cases","No cases","No cases","No cases","No cases","No cases","No cases","No cases","No cases"
"31","173","31173","NE","Nebraska","Thurston",">=1 case","No cases","No cases","No cases","No cases","No cases","No cases","No cases","No cases","No cases"
"31","175","31175","NE","Nebraska","Valley","No cases","No cases","No cases","No cases","No cases","No cases","No cases","No cases","No cases","No cases"
"31","177","31177","NE","Nebraska","Washington","No cases","No cases","No cases","No cases","No cases","No cases","No cases","No cases","No cases","No cases"
"31","179","31179","NE","Nebraska","Wayne","No cases","No cases","No cases","No cases","No cases","No cases","No cases","No cases","No cases","No cases"
"31","181","31181","NE","Nebraska","Webster","No cases","No cases","No cases","No cases","No cases","No cases","No cases","No cases","No cases","No cases"
"31","183","31183","NE","Nebraska","Wheeler","No cases","No cases","No cases","No cases","No cases","No cases","No cases","No cases","No cases","No cases"
"31","185","31185","NE","Nebraska","York","No cases","No cases","No cases",">=1 case","No cases","No cases","No cases",">=1 case",">=1 case",">=1 case"
"32","001","32001","NV","Nevada","Churchill",">=1 case","No cases","No cases","No cases","No cases","No cases","No cases",">=1 case","No cases","No cases"
"32","003","32003","NV","Nevada","Clark",">=1 case",">=1 case",">=1 case",">=1 case",">=1 case",">=1 case",">=1 case",">=1 case",">=1 case",">=1 case"
"32","005","32005","NV","Nevada","Douglas","No cases","No cases","No cases","No cases","No cases","No cases","No cases",">=1 case",">=1 case",">=1 case"
"32","007","32007","NV","Nevada","Elko","No cases","No cases","No cases",">=1 case","No cases","No cases",">=1 case",">=1 case",">=1 case",">=1 case"
"32","009","32009","NV","Nevada","Esmeralda","No cases","No cases","No cases","No cases","No cases","No cases","No cases","No cases","No cases","No cases"
"32","011","32011","NV","Nevada","Eureka","No cases","No cases","No cases","No cases","No cases","No cases","No cases","No cases","No cases","No cases"
"32","013","32013","NV","Nevada","Humboldt","No cases","No cases","No cases","No cases","No cases","No cases","No cases","No cases",">=1 case",">=1 case"
"32","015","32015","NV","Nevada","Lander","No cases","No cases","No cases","No cases","No cases","No cases","No cases","No cases","No cases","No cases"
"32","017","32017","NV","Nevada","Lincoln","No cases","No cases","No cases","No cases","No cases",">=1 case","No cases","No cases","No cases","No cases"
"32","019","32019","NV","Nevada","Lyon","No cases","No cases",">=1 case",">=1 case",">=1 case","No cases",">=1 case",">=1 case",">=1 case",">=1 case"
"32","021","32021","NV","Nevada","Mineral","No cases","No cases","No cases","No cases","No cases","No cases","No cases","No cases",">=1 case",">=1 case"
"32","023","32023","NV","Nevada","Nye",">=1 case",">=1 case","No cases","No cases","No cases","No cases",">=1 case",">=1 case",">=1 case",">=1 case"
"32","027","32027","NV","Nevada","Pershing","No cases","No cases","No cases","No cases","No cases","No cases",">=1 case","No cases",">=1 case","No cases"
"32","029","32029","NV","Nevada","Storey","No cases","No cases","No cases","No cases","No cases","No cases","No cases","No cases","No cases",">=1 case"
"32","031","32031","NV","Nevada","Washoe",">=1 case",">=1 case",">=1 case",">=1 case",">=1 case",">=1 case",">=1 case",">=1 case",">=1 case",">=1 case"
"32","033","32033","NV","Nevada","White Pine","No cases","No cases","No cases","No cases","No cases","No cases","No cases",">=1 case","No cases",">=1 case"
"32","510","32510","NV","Nevada","Carson City","No cases","No cases","No cases","No cases",">=1 case","No cases",">=1 case",">=1 case",">=1 case",">=1 case"
"33","001","33001","NH","New Hampshire","Belknap","No cases","No cases","No cases","No cases","No cases","No cases","No cases","No cases","No cases","No cases"
"33","003","33003","NH","New Hampshire","Carroll","No cases",">=1 case","No cases","No cases","No cases",">=1 case","No cases","No cases","No cases",">=1 case"
"33","005","33005","NH","New Hampshire","Cheshire",">=1 case","No cases","No cases","No cases","No cases","No cases","No cases","No cases","No cases",">=1 case"
"33","007","33007","NH","New Hampshire","Coos","No cases","No cases","No cases","No cases","No cases",">=1 case","No cases",">=1 case","No cases","No cases"
"33","009","33009","NH","New Hampshire","Grafton","No cases","No cases","No cases","No cases","No cases","No cases",">=1 case","No cases","No cases",">=1 case"
"33","011","33011","NH","New Hampshire","Hillsborough",">=1 case","No cases",">=1 case",">=1 case",">=1 case",">=1 case",">=1 case",">=1 case",">=1 case",">=1 case"
"33","013","33013","NH","New Hampshire","Merrimack","No cases","No cases","No cases",">=1 case",">=1 case","No cases",">=1 case","No cases",">=1 case",">=1 case"
"33","015","33015","NH","New Hampshire","Rockingham","No cases","No cases","No cases",">=1 case",">=1 case","No cases",">=1 case",">=1 case",">=1 case",">=1 case"
"33","017","33017","NH","New Hampshire","Strafford","No cases","No cases","No cases","No cases","No cases",">=1 case",">=1 case","No cases",">=1 case",">=1 case"
"33","019","33019","NH","New Hampshire","Sullivan","No cases","No cases",">=1 case","No cases",">=1 case",">=1 case","No cases",">=1 case","No cases","No cases"
"34","001","34001","NJ","New Jersey","Atlantic",">=1 case",">=1 case","No cases",">=1 case","No cases",">=1 case",">=1 case",">=1 case",">=1 case",">=1 case"
"34","003","34003","NJ","New Jersey","Bergen",">=1 case",">=1 case",">=1 case",">=1 case",">=1 case",">=1 case",">=1 case",">=1 case",">=1 case",">=1 case"
"34","005","34005","NJ","New Jersey","Burlington",">=1 case",">=1 case",">=1 case","No cases",">=1 case",">=1 case",">=1 case",">=1 case",">=1 case",">=1 case"
"34","007","34007","NJ","New Jersey","Camden",">=1 case",">=1 case",">=1 case",">=1 case",">=1 case",">=1 case",">=1 case",">=1 case",">=1 case",">=1 case"
"34","009","34009","NJ","New Jersey","Cape May","No cases","No cases","No cases","No cases",">=1 case","No cases",">=1 case","No cases",">=1 case","No cases"
"34","011","34011","NJ","New Jersey","Cumberland",">=1 case",">=1 case","No cases",">=1 case","No cases",">=1 case",">=1 case",">=1 case",">=1 case",">=1 case"
"34","013","34013","NJ","New Jersey","Essex",">=1 case",">=1 case",">=1 case",">=1 case",">=1 case",">=1 case",">=1 case",">=1 case",">=1 case",">=1 case"
"34","015","34015","NJ","New Jersey","Gloucester",">=1 case",">=1 case","No cases",">=1 case",">=1 case",">=1 case",">=1 case",">=1 case",">=1 case",">=1 case"
"34","017","34017","NJ","New Jersey","Hudson",">=1 case",">=1 case",">=1 case",">=1 case",">=1 case",">=1 case",">=1 case",">=1 case",">=1 case",">=1 case"
"34","019","34019","NJ","New Jersey","Hunterdon","No cases","No cases",">=1 case","No cases","No cases","No cases",">=1 case",">=1 case","No cases",">=1 case"
"34","021","34021","NJ","New Jersey","Mercer",">=1 case",">=1 case",">=1 case",">=1 case",">=1 case",">=1 case",">=1 case",">=1 case",">=1 case",">=1 case"
"34","023","34023","NJ","New Jersey","Middlesex",">=1 case",">=1 case",">=1 case",">=1 case",">=1 case",">=1 case",">=1 case",">=1 case",">=1 case",">=1 case"
"34","025","34025","NJ","New Jersey","Monmouth",">=1 case",">=1 case",">=1 case",">=1 case",">=1 case",">=1 case",">=1 case",">=1 case",">=1 case",">=1 case"
"34","027","34027","NJ","New Jersey","Morris","No cases","No cases",">=1 case",">=1 case",">=1 case",">=1 case",">=1 case",">=1 case",">=1 case",">=1 case"
"34","029","34029","NJ","New Jersey","Ocean",">=1 case",">=1 case",">=1 case",">=1 case","No cases","No cases",">=1 case",">=1 case",">=1 case",">=1 case"
"34","031","34031","NJ","New Jersey","Passaic",">=1 case",">=1 case",">=1 case",">=1 case",">=1 case",">=1 case",">=1 case",">=1 case",">=1 case",">=1 case"
"34","033","34033","NJ","New Jersey","Salem",">=1 case",">=1 case",">=1 case","No cases","No cases",">=1 case",">=1 case",">=1 case",">=1 case",">=1 case"
"34","035","34035","NJ","New Jersey","Somerset",">=1 case",">=1 case","No cases",">=1 case",">=1 case","No cases","No cases",">=1 case",">=1 case",">=1 case"
"34","037","34037","NJ","New Jersey","Sussex","No cases","No cases","No cases",">=1 case","No cases","No cases","No cases",">=1 case",">=1 case",">=1 case"
"34","039","34039","NJ","New Jersey","Union",">=1 case",">=1 case",">=1 case",">=1 case",">=1 case",">=1 case",">=1 case",">=1 case",">=1 case",">=1 case"
"34","041","34041","NJ","New Jersey","Warren","No cases",">=1 case","No cases","No cases","No cases",">=1 case","No cases",">=1 case",">=1 case","No cases"
"35","001","35001","NM","New Mexico","Bernalillo",">=1 case",">=1 case",">=1 case",">=1 case",">=1 case",">=1 case",">=1 case",">=1 case",">=1 case",">=1 case"
"35","003","35003","NM","New Mexico","Catron","No cases","No cases","No cases","No cases","No cases","No cases","No cases","No cases","No cases","No cases"
"35","005","35005","NM","New Mexico","Chaves",">=1 case","No cases","No cases","No cases",">=1 case","No cases",">=1 case","No cases","No cases",">=1 case"
"35","006","35006","NM","New Mexico","Cibola","No cases",">=1 case","No cases",">=1 case",">=1 case",">=1 case",">=1 case","No cases",">=1 case",">=1 case"
"35","007","35007","NM","New Mexico","Colfax","No cases","No cases","No cases","No cases","No cases","No cases","No cases",">=1 case",">=1 case",">=1 case"
"35","009","35009","NM","New Mexico","Curry",">=1 case","No cases",">=1 case",">=1 case",">=1 case",">=1 case",">=1 case","No cases",">=1 case",">=1 case"
"35","011","35011","NM","New Mexico","De Baca","No cases","No cases","No cases","No cases","No cases","No cases","No cases","No cases","No cases","No cases"
"35","013","35013","NM","New Mexico","Doña Ana",">=1 case",">=1 case",">=1 case",">=1 case",">=1 case",">=1 case",">=1 case",">=1 case",">=1 case",">=1 case"
"35","015","35015","NM","New Mexico","Eddy","No cases","No cases","No cases",">=1 case","No cases",">=1 case",">=1 case","No cases","No cases",">=1 case"
"35","017","35017","NM","New Mexico","Grant","No cases","No cases","No cases","No cases","No cases","No cases","No cases","No cases",">=1 case",">=1 case"
"35","019","35019","NM","New Mexico","Guadalupe","No cases","No cases","No cases","No cases","No cases","No cases","No cases","No cases","No cases","No cases"
"35","021","35021","NM","New Mexico","Harding","No cases","No cases","No cases","No cases","No cases","No cases","No cases","No cases","No cases","No cases"
"35","023","35023","NM","New Mexico","Hidalgo","No cases","No cases","No cases","No cases","No cases","No cases","No cases","No cases","No cases","No cases"
"35","025","35025","NM","New Mexico","Lea",">=1 case","No cases","No cases",">=1 case",">=1 case","No cases","No cases",">=1 case",">=1 case",">=1 case"
"35","027","35027","NM","New Mexico","Lincoln","No cases","No cases","No cases","No cases","No cases","No cases","No cases","No cases","No cases",">=1 case"
"35","028","35028","NM","New Mexico","Los Alamos","No cases","No cases","No cases","No cases","No cases","No cases","No cases","No cases","No cases",">=1 case"
"35","029","35029","NM","New Mexico","Luna",">=1 case","No cases","No cases","No cases",">=1 case","No cases",">=1 case",">=1 case",">=1 case",">=1 case"
"35","031","35031","NM","New Mexico","McKinley",">=1 case",">=1 case",">=1 case",">=1 case","No cases",">=1 case",">=1 case",">=1 case",">=1 case",">=1 case"
"35","033","35033","NM","New Mexico","Mora","No cases","No cases","No cases","No cases","No cases","No cases","No cases","No cases","No cases","No cases"
"35","035","35035","NM","New Mexico","Otero","No cases",">=1 case","No cases",">=1 case","No cases",">=1 case",">=1 case",">=1 case",">=1 case",">=1 case"
"35","037","35037","NM","New Mexico","Quay","No cases","No cases","No cases","No cases","No cases","No cases",">=1 case","No cases","No cases",">=1 case"
"35","039","35039","NM","New Mexico","Rio Arriba","No cases","No cases","No cases","No cases",">=1 case","No cases","No cases","No cases",">=1 case",">=1 case"
"35","041","35041","NM","New Mexico","Roosevelt","No cases","No cases","No cases","No cases",">=1 case","No cases","No cases","No cases",">=1 case",">=1 case"
"35","043","35043","NM","New Mexico","Sandoval","No cases","No cases",">=1 case","No cases",">=1 case",">=1 case",">=1 case",">=1 case",">=1 case",">=1 case"
"35","045","35045","NM","New Mexico","San Juan","No cases","No cases",">=1 case",">=1 case","No cases",">=1 case",">=1 case",">=1 case",">=1 case",">=1 case"
"35","047","35047","NM","New Mexico","San Miguel","No cases",">=1 case","No cases","No cases","No cases","No cases","No cases","No cases","No cases",">=1 case"
"35","049","35049","NM","New Mexico","Santa Fe",">=1 case",">=1 case",">=1 case",">=1 case","No cases",">=1 case",">=1 case",">=1 case",">=1 case",">=1 case"
"35","051","35051","NM","New Mexico","Sierra","No cases","No cases","No cases",">=1 case",">=1 case",">=1 case",">=1 case","No cases",">=1 case",">=1 case"
"35","053","35053","NM","New Mexico","Socorro","No cases","No cases","No cases","No cases","No cases","No cases",">=1 case","No cases",">=1 case",">=1 case"
"35","055","35055","NM","New Mexico","Taos","No cases","No cases","No cases","No cases","No cases","No cases","No cases","No cases",">=1 case",">=1 case"
"35","057","35057","NM","New Mexico","Torrance","No cases","No cases","No cases","No cases",">=1 case",">=1 case",">=1 case","No cases",">=1 case","No cases"
"35","059","35059","NM","New Mexico","Union","No cases","No cases","No cases","No cases","No cases","No cases","No cases","No cases","No cases","No cases"
"35","061","35061","NM","New Mexico","Valencia","No cases","No cases",">=1 case",">=1 case",">=1 case",">=1 case",">=1 case",">=1 case",">=1 case",">=1 case"
"36","001","36001","NY","New York","Albany",">=1 case",">=1 case",">=1 case",">=1 case",">=1 case",">=1 case",">=1 case",">=1 case",">=1 case",">=1 case"
"36","003","36003","NY","New York","Allegany","No cases","No cases","No cases","No cases","No cases","No cases","No cases","No cases",">=1 case","No cases"
"36","005","36005","NY","New York","Bronx",">=1 case",">=1 case",">=1 case",">=1 case",">=1 case",">=1 case",">=1 case",">=1 case",">=1 case",">=1 case"
"36","007","36007","NY","New York","Broome",">=1 case",">=1 case",">=1 case",">=1 case",">=1 case","No cases",">=1 case",">=1 case",">=1 case",">=1 case"
"36","009","36009","NY","New York","Cattaraugus","No cases","No cases","No cases","No cases","No cases","No cases","No cases","No cases","No cases","No cases"
"36","011","36011","NY","New York","Cayuga","No cases",">=1 case","No cases",">=1 case","No cases","No cases","No cases","No cases","No cases","No cases"
"36","013","36013","NY","New York","Chautauqua",">=1 case",">=1 case","No cases",">=1 case","No cases","No cases",">=1 case","No cases","No cases",">=1 case"
"36","015","36015","NY","New York","Chemung","No cases","No cases","No cases",">=1 case",">=1 case",">=1 case",">=1 case",">=1 case",">=1 case","No cases"
"36","017","36017","NY","New York","Chenango","No cases","No cases","No cases","No cases","No cases","No cases","No cases","No cases","No cases","No cases"
"36","019","36019","NY","New York","Clinton",">=1 case","No cases","No cases",">=1 case",">=1 case","No cases",">=1 case","No cases",">=1 case","No cases"
"36","021","36021","NY","New York","Columbia","No cases",">=1 case","No cases","No cases",">=1 case","No cases","No cases","No cases","No cases","No cases"
"36","023","36023","NY","New York","Cortland","No cases",">=1 case","No cases","No cases","No cases","No cases","No cases","No cases","No cases","No cases"
"36","025","36025","NY","New York","Delaware","No cases","No cases","No cases","No cases","No cases","No cases","No cases","No cases","No cases","No cases"
"36","027","36027","NY","New York","Dutchess",">=1 case",">=1 case",">=1 case",">=1 case",">=1 case",">=1 case",">=1 case",">=1 case",">=1 case",">=1 case"
"36","029","36029","NY","New York","Erie",">=1 case",">=1 case",">=1 case",">=1 case",">=1 case",">=1 case",">=1 case",">=1 case",">=1 case",">=1 case"
"36","031","36031","NY","New York","Essex","No cases","No cases","No cases","No cases","No cases","No cases","No cases",">=1 case","No cases","No cases"
"36","033","36033","NY","New York","Franklin","No cases","No cases","No cases","No cases","No cases",">=1 case","No cases",">=1 case","No cases","No cases"
"36","035","36035","NY","New York","Fulton","No cases","No cases",">=1 case","No cases",">=1 case",">=1 case","No cases",">=1 case",">=1 case","No cases"
"36","037","36037","NY","New York","Genesee","No cases","No cases","No cases","No cases","No cases",">=1 case","No cases","No cases","No cases","No cases"
"36","039","36039","NY","New York","Greene","No cases","No cases","No cases","No cases","No cases","No cases","No cases",">=1 case","No cases",">=1 case"
"36","041","36041","NY","New York","Hamilton","No cases","No cases","No cases","No cases","No cases","No cases","No cases","No cases","No cases","No cases"
"36","043","36043","NY","New York","Herkimer","No cases","No cases","No cases","No cases","No cases","No cases","No cases","No cases",">=1 case","No cases"
"36","045","36045","NY","New York","Jefferson","No cases","No cases","No cases",">=1 case","No cases",">=1 case",">=1 case",">=1 case",">=1 case",">=1 case"
"36","047","36047","NY","New York","Kings",">=1 case",">=1 case",">=1 case",">=1 case",">=1 case",">=1 case",">=1 case",">=1 case",">=1 case",">=1 case"
"36","049","36049","NY","New York","Lewis","No cases","No cases","No cases","No cases","No cases","No cases","No cases","No cases","No cases","No cases"
"36","051","36051","NY","New York","Livingston","No cases","No cases","No cases","No cases",">=1 case","No cases",">=1 case","No cases","No cases",">=1 case"
"36","053","36053","NY","New York","Madison","No cases","No cases","No cases","No cases","No cases","No cases","No cases","No cases",">=1 case","No cases"
"36","055","36055","NY","New York","Monroe",">=1 case","No cases",">=1 case",">=1 case",">=1 case",">=1 case",">=1 case",">=1 case",">=1 case",">=1 case"
"36","057","36057","NY","New York","Montgomery",">=1 case","No cases","No cases","No cases",">=1 case","No cases",">=1 case",">=1 case",">=1 case","No cases"
"36","059","36059","NY","New York","Nassau",">=1 case",">=1 case",">=1 case",">=1 case",">=1 case",">=1 case",">=1 case",">=1 case",">=1 case",">=1 case"
"36","061","36061","NY","New York","New York",">=1 case",">=1 case",">=1 case",">=1 case",">=1 case",">=1 case",">=1 case",">=1 case",">=1 case",">=1 case"
"36","063","36063","NY","New York","Niagara","No cases","No cases",">=1 case","No cases","No cases","No cases","No cases","No cases","No cases","No cases"
"36","065","36065","NY","New York","Oneida","No cases","No cases",">=1 case",">=1 case","No cases",">=1 case",">=1 case",">=1 case",">=1 case",">=1 case"
"36","067","36067","NY","New York","Onondaga",">=1 case",">=1 case",">=1 case",">=1 case",">=1 case",">=1 case",">=1 case",">=1 case",">=1 case",">=1 case"
"36","069","36069","NY","New York","Ontario","No cases",">=1 case",">=1 case",">=1 case","No cases","No cases","No cases","No cases",">=1 case",">=1 case"
"36","071","36071","NY","New York","Orange",">=1 case",">=1 case",">=1 case",">=1 case",">=1 case",">=1 case",">=1 case",">=1 case",">=1 case",">=1 case"
"36","073","36073","NY","New York","Orleans","No cases","No cases","No cases","No cases","No cases","No cases",">=1 case","No cases","No cases","No cases"
"36","075","36075","NY","New York","Oswego","No cases","No cases","No cases",">=1 case","No cases",">=1 case",">=1 case",">=1 case",">=1 case",">=1 case"
"36","077","36077","NY","New York","Otsego","No cases","No cases","No cases",">=1 case",">=1 case","No cases","No cases","No cases","No cases",">=1 case"
"36","079","36079","NY","New York","Putnam",">=1 case",">=1 case","No cases",">=1 case",">=1 case",">=1 case",">=1 case","No cases",">=1 case","No cases"
"36","081","36081","NY","New York","Queens",">=1 case",">=1 case",">=1 case",">=1 case",">=1 case",">=1 case",">=1 case",">=1 case",">=1 case",">=1 case"
"36","083","36083","NY","New York","Rensselaer","No cases","No cases",">=1 case",">=1 case",">=1 case",">=1 case",">=1 case",">=1 case",">=1 case",">=1 case"
"36","085","36085","NY","New York","Richmond",">=1 case",">=1 case",">=1 case",">=1 case",">=1 case",">=1 case",">=1 case",">=1 case",">=1 case",">=1 case"
"36","087","36087","NY","New York","Rockland",">=1 case",">=1 case",">=1 case",">=1 case",">=1 case",">=1 case",">=1 case",">=1 case",">=1 case",">=1 case"
"36","089","36089","NY","New York","St. Lawrence","No cases","No cases","No cases","No cases","No cases","No cases","No cases","No cases",">=1 case",">=1 case"
"36","091","36091","NY","New York","Saratoga","No cases","No cases",">=1 case","No cases","No cases",">=1 case",">=1 case",">=1 case","No cases",">=1 case"
"36","093","36093","NY","New York","Schenectady",">=1 case",">=1 case",">=1 case",">=1 case",">=1 case",">=1 case",">=1 case",">=1 case",">=1 case",">=1 case"
"36","095","36095","NY","New York","Schoharie","No cases","No cases","No cases","No cases","No cases","No cases","No cases","No cases","No cases",">=1 case"
"36","097","36097","NY","New York","Schuyler","No cases","No cases",">=1 case","No cases","No cases","No cases","No cases","No cases","No cases","No cases"
"36","099","36099","NY","New York","Seneca","No cases","No cases","No cases",">=1 case",">=1 case","No cases",">=1 case","No cases","No cases",">=1 case"
"36","101","36101","NY","New York","Steuben","No cases","No cases","No cases","No cases","No cases",">=1 case",">=1 case",">=1 case",">=1 case","No cases"
"36","103","36103","NY","New York","Suffolk",">=1 case",">=1 case",">=1 case",">=1 case",">=1 case",">=1 case",">=1 case",">=1 case",">=1 case",">=1 case"
"36","105","36105","NY","New York","Sullivan","No cases",">=1 case",">=1 case",">=1 case",">=1 case","No cases","No cases",">=1 case",">=1 case",">=1 case"
"36","107","36107","NY","New York","Tioga","No cases","No cases","No cases","No cases","No cases","No cases","No cases","No cases","No cases","No cases"
"36","109","36109","NY","New York","Tompkins","No cases","No cases",">=1 case","No cases","No cases",">=1 case","No cases","No cases",">=1 case",">=1 case"
"36","111","36111","NY","New York","Ulster","No cases",">=1 case",">=1 case","No cases","No cases",">=1 case",">=1 case",">=1 case",">=1 case",">=1 case"
"36","113","36113","NY","New York","Warren","No cases","No cases",">=1 case","No cases","No cases","No cases",">=1 case",">=1 case","No cases",">=1 case"
"36","115","36115","NY","New York","Washington","No cases",">=1 case","No cases","No cases","No cases","No cases","No cases","No cases","No cases","No cases"
"36","117","36117","NY","New York","Wayne",">=1 case",">=1 case","No cases",">=1 case",">=1 case","No cases","No cases","No cases",">=1 case","No cases"
"36","119","36119","NY","New York","Westchester",">=1 case",">=1 case",">=1 case",">=1 case",">=1 case",">=1 case",">=1 case",">=1 case",">=1 case",">=1 case"
"36","121","36121","NY","New York","Wyoming","No cases","No cases","No cases","No cases","No cases","No cases","No cases","No cases",">=1 case","No cases"
"36","123","36123","NY","New York","Yates","No cases","No cases","No cases","No cases","No cases",">=1 case","No cases","No cases","No cases","No cases"
"37","001","37001","NC","North Carolina","Alamance",">=1 case",">=1 case",">=1 case",">=1 case","No cases",">=1 case",">=1 case",">=1 case",">=1 case",">=1 case"
"37","003","37003","NC","North Carolina","Alexander","No cases","No cases","No cases",">=1 case","No cases","No cases","No cases","No cases","No cases",">=1 case"
"37","005","37005","NC","North Carolina","Alleghany",">=1 case","No cases","No cases","No cases","No cases","No cases","No cases","No cases","No cases","No cases"
"37","007","37007","NC","North Carolina","Anson",">=1 case","No cases","No cases","No cases","No cases","No cases","No cases","No cases",">=1 case",">=1 case"
"37","009","37009","NC","North Carolina","Ashe","No cases","No cases","No cases","No cases","No cases","No cases",">=1 case","No cases","No cases","No cases"
"37","011","37011","NC","North Carolina","Avery","No cases","No cases","No cases","No cases","No cases","No cases","No cases","No cases",">=1 case","No cases"
"37","013","37013","NC","North Carolina","Beaufort","No cases","No cases",">=1 case",">=1 case",">=1 case",">=1 case",">=1 case","No cases","No cases",">=1 case"
"37","015","37015","NC","North Carolina","Bertie","No cases",">=1 case","No cases","No cases","No cases","No cases","No cases",">=1 case","No cases",">=1 case"
"37","017","37017","NC","North Carolina","Bladen","No cases",">=1 case",">=1 case","No cases",">=1 case","No cases","No cases",">=1 case",">=1 case",">=1 case"
"37","019","37019","NC","North Carolina","Brunswick",">=1 case","No cases","No cases","No cases",">=1 case",">=1 case",">=1 case",">=1 case",">=1 case",">=1 case"
"37","021","37021","NC","North Carolina","Buncombe",">=1 case","No cases",">=1 case",">=1 case",">=1 case",">=1 case",">=1 case",">=1 case",">=1 case",">=1 case"
"37","023","37023","NC","North Carolina","Burke",">=1 case",">=1 case",">=1 case",">=1 case",">=1 case",">=1 case",">=1 case",">=1 case",">=1 case","No cases"
"37","025","37025","NC","North Carolina","Cabarrus","No cases",">=1 case","No cases",">=1 case",">=1 case",">=1 case",">=1 case",">=1 case",">=1 case",">=1 case"
"37","027","37027","NC","North Carolina","Caldwell","No cases","No cases","No cases","No cases",">=1 case","No cases","No cases",">=1 case",">=1 case",">=1 case"
"37","029","37029","NC","North Carolina","Camden","No cases","No cases","No cases",">=1 case","No cases","No cases","No cases","No cases",">=1 case","No cases"
"37","031","37031","NC","North Carolina","Carteret","No cases","No cases","No cases","No cases","No cases","No cases","No cases","No cases","No cases","No cases"
"37","033","37033","NC","North Carolina","Caswell","No cases","No cases","No cases",">=1 case","No cases",">=1 case","No cases",">=1 case",">=1 case",">=1 case"
"37","035","37035","NC","North Carolina","Catawba",">=1 case",">=1 case","No cases",">=1 case",">=1 case",">=1 case",">=1 case",">=1 case",">=1 case",">=1 case"
"37","037","37037","NC","North Carolina","Chatham",">=1 case",">=1 case",">=1 case",">=1 case","No cases",">=1 case",">=1 case","No cases","No cases","No cases"
"37","039","37039","NC","North Carolina","Cherokee","No cases","No cases","No cases","No cases","No cases",">=1 case","No cases","No cases","No cases","No cases"
"37","041","37041","NC","North Carolina","Chowan","No cases","No cases","No cases",">=1 case","No cases","No cases","No cases","No cases",">=1 case",">=1 case"
"37","043","37043","NC","North Carolina","Clay","No cases","No cases","No cases","No cases","No cases","No cases","No cases","No cases","No cases","No cases"
"37","045","37045","NC","North Carolina","Cleveland","No cases",">=1 case","No cases","No cases",">=1 case","No cases",">=1 case",">=1 case",">=1 case",">=1 case"
"37","047","37047","NC","North Carolina","Columbus","No cases","No cases","No cases","No cases","No cases",">=1 case",">=1 case",">=1 case",">=1 case",">=1 case"
"37","049","37049","NC","North Carolina","Craven",">=1 case",">=1 case",">=1 case",">=1 case",">=1 case",">=1 case",">=1 case",">=1 case","No cases",">=1 case"
"37","051","37051","NC","North Carolina","Cumberland",">=1 case",">=1 case",">=1 case",">=1 case",">=1 case",">=1 case",">=1 case",">=1 case",">=1 case",">=1 case"
"37","053","37053","NC","North Carolina","Currituck","No cases","No cases","No cases","No cases","No cases","No cases","No cases",">=1 case","No cases","No cases"
"37","055","37055","NC","North Carolina","Dare","No cases","No cases","No cases","No cases","No cases","No cases",">=1 case","No cases","No cases","No cases"
"37","057","37057","NC","North Carolina","Davidson",">=1 case",">=1 case",">=1 case","No cases",">=1 case",">=1 case",">=1 case",">=1 case",">=1 case",">=1 case"
"37","059","37059","NC","North Carolina","Davie","No cases","No cases",">=1 case","No cases","No cases","No cases","No cases",">=1 case",">=1 case","No cases"
"37","061","37061","NC","North Carolina","Duplin",">=1 case",">=1 case",">=1 case",">=1 case",">=1 case",">=1 case",">=1 case","No cases","No cases",">=1 case"
"37","063","37063","NC","North Carolina","Durham",">=1 case",">=1 case",">=1 case",">=1 case",">=1 case",">=1 case",">=1 case",">=1 case",">=1 case",">=1 case"
"37","065","37065","NC","North Carolina","Edgecombe",">=1 case",">=1 case",">=1 case",">=1 case",">=1 case",">=1 case",">=1 case",">=1 case","No cases",">=1 case"
"37","067","37067","NC","North Carolina","Forsyth",">=1 case",">=1 case",">=1 case",">=1 case",">=1 case",">=1 case",">=1 case",">=1 case",">=1 case",">=1 case"
"37","069","37069","NC","North Carolina","Franklin",">=1 case",">=1 case",">=1 case",">=1 case",">=1 case","No cases",">=1 case","No cases",">=1 case",">=1 case"
"37","071","37071","NC","North Carolina","Gaston",">=1 case",">=1 case",">=1 case",">=1 case",">=1 case",">=1 case",">=1 case",">=1 case",">=1 case",">=1 case"
"37","073","37073","NC","North Carolina","Gates","No cases","No cases","No cases","No cases","No cases","No cases","No cases","No cases",">=1 case","No cases"
"37","075","37075","NC","North Carolina","Graham",">=1 case","No cases","No cases","No cases","No cases","No cases","No cases","No cases","No cases","No cases"
"37","077","37077","NC","North Carolina","Granville",">=1 case","No cases","No cases","No cases",">=1 case","No cases",">=1 case",">=1 case",">=1 case",">=1 case"
"37","079","37079","NC","North Carolina","Greene","No cases","No cases","No cases",">=1 case",">=1 case",">=1 case","No cases",">=1 case",">=1 case",">=1 case"
"37","081","37081","NC","North Carolina","Guilford",">=1 case",">=1 case",">=1 case",">=1 case",">=1 case",">=1 case",">=1 case",">=1 case",">=1 case",">=1 case"
"37","083","37083","NC","North Carolina","Halifax",">=1 case",">=1 case","No cases","No cases","No cases",">=1 case",">=1 case","No cases",">=1 case",">=1 case"
"37","085","37085","NC","North Carolina","Harnett","No cases","No cases","No cases",">=1 case",">=1 case",">=1 case",">=1 case",">=1 case",">=1 case",">=1 case"
"37","087","37087","NC","North Carolina","Haywood","No cases","No cases",">=1 case","No cases","No cases","No cases",">=1 case",">=1 case",">=1 case",">=1 case"
"37","089","37089","NC","North Carolina","Henderson",">=1 case","No cases","No cases",">=1 case","No cases",">=1 case","No cases",">=1 case",">=1 case",">=1 case"
"37","091","37091","NC","North Carolina","Hertford","No cases","No cases",">=1 case","No cases","No cases",">=1 case","No cases",">=1 case","No cases",">=1 case"
"37","093","37093","NC","North Carolina","Hoke",">=1 case",">=1 case","No cases",">=1 case","No cases",">=1 case",">=1 case",">=1 case",">=1 case",">=1 case"
"37","095","37095","NC","North Carolina","Hyde","No cases","No cases","No cases","No cases","No cases","No cases","No cases","No cases","No cases","No cases"
"37","097","37097","NC","North Carolina","Iredell","No cases",">=1 case",">=1 case",">=1 case","No cases",">=1 case","No cases",">=1 case",">=1 case",">=1 case"
"37","099","37099","NC","North Carolina","Jackson","No cases","No cases","No cases","No cases","No cases","No cases","No cases",">=1 case","No cases","No cases"
"37","101","37101","NC","North Carolina","Johnston",">=1 case","No cases","No cases",">=1 case",">=1 case",">=1 case",">=1 case",">=1 case",">=1 case",">=1 case"
"37","103","37103","NC","North Carolina","Jones","No cases","No cases","No cases","No cases","No cases","No cases","No cases","No cases",">=1 case","No cases"
"37","105","37105","NC","North Carolina","Lee",">=1 case",">=1 case","No cases","No cases",">=1 case",">=1 case",">=1 case","No cases",">=1 case",">=1 case"
"37","107","37107","NC","North Carolina","Lenoir",">=1 case",">=1 case",">=1 case",">=1 case",">=1 case",">=1 case",">=1 case","No cases",">=1 case",">=1 case"
"37","109","37109","NC","North Carolina","Lincoln","No cases","No cases","No cases","No cases",">=1 case",">=1 case",">=1 case",">=1 case",">=1 case",">=1 case"
"37","111","37111","NC","North Carolina","McDowell","No cases","No cases","No cases","No cases","No cases","No cases",">=1 case",">=1 case",">=1 case",">=1 case"
"37","113","37113","NC","North Carolina","Macon","No cases",">=1 case","No cases","No cases","No cases","No cases",">=1 case","No cases",">=1 case",">=1 case"
"37","115","37115","NC","North Carolina","Madison","No cases","No cases","No cases","No cases","No cases","No cases","No cases","No cases",">=1 case","No cases"
"37","117","37117","NC","North Carolina","Martin","No cases","No cases","No cases","No cases","No cases","No cases",">=1 case",">=1 case","No cases",">=1 case"
"37","119","37119","NC","North Carolina","Mecklenburg",">=1 case",">=1 case",">=1 case",">=1 case",">=1 case",">=1 case",">=1 case",">=1 case",">=1 case",">=1 case"
"37","121","37121","NC","North Carolina","Mitchell","No cases","No cases","No cases","No cases","No cases","No cases","No cases","No cases","No cases","No cases"
"37","123","37123","NC","North Carolina","Montgomery","No cases",">=1 case","No cases","No cases","No cases",">=1 case","No cases",">=1 case",">=1 case","No cases"
"37","125","37125","NC","North Carolina","Moore",">=1 case","No cases",">=1 case","No cases",">=1 case",">=1 case",">=1 case","No cases","No cases",">=1 case"
"37","127","37127","NC","North Carolina","Nash",">=1 case",">=1 case",">=1 case",">=1 case",">=1 case",">=1 case",">=1 case",">=1 case",">=1 case",">=1 case"
"37","129","37129","NC","North Carolina","New Hanover",">=1 case","No cases",">=1 case",">=1 case",">=1 case",">=1 case",">=1 case",">=1 case",">=1 case",">=1 case"
"37","131","37131","NC","North Carolina","Northampton","No cases","No cases","No cases","No cases",">=1 case","No cases","No cases","No cases",">=1 case","No cases"
"37","133","37133","NC","North Carolina","Onslow",">=1 case","No cases",">=1 case",">=1 case",">=1 case",">=1 case",">=1 case",">=1 case",">=1 case",">=1 case"
"37","135","37135","NC","North Carolina","Orange","No cases",">=1 case",">=1 case",">=1 case",">=1 case",">=1 case",">=1 case",">=1 case",">=1 case",">=1 case"
"37","137","37137","NC","North Carolina","Pamlico","No cases","No cases","No cases","No cases","No cases","No cases","No cases","No cases","No cases",">=1 case"
"37","139","37139","NC","North Carolina","Pasquotank",">=1 case",">=1 case",">=1 case",">=1 case","No cases",">=1 case",">=1 case","No cases","No cases","No cases"
"37","141","37141","NC","North Carolina","Pender","No cases",">=1 case",">=1 case","No cases","No cases",">=1 case","No cases","No cases","No cases",">=1 case"
"37","143","37143","NC","North Carolina","Perquimans","No cases","No cases","No cases",">=1 case","No cases","No cases","No cases","No cases","No cases","No cases"
"37","145","37145","NC","North Carolina","Person","No cases","No cases","No cases","No cases","No cases","No cases",">=1 case",">=1 case",">=1 case",">=1 case"
"37","147","37147","NC","North Carolina","Pitt",">=1 case",">=1 case",">=1 case",">=1 case",">=1 case",">=1 case",">=1 case",">=1 case",">=1 case",">=1 case"
"37","149","37149","NC","North Carolina","Polk","No cases","No cases","No cases","No cases","No cases","No cases","No cases","No cases","No cases","No cases"
"37","151","37151","NC","North Carolina","Randolph","No cases",">=1 case","No cases","No cases","No cases",">=1 case",">=1 case",">=1 case",">=1 case",">=1 case"
"37","153","37153","NC","North Carolina","Richmond","No cases","No cases","No cases","No cases",">=1 case","No cases",">=1 case",">=1 case",">=1 case",">=1 case"
"37","155","37155","NC","North Carolina","Robeson",">=1 case","No cases",">=1 case",">=1 case",">=1 case",">=1 case",">=1 case",">=1 case",">=1 case",">=1 case"
"37","157","37157","NC","North Carolina","Rockingham","No cases","No cases","No cases",">=1 case",">=1 case","No cases",">=1 case",">=1 case",">=1 case","No cases"
"37","159","37159","NC","North Carolina","Rowan","No cases",">=1 case",">=1 case","No cases",">=1 case",">=1 case",">=1 case",">=1 case",">=1 case",">=1 case"
"37","161","37161","NC","North Carolina","Rutherford",">=1 case","No cases","No cases","No cases","No cases",">=1 case","No cases","No cases","No cases",">=1 case"
"37","163","37163","NC","North Carolina","Sampson","No cases",">=1 case",">=1 case","No cases",">=1 case",">=1 case",">=1 case",">=1 case",">=1 case",">=1 case"
"37","165","37165","NC","North Carolina","Scotland","No cases",">=1 case","No cases",">=1 case",">=1 case",">=1 case",">=1 case",">=1 case",">=1 case",">=1 case"
"37","167","37167","NC","North Carolina","Stanly",">=1 case","No cases","No cases",">=1 case","No cases",">=1 case",">=1 case","No cases",">=1 case",">=1 case"
"37","169","37169","NC","North Carolina","Stokes","No cases","No cases",">=1 case","No cases","No cases","No cases","No cases",">=1 case","No cases","No cases"
"37","171","37171","NC","North Carolina","Surry",">=1 case","No cases","No cases","No cases","No cases",">=1 case",">=1 case",">=1 case","No cases",">=1 case"
"37","173","37173","NC","North Carolina","Swain","No cases","No cases","No cases","No cases","No cases","No cases","No cases","No cases","No cases","No cases"
"37","175","37175","NC","North Carolina","Transylvania","No cases","No cases","No cases","No cases","No cases","No cases","No cases","No cases","No cases","No cases"
"37","177","37177","NC","North Carolina","Tyrrell","No cases","No cases","No cases",">=1 case","No cases","No cases",">=1 case","No cases","No cases","No cases"
"37","179","37179","NC","North Carolina","Union",">=1 case",">=1 case",">=1 case",">=1 case","No cases",">=1 case",">=1 case",">=1 case",">=1 case",">=1 case"
"37","181","37181","NC","North Carolina","Vance",">=1 case",">=1 case","No cases",">=1 case",">=1 case",">=1 case",">=1 case",">=1 case",">=1 case",">=1 case"
"37","183","37183","NC","North Carolina","Wake",">=1 case",">=1 case",">=1 case",">=1 case",">=1 case",">=1 case",">=1 case",">=1 case",">=1 case",">=1 case"
"37","185","37185","NC","North Carolina","Warren","No cases","No cases","No cases",">=1 case",">=1 case",">=1 case",">=1 case",">=1 case","No cases",">=1 case"
"37","187","37187","NC","North Carolina","Washington",">=1 case","No cases","No cases","No cases","No cases","No cases",">=1 case","No cases","No cases","No cases"
"37","189","37189","NC","North Carolina","Watauga","No cases","No cases","No cases","No cases","No cases","No cases","No cases","No cases","No cases","No cases"
"37","191","37191","NC","North Carolina","Wayne",">=1 case",">=1 case",">=1 case",">=1 case",">=1 case",">=1 case",">=1 case",">=1 case",">=1 case",">=1 case"
"37","193","37193","NC","North Carolina","Wilkes",">=1 case",">=1 case",">=1 case","No cases","No cases","No cases",">=1 case","No cases","No cases","No cases"
"37","195","37195","NC","North Carolina","Wilson",">=1 case",">=1 case",">=1 case",">=1 case",">=1 case",">=1 case",">=1 case",">=1 case",">=1 case",">=1 case"
"37","197","37197","NC","North Carolina","Yadkin","No cases","No cases","No cases",">=1 case","No cases","No cases","No cases",">=1 case","No cases",">=1 case"
"37","199","37199","NC","North Carolina","Yancey","No cases","No cases","No cases","No cases","No cases","No cases","No cases",">=1 case","No cases","No cases"
"38","001","38001","ND","North Dakota","Adams","No cases","No cases","No cases","No cases","No cases","No cases","No cases","No cases","No cases","No cases"
"38","003","38003","ND","North Dakota","Barnes","No cases","No cases","No cases","No cases","No cases","No cases","No cases","No cases","No cases","No cases"
"38","005","38005","ND","North Dakota","Benson","No cases","No cases","No cases","No cases","No cases",">=1 case","No cases",">=1 case",">=1 case","No cases"
"38","007","38007","ND","North Dakota","Billings","No cases","No cases","No cases","No cases","No cases","No cases","No cases","No cases","No cases","No cases"
"38","009","38009","ND","North Dakota","Bottineau","No cases","No cases","No cases","No cases","No cases","No cases","No cases","No cases","No cases","No cases"
"38","011","38011","ND","North Dakota","Bowman","No cases","No cases","No cases","No cases","No cases","No cases","No cases","No cases","No cases","No cases"
"38","013","38013","ND","North Dakota","Burke","No cases","No cases","No cases","No cases","No cases","No cases","No cases","No cases","No cases","No cases"
"38","015","38015","ND","North Dakota","Burleigh","No cases","No cases","No cases",">=1 case","No cases",">=1 case","No cases",">=1 case",">=1 case",">=1 case"
"38","017","38017","ND","North Dakota","Cass","No cases","No cases",">=1 case",">=1 case",">=1 case",">=1 case",">=1 case",">=1 case",">=1 case",">=1 case"
"38","019","38019","ND","North Dakota","Cavalier","No cases","No cases","No cases","No cases","No cases","No cases","No cases","No cases","No cases","No cases"
"38","021","38021","ND","North Dakota","Dickey","No cases","No cases","No cases","No cases","No cases","No cases","No cases","No cases","No cases","No cases"
"38","023","38023","ND","North Dakota","Divide","No cases","No cases","No cases","No cases","No cases","No cases","No cases","No cases","No cases","No cases"
"38","025","38025","ND","North Dakota","Dunn","No cases","No cases","No cases","No cases","No cases","No cases","No cases","No cases","No cases","No cases"
"38","027","38027","ND","North Dakota","Eddy","No cases","No cases","No cases","No cases","No cases","No cases","No cases",">=1 case","No cases","No cases"
"38","029","38029","ND","North Dakota","Emmons","No cases","No cases","No cases","No cases","No cases","No cases","No cases","No cases","No cases","No cases"
"38","031","38031","ND","North Dakota","Foster","No cases","No cases","No cases","No cases","No cases","No cases","No cases","No cases","No cases","No cases"
"38","033","38033","ND","North Dakota","Golden Valley","No cases","No cases","No cases","No cases","No cases","No cases","No cases","No cases","No cases","No cases"
"38","035","38035","ND","North Dakota","Grand Forks",">=1 case","No cases","No cases","No cases","No cases","No cases",">=1 case","No cases",">=1 case","No cases"
"38","037","38037","ND","North Dakota","Grant","No cases","No cases","No cases","No cases","No cases","No cases","No cases","No cases","No cases","No cases"
"38","039","38039","ND","North Dakota","Griggs","No cases","No cases","No cases","No cases","No cases","No cases","No cases","No cases","No cases","No cases"
"38","041","38041","ND","North Dakota","Hettinger","No cases","No cases","No cases","No cases","No cases","No cases","No cases","No cases","No cases",">=1 case"
"38","043","38043","ND","North Dakota","Kidder","No cases","No cases","No cases","No cases","No cases","No cases","No cases","No cases","No cases","No cases"
"38","045","38045","ND","North Dakota","LaMoure","No cases","No cases","No cases","No cases","No cases","No cases","No cases","No cases","No cases","No cases"
"38","047","38047","ND","North Dakota","Logan","No cases","No cases","No cases","No cases","No cases","No cases","No cases","No cases","No cases","No cases"
"38","049","38049","ND","North Dakota","McHenry","No cases","No cases","No cases","No cases","No cases","No cases","No cases","No cases","No cases","No cases"
"38","051","38051","ND","North Dakota","McIntosh","No cases","No cases","No cases","No cases","No cases","No cases","No cases","No cases","No cases","No cases"
"38","053","38053","ND","North Dakota","McKenzie","No cases","No cases","No cases","No cases","No cases","No cases","No cases","No cases",">=1 case",">=1 case"
"38","055","38055","ND","North Dakota","McLean","No cases","No cases","No cases","No cases","No cases","No cases","No cases","No cases","No cases","No cases"
"38","057","38057","ND","North Dakota","Mercer","No cases","No cases","No cases","No cases","No cases","No cases","No cases",">=1 case",">=1 case","No cases"
"38","059","38059","ND","North Dakota","Morton","No cases","No cases","No cases","No cases",">=1 case","No cases","No cases","No cases",">=1 case",">=1 case"
"38","061","38061","ND","North Dakota","Mountrail","No cases","No cases","No cases","No cases",">=1 case","No cases","No cases","No cases","No cases",">=1 case"
"38","063","38063","ND","North Dakota","Nelson","No cases","No cases","No cases","No cases","No cases","No cases","No cases","No cases","No cases","No cases"
"38","065","38065","ND","North Dakota","Oliver","No cases","No cases","No cases","No cases","No cases","No cases","No cases","No cases","No cases","No cases"
"38","067","38067","ND","North Dakota","Pembina","No cases","No cases","No cases","No cases","No cases","No cases","No cases","No cases","No cases","No cases"
"38","069","38069","ND","North Dakota","Pierce","No cases","No cases","No cases","No cases","No cases","No cases","No cases","No cases","No cases","No cases"
"38","071","38071","ND","North Dakota","Ramsey","No cases","No cases","No cases","No cases","No cases","No cases","No cases","No cases","No cases","No cases"
"38","073","38073","ND","North Dakota","Ransom","No cases","No cases","No cases","No cases","No cases","No cases","No cases","No cases","No cases","No cases"
"38","075","38075","ND","North Dakota","Renville","No cases","No cases","No cases","No cases",">=1 case","No cases","No cases","No cases","No cases","No cases"
"38","077","38077","ND","North Dakota","Richland","No cases","No cases","No cases","No cases","No cases","No cases","No cases","No cases","No cases",">=1 case"
"38","079","38079","ND","North Dakota","Rolette","No cases","No cases","No cases","No cases","No cases","No cases","No cases","No cases","No cases","No cases"
"38","081","38081","ND","North Dakota","Sargent","No cases","No cases","No cases","No cases","No cases","No cases","No cases","No cases","No cases","No cases"
"38","083","38083","ND","North Dakota","Sheridan","No cases","No cases","No cases","No cases","No cases","No cases","No cases","No cases","No cases","No cases"
"38","085","38085","ND","North Dakota","Sioux","No cases","No cases","No cases",">=1 case",">=1 case",">=1 case","No cases","No cases","No cases","No cases"
"38","087","38087","ND","North Dakota","Slope","No cases","No cases","No cases","No cases","No cases","No cases","No cases","No cases","No cases","No cases"
"38","089","38089","ND","North Dakota","Stark","No cases","No cases","No cases","No cases","No cases","No cases","No cases",">=1 case",">=1 case",">=1 case"
"38","091","38091","ND","North Dakota","Steele","No cases","No cases","No cases","No cases","No cases","No cases","No cases","No cases","No cases","No cases"
"38","093","38093","ND","North Dakota","Stutsman","No cases","No cases","No cases","No cases","No cases","No cases","No cases","No cases","No cases","No cases"
"38","095","38095","ND","North Dakota","Towner","No cases","No cases","No cases","No cases","No cases","No cases","No cases","No cases","No cases","No cases"
"38","097","38097","ND","North Dakota","Traill","No cases","No cases","No cases","No cases","No cases","No cases","No cases","No cases","No cases","No cases"
"38","099","38099","ND","North Dakota","Walsh","No cases","No cases","No cases","No cases","No cases","No cases","No cases","No cases",">=1 case","No cases"
"38","101","38101","ND","North Dakota","Ward","No cases","No cases","No cases",">=1 case",">=1 case",">=1 case",">=1 case",">=1 case",">=1 case",">=1 case"
"38","103","38103","ND","North Dakota","Wells","No cases","No cases","No cases","No cases","No cases","No cases","No cases","No cases","No cases","No cases"
"38","105","38105","ND","North Dakota","Williams","No cases","No cases","No cases",">=1 case","No cases","No cases",">=1 case",">=1 case","No cases",">=1 case"
"39","001","39001","OH","Ohio","Adams","No cases","No cases","No cases","No cases","No cases","No cases","No cases",">=1 case","No cases","No cases"
"39","003","39003","OH","Ohio","Allen","No cases","No cases","No cases",">=1 case","No cases","No cases","No cases",">=1 case","No cases",">=1 case"
"39","005","39005","OH","Ohio","Ashland","No cases","No cases","No cases","No cases","No cases","No cases",">=1 case","No cases","No cases","No cases"
"39","007","39007","OH","Ohio","Ashtabula","No cases","No cases","No cases","No cases","No cases",">=1 case",">=1 case","No cases","No cases","No cases"
"39","009","39009","OH","Ohio","Athens","No cases","No cases",">=1 case","No cases",">=1 case","No cases","No cases",">=1 case",">=1 case",">=1 case"
"39","011","39011","OH","Ohio","Auglaize","No cases","No cases","No cases","No cases","No cases","No cases",">=1 case","No cases","No cases",">=1 case"
"39","013","39013","OH","Ohio","Belmont","No cases",">=1 case","No cases","No cases","No cases","No cases","No cases","No cases","No cases","No cases"
"39","015","39015","OH","Ohio","Brown","No cases","No cases","No cases",">=1 case","No cases","No cases","No cases",">=1 case","No cases","No cases"
"39","017","39017","OH","Ohio","Butler",">=1 case",">=1 case",">=1 case",">=1 case",">=1 case",">=1 case",">=1 case",">=1 case",">=1 case",">=1 case"
"39","019","39019","OH","Ohio","Carroll","No cases","No cases","No cases","No cases","No cases","No cases","No cases","No cases","No cases","No cases"
"39","021","39021","OH","Ohio","Champaign","No cases","No cases","No cases","No cases",">=1 case","No cases",">=1 case","No cases",">=1 case",">=1 case"
"39","023","39023","OH","Ohio","Clark","No cases","No cases",">=1 case",">=1 case",">=1 case",">=1 case",">=1 case",">=1 case",">=1 case",">=1 case"
"39","025","39025","OH","Ohio","Clermont",">=1 case",">=1 case",">=1 case",">=1 case",">=1 case",">=1 case","No cases",">=1 case",">=1 case",">=1 case"
"39","027","39027","OH","Ohio","Clinton","No cases","No cases","No cases","No cases","No cases","No cases",">=1 case","No cases",">=1 case","No cases"
"39","029","39029","OH","Ohio","Columbiana","No cases","No cases","No cases",">=1 case",">=1 case","No cases",">=1 case","No cases",">=1 case","No cases"
"39","031","39031","OH","Ohio","Coshocton","No cases","No cases","No cases","No cases","No cases","No cases","No cases","No cases","No cases","No cases"
"39","033","39033","OH","Ohio","Crawford","No cases","No cases","No cases","No cases","No cases","No cases","No cases","No cases","No cases","No cases"
"39","035","39035","OH","Ohio","Cuyahoga",">=1 case",">=1 case",">=1 case",">=1 case",">=1 case",">=1 case",">=1 case",">=1 case",">=1 case",">=1 case"
"39","037","39037","OH","Ohio","Darke","No cases","No cases","No cases","No cases","No cases","No cases","No cases","No cases","No cases",">=1 case"
"39","039","39039","OH","Ohio","Defiance","No cases","No cases","No cases","No cases","No cases","No cases",">=1 case","No cases","No cases",">=1 case"
"39","041","39041","OH","Ohio","Delaware","No cases","No cases","No cases","No cases","No cases",">=1 case",">=1 case",">=1 case",">=1 case",">=1 case"
"39","043","39043","OH","Ohio","Erie","No cases","No cases","No cases","No cases","No cases","No cases","No cases",">=1 case","No cases","No cases"
"39","045","39045","OH","Ohio","Fairfield",">=1 case","No cases","No cases","No cases",">=1 case",">=1 case",">=1 case","No cases",">=1 case",">=1 case"
"39","047","39047","OH","Ohio","Fayette","No cases","No cases","No cases","No cases","No cases",">=1 case",">=1 case","No cases","No cases",">=1 case"
"39","049","39049","OH","Ohio","Franklin",">=1 case",">=1 case",">=1 case",">=1 case",">=1 case",">=1 case",">=1 case",">=1 case",">=1 case",">=1 case"
"39","051","39051","OH","Ohio","Fulton",">=1 case","No cases","No cases",">=1 case","No cases","No cases","No cases",">=1 case","No cases","No cases"
"39","053","39053","OH","Ohio","Gallia","No cases","No cases",">=1 case","No cases","No cases",">=1 case","No cases","No cases",">=1 case","No cases"
"39","055","39055","OH","Ohio","Geauga","No cases","No cases","No cases","No cases","No cases","No cases",">=1 case","No cases","No cases",">=1 case"
"39","057","39057","OH","Ohio","Greene","No cases","No cases",">=1 case","No cases",">=1 case",">=1 case",">=1 case",">=1 case",">=1 case",">=1 case"
"39","059","39059","OH","Ohio","Guernsey","No cases","No cases","No cases","No cases","No cases","No cases","No cases",">=1 case",">=1 case",">=1 case"
"39","061","39061","OH","Ohio","Hamilton",">=1 case",">=1 case",">=1 case",">=1 case",">=1 case",">=1 case",">=1 case",">=1 case",">=1 case",">=1 case"
"39","063","39063","OH","Ohio","Hancock",">=1 case","No cases","No cases","No cases","No cases","No cases",">=1 case",">=1 case",">=1 case",">=1 case"
"39","065","39065","OH","Ohio","Hardin","No cases","No cases","No cases","No cases","No cases","No cases","No cases","No cases","No cases",">=1 case"
"39","067","39067","OH","Ohio","Harrison","No cases","No cases","No cases","No cases","No cases","No cases","No cases","No cases","No cases",">=1 case"
"39","069","39069","OH","Ohio","Henry","No cases","No cases","No cases","No cases","No cases","No cases","No cases","No cases","No cases","No cases"
"39","071","39071","OH","Ohio","Highland","No cases","No cases","No cases",">=1 case","No cases","No cases","No cases","No cases","No cases",">=1 case"
"39","073","39073","OH","Ohio","Hocking",">=1 case",">=1 case",">=1 case",">=1 case","No cases",">=1 case",">=1 case","No cases",">=1 case","No cases"
"39","075","39075","OH","Ohio","Holmes","No cases","No cases","No cases","No cases","No cases","No cases","No cases","No cases",">=1 case","No cases"
"39","077","39077","OH","Ohio","Huron","No cases",">=1 case","No cases","No cases","No cases","No cases","No cases","No cases","No cases","No cases"
"39","079","39079","OH","Ohio","Jackson","No cases","No cases","No cases","No cases",">=1 case","No cases","No cases","No cases","No cases","No cases"
"39","081","39081","OH","Ohio","Jefferson","No cases","No cases","No cases","No cases","No cases",">=1 case","No cases","No cases","No cases","No cases"
"39","083","39083","OH","Ohio","Knox","No cases","No cases","No cases","No cases",">=1 case",">=1 case","No cases","No cases",">=1 case",">=1 case"
"39","085","39085","OH","Ohio","Lake",">=1 case","No cases",">=1 case","No cases",">=1 case","No cases",">=1 case",">=1 case","No cases",">=1 case"
"39","087","39087","OH","Ohio","Lawrence","No cases","No cases","No cases",">=1 case",">=1 case",">=1 case",">=1 case",">=1 case",">=1 case",">=1 case"
"39","089","39089","OH","Ohio","Licking",">=1 case",">=1 case",">=1 case",">=1 case",">=1 case",">=1 case",">=1 case","No cases",">=1 case",">=1 case"
"39","091","39091","OH","Ohio","Logan","No cases","No cases","No cases",">=1 case",">=1 case",">=1 case","No cases","No cases","No cases","No cases"
"39","093","39093","OH","Ohio","Lorain","No cases",">=1 case",">=1 case","No cases",">=1 case","No cases",">=1 case",">=1 case",">=1 case",">=1 case"
"39","095","39095","OH","Ohio","Lucas",">=1 case",">=1 case",">=1 case",">=1 case",">=1 case",">=1 case",">=1 case",">=1 case",">=1 case",">=1 case"
"39","097","39097","OH","Ohio","Madison","No cases","No cases","No cases","No cases","No cases","No cases",">=1 case",">=1 case","No cases","No cases"
"39","099","39099","OH","Ohio","Mahoning","No cases","No cases",">=1 case",">=1 case",">=1 case",">=1 case",">=1 case",">=1 case",">=1 case",">=1 case"
"39","101","39101","OH","Ohio","Marion",">=1 case",">=1 case","No cases","No cases","No cases","No cases","No cases","No cases",">=1 case",">=1 case"
"39","103","39103","OH","Ohio","Medina","No cases","No cases","No cases",">=1 case","No cases","No cases","No cases","No cases",">=1 case",">=1 case"
"39","105","39105","OH","Ohio","Meigs","No cases",">=1 case","No cases","No cases","No cases",">=1 case","No cases","No cases","No cases","No cases"
"39","107","39107","OH","Ohio","Mercer","No cases","No cases","No cases","No cases",">=1 case","No cases","No cases",">=1 case",">=1 case","No cases"
"39","109","39109","OH","Ohio","Miami","No cases","No cases","No cases","No cases",">=1 case","No cases","No cases","No cases",">=1 case",">=1 case"
"39","111","39111","OH","Ohio","Monroe","No cases","No cases","No cases","No cases","No cases","No cases","No cases","No cases","No cases","No cases"
"39","113","39113","OH","Ohio","Montgomery",">=1 case",">=1 case",">=1 case",">=1 case",">=1 case",">=1 case",">=1 case",">=1 case",">=1 case",">=1 case"
"39","115","39115","OH","Ohio","Morgan","No cases","No cases","No cases","No cases","No cases","No cases","No cases","No cases","No cases","No cases"
"39","117","39117","OH","Ohio","Morrow","No cases",">=1 case","No cases","No cases","No cases",">=1 case","No cases",">=1 case",">=1 case",">=1 case"
"39","119","39119","OH","Ohio","Muskingum","No cases",">=1 case","No cases","No cases",">=1 case","No cases","No cases","No cases",">=1 case",">=1 case"
"39","121","39121","OH","Ohio","Noble","No cases","No cases","No cases","No cases","No cases","No cases","No cases","No cases",">=1 case",">=1 case"
"39","123","39123","OH","Ohio","Ottawa","No cases","No cases","No cases","No cases","No cases","No cases",">=1 case","No cases","No cases",">=1 case"
"39","125","39125","OH","Ohio","Paulding","No cases","No cases","No cases","No cases","No cases","No cases","No cases","No cases","No cases","No cases"
"39","127","39127","OH","Ohio","Perry","No cases","No cases","No cases","No cases","No cases","No cases","No cases","No cases","No cases","No cases"
"39","129","39129","OH","Ohio","Pickaway","No cases","No cases","No cases","No cases","No cases","No cases",">=1 case","No cases","No cases",">=1 case"
"39","131","39131","OH","Ohio","Pike","No cases","No cases","No cases","No cases","No cases",">=1 case","No cases","No cases","No cases","No cases"
"39","133","39133","OH","Ohio","Portage",">=1 case","No cases","No cases",">=1 case","No cases",">=1 case","No cases","No cases",">=1 case",">=1 case"
"39","135","39135","OH","Ohio","Preble","No cases","No cases","No cases","No cases","No cases","No cases","No cases",">=1 case","No cases","No cases"
"39","137","39137","OH","Ohio","Putnam","No cases","No cases","No cases","No cases","No cases","No cases","No cases","No cases","No cases","No cases"
"39","139","39139","OH","Ohio","Richland",">=1 case","No cases",">=1 case",">=1 case",">=1 case",">=1 case",">=1 case",">=1 case",">=1 case",">=1 case"
"39","141","39141","OH","Ohio","Ross",">=1 case","No cases","No cases","No cases","No cases",">=1 case",">=1 case","No cases",">=1 case",">=1 case"
"39","143","39143","OH","Ohio","Sandusky",">=1 case","No cases",">=1 case","No cases","No cases","No cases",">=1 case",">=1 case",">=1 case",">=1 case"
"39","145","39145","OH","Ohio","Scioto",">=1 case","No cases","No cases",">=1 case",">=1 case",">=1 case",">=1 case",">=1 case",">=1 case",">=1 case"
"39","147","39147","OH","Ohio","Seneca","No cases","No cases",">=1 case","No cases","No cases","No cases","No cases","No cases","No cases","No cases"
"39","149","39149","OH","Ohio","Shelby","No cases","No cases","No cases","No cases",">=1 case","No cases",">=1 case","No cases","No cases","No cases"
"39","151","39151","OH","Ohio","Stark",">=1 case",">=1 case",">=1 case","No cases",">=1 case",">=1 case",">=1 case",">=1 case",">=1 case",">=1 case"
"39","153","39153","OH","Ohio","Summit",">=1 case",">=1 case",">=1 case",">=1 case",">=1 case",">=1 case",">=1 case",">=1 case",">=1 case",">=1 case"
"39","155","39155","OH","Ohio","Trumbull",">=1 case",">=1 case",">=1 case",">=1 case","No cases",">=1 case",">=1 case",">=1 case",">=1 case",">=1 case"
"39","157","39157","OH","Ohio","Tuscarawas",">=1 case","No cases","No cases","No cases","No cases","No cases","No cases",">=1 case",">=1 case","No cases"
"39","159","39159","OH","Ohio","Union",">=1 case",">=1 case",">=1 case",">=1 case",">=1 case",">=1 case",">=1 case",">=1 case",">=1 case",">=1 case"
"39","161","39161","OH","Ohio","Van Wert","No cases",">=1 case","No cases","No cases","No cases",">=1 case","No cases",">=1 case","No cases","No cases"
"39","163","39163","OH","Ohio","Vinton","No cases","No cases","No cases","No cases","No cases","No cases",">=1 case","No cases","No cases","No cases"
"39","165","39165","OH","Ohio","Warren",">=1 case","No cases","No cases",">=1 case",">=1 case","No cases",">=1 case",">=1 case",">=1 case","No cases"
"39","167","39167","OH","Ohio","Washington","No cases",">=1 case","No cases","No cases","No cases","No cases","No cases",">=1 case",">=1 case",">=1 case"
"39","169","39169","OH","Ohio","Wayne",">=1 case","No cases","No cases","No cases","No cases","No cases","No cases",">=1 case",">=1 case",">=1 case"
"39","171","39171","OH","Ohio","Williams","No cases","No cases","No cases","No cases","No cases","No cases","No cases","No cases",">=1 case","No cases"
"39","173","39173","OH","Ohio","Wood","No cases","No cases","No cases",">=1 case","No cases","No cases","No cases","No cases",">=1 case",">=1 case"
"39","175","39175","OH","Ohio","Wyandot","No cases","No cases","No cases","No cases","No cases","No cases","No cases","No cases","No cases","No cases"
"40","001","40001","OK","Oklahoma","Adair","No cases","No cases","No cases",">=1 case","No cases","No cases","No cases","No cases",">=1 case",">=1 case"
"40","003","40003","OK","Oklahoma","Alfalfa","No cases","No cases",">=1 case","No cases","No cases","No cases","No cases","No cases","No cases","No cases"
"40","005","40005","OK","Oklahoma","Atoka","No cases","No cases","No cases",">=1 case","No cases","No cases","No cases","No cases",">=1 case",">=1 case"
"40","007","40007","OK","Oklahoma","Beaver","No cases","No cases","No cases","No cases","No cases","No cases","No cases","No cases","No cases",">=1 case"
"40","009","40009","OK","Oklahoma","Beckham","No cases","No cases","No cases","No cases",">=1 case","No cases",">=1 case","No cases",">=1 case","No cases"
"40","011","40011","OK","Oklahoma","Blaine","No cases",">=1 case","No cases","No cases",">=1 case","No cases","No cases","No cases","No cases","No cases"
"40","013","40013","OK","Oklahoma","Bryan","No cases","No cases",">=1 case",">=1 case","No cases","No cases",">=1 case",">=1 case",">=1 case",">=1 case"
"40","015","40015","OK","Oklahoma","Caddo",">=1 case",">=1 case","No cases",">=1 case","No cases",">=1 case","No cases",">=1 case",">=1 case",">=1 case"
"40","017","40017","OK","Oklahoma","Canadian",">=1 case","No cases","No cases","No cases",">=1 case",">=1 case",">=1 case",">=1 case",">=1 case",">=1 case"
"40","019","40019","OK","Oklahoma","Carter","No cases",">=1 case","No cases","No cases",">=1 case","No cases","No cases",">=1 case",">=1 case",">=1 case"
"40","021","40021","OK","Oklahoma","Cherokee",">=1 case","No cases","No cases","No cases","No cases","No cases","No cases",">=1 case",">=1 case",">=1 case"
"40","023","40023","OK","Oklahoma","Choctaw","No cases","No cases","No cases","No cases","No cases","No cases","No cases","No cases",">=1 case",">=1 case"
"40","025","40025","OK","Oklahoma","Cimarron","No cases","No cases","No cases","No cases","No cases","No cases","No cases","No cases","No cases","No cases"
"40","027","40027","OK","Oklahoma","Cleveland",">=1 case",">=1 case",">=1 case","No cases",">=1 case",">=1 case",">=1 case",">=1 case",">=1 case",">=1 case"
"40","029","40029","OK","Oklahoma","Coal","No cases","No cases","No cases","No cases","No cases","No cases","No cases","No cases","No cases","No cases"
"40","031","40031","OK","Oklahoma","Comanche",">=1 case","No cases",">=1 case","No cases",">=1 case",">=1 case",">=1 case",">=1 case",">=1 case",">=1 case"
"40","033","40033","OK","Oklahoma","Cotton","No cases","No cases","No cases","No cases","No cases","No cases",">=1 case","No cases","No cases","No cases"
"40","035","40035","OK","Oklahoma","Craig","No cases","No cases","No cases",">=1 case","No cases",">=1 case",">=1 case","No cases",">=1 case",">=1 case"
"40","037","40037","OK","Oklahoma","Creek","No cases","No cases",">=1 case","No cases",">=1 case",">=1 case",">=1 case",">=1 case",">=1 case",">=1 case"
"40","039","40039","OK","Oklahoma","Custer","No cases","No cases","No cases",">=1 case",">=1 case","No cases","No cases","No cases","No cases",">=1 case"
"40","041","40041","OK","Oklahoma","Delaware","No cases","No cases","No cases","No cases",">=1 case","No cases",">=1 case",">=1 case",">=1 case",">=1 case"
"40","043","40043","OK","Oklahoma","Dewey","No cases","No cases","No cases","No cases","No cases","No cases","No cases","No cases","No cases","No cases"
"40","045","40045","OK","Oklahoma","Ellis","No cases","No cases","No cases","No cases","No cases","No cases","No cases","No cases","No cases","No cases"
"40","047","40047","OK","Oklahoma","Garfield",">=1 case",">=1 case",">=1 case",">=1 case",">=1 case",">=1 case",">=1 case",">=1 case",">=1 case",">=1 case"
"40","049","40049","OK","Oklahoma","Garvin",">=1 case","No cases","No cases","No cases","No cases","No cases","No cases",">=1 case",">=1 case",">=1 case"
"40","051","40051","OK","Oklahoma","Grady",">=1 case","No cases","No cases",">=1 case","No cases","No cases","No cases","No cases",">=1 case",">=1 case"
"40","053","40053","OK","Oklahoma","Grant","No cases","No cases","No cases","No cases","No cases","No cases","No cases","No cases","No cases","No cases"
"40","055","40055","OK","Oklahoma","Greer","No cases","No cases","No cases","No cases","No cases","No cases","No cases","No cases","No cases","No cases"
"40","057","40057","OK","Oklahoma","Harmon","No cases","No cases","No cases","No cases","No cases","No cases","No cases","No cases","No cases","No cases"
"40","059","40059","OK","Oklahoma","Harper","No cases","No cases","No cases","No cases","No cases","No cases","No cases","No cases","No cases","No cases"
"40","061","40061","OK","Oklahoma","Haskell","No cases","No cases","No cases","No cases","No cases","No cases","No cases","No cases",">=1 case","No cases"
"40","063","40063","OK","Oklahoma","Hughes",">=1 case","No cases",">=1 case","No cases","No cases","No cases",">=1 case","No cases","No cases","No cases"
"40","065","40065","OK","Oklahoma","Jackson","No cases","No cases",">=1 case","No cases",">=1 case","No cases","No cases","No cases","No cases",">=1 case"
"40","067","40067","OK","Oklahoma","Jefferson","No cases","No cases","No cases","No cases","No cases","No cases","No cases","No cases","No cases","No cases"
"40","069","40069","OK","Oklahoma","Johnston","No cases","No cases",">=1 case","No cases","No cases","No cases","No cases","No cases",">=1 case",">=1 case"
"40","071","40071","OK","Oklahoma","Kay","No cases","No cases","No cases","No cases","No cases","No cases",">=1 case","No cases",">=1 case","No cases"
"40","073","40073","OK","Oklahoma","Kingfisher","No cases","No cases","No cases","No cases","No cases","No cases","No cases","No cases","No cases",">=1 case"
"40","075","40075","OK","Oklahoma","Kiowa","No cases","No cases","No cases","No cases","No cases","No cases","No cases","No cases","No cases",">=1 case"
"40","077","40077","OK","Oklahoma","Latimer","No cases","No cases","No cases","No cases","No cases","No cases","No cases",">=1 case","No cases",">=1 case"
"40","079","40079","OK","Oklahoma","Le Flore","No cases",">=1 case",">=1 case","No cases","No cases",">=1 case",">=1 case",">=1 case","No cases",">=1 case"
"40","081","40081","OK","Oklahoma","Lincoln","No cases","No cases","No cases",">=1 case","No cases","No cases","No cases",">=1 case",">=1 case",">=1 case"
"40","083","40083","OK","Oklahoma","Logan",">=1 case",">=1 case","No cases",">=1 case",">=1 case",">=1 case",">=1 case","No cases",">=1 case",">=1 case"
"40","085","40085","OK","Oklahoma","Love","No cases","No cases","No cases","No cases","No cases","No cases","No cases",">=1 case","No cases","No cases"
"40","087","40087","OK","Oklahoma","McClain",">=1 case","No cases","No cases","No cases","No cases",">=1 case",">=1 case",">=1 case",">=1 case",">=1 case"
"40","089","40089","OK","Oklahoma","McCurtain",">=1 case",">=1 case","No cases",">=1 case",">=1 case",">=1 case","No cases","No cases",">=1 case",">=1 case"
"40","091","40091","OK","Oklahoma","McIntosh",">=1 case","No cases","No cases","No cases","No cases","No cases","No cases","No cases",">=1 case",">=1 case"
"40","093","40093","OK","Oklahoma","Major","No cases","No cases","No cases","No cases","No cases","No cases","No cases","No cases","No cases","No cases"
"40","095","40095","OK","Oklahoma","Marshall","No cases",">=1 case","No cases","No cases","No cases","No cases","No cases","No cases","No cases",">=1 case"
"40","097","40097","OK","Oklahoma","Mayes","No cases","No cases","No cases",">=1 case",">=1 case","No cases","No cases","No cases","No cases",">=1 case"
"40","099","40099","OK","Oklahoma","Murray","No cases","No cases","No cases","No cases",">=1 case","No cases","No cases",">=1 case","No cases","No cases"
"40","101","40101","OK","Oklahoma","Muskogee",">=1 case",">=1 case","No cases","No cases","No cases",">=1 case",">=1 case",">=1 case",">=1 case",">=1 case"
"40","103","40103","OK","Oklahoma","Noble","No cases","No cases","No cases",">=1 case","No cases","No cases","No cases",">=1 case",">=1 case","No cases"
"40","105","40105","OK","Oklahoma","Nowata","No cases","No cases","No cases","No cases","No cases","No cases","No cases","No cases","No cases","No cases"
"40","107","40107","OK","Oklahoma","Okfuskee","No cases","No cases","No cases","No cases","No cases","No cases","No cases",">=1 case","No cases","No cases"
"40","109","40109","OK","Oklahoma","Oklahoma",">=1 case",">=1 case",">=1 case",">=1 case",">=1 case",">=1 case",">=1 case",">=1 case",">=1 case",">=1 case"
"40","111","40111","OK","Oklahoma","Okmulgee",">=1 case",">=1 case","No cases",">=1 case",">=1 case",">=1 case",">=1 case",">=1 case",">=1 case",">=1 case"
"40","113","40113","OK","Oklahoma","Osage","No cases","No cases","No cases","No cases","No cases","No cases",">=1 case",">=1 case","No cases",">=1 case"
"40","115","40115","OK","Oklahoma","Ottawa","No cases","No cases",">=1 case","No cases","No cases",">=1 case",">=1 case","No cases",">=1 case",">=1 case"
"40","117","40117","OK","Oklahoma","Pawnee","No cases","No cases","No cases","No cases","No cases",">=1 case",">=1 case","No cases","No cases",">=1 case"
"40","119","40119","OK","Oklahoma","Payne",">=1 case",">=1 case",">=1 case","No cases",">=1 case","No cases",">=1 case","No cases",">=1 case",">=1 case"
"40","121","40121","OK","Oklahoma","Pittsburg","No cases",">=1 case",">=1 case","No cases","No cases",">=1 case",">=1 case","No cases",">=1 case",">=1 case"
"40","123","40123","OK","Oklahoma","Pontotoc","No cases",">=1 case",">=1 case",">=1 case","No cases",">=1 case","No cases",">=1 case",">=1 case",">=1 case"
"40","125","40125","OK","Oklahoma","Pottawatomie",">=1 case",">=1 case","No cases","No cases",">=1 case",">=1 case",">=1 case",">=1 case",">=1 case",">=1 case"
"40","127","40127","OK","Oklahoma","Pushmataha","No cases","No cases","No cases",">=1 case","No cases","No cases","No cases",">=1 case","No cases","No cases"
"40","129","40129","OK","Oklahoma","Roger Mills","No cases","No cases","No cases","No cases","No cases","No cases","No cases","No cases","No cases","No cases"
"40","131","40131","OK","Oklahoma","Rogers","No cases","No cases","No cases",">=1 case",">=1 case",">=1 case",">=1 case",">=1 case",">=1 case",">=1 case"
"40","133","40133","OK","Oklahoma","Seminole","No cases",">=1 case","No cases","No cases","No cases","No cases",">=1 case",">=1 case",">=1 case",">=1 case"
"40","135","40135","OK","Oklahoma","Sequoyah","No cases","No cases",">=1 case","No cases","No cases",">=1 case","No cases","No cases","No cases",">=1 case"
"40","137","40137","OK","Oklahoma","Stephens","No cases","No cases","No cases","No cases","No cases",">=1 case",">=1 case","No cases",">=1 case",">=1 case"
"40","139","40139","OK","Oklahoma","Texas","No cases",">=1 case","No cases","No cases","No cases","No cases","No cases","No cases","No cases","No cases"
"40","141","40141","OK","Oklahoma","Tillman","No cases","No cases","No cases","No cases","No cases","No cases","No cases","No cases",">=1 case","No cases"
"40","143","40143","OK","Oklahoma","Tulsa",">=1 case",">=1 case",">=1 case",">=1 case",">=1 case",">=1 case",">=1 case",">=1 case",">=1 case",">=1 case"
"40","145","40145","OK","Oklahoma","Wagoner",">=1 case",">=1 case","No cases","No cases","No cases",">=1 case","No cases",">=1 case",">=1 case",">=1 case"
"40","147","40147","OK","Oklahoma","Washington","No cases",">=1 case","No cases","No cases","No cases",">=1 case","No cases","No cases","No cases",">=1 case"
"40","149","40149","OK","Oklahoma","Washita","No cases","No cases","No cases","No cases","No cases","No cases","No cases","No cases","No cases","No cases"
"40","151","40151","OK","Oklahoma","Woods","No cases","No cases","No cases","No cases","No cases","No cases","No cases","No cases","No cases","No cases"
"40","153","40153","OK","Oklahoma","Woodward","No cases","No cases","No cases","No cases","No cases","No cases","No cases","No cases","No cases","No cases"
"41","001","41001","OR","Oregon","Baker","No cases","No cases","No cases","No cases","No cases",">=1 case","No cases",">=1 case","No cases",">=1 case"
"41","003","41003","OR","Oregon","Benton","No cases","No cases","No cases",">=1 case","No cases","No cases","No cases","No cases",">=1 case",">=1 case"
"41","005","41005","OR","Oregon","Clackamas",">=1 case",">=1 case",">=1 case",">=1 case",">=1 case",">=1 case",">=1 case",">=1 case",">=1 case",">=1 case"
"41","007","41007","OR","Oregon","Clatsop","No cases","No cases","No cases","No cases","No cases","No cases","No cases","No cases",">=1 case",">=1 case"
"41","009","41009","OR","Oregon","Columbia","No cases","No cases","No cases","No cases","No cases","No cases","No cases",">=1 case",">=1 case",">=1 case"
"41","011","41011","OR","Oregon","Coos","No cases","No cases","No cases","No cases","No cases","No cases",">=1 case",">=1 case",">=1 case",">=1 case"
"41","013","41013","OR","Oregon","Crook","No cases","No cases","No cases","No cases","No cases",">=1 case",">=1 case","No cases","No cases","No cases"
"41","015","41015","OR","Oregon","Curry","No cases","No cases","No cases",">=1 case","No cases","No cases","No cases","No cases","No cases",">=1 case"
"41","017","41017","OR","Oregon","Deschutes","No cases",">=1 case",">=1 case",">=1 case",">=1 case",">=1 case",">=1 case",">=1 case",">=1 case",">=1 case"
"41","019","41019","OR","Oregon","Douglas","No cases","No cases","No cases",">=1 case",">=1 case",">=1 case",">=1 case",">=1 case",">=1 case",">=1 case"
"41","021","41021","OR","Oregon","Gilliam","No cases","No cases","No cases","No cases","No cases","No cases","No cases","No cases","No cases","No cases"
"41","023","41023","OR","Oregon","Grant","No cases","No cases","No cases","No cases","No cases","No cases","No cases","No cases","No cases","No cases"
"41","025","41025","OR","Oregon","Harney","No cases","No cases","No cases","No cases","No cases","No cases","No cases","No cases","No cases","No cases"
"41","027","41027","OR","Oregon","Hood River","No cases","No cases","No cases",">=1 case","No cases","No cases",">=1 case","No cases",">=1 case",">=1 case"
"41","029","41029","OR","Oregon","Jackson",">=1 case","No cases","No cases",">=1 case",">=1 case",">=1 case",">=1 case",">=1 case",">=1 case",">=1 case"
"41","031","41031","OR","Oregon","Jefferson","No cases","No cases","No cases","No cases","No cases","No cases","No cases","No cases","No cases","No cases"
"41","033","41033","OR","Oregon","Josephine","No cases","No cases","No cases","No cases",">=1 case","No cases",">=1 case",">=1 case",">=1 case",">=1 case"
"41","035","41035","OR","Oregon","Klamath",">=1 case","No cases","No cases","No cases","No cases",">=1 case","No cases","No cases","No cases","No cases"
"41","037","41037","OR","Oregon","Lake","No cases","No cases","No cases","No cases","No cases","No cases","No cases","No cases","No cases",">=1 case"
"41","039","41039","OR","Oregon","Lane",">=1 case","No cases","No cases",">=1 case",">=1 case",">=1 case",">=1 case",">=1 case",">=1 case",">=1 case"
"41","041","41041","OR","Oregon","Lincoln","No cases","No cases","No cases","No cases",">=1 case",">=1 case",">=1 case",">=1 case","No cases",">=1 case"
"41","043","41043","OR","Oregon","Linn","No cases","No cases","No cases","No cases","No cases",">=1 case","No cases",">=1 case",">=1 case",">=1 case"
"41","045","41045","OR","Oregon","Malheur","No cases","No cases","No cases","No cases","No cases",">=1 case",">=1 case","No cases","No cases",">=1 case"
"41","047","41047","OR","Oregon","Marion",">=1 case",">=1 case",">=1 case",">=1 case",">=1 case",">=1 case",">=1 case",">=1 case",">=1 case",">=1 case"
"41","049","41049","OR","Oregon","Morrow","No cases","No cases","No cases","No cases","No cases","No cases","No cases","No cases","No cases","No cases"
"41","051","41051","OR","Oregon","Multnomah",">=1 case",">=1 case",">=1 case",">=1 case",">=1 case",">=1 case",">=1 case",">=1 case",">=1 case",">=1 case"
"41","053","41053","OR","Oregon","Polk",">=1 case","No cases",">=1 case",">=1 case","No cases",">=1 case","No cases",">=1 case",">=1 case",">=1 case"
"41","055","41055","OR","Oregon","Sherman","No cases","No cases","No cases","No cases","No cases","No cases","No cases","No cases","No cases","No cases"
"41","057","41057","OR","Oregon","Tillamook","No cases","No cases","No cases","No cases","No cases","No cases","No cases","No cases","No cases",">=1 case"
"41","059","41059","OR","Oregon","Umatilla","No cases","No cases","No cases","No cases","No cases","No cases",">=1 case",">=1 case",">=1 case",">=1 case"
"41","061","41061","OR","Oregon","Union","No cases","No cases","No cases","No cases","No cases","No cases","No cases","No cases",">=1 case","No cases"
"41","063","41063","OR","Oregon","Wallowa","No cases","No cases","No cases","No cases","No cases","No cases","No cases","No cases","No cases","No cases"
"41","065","41065","OR","Oregon","Wasco","No cases","No cases","No cases","No cases","No cases",">=1 case",">=1 case","No cases","No cases","No cases"
"41","067","41067","OR","Oregon","Washington","No cases",">=1 case",">=1 case",">=1 case",">=1 case",">=1 case",">=1 case",">=1 case",">=1 case",">=1 case"
"41","069","41069","OR","Oregon","Wheeler","No cases","No cases","No cases","No cases","No cases","No cases","No cases","No cases","No cases","No cases"
"41","071","41071","OR","Oregon","Yamhill",">=1 case","No cases",">=1 case",">=1 case","No cases",">=1 case",">=1 case","No cases",">=1 case",">=1 case"
"42","001","42001","PA","Pennsylvania","Adams","No cases","No cases","No cases","No cases","No cases","No cases",">=1 case","No cases",">=1 case","No cases"
"42","003","42003","PA","Pennsylvania","Allegheny",">=1 case",">=1 case",">=1 case",">=1 case",">=1 case",">=1 case",">=1 case",">=1 case",">=1 case",">=1 case"
"42","005","42005","PA","Pennsylvania","Armstrong","No cases","No cases","No cases","No cases","No cases","No cases","No cases","No cases","No cases","No cases"
"42","007","42007","PA","Pennsylvania","Beaver","No cases",">=1 case","No cases",">=1 case","No cases",">=1 case",">=1 case",">=1 case",">=1 case","No cases"
"42","009","42009","PA","Pennsylvania","Bedford","No cases","No cases","No cases","No cases","No cases","No cases","No cases","No cases","No cases","No cases"
"42","011","42011","PA","Pennsylvania","Berks",">=1 case",">=1 case",">=1 case",">=1 case",">=1 case",">=1 case",">=1 case",">=1 case",">=1 case",">=1 case"
"42","013","42013","PA","Pennsylvania","Blair",">=1 case",">=1 case",">=1 case",">=1 case",">=1 case","No cases","No cases","No cases",">=1 case",">=1 case"
"42","015","42015","PA","Pennsylvania","Bradford","No cases","No cases","No cases","No cases","No cases","No cases","No cases","No cases","No cases","No cases"
"42","017","42017","PA","Pennsylvania","Bucks",">=1 case",">=1 case",">=1 case","No cases",">=1 case",">=1 case",">=1 case",">=1 case",">=1 case",">=1 case"
"42","019","42019","PA","Pennsylvania","Butler","No cases","No cases","No cases",">=1 case","No cases","No cases","No cases",">=1 case",">=1 case","No cases"
"42","021","42021","PA","Pennsylvania","Cambria","No cases",">=1 case","No cases","No cases","No cases","No cases","No cases",">=1 case","No cases","No cases"
"42","023","42023","PA","Pennsylvania","Cameron","No cases","No cases","No cases","No cases","No cases","No cases","No cases","No cases","No cases","No cases"
"42","025","42025","PA","Pennsylvania","Carbon","No cases","No cases","No cases","No cases","No cases",">=1 case","No cases","No cases","No cases",">=1 case"
"42","027","42027","PA","Pennsylvania","Centre","No cases","No cases",">=1 case","No cases","No cases","No cases","No cases","No cases",">=1 case",">=1 case"
"42","029","42029","PA","Pennsylvania","Chester",">=1 case",">=1 case","No cases",">=1 case","No cases",">=1 case",">=1 case",">=1 case",">=1 case",">=1 case"
"42","031","42031","PA","Pennsylvania","Clarion","No cases","No cases","No cases","No cases","No cases","No cases","No cases","No cases","No cases","No cases"
"42","033","42033","PA","Pennsylvania","Clearfield","No cases","No cases","No cases","No cases","No cases","No cases","No cases","No cases","No cases",">=1 case"
"42","035","42035","PA","Pennsylvania","Clinton","No cases",">=1 case","No cases","No cases","No cases","No cases","No cases","No cases","No cases","No cases"
"42","037","42037","PA","Pennsylvania","Columbia","No cases","No cases","No cases","No cases","No cases","No cases","No cases",">=1 case","No cases",">=1 case"
"42","039","42039","PA","Pennsylvania","Crawford","No cases","No cases","No cases","No cases","No cases","No cases","No cases","No cases","No cases","No cases"
"42","041","42041","PA","Pennsylvania","Cumberland",">=1 case","No cases","No cases","No cases","No cases","No cases","No cases",">=1 case",">=1 case",">=1 case"
"42","043","42043","PA","Pennsylvania","Dauphin","No cases",">=1 case",">=1 case",">=1 case",">=1 case","No cases",">=1 case",">=1 case",">=1 case",">=1 case"
"42","045","42045","PA","Pennsylvania","Delaware",">=1 case",">=1 case",">=1 case",">=1 case",">=1 case",">=1 case",">=1 case",">=1 case",">=1 case",">=1 case"
"42","047","42047","PA","Pennsylvania","Elk","No cases","No cases","No cases","No cases","No cases","No cases","No cases","No cases","No cases","No cases"
"42","049","42049","PA","Pennsylvania","Erie",">=1 case","No cases","No cases","No cases",">=1 case",">=1 case",">=1 case",">=1 case",">=1 case",">=1 case"
"42","051","42051","PA","Pennsylvania","Fayette","No cases","No cases","No cases",">=1 case","No cases","No cases",">=1 case","No cases","No cases",">=1 case"
"42","053","42053","PA","Pennsylvania","Forest","No cases","No cases","No cases","No cases","No cases","No cases","No cases","No cases","No cases","No cases"
"42","055","42055","PA","Pennsylvania","Franklin","No cases","No cases","No cases","No cases","No cases",">=1 case",">=1 case",">=1 case",">=1 case",">=1 case"
"42","057","42057","PA","Pennsylvania","Fulton","No cases","No cases","No cases","No cases","No cases","No cases","No cases","No cases","No cases","No cases"
"42","059","42059","PA","Pennsylvania","Greene","No cases","No cases","No cases","No cases","No cases","No cases","No cases",">=1 case","No cases","No cases"
"42","061","42061","PA","Pennsylvania","Huntingdon","No cases","No cases","No cases","No cases","No cases","No cases","No cases","No cases","No cases","No cases"
"42","063","42063","PA","Pennsylvania","Indiana","No cases","No cases","No cases","No cases","No cases","No cases","No cases",">=1 case","No cases","No cases"
"42","065","42065","PA","Pennsylvania","Jefferson","No cases","No cases","No cases","No cases",">=1 case","No cases","No cases","No cases","No cases","No cases"
"42","067","42067","PA","Pennsylvania","Juniata","No cases","No cases","No cases","No cases","No cases","No cases","No cases","No cases","No cases","No cases"
"42","069","42069","PA","Pennsylvania","Lackawanna",">=1 case",">=1 case",">=1 case",">=1 case",">=1 case",">=1 case",">=1 case","No cases",">=1 case",">=1 case"
"42","071","42071","PA","Pennsylvania","Lancaster",">=1 case",">=1 case",">=1 case",">=1 case","No cases",">=1 case",">=1 case",">=1 case",">=1 case",">=1 case"
"42","073","42073","PA","Pennsylvania","Lawrence","No cases","No cases","No cases","No cases",">=1 case","No cases","No cases","No cases",">=1 case",">=1 case"
"42","075","42075","PA","Pennsylvania","Lebanon","No cases","No cases","No cases",">=1 case","No cases","No cases",">=1 case",">=1 case",">=1 case",">=1 case"
"42","077","42077","PA","Pennsylvania","Lehigh",">=1 case",">=1 case",">=1 case","No cases",">=1 case",">=1 case",">=1 case",">=1 case",">=1 case",">=1 case"
"42","079","42079","PA","Pennsylvania","Luzerne",">=1 case","No cases",">=1 case",">=1 case",">=1 case",">=1 case",">=1 case",">=1 case",">=1 case",">=1 case"
"42","081","42081","PA","Pennsylvania","Lycoming","No cases","No cases","No cases",">=1 case","No cases",">=1 case",">=1 case","No cases",">=1 case",">=1 case"
"42","083","42083","PA","Pennsylvania","McKean","No cases","No cases","No cases","No cases","No cases","No cases","No cases","No cases","No cases","No cases"
"42","085","42085","PA","Pennsylvania","Mercer","No cases","No cases",">=1 case","No cases","No cases","No cases","No cases",">=1 case",">=1 case","No cases"
"42","087","42087","PA","Pennsylvania","Mifflin","No cases","No cases","No cases","No cases","No cases","No cases","No cases","No cases","No cases","No cases"
"42","089","42089","PA","Pennsylvania","Monroe",">=1 case",">=1 case","No cases","No cases","No cases",">=1 case","No cases",">=1 case",">=1 case",">=1 case"
"42","091","42091","PA","Pennsylvania","Montgomery",">=1 case",">=1 case",">=1 case",">=1 case",">=1 case",">=1 case",">=1 case",">=1 case",">=1 case",">=1 case"
"42","093","42093","PA","Pennsylvania","Montour","No cases","No cases","No cases","No cases","No cases","No cases","No cases","No cases","No cases",">=1 case"
"42","095","42095","PA","Pennsylvania","Northampton",">=1 case",">=1 case",">=1 case",">=1 case",">=1 case",">=1 case",">=1 case",">=1 case",">=1 case",">=1 case"
"42","097","42097","PA","Pennsylvania","Northumberland","No cases","No cases","No cases","No cases","No cases","No cases",">=1 case",">=1 case",">=1 case",">=1 case"
"42","099","42099","PA","Pennsylvania","Perry","No cases","No cases","No cases","No cases","No cases","No cases","No cases","No cases","No cases","No cases"
"42","101","42101","PA","Pennsylvania","Philadelphia",">=1 case",">=1 case",">=1 case",">=1 case",">=1 case",">=1 case",">=1 case",">=1 case",">=1 case",">=1 case"
"42","103","42103","PA","Pennsylvania","Pike","No cases","No cases","No cases","No cases","No cases","No cases","No cases","No cases","No cases","No cases"
"42","105","42105","PA","Pennsylvania","Potter","No cases","No cases","No cases","No cases","No cases","No cases","No cases","No cases","No cases","No cases"
"42","107","42107","PA","Pennsylvania","Schuylkill","No cases","No cases","No cases","No cases","No cases",">=1 case","No cases",">=1 case","No cases","No cases"
"42","109","42109","PA","Pennsylvania","Snyder",">=1 case","No cases","No cases","No cases","No cases","No cases","No cases","No cases","No cases",">=1 case"
"42","111","42111","PA","Pennsylvania","Somerset","No cases","No cases","No cases","No cases","No cases","No cases","No cases","No cases","No cases","No cases"
"42","113","42113","PA","Pennsylvania","Sullivan","No cases","No cases","No cases","No cases","No cases","No cases","No cases","No cases","No cases","No cases"
"42","115","42115","PA","Pennsylvania","Susquehanna","No cases","No cases","No cases","No cases","No cases","No cases","No cases","No cases","No cases",">=1 case"
"42","117","42117","PA","Pennsylvania","Tioga","No cases","No cases","No cases","No cases","No cases","No cases","No cases","No cases","No cases","No cases"
"42","119","42119","PA","Pennsylvania","Union","No cases","No cases","No cases","No cases","No cases","No cases","No cases",">=1 case","No cases","No cases"
"42","121","42121","PA","Pennsylvania","Venango","No cases","No cases","No cases","No cases","No cases","No cases","No cases","No cases","No cases","No cases"
"42","123","42123","PA","Pennsylvania","Warren","No cases","No cases","No cases","No cases","No cases","No cases","No cases","No cases","No cases","No cases"
"42","125","42125","PA","Pennsylvania","Washington","No cases",">=1 case","No cases","No cases","No cases",">=1 case",">=1 case",">=1 case",">=1 case",">=1 case"
"42","127","42127","PA","Pennsylvania","Wayne","No cases","No cases","No cases","No cases","No cases","No cases","No cases","No cases",">=1 case","No cases"
"42","129","42129","PA","Pennsylvania","Westmoreland",">=1 case","No cases","No cases","No cases","No cases",">=1 case",">=1 case","No cases",">=1 case","No cases"
"42","131","42131","PA","Pennsylvania","Wyoming","No cases","No cases",">=1 case","No cases","No cases","No cases","No cases","No cases","No cases","No cases"
"42","133","42133","PA","Pennsylvania","York",">=1 case",">=1 case",">=1 case",">=1 case",">=1 case",">=1 case",">=1 case",">=1 case",">=1 case",">=1 case"
"44","001","44001","RI","Rhode Island","Bristol","No cases","No cases","No cases","No cases","No cases","No cases","No cases",">=1 case",">=1 case","No cases"
"44","003","44003","RI","Rhode Island","Kent","No cases","No cases","No cases",">=1 case",">=1 case","No cases","No cases",">=1 case",">=1 case",">=1 case"
"44","005","44005","RI","Rhode Island","Newport","No cases","No cases",">=1 case","No cases",">=1 case","No cases","No cases",">=1 case",">=1 case",">=1 case"
"44","007","44007","RI","Rhode Island","Providence",">=1 case",">=1 case",">=1 case",">=1 case",">=1 case",">=1 case",">=1 case",">=1 case",">=1 case",">=1 case"
"44","009","44009","RI","Rhode Island","Washington","No cases","No cases","No cases","No cases","No cases","No cases",">=1 case","No cases",">=1 case",">=1 case"
"45","001","45001","SC","South Carolina","Abbeville","No cases","No cases","No cases",">=1 case",">=1 case",">=1 case",">=1 case","No cases",">=1 case","No cases"
"45","003","45003","SC","South Carolina","Aiken",">=1 case",">=1 case",">=1 case",">=1 case",">=1 case",">=1 case",">=1 case",">=1 case",">=1 case",">=1 case"
"45","005","45005","SC","South Carolina","Allendale","No cases","No cases","No cases","No cases",">=1 case","No cases","No cases","No cases","No cases","No cases"
"45","007","45007","SC","South Carolina","Anderson",">=1 case","No cases",">=1 case",">=1 case",">=1 case",">=1 case",">=1 case",">=1 case",">=1 case",">=1 case"
"45","009","45009","SC","South Carolina","Bamberg","No cases","No cases",">=1 case",">=1 case","No cases","No cases","No cases","No cases",">=1 case","No cases"
"45","011","45011","SC","South Carolina","Barnwell","No cases","No cases","No cases",">=1 case","No cases",">=1 case","No cases",">=1 case","No cases",">=1 case"
"45","013","45013","SC","South Carolina","Beaufort",">=1 case","No cases",">=1 case","No cases",">=1 case",">=1 case",">=1 case","No cases",">=1 case",">=1 case"
"45","015","45015","SC","South Carolina","Berkeley",">=1 case",">=1 case",">=1 case",">=1 case",">=1 case",">=1 case",">=1 case",">=1 case",">=1 case",">=1 case"
"45","017","45017","SC","South Carolina","Calhoun","No cases","No cases","No cases","No cases","No cases","No cases","No cases",">=1 case",">=1 case","No cases"
"45","019","45019","SC","South Carolina","Charleston",">=1 case",">=1 case",">=1 case",">=1 case",">=1 case",">=1 case",">=1 case",">=1 case",">=1 case",">=1 case"
"45","021","45021","SC","South Carolina","Cherokee",">=1 case",">=1 case","No cases",">=1 case","No cases","No cases","No cases",">=1 case",">=1 case",">=1 case"
"45","023","45023","SC","South Carolina","Chester","No cases",">=1 case",">=1 case",">=1 case",">=1 case","No cases",">=1 case",">=1 case","No cases",">=1 case"
"45","025","45025","SC","South Carolina","Chesterfield","No cases","No cases",">=1 case","No cases","No cases","No cases",">=1 case","No cases",">=1 case",">=1 case"
"45","027","45027","SC","South Carolina","Clarendon",">=1 case",">=1 case",">=1 case","No cases","No cases",">=1 case","No cases",">=1 case","No cases","No cases"
"45","029","45029","SC","South Carolina","Colleton",">=1 case","No cases",">=1 case","No cases",">=1 case",">=1 case",">=1 case","No cases","No cases","No cases"
"45","031","45031","SC","South Carolina","Darlington",">=1 case",">=1 case",">=1 case","No cases",">=1 case",">=1 case",">=1 case",">=1 case",">=1 case",">=1 case"
"45","033","45033","SC","South Carolina","Dillon","No cases",">=1 case",">=1 case",">=1 case",">=1 case",">=1 case","No cases",">=1 case",">=1 case",">=1 case"
"45","035","45035","SC","South Carolina","Dorchester",">=1 case","No cases","No cases","No cases",">=1 case",">=1 case",">=1 case",">=1 case",">=1 case",">=1 case"
"45","037","45037","SC","South Carolina","Edgefield","No cases","No cases","No cases","No cases","No cases","No cases",">=1 case",">=1 case",">=1 case",">=1 case"
"45","039","45039","SC","South Carolina","Fairfield","No cases","No cases","No cases",">=1 case",">=1 case",">=1 case","No cases",">=1 case","No cases",">=1 case"
"45","041","45041","SC","South Carolina","Florence","No cases",">=1 case",">=1 case",">=1 case",">=1 case",">=1 case",">=1 case",">=1 case",">=1 case",">=1 case"
"45","043","45043","SC","South Carolina","Georgetown","No cases","No cases","No cases","No cases","No cases","No cases",">=1 case",">=1 case",">=1 case",">=1 case"
"45","045","45045","SC","South Carolina","Greenville",">=1 case",">=1 case",">=1 case",">=1 case",">=1 case",">=1 case",">=1 case",">=1 case",">=1 case",">=1 case"
"45","047","45047","SC","South Carolina","Greenwood",">=1 case",">=1 case",">=1 case",">=1 case",">=1 case",">=1 case",">=1 case",">=1 case",">=1 case",">=1 case"
"45","049","45049","SC","South Carolina","Hampton",">=1 case",">=1 case","No cases",">=1 case","No cases","No cases",">=1 case",">=1 case","No cases","No cases"
"45","051","45051","SC","South Carolina","Horry",">=1 case",">=1 case",">=1 case",">=1 case",">=1 case",">=1 case",">=1 case",">=1 case",">=1 case",">=1 case"
"45","053","45053","SC","South Carolina","Jasper",">=1 case",">=1 case","No cases","No cases","No cases",">=1 case","No cases","No cases","No cases","No cases"
"45","055","45055","SC","South Carolina","Kershaw","No cases",">=1 case",">=1 case",">=1 case",">=1 case","No cases",">=1 case",">=1 case",">=1 case",">=1 case"
"45","057","45057","SC","South Carolina","Lancaster",">=1 case","No cases",">=1 case","No cases","No cases",">=1 case",">=1 case","No cases",">=1 case","No cases"
"45","059","45059","SC","South Carolina","Laurens","No cases","No cases","No cases",">=1 case","No cases",">=1 case",">=1 case","No cases",">=1 case",">=1 case"
"45","061","45061","SC","South Carolina","Lee","No cases",">=1 case",">=1 case",">=1 case",">=1 case",">=1 case","No cases",">=1 case",">=1 case",">=1 case"
"45","063","45063","SC","South Carolina","Lexington",">=1 case",">=1 case",">=1 case",">=1 case",">=1 case",">=1 case",">=1 case",">=1 case",">=1 case",">=1 case"
"45","065","45065","SC","South Carolina","McCormick","No cases","No cases","No cases","No cases","No cases","No cases","No cases",">=1 case","No cases","No cases"
"45","067","45067","SC","South Carolina","Marion","No cases",">=1 case","No cases","No cases","No cases",">=1 case",">=1 case",">=1 case",">=1 case","No cases"
"45","069","45069","SC","South Carolina","Marlboro",">=1 case","No cases",">=1 case",">=1 case","No cases",">=1 case",">=1 case",">=1 case",">=1 case",">=1 case"
"45","071","45071","SC","South Carolina","Newberry",">=1 case","No cases",">=1 case",">=1 case",">=1 case","No cases",">=1 case","No cases",">=1 case","No cases"
"45","073","45073","SC","South Carolina","Oconee",">=1 case","No cases","No cases",">=1 case","No cases","No cases",">=1 case",">=1 case",">=1 case",">=1 case"
"45","075","45075","SC","South Carolina","Orangeburg","No cases",">=1 case",">=1 case",">=1 case",">=1 case",">=1 case",">=1 case",">=1 case",">=1 case",">=1 case"
"45","077","45077","SC","South Carolina","Pickens",">=1 case","No cases","No cases",">=1 case",">=1 case",">=1 case",">=1 case",">=1 case",">=1 case",">=1 case"
"45","079","45079","SC","South Carolina","Richland",">=1 case",">=1 case",">=1 case",">=1 case",">=1 case",">=1 case",">=1 case",">=1 case",">=1 case",">=1 case"
"45","081","45081","SC","South Carolina","Saluda","No cases",">=1 case",">=1 case","No cases","No cases",">=1 case","No cases","No cases","No cases",">=1 case"
"45","083","45083","SC","South Carolina","Spartanburg",">=1 case",">=1 case",">=1 case",">=1 case",">=1 case",">=1 case",">=1 case",">=1 case",">=1 case",">=1 case"
"45","085","45085","SC","South Carolina","Sumter",">=1 case",">=1 case",">=1 case",">=1 case",">=1 case",">=1 case",">=1 case",">=1 case",">=1 case",">=1 case"
"45","087","45087","SC","South Carolina","Union","No cases",">=1 case","No cases",">=1 case","No cases","No cases","No cases","No cases","No cases","No cases"
"45","089","45089","SC","South Carolina","Williamsburg","No cases","No cases","No cases",">=1 case","No cases",">=1 case",">=1 case",">=1 case",">=1 case",">=1 case"
"45","091","45091","SC","South Carolina","York",">=1 case",">=1 case",">=1 case",">=1 case",">=1 case","No cases",">=1 case",">=1 case",">=1 case",">=1 case"
"46","003","46003","SD","South Dakota","Aurora","No cases","No cases","No cases","No cases","No cases","No cases","No cases","No cases","No cases",">=1 case"
"46","005","46005","SD","South Dakota","Beadle",">=1 case","No cases","No cases","No cases","No cases","No cases","No cases","No cases","No cases","No cases"
"46","007","46007","SD","South Dakota","Bennett","No cases","No cases","No cases","No cases","No cases","No cases","No cases","No cases","No cases","No cases"
"46","009","46009","SD","South Dakota","Bon Homme","No cases","No cases","No cases","No cases","No cases","No cases","No cases","No cases","No cases","No cases"
"46","011","46011","SD","South Dakota","Brookings","No cases","No cases","No cases","No cases","No cases","No cases",">=1 case","No cases","No cases",">=1 case"
"46","013","46013","SD","South Dakota","Brown","No cases","No cases",">=1 case","No cases","No cases","No cases","No cases","No cases","No cases","No cases"
"46","015","46015","SD","South Dakota","Brule","No cases","No cases","No cases","No cases","No cases","No cases","No cases","No cases","No cases",">=1 case"
"46","017","46017","SD","South Dakota","Buffalo","No cases","No cases","No cases","No cases","No cases","No cases","No cases","No cases","No cases","No cases"
"46","019","46019","SD","South Dakota","Butte","No cases","No cases","No cases","No cases","No cases","No cases","No cases","No cases","No cases","No cases"
"46","021","46021","SD","South Dakota","Campbell","No cases","No cases","No cases","No cases","No cases","No cases","No cases","No cases","No cases","No cases"
"46","023","46023","SD","South Dakota","Charles Mix","No cases",">=1 case","No cases","No cases",">=1 case","No cases","No cases","No cases","No cases","No cases"
"46","025","46025","SD","South Dakota","Clark","No cases","No cases","No cases","No cases","No cases","No cases","No cases","No cases","No cases","No cases"
"46","027","46027","SD","South Dakota","Clay","No cases","No cases","No cases","No cases",">=1 case","No cases","No cases","No cases","No cases","No cases"
"46","029","46029","SD","South Dakota","Codington","No cases","No cases","No cases",">=1 case","No cases","No cases","No cases","No cases","No cases","No cases"
"46","031","46031","SD","South Dakota","Corson","No cases","No cases","No cases",">=1 case",">=1 case",">=1 case",">=1 case",">=1 case",">=1 case",">=1 case"
"46","033","46033","SD","South Dakota","Custer","No cases","No cases","No cases","No cases","No cases","No cases","No cases","No cases","No cases","No cases"
"46","035","46035","SD","South Dakota","Davison","No cases","No cases","No cases",">=1 case",">=1 case","No cases","No cases","No cases","No cases","No cases"
"46","037","46037","SD","South Dakota","Day","No cases","No cases","No cases","No cases","No cases","No cases","No cases","No cases","No cases","No cases"
"46","039","46039","SD","South Dakota","Deuel","No cases","No cases","No cases","No cases","No cases","No cases","No cases","No cases","No cases","No cases"
"46","041","46041","SD","South Dakota","Dewey","No cases","No cases","No cases","No cases",">=1 case",">=1 case",">=1 case","No cases","No cases","No cases"
"46","043","46043","SD","South Dakota","Douglas","No cases","No cases","No cases","No cases","No cases","No cases","No cases","No cases","No cases","No cases"
"46","045","46045","SD","South Dakota","Edmunds","No cases","No cases","No cases","No cases","No cases","No cases","No cases","No cases","No cases","No cases"
"46","047","46047","SD","South Dakota","Fall River","No cases","No cases","No cases","No cases","No cases","No cases","No cases","No cases","No cases","No cases"
"46","049","46049","SD","South Dakota","Faulk","No cases","No cases","No cases","No cases","No cases","No cases","No cases","No cases","No cases","No cases"
"46","051","46051","SD","South Dakota","Grant","No cases","No cases","No cases","No cases","No cases","No cases","No cases","No cases","No cases","No cases"
"46","053","46053","SD","South Dakota","Gregory","No cases","No cases","No cases","No cases","No cases","No cases","No cases","No cases","No cases","No cases"
"46","055","46055","SD","South Dakota","Haakon","No cases","No cases","No cases","No cases","No cases","No cases","No cases","No cases","No cases","No cases"
"46","057","46057","SD","South Dakota","Hamlin","No cases","No cases",">=1 case","No cases","No cases","No cases","No cases","No cases","No cases","No cases"
"46","059","46059","SD","South Dakota","Hand","No cases","No cases","No cases","No cases","No cases","No cases","No cases","No cases","No cases","No cases"
"46","061","46061","SD","South Dakota","Hanson","No cases","No cases","No cases","No cases","No cases","No cases","No cases","No cases","No cases","No cases"
"46","063","46063","SD","South Dakota","Harding","No cases","No cases","No cases","No cases","No cases","No cases","No cases","No cases","No cases","No cases"
"46","065","46065","SD","South Dakota","Hughes","No cases","No cases","No cases","No cases","No cases","No cases","No cases","No cases","No cases",">=1 case"
"46","067","46067","SD","South Dakota","Hutchinson","No cases","No cases","No cases","No cases","No cases","No cases","No cases",">=1 case","No cases","No cases"
"46","069","46069","SD","South Dakota","Hyde","No cases","No cases","No cases","No cases","No cases","No cases","No cases","No cases","No cases","No cases"
"46","071","46071","SD","South Dakota","Jackson","No cases","No cases","No cases","No cases","No cases","No cases","No cases","No cases",">=1 case","No cases"
"46","073","46073","SD","South Dakota","Jerauld","No cases","No cases","No cases","No cases","No cases","No cases","No cases","No cases","No cases","No cases"
"46","075","46075","SD","South Dakota","Jones","No cases","No cases","No cases","No cases","No cases","No cases","No cases","No cases","No cases","No cases"
"46","077","46077","SD","South Dakota","Kingsbury","No cases","No cases","No cases","No cases","No cases","No cases","No cases","No cases","No cases","No cases"
"46","079","46079","SD","South Dakota","Lake","No cases","No cases","No cases","No cases","No cases","No cases","No cases","No cases","No cases","No cases"
"46","081","46081","SD","South Dakota","Lawrence","No cases","No cases","No cases","No cases","No cases","No cases","No cases","No cases","No cases",">=1 case"
"46","083","46083","SD","South Dakota","Lincoln","No cases","No cases","No cases","No cases",">=1 case","No cases","No cases","No cases","No cases","No cases"
"46","085","46085","SD","South Dakota","Lyman","No cases","No cases","No cases","No cases","No cases","No cases","No cases","No cases","No cases","No cases"
"46","087","46087","SD","South Dakota","McCook","No cases","No cases","No cases","No cases","No cases","No cases","No cases","No cases","No cases","No cases"
"46","089","46089","SD","South Dakota","McPherson","No cases","No cases","No cases","No cases","No cases","No cases","No cases","No cases","No cases","No cases"
"46","091","46091","SD","South Dakota","Marshall","No cases","No cases","No cases","No cases","No cases","No cases","No cases","No cases","No cases","No cases"
"46","093","46093","SD","South Dakota","Meade","No cases","No cases","No cases","No cases","No cases","No cases","No cases","No cases","No cases","No cases"
"46","095","46095","SD","South Dakota","Mellette","No cases","No cases","No cases","No cases","No cases","No cases","No cases","No cases","No cases","No cases"
"46","097","46097","SD","South Dakota","Miner","No cases","No cases","No cases","No cases","No cases","No cases","No cases","No cases","No cases","No cases"
"46","099","46099","SD","South Dakota","Minnehaha",">=1 case",">=1 case",">=1 case",">=1 case",">=1 case",">=1 case",">=1 case",">=1 case",">=1 case",">=1 case"
"46","101","46101","SD","South Dakota","Moody","No cases","No cases","No cases","No cases","No cases","No cases","No cases","No cases","No cases","No cases"
"46","102","46102","SD","South Dakota","Oglala Lakota","No cases","No cases","No cases",">=1 case","No cases","No cases","No cases","No cases","No cases","No cases"
"46","103","46103","SD","South Dakota","Pennington","No cases","No cases","No cases",">=1 case",">=1 case","No cases","No cases","No cases","No cases",">=1 case"
"46","105","46105","SD","South Dakota","Perkins","No cases","No cases","No cases","No cases","No cases","No cases","No cases","No cases",">=1 case",">=1 case"
"46","107","46107","SD","South Dakota","Potter","No cases","No cases","No cases","No cases","No cases","No cases","No cases","No cases","No cases","No cases"
"46","109","46109","SD","South Dakota","Roberts","No cases","No cases","No cases","No cases","No cases",">=1 case",">=1 case","No cases","No cases","No cases"
"46","111","46111","SD","South Dakota","Sanborn","No cases","No cases","No cases","No cases","No cases","No cases","No cases","No cases","No cases","No cases"
"46","115","46115","SD","South Dakota","Spink","No cases","No cases","No cases","No cases","No cases","No cases","No cases","No cases","No cases","No cases"
"46","117","46117","SD","South Dakota","Stanley","No cases","No cases","No cases","No cases","No cases","No cases","No cases","No cases","No cases","No cases"
"46","119","46119","SD","South Dakota","Sully","No cases","No cases","No cases","No cases","No cases","No cases","No cases","No cases","No cases","No cases"
"46","121","46121","SD","South Dakota","Todd","No cases","No cases","No cases",">=1 case","No cases","No cases","No cases","No cases",">=1 case",">=1 case"
"46","123","46123","SD","South Dakota","Tripp","No cases","No cases","No cases","No cases","No cases","No cases","No cases","No cases","No cases","No cases"
"46","125","46125","SD","South Dakota","Turner","No cases","No cases","No cases","No cases","No cases","No cases","No cases","No cases","No cases","No cases"
"46","127","46127","SD","South Dakota","Union","No cases","No cases","No cases","No cases","No cases","No cases","No cases","No cases","No cases","No cases"
"46","129","46129","SD","South Dakota","Walworth","No cases","No cases","No cases",">=1 case",">=1 case","No cases","No cases","No cases","No cases","No cases"
"46","135","46135","SD","South Dakota","Yankton","No cases","No cases","No cases","No cases","No cases","No cases","No cases",">=1 case",">=1 case","No cases"
"46","137","46137","SD","South Dakota","Ziebach","No cases","No cases","No cases","No cases","No cases",">=1 case","No cases","No cases","No cases","No cases"
"47","001","47001","TN","Tennessee","Anderson","No cases",">=1 case","No cases","No cases",">=1 case","No cases",">=1 case",">=1 case","No cases",">=1 case"
"47","003","47003","TN","Tennessee","Bedford","No cases","No cases","No cases","No cases","No cases","No cases",">=1 case","No cases","No cases",">=1 case"
"47","005","47005","TN","Tennessee","Benton","No cases","No cases","No cases","No cases","No cases","No cases","No cases","No cases","No cases",">=1 case"
"47","007","47007","TN","Tennessee","Bledsoe","No cases","No cases","No cases","No cases","No cases","No cases",">=1 case",">=1 case","No cases",">=1 case"
"47","009","47009","TN","Tennessee","Blount","No cases",">=1 case","No cases",">=1 case","No cases","No cases",">=1 case",">=1 case",">=1 case",">=1 case"
"47","011","47011","TN","Tennessee","Bradley",">=1 case",">=1 case",">=1 case",">=1 case",">=1 case","No cases",">=1 case",">=1 case","No cases","No cases"
"47","013","47013","TN","Tennessee","Campbell","No cases","No cases","No cases","No cases",">=1 case","No cases","No cases","No cases","No cases","No cases"
"47","015","47015","TN","Tennessee","Cannon","No cases","No cases","No cases","No cases","No cases","No cases","No cases","No cases","No cases","No cases"
"47","017","47017","TN","Tennessee","Carroll","No cases","No cases","No cases","No cases","No cases","No cases","No cases","No cases","No cases","No cases"
"47","019","47019","TN","Tennessee","Carter","No cases","No cases","No cases","No cases","No cases","No cases","No cases","No cases","No cases",">=1 case"
"47","021","47021","TN","Tennessee","Cheatham",">=1 case","No cases","No cases","No cases","No cases",">=1 case",">=1 case","No cases",">=1 case","No cases"
"47","023","47023","TN","Tennessee","Chester","No cases","No cases","No cases","No cases","No cases","No cases",">=1 case","No cases","No cases",">=1 case"
"47","025","47025","TN","Tennessee","Claiborne","No cases","No cases","No cases","No cases","No cases","No cases","No cases","No cases","No cases","No cases"
"47","027","47027","TN","Tennessee","Clay","No cases","No cases","No cases","No cases","No cases","No cases","No cases","No cases","No cases","No cases"
"47","029","47029","TN","Tennessee","Cocke","No cases","No cases","No cases","No cases","No cases","No cases","No cases","No cases",">=1 case","No cases"
"47","031","47031","TN","Tennessee","Coffee","No cases",">=1 case","No cases","No cases","No cases","No cases",">=1 case","No cases","No cases",">=1 case"
"47","033","47033","TN","Tennessee","Crockett","No cases","No cases","No cases","No cases","No cases","No cases","No cases","No cases","No cases","No cases"
"47","035","47035","TN","Tennessee","Cumberland","No cases","No cases","No cases",">=1 case",">=1 case",">=1 case",">=1 case","No cases",">=1 case",">=1 case"
"47","037","47037","TN","Tennessee","Davidson",">=1 case",">=1 case",">=1 case",">=1 case",">=1 case",">=1 case",">=1 case",">=1 case",">=1 case",">=1 case"
"47","039","47039","TN","Tennessee","Decatur","No cases","No cases","No cases","No cases","No cases","No cases","No cases","No cases","No cases","No cases"
"47","041","47041","TN","Tennessee","DeKalb","No cases","No cases","No cases","No cases","No cases","No cases","No cases",">=1 case",">=1 case","No cases"
"47","043","47043","TN","Tennessee","Dickson",">=1 case","No cases","No cases","No cases","No cases",">=1 case",">=1 case","No cases",">=1 case",">=1 case"
"47","045","47045","TN","Tennessee","Dyer",">=1 case","No cases","No cases","No cases",">=1 case","No cases","No cases","No cases",">=1 case",">=1 case"
"47","047","47047","TN","Tennessee","Fayette","No cases",">=1 case","No cases","No cases","No cases",">=1 case","No cases","No cases",">=1 case","No cases"
"47","049","47049","TN","Tennessee","Fentress","No cases","No cases","No cases","No cases","No cases","No cases","No cases","No cases","No cases","No cases"
"47","051","47051","TN","Tennessee","Franklin","No cases","No cases","No cases",">=1 case",">=1 case","No cases",">=1 case",">=1 case","No cases",">=1 case"
"47","053","47053","TN","Tennessee","Gibson","No cases","No cases","No cases","No cases","No cases",">=1 case","No cases","No cases","No cases",">=1 case"
"47","055","47055","TN","Tennessee","Giles","No cases","No cases",">=1 case","No cases","No cases",">=1 case","No cases","No cases","No cases",">=1 case"
"47","057","47057","TN","Tennessee","Grainger","No cases","No cases","No cases","No cases","No cases","No cases",">=1 case","No cases","No cases","No cases"
"47","059","47059","TN","Tennessee","Greene","No cases","No cases","No cases","No cases","No cases",">=1 case","No cases",">=1 case","No cases",">=1 case"
"47","061","47061","TN","Tennessee","Grundy","No cases","No cases","No cases","No cases","No cases","No cases","No cases",">=1 case","No cases","No cases"
"47","063","47063","TN","Tennessee","Hamblen","No cases","No cases","No cases","No cases","No cases",">=1 case","No cases",">=1 case",">=1 case",">=1 case"
"47","065","47065","TN","Tennessee","Hamilton",">=1 case",">=1 case",">=1 case",">=1 case",">=1 case",">=1 case",">=1 case",">=1 case",">=1 case",">=1 case"
"47","067","47067","TN","Tennessee","Hancock","No cases",">=1 case","No cases","No cases","No cases","No cases","No cases","No cases","No cases","No cases"
"47","069","47069","TN","Tennessee","Hardeman","No cases",">=1 case","No cases","No cases",">=1 case","No cases",">=1 case","No cases","No cases",">=1 case"
"47","071","47071","TN","Tennessee","Hardin","No cases","No cases","No cases","No cases","No cases","No cases",">=1 case","No cases",">=1 case",">=1 case"
"47","073","47073","TN","Tennessee","Hawkins","No cases",">=1 case",">=1 case","No cases","No cases","No cases","No cases",">=1 case","No cases","No cases"
"47","075","47075","TN","Tennessee","Haywood","No cases","No cases","No cases",">=1 case",">=1 case","No cases","No cases","No cases",">=1 case","No cases"
"47","077","47077","TN","Tennessee","Henderson","No cases","No cases","No cases","No cases",">=1 case","No cases","No cases","No cases",">=1 case",">=1 case"
"47","079","47079","TN","Tennessee","Henry","No cases","No cases","No cases","No cases","No cases","No cases","No cases","No cases",">=1 case",">=1 case"
"47","081","47081","TN","Tennessee","Hickman","No cases","No cases","No cases","No cases","No cases","No cases","No cases","No cases","No cases",">=1 case"
"47","083","47083","TN","Tennessee","Houston",">=1 case","No cases","No cases","No cases","No cases","No cases","No cases","No cases","No cases","No cases"
"47","085","47085","TN","Tennessee","Humphreys","No cases","No cases","No cases","No cases","No cases","No cases","No cases","No cases","No cases","No cases"
"47","087","47087","TN","Tennessee","Jackson","No cases","No cases","No cases","No cases","No cases","No cases","No cases",">=1 case","No cases","No cases"
"47","089","47089","TN","Tennessee","Jefferson","No cases","No cases","No cases","No cases",">=1 case","No cases",">=1 case","No cases",">=1 case",">=1 case"
"47","091","47091","TN","Tennessee","Johnson","No cases","No cases","No cases","No cases","No cases","No cases","No cases","No cases","No cases","No cases"
"47","093","47093","TN","Tennessee","Knox",">=1 case",">=1 case",">=1 case",">=1 case",">=1 case",">=1 case",">=1 case",">=1 case",">=1 case",">=1 case"
"47","095","47095","TN","Tennessee","Lake","No cases","No cases",">=1 case","No cases","No cases","No cases","No cases","No cases","No cases","No cases"
"47","097","47097","TN","Tennessee","Lauderdale",">=1 case",">=1 case","No cases","No cases",">=1 case",">=1 case","No cases",">=1 case","No cases","No cases"
"47","099","47099","TN","Tennessee","Lawrence","No cases","No cases",">=1 case","No cases","No cases","No cases","No cases","No cases","No cases","No cases"
"47","101","47101","TN","Tennessee","Lewis",">=1 case","No cases","No cases","No cases","No cases","No cases","No cases",">=1 case",">=1 case",">=1 case"
"47","103","47103","TN","Tennessee","Lincoln",">=1 case","No cases",">=1 case",">=1 case","No cases",">=1 case","No cases","No cases","No cases",">=1 case"
"47","105","47105","TN","Tennessee","Loudon","No cases","No cases","No cases","No cases","No cases","No cases",">=1 case","No cases","No cases",">=1 case"
"47","107","47107","TN","Tennessee","McMinn","No cases","No cases","No cases","No cases","No cases",">=1 case","No cases","No cases","No cases","No cases"
"47","109","47109","TN","Tennessee","McNairy","No cases","No cases",">=1 case","No cases","No cases","No cases","No cases","No cases","No cases",">=1 case"
"47","111","47111","TN","Tennessee","Macon","No cases","No cases","No cases","No cases","No cases","No cases","No cases","No cases","No cases",">=1 case"
"47","113","47113","TN","Tennessee","Madison",">=1 case",">=1 case",">=1 case",">=1 case",">=1 case",">=1 case",">=1 case",">=1 case",">=1 case",">=1 case"
"47","115","47115","TN","Tennessee","Marion","No cases","No cases","No cases",">=1 case","No cases",">=1 case","No cases",">=1 case",">=1 case",">=1 case"
"47","117","47117","TN","Tennessee","Marshall","No cases","No cases",">=1 case","No cases","No cases","No cases","No cases",">=1 case",">=1 case",">=1 case"
"47","119","47119","TN","Tennessee","Maury",">=1 case","No cases",">=1 case","No cases",">=1 case","No cases",">=1 case",">=1 case",">=1 case",">=1 case"
"47","121","47121","TN","Tennessee","Meigs","No cases","No cases","No cases","No cases","No cases","No cases","No cases","No cases","No cases","No cases"
"47","123","47123","TN","Tennessee","Monroe","No cases",">=1 case",">=1 case","No cases","No cases","No cases",">=1 case","No cases",">=1 case","No cases"
"47","125","47125","TN","Tennessee","Montgomery",">=1 case",">=1 case",">=1 case",">=1 case",">=1 case",">=1 case",">=1 case",">=1 case",">=1 case",">=1 case"
"47","127","47127","TN","Tennessee","Moore","No cases","No cases","No cases","No cases","No cases",">=1 case","No cases","No cases","No cases","No cases"
"47","129","47129","TN","Tennessee","Morgan","No cases","No cases","No cases","No cases","No cases","No cases","No cases","No cases","No cases",">=1 case"
"47","131","47131","TN","Tennessee","Obion","No cases","No cases","No cases","No cases","No cases","No cases","No cases","No cases",">=1 case",">=1 case"
"47","133","47133","TN","Tennessee","Overton","No cases","No cases","No cases","No cases","No cases","No cases","No cases","No cases","No cases","No cases"
"47","135","47135","TN","Tennessee","Perry",">=1 case","No cases","No cases","No cases","No cases","No cases","No cases","No cases",">=1 case","No cases"
"47","137","47137","TN","Tennessee","Pickett","No cases","No cases","No cases","No cases","No cases","No cases","No cases","No cases","No cases","No cases"
"47","139","47139","TN","Tennessee","Polk","No cases","No cases","No cases","No cases","No cases","No cases","No cases","No cases","No cases","No cases"
"47","141","47141","TN","Tennessee","Putnam",">=1 case",">=1 case","No cases","No cases",">=1 case","No cases","No cases",">=1 case",">=1 case",">=1 case"
"47","143","47143","TN","Tennessee","Rhea","No cases",">=1 case","No cases","No cases",">=1 case","No cases","No cases","No cases","No cases","No cases"
"47","145","47145","TN","Tennessee","Roane",">=1 case","No cases","No cases","No cases",">=1 case",">=1 case",">=1 case",">=1 case",">=1 case",">=1 case"
"47","147","47147","TN","Tennessee","Robertson",">=1 case",">=1 case","No cases","No cases","No cases",">=1 case","No cases","No cases",">=1 case",">=1 case"
"47","149","47149","TN","Tennessee","Rutherford",">=1 case",">=1 case",">=1 case",">=1 case",">=1 case",">=1 case",">=1 case",">=1 case",">=1 case",">=1 case"
"47","151","47151","TN","Tennessee","Scott","No cases","No cases","No cases","No cases","No cases","No cases","No cases","No cases","No cases","No cases"
"47","153","47153","TN","Tennessee","Sequatchie",">=1 case",">=1 case",">=1 case","No cases","No cases","No cases","No cases","No cases",">=1 case","No cases"
"47","155","47155","TN","Tennessee","Sevier",">=1 case","No cases","No cases","No cases",">=1 case",">=1 case",">=1 case",">=1 case","No cases","No cases"
"47","157","47157","TN","Tennessee","Shelby",">=1 case",">=1 case",">=1 case",">=1 case",">=1 case",">=1 case",">=1 case",">=1 case",">=1 case",">=1 case"
"47","159","47159","TN","Tennessee","Smith","No cases","No cases","No cases","No cases","No cases","No cases","No cases","No cases",">=1 case","No cases"
"47","161","47161","TN","Tennessee","Stewart","No cases","No cases","No cases",">=1 case","No cases","No cases","No cases","No cases","No cases","No cases"
"47","163","47163","TN","Tennessee","Sullivan",">=1 case","No cases",">=1 case","No cases","No cases","No cases",">=1 case",">=1 case",">=1 case",">=1 case"
"47","165","47165","TN","Tennessee","Sumner",">=1 case",">=1 case",">=1 case","No cases","No cases",">=1 case",">=1 case",">=1 case",">=1 case",">=1 case"
"47","167","47167","TN","Tennessee","Tipton",">=1 case",">=1 case",">=1 case",">=1 case",">=1 case",">=1 case",">=1 case",">=1 case",">=1 case",">=1 case"
"47","169","47169","TN","Tennessee","Trousdale","No cases",">=1 case","No cases","No cases","No cases","No cases","No cases","No cases","No cases","No cases"
"47","171","47171","TN","Tennessee","Unicoi","No cases","No cases","No cases","No cases","No cases","No cases","No cases",">=1 case","No cases","No cases"
"47","173","47173","TN","Tennessee","Union","No cases","No cases","No cases","No cases",">=1 case","No cases","No cases",">=1 case","No cases","No cases"
"47","175","47175","TN","Tennessee","Van Buren","No cases","No cases","No cases","No cases","No cases","No cases","No cases","No cases","No cases","No cases"
"47","177","47177","TN","Tennessee","Warren","No cases","No cases",">=1 case","No cases","No cases",">=1 case","No cases",">=1 case",">=1 case",">=1 case"
"47","179","47179","TN","Tennessee","Washington","No cases",">=1 case","No cases","No cases","No cases",">=1 case",">=1 case","No cases",">=1 case",">=1 case"
"47","181","47181","TN","Tennessee","Wayne","No cases","No cases","No cases","No cases","No cases","No cases","No cases","No cases","No cases",">=1 case"
"47","183","47183","TN","Tennessee","Weakley","No cases",">=1 case","No cases","No cases","No cases","No cases","No cases",">=1 case","No cases",">=1 case"
"47","185","47185","TN","Tennessee","White","No cases","No cases","No cases","No cases","No cases","No cases","No cases","No cases",">=1 case",">=1 case"
"47","187","47187","TN","Tennessee","Williamson",">=1 case",">=1 case",">=1 case","No cases","No cases",">=1 case",">=1 case","No cases","No cases",">=1 case"
"47","189","47189","TN","Tennessee","Wilson",">=1 case","No cases",">=1 case",">=1 case","No cases",">=1 case",">=1 case",">=1 case",">=1 case",">=1 case"
"48","001","48001","TX","Texas","Anderson",">=1 case",">=1 case",">=1 case",">=1 case",">=1 case",">=1 case",">=1 case",">=1 case",">=1 case",">=1 case"
"48","003","48003","TX","Texas","Andrews","No cases","No cases","No cases","No cases","No cases","No cases","No cases","No cases","No cases",">=1 case"
"48","005","48005","TX","Texas","Angelina",">=1 case",">=1 case",">=1 case",">=1 case",">=1 case",">=1 case",">=1 case",">=1 case",">=1 case",">=1 case"
"48","007","48007","TX","Texas","Aransas","No cases","No cases",">=1 case",">=1 case",">=1 case",">=1 case",">=1 case","No cases",">=1 case",">=1 case"
"48","009","48009","TX","Texas","Archer",">=1 case",">=1 case",">=1 case","No cases","No cases",">=1 case","No cases","No cases","No cases","No cases"
"48","011","48011","TX","Texas","Armstrong","No cases","No cases","No cases","No cases","No cases","No cases",">=1 case",">=1 case",">=1 case","No cases"
"48","013","48013","TX","Texas","Atascosa",">=1 case",">=1 case",">=1 case",">=1 case",">=1 case",">=1 case",">=1 case",">=1 case",">=1 case",">=1 case"
"48","015","48015","TX","Texas","Austin",">=1 case",">=1 case","No cases","No cases",">=1 case","No cases",">=1 case","No cases",">=1 case",">=1 case"
"48","017","48017","TX","Texas","Bailey","No cases","No cases","No cases",">=1 case","No cases","No cases","No cases",">=1 case",">=1 case",">=1 case"
"48","019","48019","TX","Texas","Bandera","No cases","No cases","No cases","No cases","No cases","No cases","No cases","No cases",">=1 case",">=1 case"
"48","021","48021","TX","Texas","Bastrop",">=1 case",">=1 case",">=1 case",">=1 case",">=1 case",">=1 case","No cases",">=1 case",">=1 case",">=1 case"
"48","023","48023","TX","Texas","Baylor","No cases","No cases","No cases","No cases","No cases",">=1 case","No cases","No cases","No cases","No cases"
"48","025","48025","TX","Texas","Bee","No cases",">=1 case",">=1 case",">=1 case",">=1 case",">=1 case",">=1 case","No cases",">=1 case",">=1 case"
"48","027","48027","TX","Texas","Bell",">=1 case",">=1 case",">=1 case",">=1 case",">=1 case",">=1 case",">=1 case",">=1 case",">=1 case",">=1 case"
"48","029","48029","TX","Texas","Bexar",">=1 case",">=1 case",">=1 case",">=1 case",">=1 case",">=1 case",">=1 case",">=1 case",">=1 case",">=1 case"
"48","031","48031","TX","Texas","Blanco","No cases",">=1 case","No cases","No cases","No cases","No cases","No cases","No cases","No cases","No cases"
"48","033","48033","TX","Texas","Borden","No cases","No cases","No cases","No cases","No cases","No cases","No cases","No cases","No cases","No cases"
"48","035","48035","TX","Texas","Bosque","No cases","No cases",">=1 case","No cases","No cases","No cases","No cases","No cases","No cases","No cases"
"48","037","48037","TX","Texas","Bowie",">=1 case",">=1 case",">=1 case",">=1 case",">=1 case",">=1 case",">=1 case",">=1 case",">=1 case",">=1 case"
"48","039","48039","TX","Texas","Brazoria",">=1 case",">=1 case",">=1 case",">=1 case",">=1 case",">=1 case",">=1 case",">=1 case",">=1 case",">=1 case"
"48","041","48041","TX","Texas","Brazos",">=1 case",">=1 case",">=1 case",">=1 case",">=1 case",">=1 case",">=1 case",">=1 case",">=1 case",">=1 case"
"48","043","48043","TX","Texas","Brewster","No cases","No cases","No cases","No cases","No cases","No cases","No cases","No cases","No cases","No cases"
"48","045","48045","TX","Texas","Briscoe","No cases","No cases","No cases","No cases","No cases","No cases","No cases","No cases","No cases","No cases"
"48","047","48047","TX","Texas","Brooks","No cases","No cases","No cases","No cases","No cases",">=1 case","No cases",">=1 case","No cases","No cases"
"48","049","48049","TX","Texas","Brown",">=1 case","No cases","No cases","No cases",">=1 case","No cases",">=1 case",">=1 case","No cases",">=1 case"
"48","051","48051","TX","Texas","Burleson","No cases","No cases",">=1 case",">=1 case",">=1 case","No cases","No cases",">=1 case","No cases",">=1 case"
"48","053","48053","TX","Texas","Burnet",">=1 case",">=1 case",">=1 case",">=1 case",">=1 case",">=1 case",">=1 case",">=1 case",">=1 case",">=1 case"
"48","055","48055","TX","Texas","Caldwell",">=1 case",">=1 case",">=1 case",">=1 case",">=1 case",">=1 case",">=1 case",">=1 case",">=1 case",">=1 case"
"48","057","48057","TX","Texas","Calhoun","No cases","No cases","No cases","No cases","No cases",">=1 case","No cases",">=1 case","No cases","No cases"
"48","059","48059","TX","Texas","Callahan","No cases","No cases","No cases","No cases","No cases","No cases","No cases","No cases",">=1 case","No cases"
"48","061","48061","TX","Texas","Cameron",">=1 case",">=1 case",">=1 case",">=1 case",">=1 case",">=1 case",">=1 case",">=1 case",">=1 case",">=1 case"
"48","063","48063","TX","Texas","Camp","No cases","No cases",">=1 case","No cases",">=1 case",">=1 case","No cases","No cases","No cases","No cases"
"48","065","48065","TX","Texas","Carson",">=1 case","No cases","No cases","No cases","No cases","No cases",">=1 case","No cases","No cases","No cases"
"48","067","48067","TX","Texas","Cass",">=1 case",">=1 case",">=1 case",">=1 case",">=1 case",">=1 case","No cases",">=1 case",">=1 case",">=1 case"
"48","069","48069","TX","Texas","Castro","No cases","No cases","No cases",">=1 case","No cases","No cases","No cases","No cases","No cases","No cases"
"48","071","48071","TX","Texas","Chambers",">=1 case","No cases","No cases","No cases",">=1 case",">=1 case",">=1 case",">=1 case","No cases",">=1 case"
"48","073","48073","TX","Texas","Cherokee",">=1 case",">=1 case","No cases",">=1 case",">=1 case","No cases",">=1 case",">=1 case",">=1 case","No cases"
"48","075","48075","TX","Texas","Childress","No cases","No cases","No cases","No cases","No cases","No cases",">=1 case","No cases","No cases","No cases"
"48","077","48077","TX","Texas","Clay","No cases","No cases","No cases","No cases","No cases","No cases","No cases","No cases","No cases",">=1 case"
"48","079","48079","TX","Texas","Cochran","No cases","No cases","No cases","No cases","No cases","No cases","No cases",">=1 case","No cases","No cases"
"48","081","48081","TX","Texas","Coke","No cases","No cases","No cases","No cases","No cases","No cases","No cases","No cases","No cases",">=1 case"
"48","083","48083","TX","Texas","Coleman",">=1 case","No cases","No cases","No cases","No cases","No cases","No cases","No cases","No cases","No cases"
"48","085","48085","TX","Texas","Collin",">=1 case",">=1 case",">=1 case",">=1 case",">=1 case",">=1 case",">=1 case",">=1 case",">=1 case",">=1 case"
"48","087","48087","TX","Texas","Collingsworth","No cases","No cases","No cases","No cases","No cases","No cases","No cases","No cases","No cases","No cases"
"48","089","48089","TX","Texas","Colorado",">=1 case",">=1 case","No cases",">=1 case",">=1 case","No cases","No cases",">=1 case","No cases","No cases"
"48","091","48091","TX","Texas","Comal",">=1 case",">=1 case",">=1 case",">=1 case",">=1 case",">=1 case",">=1 case",">=1 case",">=1 case",">=1 case"
"48","093","48093","TX","Texas","Comanche","No cases","No cases","No cases","No cases","No cases","No cases","No cases","No cases","No cases","No cases"
"48","095","48095","TX","Texas","Concho","No cases","No cases","No cases","No cases","No cases","No cases","No cases","No cases","No cases","No cases"
"48","097","48097","TX","Texas","Cooke","No cases","No cases",">=1 case","No cases","No cases","No cases",">=1 case","No cases","No cases",">=1 case"
"48","099","48099","TX","Texas","Coryell",">=1 case",">=1 case",">=1 case",">=1 case",">=1 case",">=1 case",">=1 case",">=1 case",">=1 case",">=1 case"
"48","101","48101","TX","Texas","Cottle","No cases","No cases","No cases","No cases","No cases","No cases","No cases","No cases","No cases","No cases"
"48","103","48103","TX","Texas","Crane","No cases","No cases","No cases","No cases","No cases","No cases","No cases",">=1 case","No cases","No cases"
"48","105","48105","TX","Texas","Crockett","No cases","No cases","No cases","No cases",">=1 case",">=1 case","No cases","No cases","No cases","No cases"
"48","107","48107","TX","Texas","Crosby","No cases","No cases","No cases","No cases",">=1 case","No cases","No cases",">=1 case","No cases","No cases"
"48","109","48109","TX","Texas","Culberson","No cases","No cases","No cases","No cases","No cases","No cases",">=1 case","No cases","No cases","No cases"
"48","111","48111","TX","Texas","Dallam","No cases","No cases","No cases","No cases","No cases","No cases","No cases","No cases","No cases",">=1 case"
"48","113","48113","TX","Texas","Dallas",">=1 case",">=1 case",">=1 case",">=1 case",">=1 case",">=1 case",">=1 case",">=1 case",">=1 case",">=1 case"
"48","115","48115","TX","Texas","Dawson",">=1 case","No cases",">=1 case",">=1 case","No cases","No cases","No cases","No cases",">=1 case","No cases"
"48","117","48117","TX","Texas","Deaf Smith",">=1 case","No cases","No cases",">=1 case",">=1 case",">=1 case",">=1 case","No cases","No cases",">=1 case"
"48","119","48119","TX","Texas","Delta","No cases","No cases","No cases","No cases","No cases","No cases","No cases","No cases","No cases","No cases"
"48","121","48121","TX","Texas","Denton",">=1 case",">=1 case",">=1 case",">=1 case",">=1 case",">=1 case",">=1 case",">=1 case",">=1 case",">=1 case"
"48","123","48123","TX","Texas","DeWitt","No cases","No cases",">=1 case",">=1 case",">=1 case","No cases",">=1 case",">=1 case","No cases",">=1 case"
"48","125","48125","TX","Texas","Dickens","No cases","No cases","No cases","No cases","No cases","No cases","No cases","No cases","No cases","No cases"
"48","127","48127","TX","Texas","Dimmit","No cases","No cases",">=1 case","No cases","No cases","No cases","No cases",">=1 case",">=1 case","No cases"
"48","129","48129","TX","Texas","Donley","No cases","No cases","No cases","No cases","No cases","No cases","No cases","No cases","No cases","No cases"
"48","131","48131","TX","Texas","Duval","No cases","No cases","No cases","No cases","No cases","No cases","No cases","No cases",">=1 case","No cases"
"48","133","48133","TX","Texas","Eastland",">=1 case","No cases","No cases","No cases","No cases","No cases","No cases","No cases",">=1 case",">=1 case"
"48","135","48135","TX","Texas","Ector",">=1 case",">=1 case",">=1 case",">=1 case",">=1 case",">=1 case",">=1 case",">=1 case",">=1 case",">=1 case"
"48","137","48137","TX","Texas","Edwards","No cases","No cases","No cases","No cases","No cases","No cases","No cases","No cases","No cases","No cases"
"48","139","48139","TX","Texas","Ellis",">=1 case",">=1 case",">=1 case",">=1 case",">=1 case",">=1 case",">=1 case",">=1 case",">=1 case",">=1 case"
"48","141","48141","TX","Texas","El Paso",">=1 case",">=1 case",">=1 case",">=1 case",">=1 case",">=1 case",">=1 case",">=1 case",">=1 case",">=1 case"
"48","143","48143","TX","Texas","Erath","No cases",">=1 case","No cases","No cases",">=1 case","No cases","No cases",">=1 case",">=1 case",">=1 case"
"48","145","48145","TX","Texas","Falls",">=1 case",">=1 case",">=1 case","No cases",">=1 case","No cases",">=1 case",">=1 case",">=1 case",">=1 case"
"48","147","48147","TX","Texas","Fannin",">=1 case","No cases",">=1 case","No cases",">=1 case",">=1 case",">=1 case","No cases",">=1 case",">=1 case"
"48","149","48149","TX","Texas","Fayette","No cases","No cases","No cases","No cases","No cases","No cases",">=1 case",">=1 case","No cases","No cases"
"48","151","48151","TX","Texas","Fisher","No cases","No cases","No cases","No cases","No cases","No cases","No cases","No cases","No cases","No cases"
"48","153","48153","TX","Texas","Floyd","No cases","No cases",">=1 case","No cases","No cases","No cases","No cases",">=1 case","No cases","No cases"
"48","155","48155","TX","Texas","Foard","No cases","No cases","No cases","No cases","No cases","No cases","No cases","No cases","No cases","No cases"
"48","157","48157","TX","Texas","Fort Bend",">=1 case",">=1 case",">=1 case",">=1 case",">=1 case",">=1 case",">=1 case",">=1 case",">=1 case",">=1 case"
"48","159","48159","TX","Texas","Franklin",">=1 case","No cases",">=1 case",">=1 case","No cases","No cases","No cases","No cases","No cases","No cases"
"48","161","48161","TX","Texas","Freestone","No cases",">=1 case",">=1 case",">=1 case",">=1 case","No cases","No cases",">=1 case",">=1 case",">=1 case"
"48","163","48163","TX","Texas","Frio","No cases","No cases","No cases",">=1 case","No cases",">=1 case","No cases",">=1 case",">=1 case",">=1 case"
"48","165","48165","TX","Texas","Gaines","No cases","No cases","No cases","No cases","No cases","No cases","No cases","No cases",">=1 case",">=1 case"
"48","167","48167","TX","Texas","Galveston",">=1 case",">=1 case",">=1 case",">=1 case",">=1 case",">=1 case",">=1 case",">=1 case",">=1 case",">=1 case"
"48","169","48169","TX","Texas","Garza",">=1 case","No cases","No cases","No cases","No cases","No cases","No cases","No cases","No cases",">=1 case"
"48","171","48171","TX","Texas","Gillespie","No cases","No cases","No cases",">=1 case","No cases","No cases","No cases",">=1 case",">=1 case","No cases"
"48","173","48173","TX","Texas","Glasscock","No cases",">=1 case","No cases","No cases","No cases","No cases","No cases","No cases","No cases","No cases"
"48","175","48175","TX","Texas","Goliad",">=1 case","No cases","No cases","No cases","No cases","No cases","No cases",">=1 case","No cases","No cases"
"48","177","48177","TX","Texas","Gonzales","No cases","No cases",">=1 case","No cases","No cases","No cases",">=1 case",">=1 case",">=1 case",">=1 case"
"48","179","48179","TX","Texas","Gray","No cases","No cases",">=1 case","No cases",">=1 case","No cases","No cases","No cases","No cases",">=1 case"
"48","181","48181","TX","Texas","Grayson",">=1 case",">=1 case",">=1 case",">=1 case",">=1 case",">=1 case",">=1 case",">=1 case","No cases",">=1 case"
"48","183","48183","TX","Texas","Gregg",">=1 case",">=1 case",">=1 case",">=1 case",">=1 case",">=1 case",">=1 case",">=1 case",">=1 case",">=1 case"
"48","185","48185","TX","Texas","Grimes",">=1 case","No cases","No cases","No cases","No cases","No cases",">=1 case",">=1 case",">=1 case",">=1 case"
"48","187","48187","TX","Texas","Guadalupe",">=1 case",">=1 case",">=1 case",">=1 case",">=1 case",">=1 case",">=1 case",">=1 case",">=1 case",">=1 case"
"48","189","48189","TX","Texas","Hale","No cases","No cases","No cases",">=1 case","No cases","No cases",">=1 case",">=1 case",">=1 case",">=1 case"
"48","191","48191","TX","Texas","Hall","No cases","No cases","No cases","No cases","No cases","No cases","No cases","No cases","No cases","No cases"
"48","193","48193","TX","Texas","Hamilton","No cases","No cases","No cases","No cases","No cases","No cases","No cases",">=1 case","No cases","No cases"
"48","195","48195","TX","Texas","Hansford","No cases","No cases","No cases","No cases","No cases","No cases","No cases","No cases",">=1 case","No cases"
"48","197","48197","TX","Texas","Hardeman","No cases","No cases","No cases","No cases","No cases","No cases","No cases","No cases","No cases","No cases"
"48","199","48199","TX","Texas","Hardin",">=1 case",">=1 case",">=1 case",">=1 case",">=1 case",">=1 case",">=1 case","No cases",">=1 case",">=1 case"
"48","201","48201","TX","Texas","Harris",">=1 case",">=1 case",">=1 case",">=1 case",">=1 case",">=1 case",">=1 case",">=1 case",">=1 case",">=1 case"
"48","203","48203","TX","Texas","Harrison",">=1 case",">=1 case",">=1 case","No cases",">=1 case",">=1 case",">=1 case",">=1 case",">=1 case",">=1 case"
"48","205","48205","TX","Texas","Hartley","No cases","No cases","No cases","No cases","No cases","No cases","No cases","No cases","No cases","No cases"
"48","207","48207","TX","Texas","Haskell","No cases","No cases","No cases","No cases","No cases","No cases","No cases","No cases","No cases","No cases"
"48","209","48209","TX","Texas","Hays",">=1 case",">=1 case",">=1 case",">=1 case",">=1 case",">=1 case",">=1 case",">=1 case",">=1 case",">=1 case"
"48","211","48211","TX","Texas","Hemphill","No cases","No cases","No cases","No cases","No cases","No cases","No cases","No cases","No cases","No cases"
"48","213","48213","TX","Texas","Henderson",">=1 case","No cases",">=1 case","No cases","No cases","No cases",">=1 case",">=1 case",">=1 case",">=1 case"
"48","215","48215","TX","Texas","Hidalgo",">=1 case",">=1 case",">=1 case",">=1 case",">=1 case",">=1 case",">=1 case",">=1 case",">=1 case",">=1 case"
"48","217","48217","TX","Texas","Hill",">=1 case",">=1 case","No cases","No cases","No cases","No cases",">=1 case","No cases",">=1 case",">=1 case"
"48","219","48219","TX","Texas","Hockley","No cases","No cases","No cases","No cases",">=1 case","No cases","No cases",">=1 case","No cases",">=1 case"
"48","221","48221","TX","Texas","Hood",">=1 case",">=1 case","No cases",">=1 case","No cases","No cases","No cases","No cases",">=1 case",">=1 case"
"48","223","48223","TX","Texas","Hopkins","No cases",">=1 case","No cases","No cases",">=1 case","No cases","No cases",">=1 case",">=1 case","No cases"
"48","225","48225","TX","Texas","Houston","No cases","No cases","No cases","No cases",">=1 case",">=1 case",">=1 case","No cases","No cases",">=1 case"
"48","227","48227","TX","Texas","Howard",">=1 case","No cases","No cases",">=1 case",">=1 case","No cases",">=1 case",">=1 case",">=1 case",">=1 case"
"48","229","48229","TX","Texas","Hudspeth","No cases","No cases","No cases","No cases","No cases","No cases","No cases","No cases","No cases","No cases"
"48","231","48231","TX","Texas","Hunt",">=1 case","No cases",">=1 case",">=1 case",">=1 case",">=1 case",">=1 case",">=1 case",">=1 case",">=1 case"
"48","233","48233","TX","Texas","Hutchinson",">=1 case","No cases","No cases",">=1 case","No cases","No cases","No cases","No cases","No cases","No cases"
"48","235","48235","TX","Texas","Irion","No cases","No cases","No cases","No cases","No cases","No cases","No cases","No cases","No cases","No cases"
"48","237","48237","TX","Texas","Jack","No cases","No cases","No cases","No cases","No cases","No cases","No cases","No cases","No cases","No cases"
"48","239","48239","TX","Texas","Jackson","No cases","No cases",">=1 case",">=1 case","No cases","No cases",">=1 case",">=1 case",">=1 case",">=1 case"
"48","241","48241","TX","Texas","Jasper",">=1 case",">=1 case",">=1 case","No cases",">=1 case",">=1 case","No cases","No cases",">=1 case",">=1 case"
"48","243","48243","TX","Texas","Jeff Davis","No cases","No cases","No cases","No cases","No cases","No cases","No cases","No cases","No cases","No cases"
"48","245","48245","TX","Texas","Jefferson",">=1 case",">=1 case",">=1 case",">=1 case",">=1 case",">=1 case",">=1 case",">=1 case",">=1 case",">=1 case"
"48","247","48247","TX","Texas","Jim Hogg","No cases","No cases","No cases","No cases","No cases","No cases","No cases","No cases","No cases","No cases"
"48","249","48249","TX","Texas","Jim Wells","No cases","No cases","No cases","No cases","No cases","No cases","No cases","No cases","No cases",">=1 case"
"48","251","48251","TX","Texas","Johnson",">=1 case",">=1 case",">=1 case",">=1 case",">=1 case",">=1 case",">=1 case",">=1 case",">=1 case",">=1 case"
"48","253","48253","TX","Texas","Jones","No cases",">=1 case",">=1 case",">=1 case","No cases","No cases","No cases","No cases",">=1 case",">=1 case"
"48","255","48255","TX","Texas","Karnes",">=1 case",">=1 case",">=1 case","No cases",">=1 case","No cases","No cases","No cases",">=1 case",">=1 case"
"48","257","48257","TX","Texas","Kaufman",">=1 case",">=1 case",">=1 case",">=1 case",">=1 case",">=1 case",">=1 case",">=1 case",">=1 case",">=1 case"
"48","259","48259","TX","Texas","Kendall","No cases","No cases","No cases","No cases",">=1 case","No cases","No cases",">=1 case","No cases","No cases"
"48","261","48261","TX","Texas","Kenedy","No cases","No cases","No cases","No cases","No cases","No cases","No cases","No cases","No cases","No cases"
"48","263","48263","TX","Texas","Kent","No cases","No cases","No cases","No cases","No cases","No cases","No cases","No cases","No cases","No cases"
"48","265","48265","TX","Texas","Kerr","No cases",">=1 case",">=1 case","No cases",">=1 case",">=1 case",">=1 case",">=1 case",">=1 case",">=1 case"
"48","267","48267","TX","Texas","Kimble","No cases","No cases","No cases","No cases","No cases","No cases","No cases","No cases","No cases","No cases"
"48","269","48269","TX","Texas","King","No cases","No cases","No cases","No cases","No cases","No cases","No cases","No cases","No cases","No cases"
"48","271","48271","TX","Texas","Kinney","No cases","No cases","No cases","No cases","No cases","No cases","No cases","No cases","No cases","No cases"
"48","273","48273","TX","Texas","Kleberg","No cases","No cases",">=1 case",">=1 case",">=1 case","No cases",">=1 case",">=1 case",">=1 case",">=1 case"
"48","275","48275","TX","Texas","Knox","No cases","No cases","No cases","No cases","No cases","No cases","No cases","No cases","No cases",">=1 case"
"48","277","48277","TX","Texas","Lamar","No cases",">=1 case","No cases","No cases","No cases",">=1 case",">=1 case","No cases","No cases",">=1 case"
"48","279","48279","TX","Texas","Lamb","No cases","No cases","No cases","No cases",">=1 case","No cases",">=1 case",">=1 case",">=1 case","No cases"
"48","281","48281","TX","Texas","Lampasas",">=1 case","No cases","No cases",">=1 case","No cases","No cases",">=1 case",">=1 case",">=1 case",">=1 case"
"48","283","48283","TX","Texas","La Salle","No cases","No cases","No cases",">=1 case","No cases","No cases","No cases","No cases","No cases","No cases"
"48","285","48285","TX","Texas","Lavaca",">=1 case",">=1 case","No cases","No cases","No cases",">=1 case","No cases",">=1 case",">=1 case","No cases"
"48","287","48287","TX","Texas","Lee",">=1 case","No cases","No cases","No cases","No cases","No cases","No cases","No cases","No cases",">=1 case"
"48","289","48289","TX","Texas","Leon",">=1 case","No cases","No cases","No cases",">=1 case","No cases","No cases","No cases",">=1 case","No cases"
"48","291","48291","TX","Texas","Liberty",">=1 case",">=1 case",">=1 case",">=1 case",">=1 case",">=1 case",">=1 case",">=1 case",">=1 case",">=1 case"
"48","293","48293","TX","Texas","Limestone",">=1 case",">=1 case",">=1 case",">=1 case",">=1 case","No cases",">=1 case",">=1 case",">=1 case",">=1 case"
"48","295","48295","TX","Texas","Lipscomb","No cases","No cases","No cases","No cases","No cases","No cases","No cases","No cases","No cases","No cases"
"48","297","48297","TX","Texas","Live Oak","No cases","No cases","No cases","No cases","No cases","No cases","No cases",">=1 case","No cases",">=1 case"
"48","299","48299","TX","Texas","Llano","No cases","No cases","No cases","No cases","No cases","No cases",">=1 case","No cases","No cases","No cases"
"48","301","48301","TX","Texas","Loving","No cases","No cases","No cases","No cases","No cases","No cases","No cases","No cases","No cases","No cases"
"48","303","48303","TX","Texas","Lubbock",">=1 case",">=1 case",">=1 case",">=1 case",">=1 case",">=1 case",">=1 case",">=1 case",">=1 case",">=1 case"
"48","305","48305","TX","Texas","Lynn","No cases","No cases","No cases","No cases","No cases","No cases","No cases","No cases","No cases",">=1 case"
"48","307","48307","TX","Texas","McCulloch","No cases","No cases","No cases","No cases","No cases","No cases","No cases","No cases","No cases",">=1 case"
"48","309","48309","TX","Texas","McLennan",">=1 case",">=1 case",">=1 case",">=1 case",">=1 case",">=1 case",">=1 case",">=1 case",">=1 case",">=1 case"
"48","311","48311","TX","Texas","McMullen","No cases","No cases","No cases","No cases","No cases","No cases","No cases","No cases","No cases","No cases"
"48","313","48313","TX","Texas","Madison",">=1 case","No cases",">=1 case","No cases","No cases","No cases","No cases",">=1 case","No cases","No cases"
"48","315","48315","TX","Texas","Marion","No cases","No cases","No cases",">=1 case","No cases",">=1 case",">=1 case","No cases","No cases","No cases"
"48","317","48317","TX","Texas","Martin","No cases","No cases","No cases",">=1 case","No cases","No cases","No cases","No cases",">=1 case","No cases"
"48","319","48319","TX","Texas","Mason","No cases","No cases","No cases","No cases","No cases","No cases","No cases","No cases","No cases","No cases"
"48","321","48321","TX","Texas","Matagorda",">=1 case","No cases","No cases",">=1 case",">=1 case","No cases",">=1 case","No cases",">=1 case",">=1 case"
"48","323","48323","TX","Texas","Maverick",">=1 case",">=1 case",">=1 case",">=1 case",">=1 case",">=1 case",">=1 case",">=1 case",">=1 case",">=1 case"
"48","325","48325","TX","Texas","Medina",">=1 case",">=1 case","No cases","No cases",">=1 case",">=1 case",">=1 case",">=1 case",">=1 case",">=1 case"
"48","327","48327","TX","Texas","Menard","No cases","No cases","No cases","No cases","No cases","No cases","No cases","No cases","No cases","No cases"
"48","329","48329","TX","Texas","Midland",">=1 case","No cases",">=1 case",">=1 case",">=1 case",">=1 case",">=1 case",">=1 case",">=1 case",">=1 case"
"48","331","48331","TX","Texas","Milam","No cases","No cases","No cases","No cases","No cases","No cases",">=1 case",">=1 case",">=1 case",">=1 case"
"48","333","48333","TX","Texas","Mills","No cases","No cases","No cases","No cases","No cases","No cases","No cases","No cases","No cases","No cases"
"48","335","48335","TX","Texas","Mitchell","No cases","No cases","No cases",">=1 case",">=1 case","No cases","No cases",">=1 case","No cases","No cases"
"48","337","48337","TX","Texas","Montague","No cases","No cases","No cases","No cases","No cases","No cases","No cases","No cases","No cases","No cases"
"48","339","48339","TX","Texas","Montgomery",">=1 case",">=1 case",">=1 case",">=1 case",">=1 case",">=1 case",">=1 case",">=1 case",">=1 case",">=1 case"
"48","341","48341","TX","Texas","Moore","No cases","No cases","No cases","No cases","No cases",">=1 case","No cases","No cases","No cases",">=1 case"
"48","343","48343","TX","Texas","Morris",">=1 case",">=1 case","No cases","No cases",">=1 case","No cases","No cases",">=1 case","No cases","No cases"
"48","345","48345","TX","Texas","Motley","No cases","No cases","No cases","No cases","No cases","No cases","No cases","No cases","No cases","No cases"
"48","347","48347","TX","Texas","Nacogdoches",">=1 case",">=1 case",">=1 case",">=1 case",">=1 case",">=1 case",">=1 case",">=1 case",">=1 case",">=1 case"
"48","349","48349","TX","Texas","Navarro",">=1 case",">=1 case",">=1 case",">=1 case",">=1 case",">=1 case","No cases",">=1 case",">=1 case",">=1 case"
"48","351","48351","TX","Texas","Newton",">=1 case",">=1 case",">=1 case","No cases",">=1 case","No cases","No cases","No cases",">=1 case","No cases"
"48","353","48353","TX","Texas","Nolan",">=1 case","No cases",">=1 case","No cases","No cases","No cases","No cases","No cases",">=1 case",">=1 case"
"48","355","48355","TX","Texas","Nueces",">=1 case",">=1 case",">=1 case",">=1 case",">=1 case",">=1 case",">=1 case",">=1 case",">=1 case",">=1 case"
"48","357","48357","TX","Texas","Ochiltree","No cases","No cases","No cases","No cases","No cases","No cases","No cases","No cases","No cases",">=1 case"
"48","359","48359","TX","Texas","Oldham","No cases","No cases","No cases","No cases","No cases","No cases","No cases","No cases","No cases","No cases"
"48","361","48361","TX","Texas","Orange",">=1 case",">=1 case",">=1 case",">=1 case",">=1 case",">=1 case",">=1 case",">=1 case",">=1 case",">=1 case"
"48","363","48363","TX","Texas","Palo Pinto","No cases","No cases","No cases","No cases","No cases",">=1 case",">=1 case",">=1 case",">=1 case",">=1 case"
"48","365","48365","TX","Texas","Panola",">=1 case",">=1 case",">=1 case",">=1 case",">=1 case","No cases","No cases",">=1 case",">=1 case",">=1 case"
"48","367","48367","TX","Texas","Parker","No cases",">=1 case",">=1 case","No cases",">=1 case","No cases",">=1 case",">=1 case",">=1 case",">=1 case"
"48","369","48369","TX","Texas","Parmer","No cases","No cases","No cases","No cases","No cases",">=1 case","No cases","No cases","No cases","No cases"
"48","371","48371","TX","Texas","Pecos","No cases",">=1 case","No cases",">=1 case","No cases","No cases",">=1 case","No cases","No cases",">=1 case"
"48","373","48373","TX","Texas","Polk",">=1 case",">=1 case","No cases","No cases",">=1 case",">=1 case",">=1 case","No cases","No cases","No cases"
"48","375","48375","TX","Texas","Potter",">=1 case",">=1 case",">=1 case",">=1 case",">=1 case",">=1 case",">=1 case",">=1 case",">=1 case",">=1 case"
"48","377","48377","TX","Texas","Presidio","No cases","No cases","No cases","No cases","No cases","No cases","No cases",">=1 case","No cases","No cases"
"48","379","48379","TX","Texas","Rains","No cases","No cases","No cases","No cases","No cases",">=1 case","No cases","No cases",">=1 case","No cases"
"48","381","48381","TX","Texas","Randall","No cases","No cases","No cases",">=1 case",">=1 case",">=1 case",">=1 case",">=1 case",">=1 case","No cases"
"48","383","48383","TX","Texas","Reagan","No cases","No cases","No cases","No cases","No cases","No cases","No cases","No cases","No cases","No cases"
"48","385","48385","TX","Texas","Real","No cases","No cases","No cases","No cases","No cases","No cases","No cases","No cases","No cases","No cases"
"48","387","48387","TX","Texas","Red River","No cases","No cases","No cases","No cases","No cases",">=1 case","No cases","No cases",">=1 case","No cases"
"48","389","48389","TX","Texas","Reeves",">=1 case","No cases",">=1 case","No cases","No cases","No cases",">=1 case","No cases","No cases",">=1 case"
"48","391","48391","TX","Texas","Refugio","No cases","No cases","No cases","No cases","No cases","No cases","No cases","No cases","No cases",">=1 case"
"48","393","48393","TX","Texas","Roberts","No cases","No cases","No cases","No cases","No cases","No cases","No cases","No cases","No cases","No cases"
"48","395","48395","TX","Texas","Robertson",">=1 case",">=1 case","No cases",">=1 case","No cases","No cases","No cases",">=1 case",">=1 case",">=1 case"
"48","397","48397","TX","Texas","Rockwall","No cases",">=1 case",">=1 case","No cases",">=1 case","No cases",">=1 case",">=1 case",">=1 case",">=1 case"
"48","399","48399","TX","Texas","Runnels","No cases","No cases","No cases",">=1 case","No cases",">=1 case","No cases","No cases","No cases",">=1 case"
"48","401","48401","TX","Texas","Rusk",">=1 case",">=1 case",">=1 case",">=1 case","No cases",">=1 case",">=1 case",">=1 case",">=1 case",">=1 case"
"48","403","48403","TX","Texas","Sabine","No cases",">=1 case","No cases","No cases","No cases","No cases","No cases","No cases","No cases","No cases"
"48","405","48405","TX","Texas","San Augustine","No cases","No cases","No cases",">=1 case","No cases",">=1 case","No cases",">=1 case","No cases","No cases"
"48","407","48407","TX","Texas","San Jacinto","No cases",">=1 case",">=1 case","No cases",">=1 case","No cases",">=1 case","No cases","No cases","No cases"
"48","409","48409","TX","Texas","San Patricio","No cases","No cases",">=1 case",">=1 case",">=1 case",">=1 case",">=1 case",">=1 case",">=1 case",">=1 case"
"48","411","48411","TX","Texas","San Saba","No cases","No cases","No cases","No cases","No cases","No cases","No cases",">=1 case",">=1 case",">=1 case"
"48","413","48413","TX","Texas","Schleicher","No cases","No cases","No cases","No cases","No cases","No cases","No cases","No cases","No cases","No cases"
"48","415","48415","TX","Texas","Scurry","No cases","No cases","No cases","No cases","No cases","No cases","No cases","No cases","No cases",">=1 case"
"48","417","48417","TX","Texas","Shackelford","No cases","No cases","No cases","No cases","No cases","No cases","No cases","No cases","No cases","No cases"
"48","419","48419","TX","Texas","Shelby",">=1 case",">=1 case",">=1 case",">=1 case","No cases",">=1 case",">=1 case",">=1 case",">=1 case",">=1 case"
"48","421","48421","TX","Texas","Sherman","No cases","No cases","No cases","No cases","No cases","No cases","No cases","No cases","No cases","No cases"
"48","423","48423","TX","Texas","Smith",">=1 case",">=1 case",">=1 case",">=1 case",">=1 case",">=1 case",">=1 case",">=1 case",">=1 case",">=1 case"
"48","425","48425","TX","Texas","Somervell","No cases","No cases","No cases","No cases","No cases","No cases","No cases","No cases",">=1 case",">=1 case"
"48","427","48427","TX","Texas","Starr",">=1 case",">=1 case",">=1 case",">=1 case",">=1 case",">=1 case",">=1 case",">=1 case",">=1 case",">=1 case"
"48","429","48429","TX","Texas","Stephens","No cases","No cases","No cases","No cases","No cases","No cases","No cases","No cases",">=1 case","No cases"
"48","431","48431","TX","Texas","Sterling","No cases","No cases","No cases","No cases","No cases","No cases","No cases","No cases","No cases","No cases"
"48","433","48433","TX","Texas","Stonewall","No cases","No cases","No cases","No cases","No cases","No cases","No cases","No cases","No cases","No cases"
"48","435","48435","TX","Texas","Sutton","No cases","No cases","No cases","No cases","No cases","No cases","No cases","No cases","No cases","No cases"
"48","437","48437","TX","Texas","Swisher","No cases","No cases","No cases","No cases",">=1 case",">=1 case","No cases","No cases","No cases","No cases"
"48","439","48439","TX","Texas","Tarrant",">=1 case",">=1 case",">=1 case",">=1 case",">=1 case",">=1 case",">=1 case",">=1 case",">=1 case",">=1 case"
"48","441","48441","TX","Texas","Taylor",">=1 case",">=1 case",">=1 case",">=1 case",">=1 case",">=1 case",">=1 case",">=1 case",">=1 case",">=1 case"
"48","443","48443","TX","Texas","Terrell","No cases","No cases","No cases","No cases","No cases","No cases","No cases","No cases","No cases","No cases"
"48","445","48445","TX","Texas","Terry",">=1 case","No cases",">=1 case",">=1 case",">=1 case","No cases","No cases","No cases","No cases",">=1 case"
"48","447","48447","TX","Texas","Throckmorton","No cases","No cases","No cases","No cases","No cases","No cases","No cases","No cases","No cases","No cases"
"48","449","48449","TX","Texas","Titus",">=1 case",">=1 case",">=1 case","No cases","No cases","No cases","No cases",">=1 case",">=1 case","No cases"
"48","451","48451","TX","Texas","Tom Green",">=1 case",">=1 case",">=1 case",">=1 case",">=1 case",">=1 case","No cases",">=1 case",">=1 case",">=1 case"
"48","453","48453","TX","Texas","Travis",">=1 case",">=1 case",">=1 case",">=1 case",">=1 case",">=1 case",">=1 case",">=1 case",">=1 case",">=1 case"
"48","455","48455","TX","Texas","Trinity","No cases",">=1 case",">=1 case",">=1 case",">=1 case","No cases","No cases",">=1 case",">=1 case",">=1 case"
"48","457","48457","TX","Texas","Tyler","No cases",">=1 case",">=1 case","No cases","No cases","No cases","No cases","No cases",">=1 case",">=1 case"
"48","459","48459","TX","Texas","Upshur",">=1 case",">=1 case",">=1 case",">=1 case",">=1 case",">=1 case",">=1 case",">=1 case",">=1 case",">=1 case"
"48","461","48461","TX","Texas","Upton","No cases","No cases","No cases","No cases",">=1 case","No cases","No cases","No cases","No cases",">=1 case"
"48","463","48463","TX","Texas","Uvalde",">=1 case","No cases","No cases",">=1 case","No cases",">=1 case",">=1 case",">=1 case",">=1 case",">=1 case"
"48","465","48465","TX","Texas","Val Verde",">=1 case","No cases","No cases",">=1 case",">=1 case",">=1 case",">=1 case",">=1 case",">=1 case",">=1 case"
"48","467","48467","TX","Texas","Van Zandt",">=1 case",">=1 case",">=1 case",">=1 case","No cases",">=1 case",">=1 case","No cases",">=1 case","No cases"
"48","469","48469","TX","Texas","Victoria",">=1 case",">=1 case",">=1 case",">=1 case",">=1 case",">=1 case",">=1 case",">=1 case",">=1 case",">=1 case"
"48","471","48471","TX","Texas","Walker",">=1 case",">=1 case",">=1 case",">=1 case",">=1 case",">=1 case",">=1 case",">=1 case",">=1 case","No cases"
"48","473","48473","TX","Texas","Waller",">=1 case",">=1 case",">=1 case",">=1 case",">=1 case",">=1 case",">=1 case",">=1 case","No cases",">=1 case"
"48","475","48475","TX","Texas","Ward","No cases","No cases","No cases","No cases","No cases","No cases","No cases","No cases",">=1 case","No cases"
"48","477","48477","TX","Texas","Washington","No cases","No cases",">=1 case",">=1 case","No cases",">=1 case",">=1 case",">=1 case",">=1 case",">=1 case"
"48","479","48479","TX","Texas","Webb",">=1 case",">=1 case",">=1 case",">=1 case",">=1 case",">=1 case",">=1 case",">=1 case",">=1 case",">=1 case"
"48","481","48481","TX","Texas","Wharton",">=1 case",">=1 case",">=1 case",">=1 case",">=1 case","No cases","No cases",">=1 case","No cases",">=1 case"
"48","483","48483","TX","Texas","Wheeler","No cases","No cases","No cases","No cases","No cases","No cases","No cases","No cases","No cases","No cases"
"48","485","48485","TX","Texas","Wichita",">=1 case",">=1 case",">=1 case",">=1 case",">=1 case",">=1 case",">=1 case",">=1 case",">=1 case",">=1 case"
"48","487","48487","TX","Texas","Wilbarger","No cases","No cases","No cases","No cases","No cases","No cases",">=1 case","No cases","No cases","No cases"
"48","489","48489","TX","Texas","Willacy","No cases",">=1 case",">=1 case",">=1 case",">=1 case",">=1 case","No cases",">=1 case",">=1 case","No cases"
"48","491","48491","TX","Texas","Williamson",">=1 case",">=1 case",">=1 case",">=1 case",">=1 case",">=1 case",">=1 case",">=1 case",">=1 case",">=1 case"
"48","493","48493","TX","Texas","Wilson","No cases",">=1 case","No cases",">=1 case",">=1 case",">=1 case",">=1 case",">=1 case",">=1 case",">=1 case"
"48","495","48495","TX","Texas","Winkler","No cases","No cases","No cases","No cases","No cases","No cases","No cases","No cases","No cases",">=1 case"
"48","497","48497","TX","Texas","Wise","No cases","No cases",">=1 case",">=1 case",">=1 case","No cases",">=1 case",">=1 case",">=1 case",">=1 case"
"48","499","48499","TX","Texas","Wood",">=1 case","No cases","No cases","No cases","No cases","No cases","No cases",">=1 case","No cases","No cases"
"48","501","48501","TX","Texas","Yoakum","No cases","No cases",">=1 case","No cases","No cases",">=1 case",">=1 case",">=1 case",">=1 case",">=1 case"
"48","503","48503","TX","Texas","Young","No cases",">=1 case","No cases","No cases","No cases","No cases","No cases","No cases",">=1 case","No cases"
"48","505","48505","TX","Texas","Zapata",">=1 case",">=1 case","No cases","No cases","No cases","No cases","No cases","No cases","No cases",">=1 case"
"48","507","48507","TX","Texas","Zavala","No cases",">=1 case","No cases",">=1 case","No cases","No cases","No cases","No cases",">=1 case",">=1 case"
"49","001","49001","UT","Utah","Beaver","No cases","No cases","No cases","No cases","No cases","No cases","No cases","No cases","No cases",">=1 case"
"49","003","49003","UT","Utah","Box Elder","No cases","No cases","No cases","No cases","No cases","No cases","No cases","No cases","No cases","No cases"
"49","005","49005","UT","Utah","Cache","No cases","No cases","No cases","No cases","No cases","No cases","No cases","No cases","No cases",">=1 case"
"49","007","49007","UT","Utah","Carbon","No cases","No cases","No cases","No cases","No cases","No cases","No cases","No cases","No cases",">=1 case"
"49","009","49009","UT","Utah","Daggett","No cases","No cases","No cases","No cases","No cases","No cases","No cases","No cases","No cases","No cases"
"49","011","49011","UT","Utah","Davis","No cases",">=1 case","No cases",">=1 case",">=1 case",">=1 case",">=1 case",">=1 case",">=1 case",">=1 case"
"49","013","49013","UT","Utah","Duchesne","No cases","No cases","No cases","No cases","No cases","No cases","No cases","No cases","No cases","No cases"
"49","015","49015","UT","Utah","Emery","No cases","No cases","No cases","No cases","No cases","No cases","No cases","No cases","No cases","No cases"
"49","017","49017","UT","Utah","Garfield","No cases","No cases","No cases","No cases","No cases","No cases","No cases","No cases","No cases","No cases"
"49","019","49019","UT","Utah","Grand","No cases","No cases","No cases","No cases","No cases","No cases","No cases","No cases","No cases",">=1 case"
"49","021","49021","UT","Utah","Iron",">=1 case","No cases","No cases","No cases","No cases","No cases","No cases","No cases","No cases","No cases"
"49","023","49023","UT","Utah","Juab","No cases","No cases","No cases","No cases","No cases","No cases","No cases","No cases","No cases","No cases"
"49","025","49025","UT","Utah","Kane","No cases","No cases","No cases","No cases","No cases","No cases","No cases","No cases","No cases","No cases"
"49","027","49027","UT","Utah","Millard","No cases","No cases","No cases","No cases","No cases","No cases","No cases","No cases","No cases","No cases"
"49","029","49029","UT","Utah","Morgan","No cases","No cases","No cases","No cases","No cases","No cases","No cases","No cases","No cases",">=1 case"
"49","031","49031","UT","Utah","Piute","No cases","No cases","No cases","No cases","No cases","No cases","No cases","No cases","No cases","No cases"
"49","033","49033","UT","Utah","Rich","No cases","No cases","No cases","No cases","No cases","No cases","No cases","No cases","No cases","No cases"
"49","035","49035","UT","Utah","Salt Lake",">=1 case",">=1 case",">=1 case",">=1 case",">=1 case",">=1 case",">=1 case",">=1 case",">=1 case",">=1 case"
"49","037","49037","UT","Utah","San Juan","No cases","No cases","No cases","No cases","No cases","No cases","No cases",">=1 case","No cases","No cases"
"49","039","49039","UT","Utah","Sanpete","No cases","No cases","No cases","No cases","No cases","No cases","No cases","No cases","No cases",">=1 case"
"49","041","49041","UT","Utah","Sevier","No cases","No cases","No cases","No cases","No cases","No cases","No cases","No cases",">=1 case","No cases"
"49","043","49043","UT","Utah","Summit","No cases","No cases","No cases","No cases","No cases","No cases","No cases","No cases","No cases",">=1 case"
"49","045","49045","UT","Utah","Tooele","No cases","No cases","No cases","No cases","No cases","No cases","No cases",">=1 case","No cases","No cases"
"49","047","49047","UT","Utah","Uintah","No cases","No cases","No cases","No cases","No cases","No cases","No cases","No cases","No cases","No cases"
"49","049","49049","UT","Utah","Utah","No cases",">=1 case",">=1 case",">=1 case",">=1 case","No cases","No cases",">=1 case",">=1 case",">=1 case"
"49","051","49051","UT","Utah","Wasatch","No cases","No cases","No cases","No cases","No cases",">=1 case","No cases","No cases","No cases","No cases"
"49","053","49053","UT","Utah","Washington","No cases","No cases","No cases","No cases","No cases",">=1 case",">=1 case",">=1 case",">=1 case",">=1 case"
"49","055","49055","UT","Utah","Wayne","No cases","No cases","No cases","No cases","No cases","No cases","No cases","No cases","No cases","No cases"
"49","057","49057","UT","Utah","Weber",">=1 case","No cases",">=1 case",">=1 case","No cases","No cases",">=1 case",">=1 case",">=1 case",">=1 case"
"50","001","50001","VT","Vermont","Addison","No cases","No cases","No cases","No cases","No cases","No cases",">=1 case",">=1 case","No cases","No cases"
"50","003","50003","VT","Vermont","Bennington","No cases","No cases","No cases","No cases","No cases","No cases","No cases","No cases",">=1 case","No cases"
"50","005","50005","VT","Vermont","Caledonia","No cases","No cases","No cases","No cases","No cases","No cases",">=1 case","No cases",">=1 case","No cases"
"50","007","50007","VT","Vermont","Chittenden",">=1 case",">=1 case","No cases","No cases","No cases","No cases","No cases",">=1 case",">=1 case","No cases"
"50","009","50009","VT","Vermont","Essex","No cases","No cases","No cases","No cases","No cases","No cases","No cases","No cases","No cases","No cases"
"50","011","50011","VT","Vermont","Franklin","No cases","No cases","No cases","No cases","No cases","No cases","No cases",">=1 case","No cases","No cases"
"50","013","50013","VT","Vermont","Grand Isle","No cases","No cases","No cases","No cases","No cases","No cases","No cases","No cases",">=1 case","No cases"
"50","015","50015","VT","Vermont","Lamoille","No cases","No cases","No cases","No cases","No cases","No cases","No cases","No cases","No cases","No cases"
"50","017","50017","VT","Vermont","Orange","No cases","No cases","No cases","No cases","No cases","No cases","No cases","No cases","No cases","No cases"
"50","019","50019","VT","Vermont","Orleans","No cases","No cases","No cases","No cases","No cases","No cases",">=1 case","No cases","No cases","No cases"
"50","021","50021","VT","Vermont","Rutland","No cases","No cases","No cases","No cases","No cases","No cases","No cases","No cases","No cases","No cases"
"50","023","50023","VT","Vermont","Washington","No cases","No cases","No cases","No cases","No cases","No cases",">=1 case","No cases","No cases",">=1 case"
"50","025","50025","VT","Vermont","Windham","No cases","No cases","No cases","No cases","No cases","No cases","No cases","No cases","No cases","No cases"
"50","027","50027","VT","Vermont","Windsor","No cases","No cases","No cases","No cases","No cases","No cases","No cases","No cases","No cases","No cases"
"51","001","51001","VA","Virginia","Accomack",">=1 case",">=1 case","No cases",">=1 case","No cases","No cases",">=1 case",">=1 case",">=1 case","No cases"
"51","003","51003","VA","Virginia","Albemarle",">=1 case","No cases","No cases",">=1 case","No cases","No cases",">=1 case","No cases",">=1 case",">=1 case"
"51","005","51005","VA","Virginia","Alleghany","No cases","No cases","No cases","No cases","No cases","No cases","No cases","No cases","No cases","No cases"
"51","007","51007","VA","Virginia","Amelia",">=1 case","No cases","No cases","No cases","No cases","No cases","No cases",">=1 case",">=1 case","No cases"
"51","009","51009","VA","Virginia","Amherst","No cases","No cases",">=1 case",">=1 case","No cases","No cases","No cases","No cases",">=1 case","No cases"
"51","011","51011","VA","Virginia","Appomattox",">=1 case","No cases",">=1 case","No cases",">=1 case","No cases","No cases","No cases",">=1 case","No cases"
"51","013","51013","VA","Virginia","Arlington",">=1 case",">=1 case",">=1 case",">=1 case",">=1 case",">=1 case",">=1 case",">=1 case",">=1 case",">=1 case"
"51","015","51015","VA","Virginia","Augusta","No cases","No cases",">=1 case",">=1 case",">=1 case","No cases","No cases",">=1 case","No cases",">=1 case"
"51","017","51017","VA","Virginia","Bath","No cases","No cases","No cases","No cases","No cases","No cases","No cases","No cases","No cases","No cases"
"51","019","51019","VA","Virginia","Bedford","No cases",">=1 case","No cases","No cases","No cases",">=1 case",">=1 case","No cases","No cases",">=1 case"
"51","021","51021","VA","Virginia","Bland","No cases","No cases","No cases","No cases","No cases","No cases","No cases",">=1 case","No cases","No cases"
"51","023","51023","VA","Virginia","Botetourt","No cases","No cases","No cases","No cases","No cases","No cases","No cases","No cases","No cases","No cases"
"51","025","51025","VA","Virginia","Brunswick",">=1 case","No cases",">=1 case",">=1 case","No cases","No cases","No cases","No cases",">=1 case","No cases"
"51","027","51027","VA","Virginia","Buchanan","No cases","No cases","No cases","No cases","No cases","No cases","No cases","No cases","No cases","No cases"
"51","029","51029","VA","Virginia","Buckingham","No cases","No cases","No cases",">=1 case","No cases","No cases","No cases","No cases","No cases","No cases"
"51","031","51031","VA","Virginia","Campbell",">=1 case","No cases","No cases",">=1 case",">=1 case","No cases","No cases","No cases",">=1 case",">=1 case"
"51","033","51033","VA","Virginia","Caroline","No cases","No cases","No cases","No cases","No cases","No cases","No cases","No cases",">=1 case",">=1 case"
"51","035","51035","VA","Virginia","Carroll","No cases","No cases","No cases","No cases","No cases","No cases","No cases","No cases","No cases",">=1 case"
"51","036","51036","VA","Virginia","Charles City","No cases","No cases","No cases","No cases","No cases","No cases","No cases","No cases","No cases","No cases"
"51","037","51037","VA","Virginia","Charlotte",">=1 case","No cases","No cases","No cases","No cases","No cases","No cases",">=1 case",">=1 case","No cases"
"51","041","51041","VA","Virginia","Chesterfield",">=1 case",">=1 case",">=1 case",">=1 case",">=1 case","No cases",">=1 case",">=1 case",">=1 case",">=1 case"
"51","043","51043","VA","Virginia","Clarke","No cases","No cases","No cases","No cases","No cases","No cases","No cases","No cases","No cases","No cases"
"51","045","51045","VA","Virginia","Craig","No cases","No cases","No cases","No cases","No cases","No cases","No cases","No cases","No cases","No cases"
"51","047","51047","VA","Virginia","Culpeper","No cases","No cases",">=1 case",">=1 case","No cases","No cases","No cases",">=1 case","No cases",">=1 case"
"51","049","51049","VA","Virginia","Cumberland","No cases","No cases","No cases",">=1 case","No cases","No cases","No cases",">=1 case","No cases","No cases"
"51","051","51051","VA","Virginia","Dickenson","No cases","No cases","No cases","No cases","No cases","No cases","No cases","No cases",">=1 case","No cases"
"51","053","51053","VA","Virginia","Dinwiddie","No cases","No cases",">=1 case","No cases","No cases","No cases",">=1 case",">=1 case",">=1 case",">=1 case"
"51","057","51057","VA","Virginia","Essex","No cases",">=1 case","No cases","No cases","No cases","No cases","No cases","No cases",">=1 case","No cases"
"51","059","51059","VA","Virginia","Fairfax",">=1 case",">=1 case",">=1 case",">=1 case",">=1 case",">=1 case",">=1 case",">=1 case",">=1 case",">=1 case"
"51","061","51061","VA","Virginia","Fauquier","No cases","No cases","No cases","No cases","No cases","No cases","No cases","No cases",">=1 case","No cases"
"51","063","51063","VA","Virginia","Floyd",">=1 case","No cases","No cases","No cases","No cases","No cases","No cases","No cases","No cases","No cases"
"51","065","51065","VA","Virginia","Fluvanna","No cases","No cases",">=1 case",">=1 case","No cases","No cases","No cases","No cases","No cases","No cases"
"51","067","51067","VA","Virginia","Franklin","No cases","No cases",">=1 case",">=1 case",">=1 case","No cases","No cases",">=1 case",">=1 case","No cases"
"51","069","51069","VA","Virginia","Frederick","No cases","No cases","No cases","No cases","No cases","No cases","No cases","No cases","No cases","No cases"
"51","071","51071","VA","Virginia","Giles","No cases","No cases","No cases","No cases","No cases",">=1 case","No cases","No cases","No cases","No cases"
"51","073","51073","VA","Virginia","Gloucester","No cases","No cases","No cases","No cases","No cases","No cases","No cases","No cases",">=1 case","No cases"
"51","075","51075","VA","Virginia","Goochland","No cases","No cases","No cases","No cases","No cases","No cases",">=1 case",">=1 case",">=1 case","No cases"
"51","077","51077","VA","Virginia","Grayson","No cases",">=1 case","No cases","No cases","No cases","No cases","No cases","No cases","No cases","No cases"
"51","079","51079","VA","Virginia","Greene","No cases","No cases",">=1 case","No cases","No cases","No cases","No cases","No cases",">=1 case","No cases"
"51","081","51081","VA","Virginia","Greensville","No cases","No cases","No cases","No cases","No cases","No cases","No cases","No cases","No cases","No cases"
"51","083","51083","VA","Virginia","Halifax","No cases","No cases","No cases","No cases","No cases","No cases","No cases",">=1 case","No cases","No cases"
"51","085","51085","VA","Virginia","Hanover","No cases","No cases","No cases",">=1 case",">=1 case","No cases","No cases",">=1 case",">=1 case",">=1 case"
"51","087","51087","VA","Virginia","Henrico",">=1 case",">=1 case",">=1 case",">=1 case",">=1 case",">=1 case",">=1 case",">=1 case",">=1 case",">=1 case"
"51","089","51089","VA","Virginia","Henry","No cases","No cases",">=1 case","No cases","No cases","No cases",">=1 case","No cases",">=1 case","No cases"
"51","091","51091","VA","Virginia","Highland","No cases","No cases","No cases","No cases","No cases","No cases","No cases","No cases","No cases","No cases"
"51","093","51093","VA","Virginia","Isle of Wight","No cases","No cases","No cases","No cases",">=1 case",">=1 case",">=1 case",">=1 case","No cases",">=1 case"
"51","095","51095","VA","Virginia","James City","No cases","No cases","No cases","No cases","No cases",">=1 case","No cases",">=1 case",">=1 case",">=1 case"
"51","097","51097","VA","Virginia","King and Queen","No cases","No cases","No cases","No cases","No cases","No cases","No cases","No cases",">=1 case","No cases"
"51","099","51099","VA","Virginia","King George",">=1 case","No cases","No cases","No cases","No cases","No cases","No cases",">=1 case",">=1 case","No cases"
"51","101","51101","VA","Virginia","King William","No cases",">=1 case","No cases","No cases","No cases","No cases",">=1 case","No cases","No cases",">=1 case"
"51","103","51103","VA","Virginia","Lancaster","No cases","No cases","No cases",">=1 case","No cases","No cases","No cases",">=1 case","No cases","No cases"
"51","105","51105","VA","Virginia","Lee","No cases","No cases","No cases","No cases","No cases",">=1 case","No cases","No cases","No cases","No cases"
"51","107","51107","VA","Virginia","Loudoun",">=1 case","No cases",">=1 case",">=1 case","No cases","No cases","No cases",">=1 case",">=1 case",">=1 case"
"51","109","51109","VA","Virginia","Louisa",">=1 case","No cases","No cases","No cases",">=1 case","No cases","No cases","No cases","No cases",">=1 case"
"51","111","51111","VA","Virginia","Lunenburg","No cases","No cases","No cases","No cases","No cases","No cases","No cases","No cases","No cases",">=1 case"
"51","113","51113","VA","Virginia","Madison","No cases","No cases","No cases","No cases","No cases","No cases","No cases","No cases","No cases","No cases"
"51","115","51115","VA","Virginia","Mathews","No cases","No cases","No cases","No cases","No cases","No cases","No cases","No cases","No cases","No cases"
"51","117","51117","VA","Virginia","Mecklenburg","No cases",">=1 case","No cases","No cases","No cases",">=1 case","No cases","No cases","No cases","No cases"
"51","119","51119","VA","Virginia","Middlesex","No cases","No cases",">=1 case","No cases","No cases","No cases","No cases","No cases","No cases","No cases"
"51","121","51121","VA","Virginia","Montgomery","No cases","No cases","No cases","No cases","No cases","No cases","No cases","No cases","No cases","No cases"
"51","125","51125","VA","Virginia","Nelson","No cases","No cases","No cases","No cases","No cases","No cases","No cases","No cases","No cases","No cases"
"51","127","51127","VA","Virginia","New Kent","No cases","No cases","No cases",">=1 case","No cases","No cases",">=1 case","No cases","No cases",">=1 case"
"51","131","51131","VA","Virginia","Northampton","No cases","No cases","No cases","No cases","No cases",">=1 case","No cases","No cases","No cases","No cases"
"51","133","51133","VA","Virginia","Northumberland","No cases",">=1 case","No cases","No cases","No cases","No cases","No cases","No cases","No cases",">=1 case"
"51","135","51135","VA","Virginia","Nottoway","No cases",">=1 case","No cases","No cases",">=1 case","No cases",">=1 case",">=1 case",">=1 case","No cases"
"51","137","51137","VA","Virginia","Orange","No cases","No cases","No cases","No cases","No cases","No cases","No cases",">=1 case","No cases","No cases"
"51","139","51139","VA","Virginia","Page","No cases","No cases","No cases","No cases","No cases","No cases","No cases","No cases","No cases",">=1 case"
"51","141","51141","VA","Virginia","Patrick","No cases","No cases","No cases","No cases","No cases","No cases","No cases","No cases","No cases","No cases"
"51","143","51143","VA","Virginia","Pittsylvania",">=1 case","No cases",">=1 case","No cases",">=1 case","No cases",">=1 case",">=1 case",">=1 case",">=1 case"
"51","145","51145","VA","Virginia","Powhatan","No cases","No cases","No cases","No cases","No cases","No cases","No cases",">=1 case","No cases","No cases"
"51","147","51147","VA","Virginia","Prince Edward",">=1 case",">=1 case",">=1 case","No cases","No cases",">=1 case","No cases",">=1 case",">=1 case",">=1 case"
"51","149","51149","VA","Virginia","Prince George",">=1 case","No cases","No cases",">=1 case","No cases","No cases",">=1 case",">=1 case",">=1 case",">=1 case"
"51","153","51153","VA","Virginia","Prince William",">=1 case",">=1 case",">=1 case",">=1 case",">=1 case",">=1 case",">=1 case",">=1 case",">=1 case",">=1 case"
"51","155","51155","VA","Virginia","Pulaski","No cases","No cases","No cases","No cases","No cases","No cases","No cases",">=1 case","No cases","No cases"
"51","157","51157","VA","Virginia","Rappahannock","No cases","No cases","No cases","No cases","No cases","No cases","No cases","No cases","No cases","No cases"
"51","159","51159","VA","Virginia","Richmond","No cases","No cases","No cases","No cases","No cases","No cases","No cases","No cases","No cases","No cases"
"51","161","51161","VA","Virginia","Roanoke","No cases","No cases","No cases","No cases","No cases","No cases","No cases","No cases",">=1 case","No cases"
"51","163","51163","VA","Virginia","Rockbridge","No cases","No cases","No cases","No cases","No cases","No cases",">=1 case","No cases","No cases","No cases"
"51","165","51165","VA","Virginia","Rockingham","No cases","No cases","No cases","No cases",">=1 case",">=1 case",">=1 case","No cases","No cases","No cases"
"51","167","51167","VA","Virginia","Russell","No cases","No cases","No cases","No cases","No cases","No cases","No cases","No cases","No cases","No cases"
"51","169","51169","VA","Virginia","Scott","No cases","No cases","No cases","No cases","No cases",">=1 case","No cases","No cases","No cases","No cases"
"51","171","51171","VA","Virginia","Shenandoah","No cases","No cases","No cases","No cases","No cases","No cases","No cases",">=1 case","No cases","No cases"
"51","173","51173","VA","Virginia","Smyth","No cases","No cases","No cases","No cases","No cases","No cases","No cases","No cases","No cases","No cases"
"51","175","51175","VA","Virginia","Southampton","No cases","No cases","No cases","No cases","No cases","No cases","No cases","No cases","No cases","No cases"
"51","177","51177","VA","Virginia","Spotsylvania",">=1 case",">=1 case","No cases","No cases","No cases",">=1 case","No cases",">=1 case",">=1 case",">=1 case"
"51","179","51179","VA","Virginia","Stafford","No cases",">=1 case",">=1 case","No cases",">=1 case",">=1 case","No cases",">=1 case",">=1 case","No cases"
"51","181","51181","VA","Virginia","Surry","No cases","No cases","No cases","No cases","No cases","No cases","No cases","No cases","No cases","No cases"
"51","183","51183","VA","Virginia","Sussex",">=1 case","No cases","No cases","No cases","No cases",">=1 case","No cases",">=1 case","No cases","No cases"
"51","185","51185","VA","Virginia","Tazewell","No cases","No cases","No cases","No cases","No cases","No cases","No cases","No cases","No cases","No cases"
"51","187","51187","VA","Virginia","Warren","No cases","No cases","No cases","No cases",">=1 case","No cases","No cases",">=1 case",">=1 case","No cases"
"51","191","51191","VA","Virginia","Washington","No cases","No cases","No cases","No cases",">=1 case","No cases","No cases","No cases","No cases","No cases"
"51","193","51193","VA","Virginia","Westmoreland","No cases",">=1 case","No cases","No cases","No cases","No cases","No cases","No cases","No cases","No cases"
"51","195","51195","VA","Virginia","Wise","No cases","No cases","No cases","No cases","No cases","No cases","No cases","No cases",">=1 case","No cases"
"51","197","51197","VA","Virginia","Wythe","No cases","No cases","No cases","No cases","No cases","No cases","No cases","No cases","No cases","No cases"
"51","199","51199","VA","Virginia","York",">=1 case",">=1 case","No cases",">=1 case","No cases",">=1 case",">=1 case",">=1 case",">=1 case",">=1 case"
"51","510","51510","VA","Virginia","Alexandria",">=1 case",">=1 case",">=1 case",">=1 case","No cases",">=1 case",">=1 case",">=1 case",">=1 case",">=1 case"
"51","520","51520","VA","Virginia","Bristol","No cases","No cases","No cases","No cases","No cases","No cases","No cases",">=1 case","No cases","No cases"
"51","530","51530","VA","Virginia","Buena Vista","No cases","No cases","No cases","No cases","No cases","No cases","No cases","No cases","No cases","No cases"
"51","540","51540","VA","Virginia","Charlottesville",">=1 case","No cases",">=1 case",">=1 case","No cases",">=1 case",">=1 case",">=1 case","No cases","No cases"
"51","550","51550","VA","Virginia","Chesapeake",">=1 case",">=1 case",">=1 case",">=1 case",">=1 case",">=1 case",">=1 case",">=1 case",">=1 case",">=1 case"
"51","570","51570","VA","Virginia","Colonial Heights","No cases","No cases","No cases",">=1 case","No cases","No cases",">=1 case",">=1 case","No cases","No cases"
"51","580","51580","VA","Virginia","Covington",">=1 case","No cases","No cases","No cases","No cases","No cases","No cases","No cases","No cases","No cases"
"51","590","51590","VA","Virginia","Danville",">=1 case",">=1 case",">=1 case",">=1 case",">=1 case","No cases",">=1 case",">=1 case",">=1 case",">=1 case"
"51","595","51595","VA","Virginia","Emporia","No cases","No cases","No cases","No cases","No cases","No cases",">=1 case",">=1 case","No cases",">=1 case"
"51","600","51600","VA","Virginia","Fairfax","No cases","No cases","No cases","No cases","No cases","No cases","No cases","No cases",">=1 case",">=1 case"
"51","610","51610","VA","Virginia","Falls Church","No cases","No cases","No cases","No cases",">=1 case","No cases",">=1 case","No cases","No cases","No cases"
"51","620","51620","VA","Virginia","Franklin","No cases","No cases","No cases","No cases","No cases","No cases","No cases",">=1 case",">=1 case",">=1 case"
"51","630","51630","VA","Virginia","Fredericksburg","No cases","No cases","No cases",">=1 case","No cases",">=1 case",">=1 case","No cases",">=1 case","No cases"
"51","640","51640","VA","Virginia","Galax","No cases","No cases",">=1 case","No cases","No cases","No cases",">=1 case","No cases","No cases","No cases"
"51","650","51650","VA","Virginia","Hampton",">=1 case",">=1 case",">=1 case",">=1 case",">=1 case",">=1 case",">=1 case",">=1 case",">=1 case",">=1 case"
"51","660","51660","VA","Virginia","Harrisonburg",">=1 case",">=1 case","No cases","No cases","No cases","No cases",">=1 case","No cases","No cases",">=1 case"
"51","670","51670","VA","Virginia","Hopewell",">=1 case","No cases","No cases","No cases",">=1 case","No cases","No cases",">=1 case",">=1 case",">=1 case"
"51","678","51678","VA","Virginia","Lexington","No cases","No cases","No cases","No cases","No cases","No cases","No cases","No cases","No cases","No cases"
"51","680","51680","VA","Virginia","Lynchburg",">=1 case",">=1 case","No cases",">=1 case",">=1 case",">=1 case",">=1 case",">=1 case",">=1 case",">=1 case"
"51","683","51683","VA","Virginia","Manassas",">=1 case",">=1 case","No cases",">=1 case","No cases",">=1 case","No cases",">=1 case",">=1 case",">=1 case"
"51","685","51685","VA","Virginia","Manassas Park","No cases","No cases","No cases","No cases",">=1 case","No cases","No cases",">=1 case","No cases","No cases"
"51","690","51690","VA","Virginia","Martinsville","No cases","No cases","No cases","No cases","No cases","No cases","No cases","No cases","No cases","No cases"
"51","700","51700","VA","Virginia","Newport News",">=1 case",">=1 case",">=1 case",">=1 case",">=1 case",">=1 case",">=1 case",">=1 case",">=1 case",">=1 case"
"51","710","51710","VA","Virginia","Norfolk",">=1 case",">=1 case",">=1 case",">=1 case",">=1 case",">=1 case",">=1 case",">=1 case",">=1 case",">=1 case"
"51","720","51720","VA","Virginia","Norton","No cases","No cases","No cases","No cases","No cases","No cases","No cases","No cases","No cases","No cases"
"51","730","51730","VA","Virginia","Petersburg","No cases",">=1 case",">=1 case","No cases",">=1 case","No cases",">=1 case",">=1 case",">=1 case",">=1 case"
"51","735","51735","VA","Virginia","Poquoson","No cases","No cases","No cases","No cases","No cases","No cases","No cases","No cases","No cases","No cases"
"51","740","51740","VA","Virginia","Portsmouth",">=1 case",">=1 case",">=1 case",">=1 case",">=1 case",">=1 case",">=1 case",">=1 case",">=1 case",">=1 case"
"51","750","51750","VA","Virginia","Radford","No cases","No cases","No cases","No cases","No cases","No cases","No cases","No cases","No cases","No cases"
"51","760","51760","VA","Virginia","Richmond",">=1 case",">=1 case",">=1 case",">=1 case",">=1 case",">=1 case",">=1 case",">=1 case",">=1 case",">=1 case"
"51","770","51770","VA","Virginia","Roanoke",">=1 case","No cases",">=1 case",">=1 case",">=1 case","No cases","No cases",">=1 case",">=1 case",">=1 case"
"51","775","51775","VA","Virginia","Salem","No cases","No cases","No cases","No cases","No cases","No cases","No cases","No cases",">=1 case","No cases"
"51","790","51790","VA","Virginia","Staunton",">=1 case","No cases","No cases","No cases","No cases","No cases","No cases","No cases",">=1 case","No cases"
"51","800","51800","VA","Virginia","Suffolk",">=1 case","No cases",">=1 case",">=1 case",">=1 case",">=1 case",">=1 case",">=1 case","No cases","No cases"
"51","810","51810","VA","Virginia","Virginia Beach",">=1 case",">=1 case",">=1 case",">=1 case",">=1 case",">=1 case",">=1 case",">=1 case",">=1 case",">=1 case"
"51","820","51820","VA","Virginia","Waynesboro","No cases","No cases",">=1 case","No cases","No cases","No cases",">=1 case","No cases","No cases","No cases"
"51","830","51830","VA","Virginia","Williamsburg","No cases","No cases",">=1 case","No cases","No cases","No cases","No cases",">=1 case","No cases","No cases"
"51","840","51840","VA","Virginia","Winchester","No cases","No cases","No cases","No cases","No cases","No cases",">=1 case","No cases","No cases","No cases"
"53","001","53001","WA","Washington","Adams",">=1 case",">=1 case","No cases","No cases",">=1 case","No cases","No cases",">=1 case",">=1 case",">=1 case"
"53","003","53003","WA","Washington","Asotin","No cases","No cases","No cases",">=1 case","No cases","No cases","No cases",">=1 case","No cases","No cases"
"53","005","53005","WA","Washington","Benton",">=1 case",">=1 case",">=1 case",">=1 case",">=1 case",">=1 case",">=1 case",">=1 case",">=1 case",">=1 case"
"53","007","53007","WA","Washington","Chelan",">=1 case","No cases","No cases","No cases",">=1 case","No cases",">=1 case",">=1 case","No cases",">=1 case"
"53","009","53009","WA","Washington","Clallam","No cases","No cases","No cases","No cases","No cases",">=1 case","No cases",">=1 case",">=1 case",">=1 case"
"53","011","53011","WA","Washington","Clark",">=1 case","No cases",">=1 case",">=1 case",">=1 case",">=1 case",">=1 case",">=1 case",">=1 case",">=1 case"
"53","013","53013","WA","Washington","Columbia","No cases","No cases","No cases","No cases","No cases","No cases","No cases","No cases","No cases","No cases"
"53","015","53015","WA","Washington","Cowlitz","No cases","No cases",">=1 case","No cases",">=1 case","No cases",">=1 case",">=1 case",">=1 case",">=1 case"
"53","017","53017","WA","Washington","Douglas","No cases","No cases","No cases","No cases","No cases","No cases",">=1 case","No cases","No cases",">=1 case"
"53","019","53019","WA","Washington","Ferry","No cases","No cases","No cases","No cases","No cases","No cases","No cases","No cases","No cases","No cases"
"53","021","53021","WA","Washington","Franklin",">=1 case","No cases",">=1 case","No cases",">=1 case",">=1 case",">=1 case",">=1 case",">=1 case",">=1 case"
"53","023","53023","WA","Washington","Garfield","No cases","No cases","No cases","No cases","No cases","No cases","No cases","No cases","No cases","No cases"
"53","025","53025","WA","Washington","Grant",">=1 case",">=1 case","No cases","No cases",">=1 case",">=1 case",">=1 case",">=1 case",">=1 case",">=1 case"
"53","027","53027","WA","Washington","Grays Harbor","No cases",">=1 case",">=1 case","No cases","No cases","No cases","No cases",">=1 case",">=1 case",">=1 case"
"53","029","53029","WA","Washington","Island","No cases","No cases","No cases","No cases","No cases","No cases","No cases",">=1 case","No cases",">=1 case"
"53","031","53031","WA","Washington","Jefferson","No cases","No cases","No cases","No cases","No cases","No cases",">=1 case","No cases",">=1 case","No cases"
"53","033","53033","WA","Washington","King",">=1 case",">=1 case",">=1 case",">=1 case",">=1 case",">=1 case",">=1 case",">=1 case",">=1 case",">=1 case"
"53","035","53035","WA","Washington","Kitsap",">=1 case",">=1 case",">=1 case",">=1 case",">=1 case",">=1 case",">=1 case",">=1 case",">=1 case",">=1 case"
"53","037","53037","WA","Washington","Kittitas","No cases",">=1 case","No cases","No cases","No cases","No cases",">=1 case","No cases","No cases","No cases"
"53","039","53039","WA","Washington","Klickitat","No cases","No cases","No cases","No cases","No cases","No cases",">=1 case","No cases","No cases","No cases"
"53","041","53041","WA","Washington","Lewis","No cases","No cases",">=1 case","No cases","No cases","No cases",">=1 case",">=1 case",">=1 case",">=1 case"
"53","043","53043","WA","Washington","Lincoln","No cases","No cases","No cases","No cases","No cases","No cases","No cases","No cases","No cases","No cases"
"53","045","53045","WA","Washington","Mason","No cases","No cases","No cases","No cases","No cases",">=1 case","No cases","No cases",">=1 case","No cases"
"53","047","53047","WA","Washington","Okanogan","No cases","No cases","No cases","No cases","No cases",">=1 case",">=1 case",">=1 case",">=1 case",">=1 case"
"53","049","53049","WA","Washington","Pacific","No cases","No cases","No cases","No cases","No cases","No cases",">=1 case",">=1 case",">=1 case",">=1 case"
"53","051","53051","WA","Washington","Pend Oreille","No cases","No cases","No cases","No cases","No cases","No cases","No cases","No cases","No cases","No cases"
"53","053","53053","WA","Washington","Pierce",">=1 case",">=1 case",">=1 case",">=1 case",">=1 case",">=1 case",">=1 case",">=1 case",">=1 case",">=1 case"
"53","055","53055","WA","Washington","San Juan","No cases","No cases","No cases","No cases","No cases","No cases","No cases","No cases","No cases","No cases"
"53","057","53057","WA","Washington","Skagit",">=1 case","No cases",">=1 case",">=1 case",">=1 case",">=1 case",">=1 case","No cases",">=1 case",">=1 case"
"53","059","53059","WA","Washington","Skamania","No cases","No cases","No cases","No cases","No cases","No cases","No cases","No cases","No cases","No cases"
"53","061","53061","WA","Washington","Snohomish",">=1 case",">=1 case",">=1 case",">=1 case",">=1 case",">=1 case",">=1 case",">=1 case",">=1 case",">=1 case"
"53","063","53063","WA","Washington","Spokane",">=1 case",">=1 case",">=1 case","No cases",">=1 case",">=1 case",">=1 case",">=1 case",">=1 case",">=1 case"
"53","065","53065","WA","Washington","Stevens","No cases","No cases","No cases","No cases","No cases","No cases","No cases",">=1 case",">=1 case",">=1 case"
"53","067","53067","WA","Washington","Thurston","No cases","No cases",">=1 case","No cases",">=1 case",">=1 case",">=1 case",">=1 case",">=1 case",">=1 case"
"53","069","53069","WA","Washington","Wahkiakum","No cases","No cases","No cases","No cases","No cases","No cases","No cases","No cases","No cases","No cases"
"53","071","53071","WA","Washington","Walla Walla","No cases","No cases","No cases","No cases",">=1 case",">=1 case","No cases",">=1 case","No cases","No cases"
"53","073","53073","WA","Washington","Whatcom",">=1 case","No cases",">=1 case","No cases","No cases","No cases",">=1 case",">=1 case","No cases",">=1 case"
"53","075","53075","WA","Washington","Whitman","No cases","No cases","No cases","No cases","No cases","No cases","No cases",">=1 case",">=1 case",">=1 case"
"53","077","53077","WA","Washington","Yakima",">=1 case",">=1 case",">=1 case",">=1 case",">=1 case","No cases",">=1 case",">=1 case",">=1 case",">=1 case"
"54","001","54001","WV","West Virginia","Barbour","No cases","No cases","No cases","No cases","No cases","No cases","No cases","No cases","No cases","No cases"
"54","003","54003","WV","West Virginia","Berkeley","No cases","No cases","No cases","No cases","No cases","No cases",">=1 case",">=1 case",">=1 case",">=1 case"
"54","005","54005","WV","West Virginia","Boone","No cases","No cases","No cases","No cases","No cases","No cases","No cases","No cases","No cases",">=1 case"
"54","007","54007","WV","West Virginia","Braxton","No cases","No cases","No cases","No cases","No cases","No cases","No cases","No cases","No cases","No cases"
"54","009","54009","WV","West Virginia","Brooke","No cases","No cases","No cases","No cases","No cases","No cases","No cases","No cases","No cases","No cases"
"54","011","54011","WV","West Virginia","Cabell","No cases",">=1 case",">=1 case",">=1 case",">=1 case",">=1 case",">=1 case",">=1 case",">=1 case",">=1 case"
"54","013","54013","WV","West Virginia","Calhoun","No cases","No cases","No cases","No cases","No cases","No cases","No cases","No cases","No cases","No cases"
"54","015","54015","WV","West Virginia","Clay","No cases","No cases","No cases","No cases","No cases","No cases","No cases","No cases","No cases",">=1 case"
"54","017","54017","WV","West Virginia","Doddridge","No cases","No cases","No cases","No cases","No cases","No cases","No cases",">=1 case","No cases",">=1 case"
"54","019","54019","WV","West Virginia","Fayette","No cases","No cases","No cases","No cases","No cases",">=1 case","No cases","No cases",">=1 case",">=1 case"
"54","021","54021","WV","West Virginia","Gilmer","No cases","No cases","No cases","No cases","No cases","No cases","No cases","No cases","No cases","No cases"
"54","023","54023","WV","West Virginia","Grant","No cases","No cases","No cases","No cases","No cases","No cases","No cases","No cases","No cases","No cases"
"54","025","54025","WV","West Virginia","Greenbrier","No cases","No cases",">=1 case","No cases","No cases","No cases",">=1 case","No cases","No cases","No cases"
"54","027","54027","WV","West Virginia","Hampshire","No cases","No cases","No cases","No cases","No cases","No cases","No cases","No cases","No cases","No cases"
"54","029","54029","WV","West Virginia","Hancock","No cases","No cases","No cases","No cases","No cases","No cases","No cases","No cases","No cases","No cases"
"54","031","54031","WV","West Virginia","Hardy","No cases","No cases","No cases","No cases","No cases","No cases","No cases","No cases","No cases","No cases"
"54","033","54033","WV","West Virginia","Harrison","No cases","No cases",">=1 case","No cases","No cases","No cases",">=1 case","No cases",">=1 case",">=1 case"
"54","035","54035","WV","West Virginia","Jackson","No cases","No cases","No cases","No cases","No cases","No cases","No cases",">=1 case",">=1 case",">=1 case"
"54","037","54037","WV","West Virginia","Jefferson","No cases","No cases","No cases","No cases","No cases","No cases",">=1 case","No cases","No cases",">=1 case"
"54","039","54039","WV","West Virginia","Kanawha",">=1 case","No cases",">=1 case",">=1 case",">=1 case",">=1 case",">=1 case",">=1 case",">=1 case",">=1 case"
"54","041","54041","WV","West Virginia","Lewis","No cases","No cases","No cases","No cases","No cases","No cases","No cases","No cases","No cases","No cases"
"54","043","54043","WV","West Virginia","Lincoln","No cases","No cases","No cases","No cases","No cases","No cases",">=1 case",">=1 case","No cases",">=1 case"
"54","045","54045","WV","West Virginia","Logan","No cases","No cases","No cases","No cases","No cases","No cases","No cases","No cases","No cases","No cases"
"54","047","54047","WV","West Virginia","McDowell","No cases","No cases","No cases","No cases","No cases","No cases","No cases","No cases","No cases","No cases"
"54","049","54049","WV","West Virginia","Marion","No cases","No cases","No cases","No cases","No cases","No cases","No cases","No cases",">=1 case",">=1 case"
"54","051","54051","WV","West Virginia","Marshall","No cases","No cases","No cases","No cases","No cases","No cases","No cases","No cases","No cases",">=1 case"
"54","053","54053","WV","West Virginia","Mason","No cases","No cases","No cases","No cases","No cases",">=1 case",">=1 case",">=1 case",">=1 case","No cases"
"54","055","54055","WV","West Virginia","Mercer","No cases","No cases","No cases",">=1 case","No cases","No cases","No cases","No cases","No cases",">=1 case"
"54","057","54057","WV","West Virginia","Mineral",">=1 case","No cases","No cases","No cases","No cases","No cases","No cases","No cases",">=1 case","No cases"
"54","059","54059","WV","West Virginia","Mingo","No cases","No cases","No cases","No cases","No cases","No cases","No cases","No cases","No cases","No cases"
"54","061","54061","WV","West Virginia","Monongalia","No cases","No cases","No cases","No cases","No cases","No cases","No cases",">=1 case","No cases",">=1 case"
"54","063","54063","WV","West Virginia","Monroe","No cases","No cases","No cases","No cases","No cases","No cases","No cases","No cases","No cases","No cases"
"54","065","54065","WV","West Virginia","Morgan","No cases","No cases","No cases","No cases","No cases","No cases","No cases",">=1 case","No cases","No cases"
"54","067","54067","WV","West Virginia","Nicholas","No cases","No cases","No cases","No cases","No cases","No cases","No cases","No cases","No cases","No cases"
"54","069","54069","WV","West Virginia","Ohio","No cases","No cases",">=1 case","No cases",">=1 case","No cases","No cases","No cases","No cases","No cases"
"54","071","54071","WV","West Virginia","Pendleton","No cases","No cases","No cases","No cases","No cases","No cases","No cases","No cases","No cases","No cases"
"54","073","54073","WV","West Virginia","Pleasants","No cases","No cases","No cases","No cases","No cases","No cases","No cases","No cases","No cases","No cases"
"54","075","54075","WV","West Virginia","Pocahontas","No cases","No cases","No cases","No cases","No cases","No cases","No cases","No cases","No cases","No cases"
"54","077","54077","WV","West Virginia","Preston","No cases","No cases","No cases","No cases",">=1 case",">=1 case","No cases","No cases","No cases","No cases"
"54","079","54079","WV","West Virginia","Putnam","No cases","No cases",">=1 case","No cases","No cases","No cases",">=1 case","No cases",">=1 case",">=1 case"
"54","081","54081","WV","West Virginia","Raleigh",">=1 case",">=1 case","No cases","No cases","No cases","No cases",">=1 case","No cases",">=1 case",">=1 case"
"54","083","54083","WV","West Virginia","Randolph","No cases","No cases","No cases","No cases","No cases","No cases","No cases","No cases",">=1 case",">=1 case"
"54","085","54085","WV","West Virginia","Ritchie","No cases","No cases","No cases","No cases","No cases","No cases","No cases","No cases",">=1 case","No cases"
"54","087","54087","WV","West Virginia","Roane","No cases","No cases","No cases","No cases","No cases","No cases","No cases","No cases","No cases","No cases"
"54","089","54089","WV","West Virginia","Summers","No cases","No cases","No cases","No cases","No cases","No cases","No cases","No cases","No cases",">=1 case"
"54","091","54091","WV","West Virginia","Taylor","No cases","No cases","No cases",">=1 case","No cases","No cases","No cases","No cases","No cases","No cases"
"54","093","54093","WV","West Virginia","Tucker","No cases","No cases","No cases","No cases","No cases","No cases","No cases","No cases","No cases","No cases"
"54","095","54095","WV","West Virginia","Tyler","No cases","No cases","No cases","No cases","No cases","No cases","No cases","No cases","No cases","No cases"
"54","097","54097","WV","West Virginia","Upshur","No cases","No cases","No cases","No cases","No cases","No cases","No cases","No cases","No cases","No cases"
"54","099","54099","WV","West Virginia","Wayne","No cases","No cases","No cases","No cases","No cases","No cases",">=1 case",">=1 case",">=1 case",">=1 case"
"54","101","54101","WV","West Virginia","Webster","No cases","No cases","No cases","No cases","No cases","No cases","No cases","No cases","No cases","No cases"
"54","103","54103","WV","West Virginia","Wetzel","No cases","No cases","No cases","No cases","No cases","No cases","No cases","No cases","No cases","No cases"
"54","105","54105","WV","West Virginia","Wirt","No cases","No cases","No cases","No cases","No cases","No cases","No cases","No cases","No cases",">=1 case"
"54","107","54107","WV","West Virginia","Wood","No cases","No cases","No cases","No cases","No cases",">=1 case","No cases",">=1 case",">=1 case",">=1 case"
"54","109","54109","WV","West Virginia","Wyoming","No cases","No cases","No cases","No cases",">=1 case","No cases","No cases","No cases","No cases","No cases"
"55","001","55001","WI","Wisconsin","Adams","No cases","No cases","No cases","No cases","No cases","No cases","No cases","No cases","No cases","No cases"
"55","003","55003","WI","Wisconsin","Ashland","No cases","No cases","No cases","No cases","No cases","No cases","No cases","No cases","No cases","No cases"
"55","005","55005","WI","Wisconsin","Barron","No cases","No cases","No cases","No cases","No cases",">=1 case","No cases",">=1 case",">=1 case",">=1 case"
"55","007","55007","WI","Wisconsin","Bayfield","No cases","No cases","No cases","No cases","No cases","No cases","No cases","No cases","No cases","No cases"
"55","009","55009","WI","Wisconsin","Brown","No cases",">=1 case",">=1 case",">=1 case","No cases",">=1 case",">=1 case",">=1 case",">=1 case",">=1 case"
"55","011","55011","WI","Wisconsin","Buffalo","No cases","No cases","No cases","No cases","No cases","No cases","No cases","No cases","No cases",">=1 case"
"55","013","55013","WI","Wisconsin","Burnett","No cases","No cases","No cases","No cases","No cases","No cases","No cases",">=1 case","No cases","No cases"
"55","015","55015","WI","Wisconsin","Calumet","No cases","No cases","No cases",">=1 case","No cases","No cases","No cases","No cases","No cases","No cases"
"55","017","55017","WI","Wisconsin","Chippewa","No cases","No cases","No cases","No cases","No cases","No cases","No cases","No cases",">=1 case",">=1 case"
"55","019","55019","WI","Wisconsin","Clark","No cases","No cases","No cases","No cases","No cases","No cases","No cases","No cases","No cases","No cases"
"55","021","55021","WI","Wisconsin","Columbia","No cases","No cases","No cases","No cases","No cases","No cases","No cases",">=1 case","No cases","No cases"
"55","023","55023","WI","Wisconsin","Crawford","No cases","No cases","No cases","No cases","No cases","No cases","No cases","No cases","No cases","No cases"
"55","025","55025","WI","Wisconsin","Dane",">=1 case",">=1 case",">=1 case",">=1 case",">=1 case",">=1 case",">=1 case",">=1 case",">=1 case",">=1 case"
"55","027","55027","WI","Wisconsin","Dodge","No cases","No cases","No cases","No cases",">=1 case","No cases","No cases","No cases","No cases","No cases"
"55","029","55029","WI","Wisconsin","Door","No cases","No cases","No cases","No cases","No cases","No cases","No cases","No cases","No cases","No cases"
"55","031","55031","WI","Wisconsin","Douglas","No cases","No cases","No cases",">=1 case","No cases","No cases","No cases","No cases","No cases","No cases"
"55","033","55033","WI","Wisconsin","Dunn",">=1 case","No cases","No cases","No cases","No cases","No cases","No cases",">=1 case","No cases","No cases"
"55","035","55035","WI","Wisconsin","Eau Claire",">=1 case","No cases","No cases","No cases","No cases",">=1 case","No cases",">=1 case",">=1 case","No cases"
"55","037","55037","WI","Wisconsin","Florence","No cases","No cases","No cases","No cases","No cases","No cases","No cases","No cases","No cases","No cases"
"55","039","55039","WI","Wisconsin","Fond du Lac","No cases",">=1 case",">=1 case","No cases","No cases","No cases",">=1 case",">=1 case",">=1 case",">=1 case"
"55","041","55041","WI","Wisconsin","Forest","No cases","No cases","No cases","No cases","No cases","No cases","No cases","No cases","No cases","No cases"
"55","043","55043","WI","Wisconsin","Grant","No cases","No cases","No cases","No cases","No cases","No cases","No cases","No cases","No cases",">=1 case"
"55","045","55045","WI","Wisconsin","Green","No cases","No cases","No cases","No cases","No cases",">=1 case","No cases","No cases","No cases","No cases"
"55","047","55047","WI","Wisconsin","Green Lake","No cases","No cases","No cases","No cases","No cases","No cases","No cases","No cases","No cases",">=1 case"
"55","049","55049","WI","Wisconsin","Iowa","No cases","No cases","No cases","No cases","No cases","No cases","No cases","No cases","No cases","No cases"
"55","051","55051","WI","Wisconsin","Iron","No cases","No cases","No cases","No cases","No cases","No cases","No cases","No cases","No cases","No cases"
"55","053","55053","WI","Wisconsin","Jackson","No cases","No cases","No cases","No cases","No cases","No cases","No cases","No cases","No cases","No cases"
"55","055","55055","WI","Wisconsin","Jefferson","No cases","No cases","No cases",">=1 case","No cases","No cases",">=1 case","No cases","No cases","No cases"
"55","057","55057","WI","Wisconsin","Juneau","No cases","No cases","No cases","No cases","No cases","No cases","No cases",">=1 case","No cases","No cases"
"55","059","55059","WI","Wisconsin","Kenosha",">=1 case",">=1 case",">=1 case","No cases",">=1 case",">=1 case","No cases",">=1 case",">=1 case",">=1 case"
"55","061","55061","WI","Wisconsin","Kewaunee","No cases","No cases","No cases","No cases","No cases","No cases","No cases","No cases","No cases","No cases"
"55","063","55063","WI","Wisconsin","La Crosse","No cases","No cases","No cases","No cases","No cases","No cases","No cases","No cases",">=1 case",">=1 case"
"55","065","55065","WI","Wisconsin","Lafayette","No cases","No cases","No cases","No cases",">=1 case","No cases","No cases","No cases","No cases","No cases"
"55","067","55067","WI","Wisconsin","Langlade","No cases","No cases","No cases","No cases","No cases","No cases","No cases","No cases","No cases","No cases"
"55","069","55069","WI","Wisconsin","Lincoln","No cases","No cases","No cases","No cases","No cases","No cases","No cases","No cases",">=1 case","No cases"
"55","071","55071","WI","Wisconsin","Manitowoc","No cases","No cases",">=1 case","No cases","No cases","No cases","No cases","No cases","No cases","No cases"
"55","073","55073","WI","Wisconsin","Marathon","No cases",">=1 case","No cases","No cases","No cases","No cases",">=1 case","No cases","No cases","No cases"
"55","075","55075","WI","Wisconsin","Marinette","No cases","No cases","No cases","No cases","No cases","No cases","No cases","No cases",">=1 case","No cases"
"55","077","55077","WI","Wisconsin","Marquette","No cases","No cases","No cases","No cases","No cases","No cases","No cases","No cases","No cases","No cases"
"55","078","55078","WI","Wisconsin","Menominee","No cases","No cases","No cases","No cases","No cases","No cases","No cases","No cases","No cases","No cases"
"55","079","55079","WI","Wisconsin","Milwaukee",">=1 case",">=1 case",">=1 case",">=1 case",">=1 case",">=1 case",">=1 case",">=1 case",">=1 case",">=1 case"
"55","081","55081","WI","Wisconsin","Monroe","No cases","No cases","No cases","No cases","No cases",">=1 case","No cases","No cases","No cases",">=1 case"
"55","083","55083","WI","Wisconsin","Oconto","No cases","No cases","No cases","No cases","No cases","No cases","No cases",">=1 case","No cases",">=1 case"
"55","085","55085","WI","Wisconsin","Oneida","No cases","No cases","No cases","No cases","No cases","No cases","No cases","No cases","No cases","No cases"
"55","087","55087","WI","Wisconsin","Outagamie","No cases","No cases","No cases",">=1 case",">=1 case","No cases","No cases",">=1 case",">=1 case",">=1 case"
"55","089","55089","WI","Wisconsin","Ozaukee","No cases","No cases",">=1 case","No cases",">=1 case","No cases","No cases","No cases",">=1 case",">=1 case"
"55","091","55091","WI","Wisconsin","Pepin","No cases","No cases","No cases","No cases","No cases","No cases","No cases","No cases","No cases","No cases"
"55","093","55093","WI","Wisconsin","Pierce","No cases","No cases",">=1 case","No cases","No cases","No cases","No cases","No cases","No cases",">=1 case"
"55","095","55095","WI","Wisconsin","Polk",">=1 case","No cases","No cases","No cases","No cases","No cases","No cases",">=1 case","No cases","No cases"
"55","097","55097","WI","Wisconsin","Portage","No cases","No cases","No cases","No cases","No cases","No cases","No cases","No cases",">=1 case","No cases"
"55","099","55099","WI","Wisconsin","Price","No cases","No cases","No cases","No cases","No cases","No cases","No cases","No cases","No cases",">=1 case"
"55","101","55101","WI","Wisconsin","Racine",">=1 case",">=1 case",">=1 case",">=1 case",">=1 case",">=1 case",">=1 case",">=1 case",">=1 case",">=1 case"
"55","103","55103","WI","Wisconsin","Richland","No cases","No cases","No cases","No cases","No cases","No cases","No cases","No cases","No cases","No cases"
"55","105","55105","WI","Wisconsin","Rock",">=1 case",">=1 case",">=1 case",">=1 case","No cases","No cases",">=1 case",">=1 case",">=1 case",">=1 case"
"55","107","55107","WI","Wisconsin","Rusk","No cases","No cases","No cases","No cases","No cases","No cases",">=1 case","No cases","No cases","No cases"
"55","109","55109","WI","Wisconsin","St. Croix","No cases","No cases","No cases","No cases",">=1 case","No cases",">=1 case",">=1 case","No cases","No cases"
"55","111","55111","WI","Wisconsin","Sauk","No cases",">=1 case","No cases","No cases","No cases","No cases","No cases","No cases",">=1 case","No cases"
"55","113","55113","WI","Wisconsin","Sawyer","No cases","No cases","No cases","No cases","No cases","No cases","No cases","No cases","No cases","No cases"
"55","115","55115","WI","Wisconsin","Shawano",">=1 case","No cases","No cases","No cases","No cases","No cases",">=1 case","No cases","No cases","No cases"
"55","117","55117","WI","Wisconsin","Sheboygan","No cases",">=1 case","No cases",">=1 case","No cases","No cases","No cases","No cases",">=1 case",">=1 case"
"55","119","55119","WI","Wisconsin","Taylor","No cases","No cases","No cases","No cases","No cases","No cases","No cases","No cases","No cases","No cases"
"55","121","55121","WI","Wisconsin","Trempealeau","No cases","No cases","No cases","No cases","No cases","No cases",">=1 case","No cases","No cases","No cases"
"55","123","55123","WI","Wisconsin","Vernon","No cases","No cases","No cases","No cases","No cases","No cases","No cases","No cases","No cases","No cases"
"55","125","55125","WI","Wisconsin","Vilas","No cases","No cases","No cases","No cases","No cases","No cases","No cases","No cases","No cases",">=1 case"
"55","127","55127","WI","Wisconsin","Walworth",">=1 case","No cases","No cases","No cases","No cases","No cases","No cases","No cases","No cases",">=1 case"
"55","129","55129","WI","Wisconsin","Washburn","No cases","No cases","No cases","No cases","No cases","No cases","No cases","No cases","No cases","No cases"
"55","131","55131","WI","Wisconsin","Washington","No cases","No cases",">=1 case","No cases","No cases","No cases","No cases","No cases","No cases","No cases"
"55","133","55133","WI","Wisconsin","Waukesha",">=1 case","No cases",">=1 case","No cases","No cases","No cases",">=1 case",">=1 case",">=1 case","No cases"
"55","135","55135","WI","Wisconsin","Waupaca","No cases","No cases","No cases","No cases","No cases","No cases","No cases","No cases",">=1 case","No cases"
"55","137","55137","WI","Wisconsin","Waushara","No cases","No cases","No cases","No cases","No cases","No cases","No cases","No cases","No cases","No cases"
"55","139","55139","WI","Wisconsin","Winnebago","No cases","No cases",">=1 case","No cases","No cases",">=1 case",">=1 case","No cases",">=1 case",">=1 case"
"55","141","55141","WI","Wisconsin","Wood","No cases","No cases","No cases","No cases","No cases","No cases","No cases","No cases",">=1 case","No cases"
"56","001","56001","WY","Wyoming","Albany","No cases","No cases","No cases","No cases","No cases","No cases","No cases","No cases","No cases","No cases"
"56","003","56003","WY","Wyoming","Big Horn","No cases","No cases","No cases","No cases","No cases","No cases","No cases","No cases","No cases","No cases"
"56","005","56005","WY","Wyoming","Campbell","No cases",">=1 case","No cases","No cases","No cases","No cases","No cases","No cases","No cases","No cases"
"56","007","56007","WY","Wyoming","Carbon","No cases","No cases","No cases","No cases","No cases","No cases","No cases","No cases","No cases","No cases"
"56","009","56009","WY","Wyoming","Converse","No cases","No cases","No cases","No cases","No cases","No cases","No cases","No cases","No cases","No cases"
"56","011","56011","WY","Wyoming","Crook","No cases","No cases","No cases","No cases","No cases","No cases","No cases","No cases","No cases","No cases"
"56","013","56013","WY","Wyoming","Fremont","No cases",">=1 case","No cases","No cases","No cases","No cases","No cases",">=1 case",">=1 case",">=1 case"
"56","015","56015","WY","Wyoming","Goshen","No cases","No cases","No cases","No cases","No cases","No cases","No cases","No cases","No cases","No cases"
"56","017","56017","WY","Wyoming","Hot Springs","No cases","No cases","No cases","No cases","No cases","No cases","No cases","No cases","No cases","No cases"
"56","019","56019","WY","Wyoming","Johnson","No cases","No cases","No cases","No cases","No cases","No cases","No cases","No cases","No cases","No cases"
"56","021","56021","WY","Wyoming","Laramie","No cases","No cases","No cases",">=1 case","No cases",">=1 case",">=1 case","No cases",">=1 case",">=1 case"
"56","023","56023","WY","Wyoming","Lincoln","No cases","No cases","No cases","No cases","No cases","No cases","No cases","No cases","No cases","No cases"
"56","025","56025","WY","Wyoming","Natrona","No cases","No cases",">=1 case","No cases","No cases",">=1 case","No cases",">=1 case",">=1 case",">=1 case"
"56","027","56027","WY","Wyoming","Niobrara","No cases","No cases","No cases","No cases","No cases","No cases","No cases","No cases","No cases","No cases"
"56","029","56029","WY","Wyoming","Park","No cases","No cases","No cases","No cases","No cases","No cases","No cases","No cases","No cases","No cases"
"56","031","56031","WY","Wyoming","Platte","No cases","No cases","No cases","No cases","No cases","No cases","No cases","No cases","No cases","No cases"
"56","033","56033","WY","Wyoming","Sheridan","No cases","No cases","No cases","No cases","No cases","No cases","No cases","No cases",">=1 case",">=1 case"
"56","035","56035","WY","Wyoming","Sublette","No cases","No cases","No cases","No cases","No cases","No cases","No cases","No cases","No cases","No cases"
"56","037","56037","WY","Wyoming","Sweetwater","No cases",">=1 case","No cases","No cases","No cases","No cases","No cases","No cases",">=1 case","No cases"
"56","039","56039","WY","Wyoming","Teton","No cases","No cases","No cases","No cases","No cases","No cases","No cases","No cases","No cases","No cases"
"56","041","56041","WY","Wyoming","Uinta","No cases","No cases","No cases","No cases","No cases","No cases","No cases","No cases","No cases",">=1 case"
"56","043","56043","WY","Wyoming","Washakie","No cases","No cases","No cases","No cases",">=1 case","No cases","No cases","No cases","No cases","No cases"
"56","045","56045","WY","Wyoming","Weston","No cases","No cases","No cases","No cases","No cases","No cases","No cases","No cases","No cases","No cases"
