"Date Printed: Tuesday, November 14, 2023 1:25:46 PM",,,,,,,,,
"Title: ""Chlamydia | Gonorrhea | HIV diagnoses | 2018 | 2019 | 2020 (COVID-19 Pandemic) | 2021 | Alabama | Alaska | American Samoa | Arizona | Arkansas | California | Colorado | Connecticut | Delaware | District of Columbia | Florida | Georgia | Guam | Hawaii | Idaho | Illinois | Indiana | Iowa | Kansas | Kentucky | Louisiana | Maine | Maryland | Massachusetts | Michigan | Minnesota | Mississippi | Missouri | Montana | Nebraska | Nevada | New Hampshire | New Jersey | New Mexico | New York | North Carolina | North Dakota | Northern Mariana Islands | Ohio | Oklahoma | Oregon | Pennsylvania | Puerto Rico | Rhode Island | South Carolina | South Dakota | Tennessee | Texas | U.S. Virgin Islands | Utah | Vermont | Virginia | Washington | West Virginia | Wisconsin | Wyoming | All races/ethnicities | Female | Male | 13-24 | 25-34 | 35-44 | 45-54 | 55+""""",,,,,,,,,
Footnote(s): Data for 2022 and 2023 are considered preliminary (subject to a 12-month reporting delay). Inclusion of preliminary data in trend assessments is discouraged. Data for the year 2020 should be interpreted with caution due to the impact of the COVID-19 pandemic on access to HIV testing, care-related services, and case surveillance activities in state/local jurisdictions. Data by transmission category presented based on assigned sex at birth and are adjusted for missing transmission category. See Technical notes for more details on data availability and stratifications.,,,,,,,
The 'Sex' column is used for either sex at birth or gender identity.,,,,,,,,,
NA - Not applicable.,,,,,,,,,
,,,,,,,,,
,,,,,,,,,
,,,,,,,,,
Indicator,Year,Geography,FIPS,Age Group,Race/Ethnicity,Sex,Cases,Rate per 100000,Population
Gonorrhea,2021,Alabama,01,55+,All races/ethnicities,Female,33,3.9,"843,891"
Gonorrhea,2021,Alabama,01,45-54,All races/ethnicities,Female,132,41.5,"318,246"
Gonorrhea,2021,Alabama,01,35-44,All races/ethnicities,Female,525,164.3,"319,622"
Gonorrhea,2021,Alabama,01,25-34,All races/ethnicities,Female,"2,004",602.7,"332,525"
Gonorrhea,2021,Alabama,01,13-24,All races/ethnicities,Female,"4,073",1042.2,"390,813"
Gonorrhea,2021,Alabama,01,55+,All races/ethnicities,Male,184,25.7,"717,299"
Gonorrhea,2021,Alabama,01,45-54,All races/ethnicities,Male,345,113.5,"303,948"
Gonorrhea,2021,Alabama,01,35-44,All races/ethnicities,Male,977,323.8,"301,703"
Gonorrhea,2021,Alabama,01,25-34,All races/ethnicities,Male,"2,512",775.6,"323,898"
Gonorrhea,2021,Alabama,01,13-24,All races/ethnicities,Male,"3,241",815,"397,682"
Gonorrhea,2020 (COVID-19 Pandemic),Alabama,01,55+,All races/ethnicities,Female,41,4.9,"835,439"
Gonorrhea,2020 (COVID-19 Pandemic),Alabama,01,45-54,All races/ethnicities,Female,106,33.1,"320,539"
Gonorrhea,2020 (COVID-19 Pandemic),Alabama,01,35-44,All races/ethnicities,Female,498,157.3,"316,592"
Gonorrhea,2020 (COVID-19 Pandemic),Alabama,01,25-34,All races/ethnicities,Female,"1,900",572,"332,186"
Gonorrhea,2020 (COVID-19 Pandemic),Alabama,01,13-24,All races/ethnicities,Female,"4,196",1083.2,"387,374"
Gonorrhea,2020 (COVID-19 Pandemic),Alabama,01,55+,All races/ethnicities,Male,223,31.4,"710,447"
Gonorrhea,2020 (COVID-19 Pandemic),Alabama,01,45-54,All races/ethnicities,Male,356,115.8,"307,547"
Gonorrhea,2020 (COVID-19 Pandemic),Alabama,01,35-44,All races/ethnicities,Male,971,324.1,"299,624"
Gonorrhea,2020 (COVID-19 Pandemic),Alabama,01,25-34,All races/ethnicities,Male,"2,631",814.9,"322,868"
Gonorrhea,2020 (COVID-19 Pandemic),Alabama,01,13-24,All races/ethnicities,Male,"3,431",869,"394,818"
Gonorrhea,2019,Alabama,01,55+,All races/ethnicities,Female,35,4.3,"823,478"
Gonorrhea,2019,Alabama,01,45-54,All races/ethnicities,Female,110,34.6,"317,909"
Gonorrhea,2019,Alabama,01,35-44,All races/ethnicities,Female,454,148,"306,726"
Gonorrhea,2019,Alabama,01,25-34,All races/ethnicities,Female,"1,956",597.5,"327,364"
Gonorrhea,2019,Alabama,01,13-24,All races/ethnicities,Female,"4,309",1146.5,"375,826"
Gonorrhea,2019,Alabama,01,55+,All races/ethnicities,Male,203,29.7,"684,026"
Gonorrhea,2019,Alabama,01,45-54,All races/ethnicities,Male,377,126.2,"298,707"
Gonorrhea,2019,Alabama,01,35-44,All races/ethnicities,Male,"1,010",352.4,"286,580"
Gonorrhea,2019,Alabama,01,25-34,All races/ethnicities,Male,"2,598",812.2,"319,865"
Gonorrhea,2019,Alabama,01,13-24,All races/ethnicities,Male,"3,385",882.7,"383,493"
Gonorrhea,2018,Alabama,01,55+,All races/ethnicities,Female,32,4,"809,287"
Gonorrhea,2018,Alabama,01,45-54,All races/ethnicities,Female,82,25.4,"322,927"
Gonorrhea,2018,Alabama,01,35-44,All races/ethnicities,Female,395,129.4,"305,267"
Gonorrhea,2018,Alabama,01,25-34,All races/ethnicities,Female,"1,624",497.9,"326,160"
Gonorrhea,2018,Alabama,01,13-24,All races/ethnicities,Female,"3,972",1051.8,"377,621"
Gonorrhea,2018,Alabama,01,55+,All races/ethnicities,Male,149,22.2,"671,990"
Gonorrhea,2018,Alabama,01,45-54,All races/ethnicities,Male,317,104.2,"304,098"
Gonorrhea,2018,Alabama,01,35-44,All races/ethnicities,Male,808,282.1,"286,385"
Gonorrhea,2018,Alabama,01,25-34,All races/ethnicities,Male,"2,218",698.9,"317,344"
Gonorrhea,2018,Alabama,01,13-24,All races/ethnicities,Male,"3,056",791.6,"386,041"
Chlamydia,2021,Alabama,01,55+,All races/ethnicities,Female,48,5.7,"843,891"
Chlamydia,2021,Alabama,01,45-54,All races/ethnicities,Female,138,43.4,"318,246"
Chlamydia,2021,Alabama,01,35-44,All races/ethnicities,Female,773,241.8,"319,622"
Chlamydia,2021,Alabama,01,25-34,All races/ethnicities,Female,"4,272",1284.7,"332,525"
Chlamydia,2021,Alabama,01,13-24,All races/ethnicities,Female,"13,576",3473.8,"390,813"
Chlamydia,2021,Alabama,01,55+,All races/ethnicities,Male,91,12.7,"717,299"
Chlamydia,2021,Alabama,01,45-54,All races/ethnicities,Male,233,76.7,"303,948"
Chlamydia,2021,Alabama,01,35-44,All races/ethnicities,Male,688,228,"301,703"
Chlamydia,2021,Alabama,01,25-34,All races/ethnicities,Male,"2,607",804.9,"323,898"
Chlamydia,2021,Alabama,01,13-24,All races/ethnicities,Male,"4,918",1236.7,"397,682"
Chlamydia,2020 (COVID-19 Pandemic),Alabama,01,55+,All races/ethnicities,Female,50,6,"835,439"
Chlamydia,2020 (COVID-19 Pandemic),Alabama,01,45-54,All races/ethnicities,Female,117,36.5,"320,539"
Chlamydia,2020 (COVID-19 Pandemic),Alabama,01,35-44,All races/ethnicities,Female,703,222.1,"316,592"
Chlamydia,2020 (COVID-19 Pandemic),Alabama,01,25-34,All races/ethnicities,Female,"3,964",1193.3,"332,186"
Chlamydia,2020 (COVID-19 Pandemic),Alabama,01,13-24,All races/ethnicities,Female,"13,205",3408.9,"387,374"
Chlamydia,2020 (COVID-19 Pandemic),Alabama,01,55+,All races/ethnicities,Male,98,13.8,"710,447"
Chlamydia,2020 (COVID-19 Pandemic),Alabama,01,45-54,All races/ethnicities,Male,216,70.2,"307,547"
Chlamydia,2020 (COVID-19 Pandemic),Alabama,01,35-44,All races/ethnicities,Male,688,229.6,"299,624"
Chlamydia,2020 (COVID-19 Pandemic),Alabama,01,25-34,All races/ethnicities,Male,"2,693",834.1,"322,868"
Chlamydia,2020 (COVID-19 Pandemic),Alabama,01,13-24,All races/ethnicities,Male,"5,189",1314.3,"394,818"
Chlamydia,2019,Alabama,01,55+,All races/ethnicities,Female,60,7.3,"823,478"
Chlamydia,2019,Alabama,01,45-54,All races/ethnicities,Female,147,46.2,"317,909"
Chlamydia,2019,Alabama,01,35-44,All races/ethnicities,Female,751,244.8,"306,726"
Chlamydia,2019,Alabama,01,25-34,All races/ethnicities,Female,"4,498",1374,"327,364"
Chlamydia,2019,Alabama,01,13-24,All races/ethnicities,Female,"15,760",4193.4,"375,826"
Chlamydia,2019,Alabama,01,55+,All races/ethnicities,Male,84,12.3,"684,026"
Chlamydia,2019,Alabama,01,45-54,All races/ethnicities,Male,276,92.4,"298,707"
Chlamydia,2019,Alabama,01,35-44,All races/ethnicities,Male,752,262.4,"286,580"
Chlamydia,2019,Alabama,01,25-34,All races/ethnicities,Male,"2,798",874.7,"319,865"
Chlamydia,2019,Alabama,01,13-24,All races/ethnicities,Male,"5,961",1554.4,"383,493"
Chlamydia,2018,Alabama,01,55+,All races/ethnicities,Female,43,5.3,"809,287"
Chlamydia,2018,Alabama,01,45-54,All races/ethnicities,Female,109,33.8,"322,927"
Chlamydia,2018,Alabama,01,35-44,All races/ethnicities,Female,616,201.8,"305,267"
Chlamydia,2018,Alabama,01,25-34,All races/ethnicities,Female,"3,917",1200.9,"326,160"
Chlamydia,2018,Alabama,01,13-24,All races/ethnicities,Female,"14,773",3912.1,"377,621"
Chlamydia,2018,Alabama,01,55+,All races/ethnicities,Male,83,12.4,"671,990"
Chlamydia,2018,Alabama,01,45-54,All races/ethnicities,Male,222,73,"304,098"
Chlamydia,2018,Alabama,01,35-44,All races/ethnicities,Male,588,205.3,"286,385"
Chlamydia,2018,Alabama,01,25-34,All races/ethnicities,Male,"2,502",788.4,"317,344"
Chlamydia,2018,Alabama,01,13-24,All races/ethnicities,Male,"5,386",1395.2,"386,041"
HIV diagnoses,2021,Alabama,01,55+,All races/ethnicities,Female,18,2.1,"843,891"
HIV diagnoses,2021,Alabama,01,45-54,All races/ethnicities,Female,21,6.6,"318,246"
HIV diagnoses,2021,Alabama,01,35-44,All races/ethnicities,Female,32,10,"319,622"
HIV diagnoses,2021,Alabama,01,25-34,All races/ethnicities,Female,38,11.4,"332,525"
HIV diagnoses,2021,Alabama,01,13-24,All races/ethnicities,Female,20,5.1,"390,813"
HIV diagnoses,2021,Alabama,01,55+,All races/ethnicities,Male,39,5.4,"717,299"
HIV diagnoses,2021,Alabama,01,45-54,All races/ethnicities,Male,46,15.1,"303,948"
HIV diagnoses,2021,Alabama,01,35-44,All races/ethnicities,Male,95,31.5,"301,703"
HIV diagnoses,2021,Alabama,01,25-34,All races/ethnicities,Male,186,57.4,"323,898"
HIV diagnoses,2021,Alabama,01,13-24,All races/ethnicities,Male,130,32.7,"397,682"
HIV diagnoses,2020 (COVID-19 Pandemic),Alabama,01,55+,All races/ethnicities,Female,21,2.5,"835,439"
HIV diagnoses,2020 (COVID-19 Pandemic),Alabama,01,45-54,All races/ethnicities,Female,23,7.2,"320,539"
HIV diagnoses,2020 (COVID-19 Pandemic),Alabama,01,35-44,All races/ethnicities,Female,19,6,"316,592"
HIV diagnoses,2020 (COVID-19 Pandemic),Alabama,01,25-34,All races/ethnicities,Female,48,14.4,"332,186"
HIV diagnoses,2020 (COVID-19 Pandemic),Alabama,01,13-24,All races/ethnicities,Female,27,7,"387,374"
HIV diagnoses,2020 (COVID-19 Pandemic),Alabama,01,55+,All races/ethnicities,Male,35,4.9,"710,447"
HIV diagnoses,2020 (COVID-19 Pandemic),Alabama,01,45-54,All races/ethnicities,Male,43,14,"307,547"
HIV diagnoses,2020 (COVID-19 Pandemic),Alabama,01,35-44,All races/ethnicities,Male,73,24.4,"299,624"
HIV diagnoses,2020 (COVID-19 Pandemic),Alabama,01,25-34,All races/ethnicities,Male,165,51.1,"322,868"
HIV diagnoses,2020 (COVID-19 Pandemic),Alabama,01,13-24,All races/ethnicities,Male,136,34.4,"394,818"
HIV diagnoses,2019,Alabama,01,55+,All races/ethnicities,Female,21,2.5,"824,525"
HIV diagnoses,2019,Alabama,01,45-54,All races/ethnicities,Female,19,6,"318,041"
HIV diagnoses,2019,Alabama,01,35-44,All races/ethnicities,Female,26,8.5,"306,895"
HIV diagnoses,2019,Alabama,01,25-34,All races/ethnicities,Female,44,13.4,"328,003"
HIV diagnoses,2019,Alabama,01,13-24,All races/ethnicities,Female,24,6.4,"376,434"
HIV diagnoses,2019,Alabama,01,55+,All races/ethnicities,Male,37,5.4,"684,803"
HIV diagnoses,2019,Alabama,01,45-54,All races/ethnicities,Male,56,18.7,"298,811"
HIV diagnoses,2019,Alabama,01,35-44,All races/ethnicities,Male,92,32.1,"286,880"
HIV diagnoses,2019,Alabama,01,25-34,All races/ethnicities,Male,177,55.2,"320,516"
HIV diagnoses,2019,Alabama,01,13-24,All races/ethnicities,Male,139,36.2,"383,603"
HIV diagnoses,2018,Alabama,01,55+,All races/ethnicities,Female,13,1.6,"809,618"
HIV diagnoses,2018,Alabama,01,45-54,All races/ethnicities,Female,25,7.7,"323,074"
HIV diagnoses,2018,Alabama,01,35-44,All races/ethnicities,Female,32,10.5,"305,411"
HIV diagnoses,2018,Alabama,01,25-34,All races/ethnicities,Female,28,8.6,"326,720"
HIV diagnoses,2018,Alabama,01,13-24,All races/ethnicities,Female,20,5.3,"378,236"
HIV diagnoses,2018,Alabama,01,55+,All races/ethnicities,Male,33,4.9,"672,425"
HIV diagnoses,2018,Alabama,01,45-54,All races/ethnicities,Male,52,17.1,"304,166"
HIV diagnoses,2018,Alabama,01,35-44,All races/ethnicities,Male,59,20.6,"286,518"
HIV diagnoses,2018,Alabama,01,25-34,All races/ethnicities,Male,179,56.3,"317,867"
HIV diagnoses,2018,Alabama,01,13-24,All races/ethnicities,Male,165,42.7,"386,426"
Gonorrhea,2021,Alaska,02,55+,All races/ethnicities,Female,13,14.1,"91,971"
Gonorrhea,2021,Alaska,02,45-54,All races/ethnicities,Female,48,122.6,"39,164"
Gonorrhea,2021,Alaska,02,35-44,All races/ethnicities,Female,149,310.3,"48,018"
Gonorrhea,2021,Alaska,02,25-34,All races/ethnicities,Female,389,730.8,"53,229"
Gonorrhea,2021,Alaska,02,13-24,All races/ethnicities,Female,Data suppressed,Data suppressed,"52,759"
Gonorrhea,2021,Alaska,02,55+,All races/ethnicities,Male,50,52,"96,068"
Gonorrhea,2021,Alaska,02,45-54,All races/ethnicities,Male,76,172.7,"43,999"
Gonorrhea,2021,Alaska,02,35-44,All races/ethnicities,Male,266,495.9,"53,639"
Gonorrhea,2021,Alaska,02,25-34,All races/ethnicities,Male,404,669.7,"60,325"
Gonorrhea,2021,Alaska,02,13-24,All races/ethnicities,Male,Data suppressed,Data suppressed,"63,374"
Gonorrhea,2020 (COVID-19 Pandemic),Alaska,02,55+,All races/ethnicities,Female,13,14.3,"91,001"
Gonorrhea,2020 (COVID-19 Pandemic),Alaska,02,45-54,All races/ethnicities,Female,42,105.5,"39,823"
Gonorrhea,2020 (COVID-19 Pandemic),Alaska,02,35-44,All races/ethnicities,Female,148,314.7,"47,029"
Gonorrhea,2020 (COVID-19 Pandemic),Alaska,02,25-34,All races/ethnicities,Female,359,667.4,"53,792"
Gonorrhea,2020 (COVID-19 Pandemic),Alaska,02,13-24,All races/ethnicities,Female,Data suppressed,Data suppressed,"52,715"
Gonorrhea,2020 (COVID-19 Pandemic),Alaska,02,55+,All races/ethnicities,Male,51,53.5,"95,312"
Gonorrhea,2020 (COVID-19 Pandemic),Alaska,02,45-54,All races/ethnicities,Male,65,145.7,"44,621"
Gonorrhea,2020 (COVID-19 Pandemic),Alaska,02,35-44,All races/ethnicities,Male,200,383,"52,216"
Gonorrhea,2020 (COVID-19 Pandemic),Alaska,02,25-34,All races/ethnicities,Male,377,619.9,"60,814"
Gonorrhea,2020 (COVID-19 Pandemic),Alaska,02,13-24,All races/ethnicities,Male,Data suppressed,Data suppressed,"62,998"
Gonorrhea,2019,Alaska,02,55+,All races/ethnicities,Female,13,14.2,"91,408"
Gonorrhea,2019,Alaska,02,45-54,All races/ethnicities,Female,58,142.7,"40,632"
Gonorrhea,2019,Alaska,02,35-44,All races/ethnicities,Female,186,406.1,"45,800"
Gonorrhea,2019,Alaska,02,25-34,All races/ethnicities,Female,483,876.9,"55,083"
Gonorrhea,2019,Alaska,02,13-24,All races/ethnicities,Female,Data suppressed,Data suppressed,"52,768"
Gonorrhea,2019,Alaska,02,55+,All races/ethnicities,Male,61,65.2,"93,519"
Gonorrhea,2019,Alaska,02,45-54,All races/ethnicities,Male,114,256.2,"44,498"
Gonorrhea,2019,Alaska,02,35-44,All races/ethnicities,Male,224,448.3,"49,965"
Gonorrhea,2019,Alaska,02,25-34,All races/ethnicities,Male,414,662.3,"62,505"
Gonorrhea,2019,Alaska,02,13-24,All races/ethnicities,Male,Data suppressed,Data suppressed,"62,812"
Gonorrhea,2018,Alaska,02,55+,All races/ethnicities,Female,10,11.2,"89,650"
Gonorrhea,2018,Alaska,02,45-54,All races/ethnicities,Female,40,95.4,"41,939"
Gonorrhea,2018,Alaska,02,35-44,All races/ethnicities,Female,155,343.2,"45,162"
Gonorrhea,2018,Alaska,02,25-34,All races/ethnicities,Female,441,793,"55,611"
Gonorrhea,2018,Alaska,02,13-24,All races/ethnicities,Female,408,756.3,"53,950"
Gonorrhea,2018,Alaska,02,55+,All races/ethnicities,Male,58,63.1,"91,939"
Gonorrhea,2018,Alaska,02,45-54,All races/ethnicities,Male,96,209.2,"45,887"
Gonorrhea,2018,Alaska,02,35-44,All races/ethnicities,Male,246,499.3,"49,270"
Gonorrhea,2018,Alaska,02,25-34,All races/ethnicities,Male,491,777.7,"63,131"
Gonorrhea,2018,Alaska,02,13-24,All races/ethnicities,Male,298,465.1,"64,078"
Chlamydia,2021,Alaska,02,55+,All races/ethnicities,Female,30,32.6,"91,971"
Chlamydia,2021,Alaska,02,45-54,All races/ethnicities,Female,96,245.1,"39,164"
Chlamydia,2021,Alaska,02,35-44,All races/ethnicities,Female,371,772.6,"48,018"
Chlamydia,2021,Alaska,02,25-34,All races/ethnicities,Female,"1,109",2083.5,"53,229"
Chlamydia,2021,Alaska,02,13-24,All races/ethnicities,Female,"2,106",3991.7,"52,759"
Chlamydia,2021,Alaska,02,55+,All races/ethnicities,Male,48,50,"96,068"
Chlamydia,2021,Alaska,02,45-54,All races/ethnicities,Male,95,215.9,"43,999"
Chlamydia,2021,Alaska,02,35-44,All races/ethnicities,Male,259,482.9,"53,639"
Chlamydia,2021,Alaska,02,25-34,All races/ethnicities,Male,655,1085.8,"60,325"
Chlamydia,2021,Alaska,02,13-24,All races/ethnicities,Male,796,1256,"63,374"
Chlamydia,2020 (COVID-19 Pandemic),Alaska,02,55+,All races/ethnicities,Female,27,29.7,"91,001"
Chlamydia,2020 (COVID-19 Pandemic),Alaska,02,45-54,All races/ethnicities,Female,77,193.4,"39,823"
Chlamydia,2020 (COVID-19 Pandemic),Alaska,02,35-44,All races/ethnicities,Female,280,595.4,"47,029"
Chlamydia,2020 (COVID-19 Pandemic),Alaska,02,25-34,All races/ethnicities,Female,"1,039",1931.5,"53,792"
Chlamydia,2020 (COVID-19 Pandemic),Alaska,02,13-24,All races/ethnicities,Female,"1,953",3704.8,"52,715"
Chlamydia,2020 (COVID-19 Pandemic),Alaska,02,55+,All races/ethnicities,Male,33,34.6,"95,312"
Chlamydia,2020 (COVID-19 Pandemic),Alaska,02,45-54,All races/ethnicities,Male,74,165.8,"44,621"
Chlamydia,2020 (COVID-19 Pandemic),Alaska,02,35-44,All races/ethnicities,Male,205,392.6,"52,216"
Chlamydia,2020 (COVID-19 Pandemic),Alaska,02,25-34,All races/ethnicities,Male,594,976.7,"60,814"
Chlamydia,2020 (COVID-19 Pandemic),Alaska,02,13-24,All races/ethnicities,Male,806,1279.4,"62,998"
Chlamydia,2019,Alaska,02,55+,All races/ethnicities,Female,18,19.7,"91,408"
Chlamydia,2019,Alaska,02,45-54,All races/ethnicities,Female,90,221.5,"40,632"
Chlamydia,2019,Alaska,02,35-44,All races/ethnicities,Female,347,757.6,"45,800"
Chlamydia,2019,Alaska,02,25-34,All races/ethnicities,Female,"1,278",2320.1,"55,083"
Chlamydia,2019,Alaska,02,13-24,All races/ethnicities,Female,"2,275",4311.3,"52,768"
Chlamydia,2019,Alaska,02,55+,All races/ethnicities,Male,43,46,"93,519"
Chlamydia,2019,Alaska,02,45-54,All races/ethnicities,Male,107,240.5,"44,498"
Chlamydia,2019,Alaska,02,35-44,All races/ethnicities,Male,275,550.4,"49,965"
Chlamydia,2019,Alaska,02,25-34,All races/ethnicities,Male,749,1198.3,"62,505"
Chlamydia,2019,Alaska,02,13-24,All races/ethnicities,Male,"1,065",1695.5,"62,812"
Chlamydia,2018,Alaska,02,55+,All races/ethnicities,Female,25,27.9,"89,650"
Chlamydia,2018,Alaska,02,45-54,All races/ethnicities,Female,69,164.5,"41,939"
Chlamydia,2018,Alaska,02,35-44,All races/ethnicities,Female,331,732.9,"45,162"
Chlamydia,2018,Alaska,02,25-34,All races/ethnicities,Female,"1,198",2154.3,"55,611"
Chlamydia,2018,Alaska,02,13-24,All races/ethnicities,Female,"2,338",4333.6,"53,950"
Chlamydia,2018,Alaska,02,55+,All races/ethnicities,Male,49,53.3,"91,939"
Chlamydia,2018,Alaska,02,45-54,All races/ethnicities,Male,84,183.1,"45,887"
Chlamydia,2018,Alaska,02,35-44,All races/ethnicities,Male,255,517.6,"49,270"
Chlamydia,2018,Alaska,02,25-34,All races/ethnicities,Male,758,1200.7,"63,131"
Chlamydia,2018,Alaska,02,13-24,All races/ethnicities,Male,"1,043",1627.7,"64,078"
HIV diagnoses,2021,Alaska,02,55+,All races/ethnicities,Female,0,0,"91,971"
HIV diagnoses,2021,Alaska,02,45-54,All races/ethnicities,Female,1,2.6,"39,164"
HIV diagnoses,2021,Alaska,02,35-44,All races/ethnicities,Female,2,4.2,"48,018"
HIV diagnoses,2021,Alaska,02,25-34,All races/ethnicities,Female,2,3.8,"53,229"
HIV diagnoses,2021,Alaska,02,13-24,All races/ethnicities,Female,0,0,"52,759"
HIV diagnoses,2021,Alaska,02,55+,All races/ethnicities,Male,3,3.1,"96,068"
HIV diagnoses,2021,Alaska,02,45-54,All races/ethnicities,Male,4,9.1,"43,999"
HIV diagnoses,2021,Alaska,02,35-44,All races/ethnicities,Male,4,7.5,"53,639"
HIV diagnoses,2021,Alaska,02,25-34,All races/ethnicities,Male,9,14.9,"60,325"
HIV diagnoses,2021,Alaska,02,13-24,All races/ethnicities,Male,5,7.9,"63,374"
HIV diagnoses,2020 (COVID-19 Pandemic),Alaska,02,55+,All races/ethnicities,Female,0,0,"91,001"
HIV diagnoses,2020 (COVID-19 Pandemic),Alaska,02,45-54,All races/ethnicities,Female,1,2.5,"39,823"
HIV diagnoses,2020 (COVID-19 Pandemic),Alaska,02,35-44,All races/ethnicities,Female,1,2.1,"47,029"
HIV diagnoses,2020 (COVID-19 Pandemic),Alaska,02,25-34,All races/ethnicities,Female,1,1.9,"53,792"
HIV diagnoses,2020 (COVID-19 Pandemic),Alaska,02,13-24,All races/ethnicities,Female,1,1.9,"52,715"
HIV diagnoses,2020 (COVID-19 Pandemic),Alaska,02,55+,All races/ethnicities,Male,3,3.1,"95,312"
HIV diagnoses,2020 (COVID-19 Pandemic),Alaska,02,45-54,All races/ethnicities,Male,0,0,"44,621"
HIV diagnoses,2020 (COVID-19 Pandemic),Alaska,02,35-44,All races/ethnicities,Male,8,15.3,"52,216"
HIV diagnoses,2020 (COVID-19 Pandemic),Alaska,02,25-34,All races/ethnicities,Male,9,14.8,"60,814"
HIV diagnoses,2020 (COVID-19 Pandemic),Alaska,02,13-24,All races/ethnicities,Male,5,7.9,"62,998"
HIV diagnoses,2019,Alaska,02,55+,All races/ethnicities,Female,2,2.2,"91,404"
HIV diagnoses,2019,Alaska,02,45-54,All races/ethnicities,Female,1,2.5,"40,739"
HIV diagnoses,2019,Alaska,02,35-44,All races/ethnicities,Female,1,2.2,"45,966"
HIV diagnoses,2019,Alaska,02,25-34,All races/ethnicities,Female,2,3.6,"55,317"
HIV diagnoses,2019,Alaska,02,13-24,All races/ethnicities,Female,1,1.9,"52,707"
HIV diagnoses,2019,Alaska,02,55+,All races/ethnicities,Male,1,1.1,"93,673"
HIV diagnoses,2019,Alaska,02,45-54,All races/ethnicities,Male,0,0,"44,583"
HIV diagnoses,2019,Alaska,02,35-44,All races/ethnicities,Male,3,6,"50,214"
HIV diagnoses,2019,Alaska,02,25-34,All races/ethnicities,Male,11,17.5,"62,870"
HIV diagnoses,2019,Alaska,02,13-24,All races/ethnicities,Male,5,7.9,"63,088"
HIV diagnoses,2018,Alaska,02,55+,All races/ethnicities,Female,1,1.1,"89,730"
HIV diagnoses,2018,Alaska,02,45-54,All races/ethnicities,Female,0,0,"42,005"
HIV diagnoses,2018,Alaska,02,35-44,All races/ethnicities,Female,0,0,"45,297"
HIV diagnoses,2018,Alaska,02,25-34,All races/ethnicities,Female,2,3.6,"55,748"
HIV diagnoses,2018,Alaska,02,13-24,All races/ethnicities,Female,0,0,"53,909"
HIV diagnoses,2018,Alaska,02,55+,All races/ethnicities,Male,1,1.1,"92,062"
HIV diagnoses,2018,Alaska,02,45-54,All races/ethnicities,Male,4,8.7,"45,933"
HIV diagnoses,2018,Alaska,02,35-44,All races/ethnicities,Male,3,6.1,"49,411"
HIV diagnoses,2018,Alaska,02,25-34,All races/ethnicities,Male,7,11,"63,352"
HIV diagnoses,2018,Alaska,02,13-24,All races/ethnicities,Male,5,7.8,"64,119"
Gonorrhea,2021,Arizona,04,55+,All races/ethnicities,Female,101,8.7,"1,166,930"
Gonorrhea,2021,Arizona,04,45-54,All races/ethnicities,Female,308,72.8,"423,119"
Gonorrhea,2021,Arizona,04,35-44,All races/ethnicities,Female,"1,022",228.8,"446,725"
Gonorrhea,2021,Arizona,04,25-34,All races/ethnicities,Female,"2,615",540.8,"483,509"
Gonorrhea,2021,Arizona,04,13-24,All races/ethnicities,Female,"3,454",604,"571,894"
Gonorrhea,2021,Arizona,04,55+,All races/ethnicities,Male,474,45.3,"1,046,001"
Gonorrhea,2021,Arizona,04,45-54,All races/ethnicities,Male,881,207.5,"424,562"
Gonorrhea,2021,Arizona,04,35-44,All races/ethnicities,Male,"1,999",426.7,"468,467"
Gonorrhea,2021,Arizona,04,25-34,All races/ethnicities,Male,"4,250",821.1,"517,583"
Gonorrhea,2021,Arizona,04,13-24,All races/ethnicities,Male,"3,296",546.9,"602,637"
Gonorrhea,2020 (COVID-19 Pandemic),Arizona,04,55+,All races/ethnicities,Female,76,6.7,"1,142,025"
Gonorrhea,2020 (COVID-19 Pandemic),Arizona,04,45-54,All races/ethnicities,Female,293,69.8,"419,709"
Gonorrhea,2020 (COVID-19 Pandemic),Arizona,04,35-44,All races/ethnicities,Female,"1,020",232.8,"438,064"
Gonorrhea,2020 (COVID-19 Pandemic),Arizona,04,25-34,All races/ethnicities,Female,"2,289",481.9,"475,007"
Gonorrhea,2020 (COVID-19 Pandemic),Arizona,04,13-24,All races/ethnicities,Female,"3,114",553.5,"562,560"
Gonorrhea,2020 (COVID-19 Pandemic),Arizona,04,55+,All races/ethnicities,Male,366,35.8,"1,022,815"
Gonorrhea,2020 (COVID-19 Pandemic),Arizona,04,45-54,All races/ethnicities,Male,709,168,"421,985"
Gonorrhea,2020 (COVID-19 Pandemic),Arizona,04,35-44,All races/ethnicities,Male,"1,652",360.7,"457,956"
Gonorrhea,2020 (COVID-19 Pandemic),Arizona,04,25-34,All races/ethnicities,Male,"3,743",736.2,"508,426"
Gonorrhea,2020 (COVID-19 Pandemic),Arizona,04,13-24,All races/ethnicities,Male,"3,049",514.4,"592,735"
Gonorrhea,2019,Arizona,04,55+,All races/ethnicities,Female,77,6.6,"1,166,321"
Gonorrhea,2019,Arizona,04,45-54,All races/ethnicities,Female,238,55.4,"429,646"
Gonorrhea,2019,Arizona,04,35-44,All races/ethnicities,Female,841,190.3,"442,046"
Gonorrhea,2019,Arizona,04,25-34,All races/ethnicities,Female,"2,303",475.6,"484,280"
Gonorrhea,2019,Arizona,04,13-24,All races/ethnicities,Female,"2,762",487.9,"566,066"
Gonorrhea,2019,Arizona,04,55+,All races/ethnicities,Male,354,34.6,"1,023,106"
Gonorrhea,2019,Arizona,04,45-54,All races/ethnicities,Male,734,173.8,"422,444"
Gonorrhea,2019,Arizona,04,35-44,All races/ethnicities,Male,"1,493",328.9,"453,981"
Gonorrhea,2019,Arizona,04,25-34,All races/ethnicities,Male,"3,460",661.8,"522,813"
Gonorrhea,2019,Arizona,04,13-24,All races/ethnicities,Male,"2,897",484.1,"598,406"
Gonorrhea,2018,Arizona,04,55+,All races/ethnicities,Female,44,3.9,"1,129,904"
Gonorrhea,2018,Arizona,04,45-54,All races/ethnicities,Female,208,48.5,"428,624"
Gonorrhea,2018,Arizona,04,35-44,All races/ethnicities,Female,701,161.3,"434,653"
Gonorrhea,2018,Arizona,04,25-34,All races/ethnicities,Female,"1,900",400.9,"473,919"
Gonorrhea,2018,Arizona,04,13-24,All races/ethnicities,Female,"2,475",442.3,"559,579"
Gonorrhea,2018,Arizona,04,55+,All races/ethnicities,Male,267,27,"990,693"
Gonorrhea,2018,Arizona,04,45-54,All races/ethnicities,Male,606,144,"420,762"
Gonorrhea,2018,Arizona,04,35-44,All races/ethnicities,Male,"1,181",265.5,"444,854"
Gonorrhea,2018,Arizona,04,25-34,All races/ethnicities,Male,"2,890",566.5,"510,157"
Gonorrhea,2018,Arizona,04,13-24,All races/ethnicities,Male,"2,560",431,"593,923"
Chlamydia,2021,Arizona,04,55+,All races/ethnicities,Female,139,11.9,"1,166,930"
Chlamydia,2021,Arizona,04,45-54,All races/ethnicities,Female,465,109.9,"423,119"
Chlamydia,2021,Arizona,04,35-44,All races/ethnicities,Female,"1,831",409.9,"446,725"
Chlamydia,2021,Arizona,04,25-34,All races/ethnicities,Female,"7,340",1518.1,"483,509"
Chlamydia,2021,Arizona,04,13-24,All races/ethnicities,Female,"16,577",2898.6,"571,894"
Chlamydia,2021,Arizona,04,55+,All races/ethnicities,Male,350,33.5,"1,046,001"
Chlamydia,2021,Arizona,04,45-54,All races/ethnicities,Male,707,166.5,"424,562"
Chlamydia,2021,Arizona,04,35-44,All races/ethnicities,Male,"1,832",391.1,"468,467"
Chlamydia,2021,Arizona,04,25-34,All races/ethnicities,Male,"5,329",1029.6,"517,583"
Chlamydia,2021,Arizona,04,13-24,All races/ethnicities,Male,"6,864",1139,"602,637"
Chlamydia,2020 (COVID-19 Pandemic),Arizona,04,55+,All races/ethnicities,Female,121,10.6,"1,142,025"
Chlamydia,2020 (COVID-19 Pandemic),Arizona,04,45-54,All races/ethnicities,Female,338,80.5,"419,709"
Chlamydia,2020 (COVID-19 Pandemic),Arizona,04,35-44,All races/ethnicities,Female,"1,484",338.8,"438,064"
Chlamydia,2020 (COVID-19 Pandemic),Arizona,04,25-34,All races/ethnicities,Female,"6,506",1369.7,"475,007"
Chlamydia,2020 (COVID-19 Pandemic),Arizona,04,13-24,All races/ethnicities,Female,"15,729",2796,"562,560"
Chlamydia,2020 (COVID-19 Pandemic),Arizona,04,55+,All races/ethnicities,Male,261,25.5,"1,022,815"
Chlamydia,2020 (COVID-19 Pandemic),Arizona,04,45-54,All races/ethnicities,Male,553,131,"421,985"
Chlamydia,2020 (COVID-19 Pandemic),Arizona,04,35-44,All races/ethnicities,Male,"1,448",316.2,"457,956"
Chlamydia,2020 (COVID-19 Pandemic),Arizona,04,25-34,All races/ethnicities,Male,"4,451",875.4,"508,426"
Chlamydia,2020 (COVID-19 Pandemic),Arizona,04,13-24,All races/ethnicities,Male,"6,352",1071.6,"592,735"
Chlamydia,2019,Arizona,04,55+,All races/ethnicities,Female,124,10.6,"1,166,321"
Chlamydia,2019,Arizona,04,45-54,All races/ethnicities,Female,454,105.7,"429,646"
Chlamydia,2019,Arizona,04,35-44,All races/ethnicities,Female,"1,760",398.1,"442,046"
Chlamydia,2019,Arizona,04,25-34,All races/ethnicities,Female,"7,367",1521.2,"484,280"
Chlamydia,2019,Arizona,04,13-24,All races/ethnicities,Female,"17,996",3179.1,"566,066"
Chlamydia,2019,Arizona,04,55+,All races/ethnicities,Male,295,28.8,"1,023,106"
Chlamydia,2019,Arizona,04,45-54,All races/ethnicities,Male,646,152.9,"422,444"
Chlamydia,2019,Arizona,04,35-44,All races/ethnicities,Male,"1,720",378.9,"453,981"
Chlamydia,2019,Arizona,04,25-34,All races/ethnicities,Male,"5,117",978.7,"522,813"
Chlamydia,2019,Arizona,04,13-24,All races/ethnicities,Male,"7,534",1259,"598,406"
Chlamydia,2018,Arizona,04,55+,All races/ethnicities,Female,135,11.9,"1,129,904"
Chlamydia,2018,Arizona,04,45-54,All races/ethnicities,Female,383,89.4,"428,624"
Chlamydia,2018,Arizona,04,35-44,All races/ethnicities,Female,"1,700",391.1,"434,653"
Chlamydia,2018,Arizona,04,25-34,All races/ethnicities,Female,"7,099",1497.9,"473,919"
Chlamydia,2018,Arizona,04,13-24,All races/ethnicities,Female,"17,383",3106.4,"559,579"
Chlamydia,2018,Arizona,04,55+,All races/ethnicities,Male,221,22.3,"990,693"
Chlamydia,2018,Arizona,04,45-54,All races/ethnicities,Male,547,130,"420,762"
Chlamydia,2018,Arizona,04,35-44,All races/ethnicities,Male,"1,536",345.3,"444,854"
Chlamydia,2018,Arizona,04,25-34,All races/ethnicities,Male,"4,654",912.3,"510,157"
Chlamydia,2018,Arizona,04,13-24,All races/ethnicities,Male,"7,009",1180.1,"593,923"
HIV diagnoses,2021,Arizona,04,55+,All races/ethnicities,Female,16,1.4,"1,166,930"
HIV diagnoses,2021,Arizona,04,45-54,All races/ethnicities,Female,24,5.7,"423,119"
HIV diagnoses,2021,Arizona,04,35-44,All races/ethnicities,Female,23,5.1,"446,725"
HIV diagnoses,2021,Arizona,04,25-34,All races/ethnicities,Female,18,3.7,"483,509"
HIV diagnoses,2021,Arizona,04,13-24,All races/ethnicities,Female,15,2.6,"571,894"
HIV diagnoses,2021,Arizona,04,55+,All races/ethnicities,Male,62,5.9,"1,046,001"
HIV diagnoses,2021,Arizona,04,45-54,All races/ethnicities,Male,72,17,"424,562"
HIV diagnoses,2021,Arizona,04,35-44,All races/ethnicities,Male,142,30.3,"468,467"
HIV diagnoses,2021,Arizona,04,25-34,All races/ethnicities,Male,300,58,"517,583"
HIV diagnoses,2021,Arizona,04,13-24,All races/ethnicities,Male,109,18.1,"602,637"
HIV diagnoses,2020 (COVID-19 Pandemic),Arizona,04,55+,All races/ethnicities,Female,16,1.4,"1,142,025"
HIV diagnoses,2020 (COVID-19 Pandemic),Arizona,04,45-54,All races/ethnicities,Female,16,3.8,"419,709"
HIV diagnoses,2020 (COVID-19 Pandemic),Arizona,04,35-44,All races/ethnicities,Female,18,4.1,"438,064"
HIV diagnoses,2020 (COVID-19 Pandemic),Arizona,04,25-34,All races/ethnicities,Female,22,4.6,"475,007"
HIV diagnoses,2020 (COVID-19 Pandemic),Arizona,04,13-24,All races/ethnicities,Female,16,2.8,"562,560"
HIV diagnoses,2020 (COVID-19 Pandemic),Arizona,04,55+,All races/ethnicities,Male,53,5.2,"1,022,815"
HIV diagnoses,2020 (COVID-19 Pandemic),Arizona,04,45-54,All races/ethnicities,Male,68,16.1,"421,985"
HIV diagnoses,2020 (COVID-19 Pandemic),Arizona,04,35-44,All races/ethnicities,Male,91,19.9,"457,956"
HIV diagnoses,2020 (COVID-19 Pandemic),Arizona,04,25-34,All races/ethnicities,Male,237,46.6,"508,426"
HIV diagnoses,2020 (COVID-19 Pandemic),Arizona,04,13-24,All races/ethnicities,Male,120,20.2,"592,735"
HIV diagnoses,2019,Arizona,04,55+,All races/ethnicities,Female,12,1,"1,170,162"
HIV diagnoses,2019,Arizona,04,45-54,All races/ethnicities,Female,18,4.2,"429,457"
HIV diagnoses,2019,Arizona,04,35-44,All races/ethnicities,Female,34,7.7,"442,421"
HIV diagnoses,2019,Arizona,04,25-34,All races/ethnicities,Female,29,6,"485,755"
HIV diagnoses,2019,Arizona,04,13-24,All races/ethnicities,Female,18,3.2,"567,877"
HIV diagnoses,2019,Arizona,04,55+,All races/ethnicities,Male,60,5.8,"1,025,948"
HIV diagnoses,2019,Arizona,04,45-54,All races/ethnicities,Male,76,18,"422,193"
HIV diagnoses,2019,Arizona,04,35-44,All races/ethnicities,Male,113,24.9,"454,064"
HIV diagnoses,2019,Arizona,04,25-34,All races/ethnicities,Male,239,45.6,"523,966"
HIV diagnoses,2019,Arizona,04,13-24,All races/ethnicities,Male,149,24.8,"600,017"
HIV diagnoses,2018,Arizona,04,55+,All races/ethnicities,Female,10,0.9,"1,131,336"
HIV diagnoses,2018,Arizona,04,45-54,All races/ethnicities,Female,15,3.5,"428,387"
HIV diagnoses,2018,Arizona,04,35-44,All races/ethnicities,Female,39,9,"434,691"
HIV diagnoses,2018,Arizona,04,25-34,All races/ethnicities,Female,24,5.1,"474,761"
HIV diagnoses,2018,Arizona,04,13-24,All races/ethnicities,Female,9,1.6,"560,526"
HIV diagnoses,2018,Arizona,04,55+,All races/ethnicities,Male,60,6,"991,999"
HIV diagnoses,2018,Arizona,04,45-54,All races/ethnicities,Male,79,18.8,"420,681"
HIV diagnoses,2018,Arizona,04,35-44,All races/ethnicities,Male,114,25.6,"444,996"
HIV diagnoses,2018,Arizona,04,25-34,All races/ethnicities,Male,257,50.3,"510,929"
HIV diagnoses,2018,Arizona,04,13-24,All races/ethnicities,Male,145,24.4,"594,609"
Gonorrhea,2021,Arkansas,05,55+,All races/ethnicities,Female,20,4.1,"487,124"
Gonorrhea,2021,Arkansas,05,45-54,All races/ethnicities,Female,122,67.7,"180,217"
Gonorrhea,2021,Arkansas,05,35-44,All races/ethnicities,Female,456,240.4,"189,719"
Gonorrhea,2021,Arkansas,05,25-34,All races/ethnicities,Female,"1,280",651.3,"196,522"
Gonorrhea,2021,Arkansas,05,13-24,All races/ethnicities,Female,"2,434",1021,"238,394"
Gonorrhea,2021,Arkansas,05,55+,All races/ethnicities,Male,78,18.3,"425,873"
Gonorrhea,2021,Arkansas,05,45-54,All races/ethnicities,Male,190,106.6,"178,274"
Gonorrhea,2021,Arkansas,05,35-44,All races/ethnicities,Male,559,294.6,"189,721"
Gonorrhea,2021,Arkansas,05,25-34,All races/ethnicities,Male,"1,294",656.4,"197,121"
Gonorrhea,2021,Arkansas,05,13-24,All races/ethnicities,Male,"1,731",696.6,"248,505"
Gonorrhea,2020 (COVID-19 Pandemic),Arkansas,05,55+,All races/ethnicities,Female,28,5.8,"483,030"
Gonorrhea,2020 (COVID-19 Pandemic),Arkansas,05,45-54,All races/ethnicities,Female,72,39.8,"180,939"
Gonorrhea,2020 (COVID-19 Pandemic),Arkansas,05,35-44,All races/ethnicities,Female,385,205.5,"187,369"
Gonorrhea,2020 (COVID-19 Pandemic),Arkansas,05,25-34,All races/ethnicities,Female,"1,196",612.2,"195,355"
Gonorrhea,2020 (COVID-19 Pandemic),Arkansas,05,13-24,All races/ethnicities,Female,"2,337",990.5,"235,942"
Gonorrhea,2020 (COVID-19 Pandemic),Arkansas,05,55+,All races/ethnicities,Male,85,20.1,"422,313"
Gonorrhea,2020 (COVID-19 Pandemic),Arkansas,05,45-54,All races/ethnicities,Male,172,96,"179,258"
Gonorrhea,2020 (COVID-19 Pandemic),Arkansas,05,35-44,All races/ethnicities,Male,565,301,"187,711"
Gonorrhea,2020 (COVID-19 Pandemic),Arkansas,05,25-34,All races/ethnicities,Male,"1,236",631.1,"195,842"
Gonorrhea,2020 (COVID-19 Pandemic),Arkansas,05,13-24,All races/ethnicities,Male,"1,773",721.6,"245,720"
Gonorrhea,2019,Arkansas,05,55+,All races/ethnicities,Female,12,2.4,"490,520"
Gonorrhea,2019,Arkansas,05,45-54,All races/ethnicities,Female,76,41.4,"183,608"
Gonorrhea,2019,Arkansas,05,35-44,All races/ethnicities,Female,307,165,"186,049"
Gonorrhea,2019,Arkansas,05,25-34,All races/ethnicities,Female,"1,056",534.5,"197,560"
Gonorrhea,2019,Arkansas,05,13-24,All races/ethnicities,Female,"2,090",893.5,"233,914"
Gonorrhea,2019,Arkansas,05,55+,All races/ethnicities,Male,73,17.4,"419,356"
Gonorrhea,2019,Arkansas,05,45-54,All races/ethnicities,Male,146,82,"177,974"
Gonorrhea,2019,Arkansas,05,35-44,All races/ethnicities,Male,477,258.9,"184,214"
Gonorrhea,2019,Arkansas,05,25-34,All races/ethnicities,Male,"1,173",588.5,"199,308"
Gonorrhea,2019,Arkansas,05,13-24,All races/ethnicities,Male,"1,489",610.9,"243,730"
Gonorrhea,2018,Arkansas,05,55+,All races/ethnicities,Female,20,4.1,"482,373"
Gonorrhea,2018,Arkansas,05,45-54,All races/ethnicities,Female,60,32.1,"186,974"
Gonorrhea,2018,Arkansas,05,35-44,All races/ethnicities,Female,302,163.3,"184,894"
Gonorrhea,2018,Arkansas,05,25-34,All races/ethnicities,Female,"1,115",565.1,"197,312"
Gonorrhea,2018,Arkansas,05,13-24,All races/ethnicities,Female,"2,285",976.8,"233,926"
Gonorrhea,2018,Arkansas,05,55+,All races/ethnicities,Male,68,16.5,"412,284"
Gonorrhea,2018,Arkansas,05,45-54,All races/ethnicities,Male,144,79.5,"181,119"
Gonorrhea,2018,Arkansas,05,35-44,All races/ethnicities,Male,445,243.1,"183,085"
Gonorrhea,2018,Arkansas,05,25-34,All races/ethnicities,Male,"1,193",599.6,"198,963"
Gonorrhea,2018,Arkansas,05,13-24,All races/ethnicities,Male,"1,661",680,"244,279"
Chlamydia,2021,Arkansas,05,55+,All races/ethnicities,Female,41,8.4,"487,124"
Chlamydia,2021,Arkansas,05,45-54,All races/ethnicities,Female,112,62.1,"180,217"
Chlamydia,2021,Arkansas,05,35-44,All races/ethnicities,Female,645,340,"189,719"
Chlamydia,2021,Arkansas,05,25-34,All races/ethnicities,Female,"2,872",1461.4,"196,522"
Chlamydia,2021,Arkansas,05,13-24,All races/ethnicities,Female,"9,067",3803.4,"238,394"
Chlamydia,2021,Arkansas,05,55+,All races/ethnicities,Male,45,10.6,"425,873"
Chlamydia,2021,Arkansas,05,45-54,All races/ethnicities,Male,114,63.9,"178,274"
Chlamydia,2021,Arkansas,05,35-44,All races/ethnicities,Male,460,242.5,"189,721"
Chlamydia,2021,Arkansas,05,25-34,All races/ethnicities,Male,"1,545",783.8,"197,121"
Chlamydia,2021,Arkansas,05,13-24,All races/ethnicities,Male,"3,008",1210.4,"248,505"
Chlamydia,2020 (COVID-19 Pandemic),Arkansas,05,55+,All races/ethnicities,Female,28,5.8,"483,030"
Chlamydia,2020 (COVID-19 Pandemic),Arkansas,05,45-54,All races/ethnicities,Female,91,50.3,"180,939"
Chlamydia,2020 (COVID-19 Pandemic),Arkansas,05,35-44,All races/ethnicities,Female,528,281.8,"187,369"
Chlamydia,2020 (COVID-19 Pandemic),Arkansas,05,25-34,All races/ethnicities,Female,"2,498",1278.7,"195,355"
Chlamydia,2020 (COVID-19 Pandemic),Arkansas,05,13-24,All races/ethnicities,Female,"8,293",3514.8,"235,942"
Chlamydia,2020 (COVID-19 Pandemic),Arkansas,05,55+,All races/ethnicities,Male,50,11.8,"422,313"
Chlamydia,2020 (COVID-19 Pandemic),Arkansas,05,45-54,All races/ethnicities,Male,101,56.3,"179,258"
Chlamydia,2020 (COVID-19 Pandemic),Arkansas,05,35-44,All races/ethnicities,Male,381,203,"187,711"
Chlamydia,2020 (COVID-19 Pandemic),Arkansas,05,25-34,All races/ethnicities,Male,"1,354",691.4,"195,842"
Chlamydia,2020 (COVID-19 Pandemic),Arkansas,05,13-24,All races/ethnicities,Male,"2,715",1104.9,"245,720"
Chlamydia,2019,Arkansas,05,55+,All races/ethnicities,Female,35,7.1,"490,520"
Chlamydia,2019,Arkansas,05,45-54,All races/ethnicities,Female,114,62.1,"183,608"
Chlamydia,2019,Arkansas,05,35-44,All races/ethnicities,Female,536,288.1,"186,049"
Chlamydia,2019,Arkansas,05,25-34,All races/ethnicities,Female,"2,621",1326.7,"197,560"
Chlamydia,2019,Arkansas,05,13-24,All races/ethnicities,Female,"8,829",3774.5,"233,914"
Chlamydia,2019,Arkansas,05,55+,All races/ethnicities,Male,44,10.5,"419,356"
Chlamydia,2019,Arkansas,05,45-54,All races/ethnicities,Male,111,62.4,"177,974"
Chlamydia,2019,Arkansas,05,35-44,All races/ethnicities,Male,437,237.2,"184,214"
Chlamydia,2019,Arkansas,05,25-34,All races/ethnicities,Male,"1,395",699.9,"199,308"
Chlamydia,2019,Arkansas,05,13-24,All races/ethnicities,Male,"3,052",1252.2,"243,730"
Chlamydia,2018,Arkansas,05,55+,All races/ethnicities,Female,20,4.1,"482,373"
Chlamydia,2018,Arkansas,05,45-54,All races/ethnicities,Female,91,48.7,"186,974"
Chlamydia,2018,Arkansas,05,35-44,All races/ethnicities,Female,505,273.1,"184,894"
Chlamydia,2018,Arkansas,05,25-34,All races/ethnicities,Female,"2,693",1364.8,"197,312"
Chlamydia,2018,Arkansas,05,13-24,All races/ethnicities,Female,"9,196",3931.2,"233,926"
Chlamydia,2018,Arkansas,05,55+,All races/ethnicities,Male,40,9.7,"412,284"
Chlamydia,2018,Arkansas,05,45-54,All races/ethnicities,Male,98,54.1,"181,119"
Chlamydia,2018,Arkansas,05,35-44,All races/ethnicities,Male,387,211.4,"183,085"
Chlamydia,2018,Arkansas,05,25-34,All races/ethnicities,Male,"1,483",745.4,"198,963"
Chlamydia,2018,Arkansas,05,13-24,All races/ethnicities,Male,"3,136",1283.8,"244,279"
HIV diagnoses,2021,Arkansas,05,55+,All races/ethnicities,Female,7,1.4,"487,124"
HIV diagnoses,2021,Arkansas,05,45-54,All races/ethnicities,Female,13,7.2,"180,217"
HIV diagnoses,2021,Arkansas,05,35-44,All races/ethnicities,Female,16,8.4,"189,719"
HIV diagnoses,2021,Arkansas,05,25-34,All races/ethnicities,Female,23,11.7,"196,522"
HIV diagnoses,2021,Arkansas,05,13-24,All races/ethnicities,Female,7,2.9,"238,394"
HIV diagnoses,2021,Arkansas,05,55+,All races/ethnicities,Male,21,4.9,"425,873"
HIV diagnoses,2021,Arkansas,05,45-54,All races/ethnicities,Male,35,19.6,"178,274"
HIV diagnoses,2021,Arkansas,05,35-44,All races/ethnicities,Male,53,27.9,"189,721"
HIV diagnoses,2021,Arkansas,05,25-34,All races/ethnicities,Male,104,52.8,"197,121"
HIV diagnoses,2021,Arkansas,05,13-24,All races/ethnicities,Male,59,23.7,"248,505"
HIV diagnoses,2020 (COVID-19 Pandemic),Arkansas,05,55+,All races/ethnicities,Female,6,1.2,"483,030"
HIV diagnoses,2020 (COVID-19 Pandemic),Arkansas,05,45-54,All races/ethnicities,Female,10,5.5,"180,939"
HIV diagnoses,2020 (COVID-19 Pandemic),Arkansas,05,35-44,All races/ethnicities,Female,12,6.4,"187,369"
HIV diagnoses,2020 (COVID-19 Pandemic),Arkansas,05,25-34,All races/ethnicities,Female,9,4.6,"195,355"
HIV diagnoses,2020 (COVID-19 Pandemic),Arkansas,05,13-24,All races/ethnicities,Female,8,3.4,"235,942"
HIV diagnoses,2020 (COVID-19 Pandemic),Arkansas,05,55+,All races/ethnicities,Male,16,3.8,"422,313"
HIV diagnoses,2020 (COVID-19 Pandemic),Arkansas,05,45-54,All races/ethnicities,Male,22,12.3,"179,258"
HIV diagnoses,2020 (COVID-19 Pandemic),Arkansas,05,35-44,All races/ethnicities,Male,26,13.9,"187,711"
HIV diagnoses,2020 (COVID-19 Pandemic),Arkansas,05,25-34,All races/ethnicities,Male,80,40.8,"195,842"
HIV diagnoses,2020 (COVID-19 Pandemic),Arkansas,05,13-24,All races/ethnicities,Male,56,22.8,"245,720"
HIV diagnoses,2019,Arkansas,05,55+,All races/ethnicities,Female,13,2.6,"490,691"
HIV diagnoses,2019,Arkansas,05,45-54,All races/ethnicities,Female,16,8.7,"183,820"
HIV diagnoses,2019,Arkansas,05,35-44,All races/ethnicities,Female,10,5.4,"186,254"
HIV diagnoses,2019,Arkansas,05,25-34,All races/ethnicities,Female,17,8.6,"198,253"
HIV diagnoses,2019,Arkansas,05,13-24,All races/ethnicities,Female,10,4.3,"234,112"
HIV diagnoses,2019,Arkansas,05,55+,All races/ethnicities,Male,15,3.6,"419,280"
HIV diagnoses,2019,Arkansas,05,45-54,All races/ethnicities,Male,25,14,"178,184"
HIV diagnoses,2019,Arkansas,05,35-44,All races/ethnicities,Male,42,22.8,"184,327"
HIV diagnoses,2019,Arkansas,05,25-34,All races/ethnicities,Male,78,39,"199,911"
HIV diagnoses,2019,Arkansas,05,13-24,All races/ethnicities,Male,63,25.8,"243,784"
HIV diagnoses,2018,Arkansas,05,55+,All races/ethnicities,Female,8,1.7,"482,404"
HIV diagnoses,2018,Arkansas,05,45-54,All races/ethnicities,Female,11,5.9,"187,086"
HIV diagnoses,2018,Arkansas,05,35-44,All races/ethnicities,Female,13,7,"185,014"
HIV diagnoses,2018,Arkansas,05,25-34,All races/ethnicities,Female,14,7.1,"197,771"
HIV diagnoses,2018,Arkansas,05,13-24,All races/ethnicities,Female,9,3.8,"234,354"
HIV diagnoses,2018,Arkansas,05,55+,All races/ethnicities,Male,12,2.9,"412,315"
HIV diagnoses,2018,Arkansas,05,45-54,All races/ethnicities,Male,24,13.2,"181,154"
HIV diagnoses,2018,Arkansas,05,35-44,All races/ethnicities,Male,34,18.6,"183,111"
HIV diagnoses,2018,Arkansas,05,25-34,All races/ethnicities,Male,87,43.7,"199,252"
HIV diagnoses,2018,Arkansas,05,13-24,All races/ethnicities,Male,71,29,"244,531"
Gonorrhea,2021,California,06,55+,All races/ethnicities,Female,570,10,"5,679,152"
Gonorrhea,2021,California,06,45-54,All races/ethnicities,Female,"1,512",61.8,"2,446,639"
Gonorrhea,2021,California,06,35-44,All races/ethnicities,Female,"4,621",175.1,"2,638,675"
Gonorrhea,2021,California,06,25-34,All races/ethnicities,Female,"11,376",400.6,"2,839,969"
Gonorrhea,2021,California,06,13-24,All races/ethnicities,Female,"13,123",435.7,"3,011,796"
Gonorrhea,2021,California,06,55+,All races/ethnicities,Male,"3,018",59.7,"5,055,672"
Gonorrhea,2021,California,06,45-54,All races/ethnicities,Male,"5,327",214.7,"2,480,907"
Gonorrhea,2021,California,06,35-44,All races/ethnicities,Male,"13,064",472,"2,767,766"
Gonorrhea,2021,California,06,25-34,All races/ethnicities,Male,"24,833",827.9,"2,999,673"
Gonorrhea,2021,California,06,13-24,All races/ethnicities,Male,"13,341",422,"3,161,507"
Gonorrhea,2020 (COVID-19 Pandemic),California,06,55+,All races/ethnicities,Female,436,7.7,"5,631,994"
Gonorrhea,2020 (COVID-19 Pandemic),California,06,45-54,All races/ethnicities,Female,"1,217",49.2,"2,472,982"
Gonorrhea,2020 (COVID-19 Pandemic),California,06,35-44,All races/ethnicities,Female,"4,115",156.1,"2,635,295"
Gonorrhea,2020 (COVID-19 Pandemic),California,06,25-34,All races/ethnicities,Female,"10,375",359.3,"2,887,262"
Gonorrhea,2020 (COVID-19 Pandemic),California,06,13-24,All races/ethnicities,Female,"12,034",396.8,"3,032,705"
Gonorrhea,2020 (COVID-19 Pandemic),California,06,55+,All races/ethnicities,Male,"2,287",45.7,"5,005,747"
Gonorrhea,2020 (COVID-19 Pandemic),California,06,45-54,All races/ethnicities,Male,"4,325",172.2,"2,512,063"
Gonorrhea,2020 (COVID-19 Pandemic),California,06,35-44,All races/ethnicities,Male,"10,073",365.9,"2,753,094"
Gonorrhea,2020 (COVID-19 Pandemic),California,06,25-34,All races/ethnicities,Male,"21,078",688.6,"3,061,008"
Gonorrhea,2020 (COVID-19 Pandemic),California,06,13-24,All races/ethnicities,Male,"11,936",375.3,"3,180,762"
Gonorrhea,2019,California,06,55+,All races/ethnicities,Female,459,8.1,"5,690,838"
Gonorrhea,2019,California,06,45-54,All races/ethnicities,Female,"1,244",49.8,"2,499,374"
Gonorrhea,2019,California,06,35-44,All races/ethnicities,Female,"3,782",144.9,"2,609,521"
Gonorrhea,2019,California,06,25-34,All races/ethnicities,Female,"9,873",337.3,"2,926,700"
Gonorrhea,2019,California,06,13-24,All races/ethnicities,Female,"11,842",391.6,"3,024,356"
Gonorrhea,2019,California,06,55+,All races/ethnicities,Male,"2,574",52.2,"4,933,912"
Gonorrhea,2019,California,06,45-54,All races/ethnicities,Male,"5,148",207.5,"2,480,371"
Gonorrhea,2019,California,06,35-44,All races/ethnicities,Male,"10,530",394,"2,672,579"
Gonorrhea,2019,California,06,25-34,All races/ethnicities,Male,"22,109",707.2,"3,126,252"
Gonorrhea,2019,California,06,13-24,All races/ethnicities,Male,"12,185",384.4,"3,169,700"
Gonorrhea,2018,California,06,55+,All races/ethnicities,Female,425,7.6,"5,590,370"
Gonorrhea,2018,California,06,45-54,All races/ethnicities,Female,"1,231",48.5,"2,537,467"
Gonorrhea,2018,California,06,35-44,All races/ethnicities,Female,"3,478",134,"2,596,337"
Gonorrhea,2018,California,06,25-34,All races/ethnicities,Female,"9,481",324.9,"2,918,094"
Gonorrhea,2018,California,06,13-24,All races/ethnicities,Female,"11,713",384,"3,049,966"
Gonorrhea,2018,California,06,55+,All races/ethnicities,Male,"2,424",50.1,"4,837,921"
Gonorrhea,2018,California,06,45-54,All races/ethnicities,Male,"5,250",208.5,"2,518,184"
Gonorrhea,2018,California,06,35-44,All races/ethnicities,Male,"10,323",390,"2,646,606"
Gonorrhea,2018,California,06,25-34,All races/ethnicities,Male,"21,618",694.3,"3,113,674"
Gonorrhea,2018,California,06,13-24,All races/ethnicities,Male,"12,846",401.1,"3,202,665"
Chlamydia,2021,California,06,55+,All races/ethnicities,Female,914,16.1,"5,679,152"
Chlamydia,2021,California,06,45-54,All races/ethnicities,Female,"2,743",112.1,"2,446,639"
Chlamydia,2021,California,06,35-44,All races/ethnicities,Female,"9,305",352.6,"2,638,675"
Chlamydia,2021,California,06,25-34,All races/ethnicities,Female,"35,793",1260.3,"2,839,969"
Chlamydia,2021,California,06,13-24,All races/ethnicities,Female,"66,282",2200.7,"3,011,796"
Chlamydia,2021,California,06,55+,All races/ethnicities,Male,"2,600",51.4,"5,055,672"
Chlamydia,2021,California,06,45-54,All races/ethnicities,Male,"4,725",190.5,"2,480,907"
Chlamydia,2021,California,06,35-44,All races/ethnicities,Male,"12,149",438.9,"2,767,766"
Chlamydia,2021,California,06,25-34,All races/ethnicities,Male,"29,784",992.9,"2,999,673"
Chlamydia,2021,California,06,13-24,All races/ethnicities,Male,"26,191",828.4,"3,161,507"
Chlamydia,2020 (COVID-19 Pandemic),California,06,55+,All races/ethnicities,Female,758,13.5,"5,631,994"
Chlamydia,2020 (COVID-19 Pandemic),California,06,45-54,All races/ethnicities,Female,"2,104",85.1,"2,472,982"
Chlamydia,2020 (COVID-19 Pandemic),California,06,35-44,All races/ethnicities,Female,"7,801",296,"2,635,295"
Chlamydia,2020 (COVID-19 Pandemic),California,06,25-34,All races/ethnicities,Female,"32,457",1124.1,"2,887,262"
Chlamydia,2020 (COVID-19 Pandemic),California,06,13-24,All races/ethnicities,Female,"65,982",2175.7,"3,032,705"
Chlamydia,2020 (COVID-19 Pandemic),California,06,55+,All races/ethnicities,Male,"1,965",39.3,"5,005,747"
Chlamydia,2020 (COVID-19 Pandemic),California,06,45-54,All races/ethnicities,Male,"4,036",160.7,"2,512,063"
Chlamydia,2020 (COVID-19 Pandemic),California,06,35-44,All races/ethnicities,Male,"9,848",357.7,"2,753,094"
Chlamydia,2020 (COVID-19 Pandemic),California,06,25-34,All races/ethnicities,Male,"26,801",875.6,"3,061,008"
Chlamydia,2020 (COVID-19 Pandemic),California,06,13-24,All races/ethnicities,Male,"26,001",817.4,"3,180,762"
Chlamydia,2019,California,06,55+,All races/ethnicities,Female,977,17.2,"5,690,838"
Chlamydia,2019,California,06,45-54,All races/ethnicities,Female,"3,092",123.7,"2,499,374"
Chlamydia,2019,California,06,35-44,All races/ethnicities,Female,"10,249",392.8,"2,609,521"
Chlamydia,2019,California,06,25-34,All races/ethnicities,Female,"41,408",1414.8,"2,926,700"
Chlamydia,2019,California,06,13-24,All races/ethnicities,Female,"87,166",2882.1,"3,024,356"
Chlamydia,2019,California,06,55+,All races/ethnicities,Male,"2,850",57.8,"4,933,912"
Chlamydia,2019,California,06,45-54,All races/ethnicities,Male,"6,023",242.8,"2,480,371"
Chlamydia,2019,California,06,35-44,All races/ethnicities,Male,"13,424",502.3,"2,672,579"
Chlamydia,2019,California,06,25-34,All races/ethnicities,Male,"35,586",1138.3,"3,126,252"
Chlamydia,2019,California,06,13-24,All races/ethnicities,Male,"34,629",1092.5,"3,169,700"
Chlamydia,2018,California,06,55+,All races/ethnicities,Female,891,15.9,"5,590,370"
Chlamydia,2018,California,06,45-54,All races/ethnicities,Female,"2,959",116.6,"2,537,467"
Chlamydia,2018,California,06,35-44,All races/ethnicities,Female,"9,447",363.9,"2,596,337"
Chlamydia,2018,California,06,25-34,All races/ethnicities,Female,"40,216",1378.2,"2,918,094"
Chlamydia,2018,California,06,13-24,All races/ethnicities,Female,"88,076",2887.8,"3,049,966"
Chlamydia,2018,California,06,55+,All races/ethnicities,Male,"2,692",55.6,"4,837,921"
Chlamydia,2018,California,06,45-54,All races/ethnicities,Male,"5,955",236.5,"2,518,184"
Chlamydia,2018,California,06,35-44,All races/ethnicities,Male,"12,130",458.3,"2,646,606"
Chlamydia,2018,California,06,25-34,All races/ethnicities,Male,"33,666",1081.2,"3,113,674"
Chlamydia,2018,California,06,13-24,All races/ethnicities,Male,"34,087",1064.3,"3,202,665"
HIV diagnoses,2021,California,06,55+,All races/ethnicities,Female,80,1.4,"5,679,152"
HIV diagnoses,2021,California,06,45-54,All races/ethnicities,Female,112,4.6,"2,446,639"
HIV diagnoses,2021,California,06,35-44,All races/ethnicities,Female,148,5.6,"2,638,675"
HIV diagnoses,2021,California,06,25-34,All races/ethnicities,Female,161,5.7,"2,839,969"
HIV diagnoses,2021,California,06,13-24,All races/ethnicities,Female,53,1.8,"3,011,796"
HIV diagnoses,2021,California,06,55+,All races/ethnicities,Male,373,7.4,"5,055,672"
HIV diagnoses,2021,California,06,45-54,All races/ethnicities,Male,465,18.7,"2,480,907"
HIV diagnoses,2021,California,06,35-44,All races/ethnicities,Male,876,31.7,"2,767,766"
HIV diagnoses,2021,California,06,25-34,All races/ethnicities,Male,"1,466",48.9,"2,999,673"
HIV diagnoses,2021,California,06,13-24,All races/ethnicities,Male,665,21,"3,161,507"
HIV diagnoses,2020 (COVID-19 Pandemic),California,06,55+,All races/ethnicities,Female,86,1.5,"5,631,994"
HIV diagnoses,2020 (COVID-19 Pandemic),California,06,45-54,All races/ethnicities,Female,86,3.5,"2,472,982"
HIV diagnoses,2020 (COVID-19 Pandemic),California,06,35-44,All races/ethnicities,Female,125,4.7,"2,635,295"
HIV diagnoses,2020 (COVID-19 Pandemic),California,06,25-34,All races/ethnicities,Female,146,5.1,"2,887,262"
HIV diagnoses,2020 (COVID-19 Pandemic),California,06,13-24,All races/ethnicities,Female,59,1.9,"3,032,705"
HIV diagnoses,2020 (COVID-19 Pandemic),California,06,55+,All races/ethnicities,Male,289,5.8,"5,005,747"
HIV diagnoses,2020 (COVID-19 Pandemic),California,06,45-54,All races/ethnicities,Male,456,18.2,"2,512,063"
HIV diagnoses,2020 (COVID-19 Pandemic),California,06,35-44,All races/ethnicities,Male,715,26,"2,753,094"
HIV diagnoses,2020 (COVID-19 Pandemic),California,06,25-34,All races/ethnicities,Male,"1,437",46.9,"3,061,008"
HIV diagnoses,2020 (COVID-19 Pandemic),California,06,13-24,All races/ethnicities,Male,611,19.2,"3,180,762"
HIV diagnoses,2019,California,06,55+,All races/ethnicities,Female,96,1.7,"5,676,261"
HIV diagnoses,2019,California,06,45-54,All races/ethnicities,Female,101,4.1,"2,493,421"
HIV diagnoses,2019,California,06,35-44,All races/ethnicities,Female,138,5.3,"2,605,366"
HIV diagnoses,2019,California,06,25-34,All races/ethnicities,Female,157,5.4,"2,923,650"
HIV diagnoses,2019,California,06,13-24,All races/ethnicities,Female,56,1.9,"3,019,756"
HIV diagnoses,2019,California,06,55+,All races/ethnicities,Male,346,7,"4,920,155"
HIV diagnoses,2019,California,06,45-54,All races/ethnicities,Male,522,21.1,"2,475,156"
HIV diagnoses,2019,California,06,35-44,All races/ethnicities,Male,849,31.8,"2,668,410"
HIV diagnoses,2019,California,06,25-34,All races/ethnicities,Male,"1,494",47.8,"3,123,888"
HIV diagnoses,2019,California,06,13-24,All races/ethnicities,Male,749,23.7,"3,164,829"
HIV diagnoses,2018,California,06,55+,All races/ethnicities,Female,99,1.8,"5,580,388"
HIV diagnoses,2018,California,06,45-54,All races/ethnicities,Female,115,4.5,"2,533,305"
HIV diagnoses,2018,California,06,35-44,All races/ethnicities,Female,143,5.5,"2,594,768"
HIV diagnoses,2018,California,06,25-34,All races/ethnicities,Female,140,4.8,"2,920,031"
HIV diagnoses,2018,California,06,13-24,All races/ethnicities,Female,77,2.5,"3,049,541"
HIV diagnoses,2018,California,06,55+,All races/ethnicities,Male,360,7.5,"4,828,561"
HIV diagnoses,2018,California,06,45-54,All races/ethnicities,Male,529,21,"2,514,308"
HIV diagnoses,2018,California,06,35-44,All races/ethnicities,Male,813,30.7,"2,645,055"
HIV diagnoses,2018,California,06,25-34,All races/ethnicities,Male,"1,633",52.4,"3,116,069"
HIV diagnoses,2018,California,06,13-24,All races/ethnicities,Male,855,26.7,"3,203,103"
Gonorrhea,2021,Colorado,08,55+,All races/ethnicities,Female,52,6.3,"825,976"
Gonorrhea,2021,Colorado,08,45-54,All races/ethnicities,Female,201,58.4,"344,143"
Gonorrhea,2021,Colorado,08,35-44,All races/ethnicities,Female,639,158.5,"403,108"
Gonorrhea,2021,Colorado,08,25-34,All races/ethnicities,Female,"1,381",317.8,"434,511"
Gonorrhea,2021,Colorado,08,13-24,All races/ethnicities,Female,"1,926",442.1,"435,663"
Gonorrhea,2021,Colorado,08,55+,All races/ethnicities,Male,234,31,"755,896"
Gonorrhea,2021,Colorado,08,45-54,All races/ethnicities,Male,467,127.6,"366,024"
Gonorrhea,2021,Colorado,08,35-44,All races/ethnicities,Male,"1,390",318.3,"436,706"
Gonorrhea,2021,Colorado,08,25-34,All races/ethnicities,Male,"2,618",552.1,"474,213"
Gonorrhea,2021,Colorado,08,13-24,All races/ethnicities,Male,"1,686",360.5,"467,711"
Gonorrhea,2020 (COVID-19 Pandemic),Colorado,08,55+,All races/ethnicities,Female,36,4.4,"815,359"
Gonorrhea,2020 (COVID-19 Pandemic),Colorado,08,45-54,All races/ethnicities,Female,152,44.1,"344,439"
Gonorrhea,2020 (COVID-19 Pandemic),Colorado,08,35-44,All races/ethnicities,Female,526,133,"395,455"
Gonorrhea,2020 (COVID-19 Pandemic),Colorado,08,25-34,All races/ethnicities,Female,"1,219",281.6,"432,904"
Gonorrhea,2020 (COVID-19 Pandemic),Colorado,08,13-24,All races/ethnicities,Female,"1,996",460.8,"433,199"
Gonorrhea,2020 (COVID-19 Pandemic),Colorado,08,55+,All races/ethnicities,Male,187,25.1,"746,132"
Gonorrhea,2020 (COVID-19 Pandemic),Colorado,08,45-54,All races/ethnicities,Male,426,116.5,"365,520"
Gonorrhea,2020 (COVID-19 Pandemic),Colorado,08,35-44,All races/ethnicities,Male,"1,180",276.4,"426,924"
Gonorrhea,2020 (COVID-19 Pandemic),Colorado,08,25-34,All races/ethnicities,Male,"2,277",481.6,"472,817"
Gonorrhea,2020 (COVID-19 Pandemic),Colorado,08,13-24,All races/ethnicities,Male,"1,684",362,"465,170"
Gonorrhea,2019,Colorado,08,55+,All races/ethnicities,Female,27,3.3,"820,702"
Gonorrhea,2019,Colorado,08,45-54,All races/ethnicities,Female,126,36.2,"347,628"
Gonorrhea,2019,Colorado,08,35-44,All races/ethnicities,Female,529,136.6,"387,274"
Gonorrhea,2019,Colorado,08,25-34,All races/ethnicities,Female,"1,196",275,"434,888"
Gonorrhea,2019,Colorado,08,13-24,All races/ethnicities,Female,"2,008",468.5,"428,571"
Gonorrhea,2019,Colorado,08,55+,All races/ethnicities,Male,177,24.1,"734,723"
Gonorrhea,2019,Colorado,08,45-54,All races/ethnicities,Male,433,120.8,"358,522"
Gonorrhea,2019,Colorado,08,35-44,All races/ethnicities,Male,"1,036",252.2,"410,797"
Gonorrhea,2019,Colorado,08,25-34,All races/ethnicities,Male,"2,335",488,"478,466"
Gonorrhea,2019,Colorado,08,13-24,All races/ethnicities,Male,"1,700",368.9,"460,845"
Gonorrhea,2018,Colorado,08,55+,All races/ethnicities,Female,32,4,"801,270"
Gonorrhea,2018,Colorado,08,45-54,All races/ethnicities,Female,104,29.7,"350,545"
Gonorrhea,2018,Colorado,08,35-44,All races/ethnicities,Female,470,124.1,"378,809"
Gonorrhea,2018,Colorado,08,25-34,All races/ethnicities,Female,"1,228",287.5,"427,165"
Gonorrhea,2018,Colorado,08,13-24,All races/ethnicities,Female,"1,753",410.9,"426,638"
Gonorrhea,2018,Colorado,08,55+,All races/ethnicities,Male,173,24.1,"716,989"
Gonorrhea,2018,Colorado,08,45-54,All races/ethnicities,Male,392,109.1,"359,217"
Gonorrhea,2018,Colorado,08,35-44,All races/ethnicities,Male,950,236.6,"401,463"
Gonorrhea,2018,Colorado,08,25-34,All races/ethnicities,Male,"2,208",471.4,"468,413"
Gonorrhea,2018,Colorado,08,13-24,All races/ethnicities,Male,"1,582",345,"458,578"
Chlamydia,2021,Colorado,08,55+,All races/ethnicities,Female,65,7.9,"825,976"
Chlamydia,2021,Colorado,08,45-54,All races/ethnicities,Female,266,77.3,"344,143"
Chlamydia,2021,Colorado,08,35-44,All races/ethnicities,Female,"1,071",265.7,"403,108"
Chlamydia,2021,Colorado,08,25-34,All races/ethnicities,Female,"4,222",971.7,"434,511"
Chlamydia,2021,Colorado,08,13-24,All races/ethnicities,Female,"11,084",2544.2,"435,663"
Chlamydia,2021,Colorado,08,55+,All races/ethnicities,Male,185,24.5,"755,896"
Chlamydia,2021,Colorado,08,45-54,All races/ethnicities,Male,424,115.8,"366,024"
Chlamydia,2021,Colorado,08,35-44,All races/ethnicities,Male,"1,326",303.6,"436,706"
Chlamydia,2021,Colorado,08,25-34,All races/ethnicities,Male,"3,703",780.9,"474,213"
Chlamydia,2021,Colorado,08,13-24,All races/ethnicities,Male,"4,386",937.8,"467,711"
Chlamydia,2020 (COVID-19 Pandemic),Colorado,08,55+,All races/ethnicities,Female,67,8.2,"815,359"
Chlamydia,2020 (COVID-19 Pandemic),Colorado,08,45-54,All races/ethnicities,Female,245,71.1,"344,439"
Chlamydia,2020 (COVID-19 Pandemic),Colorado,08,35-44,All races/ethnicities,Female,958,242.3,"395,455"
Chlamydia,2020 (COVID-19 Pandemic),Colorado,08,25-34,All races/ethnicities,Female,"3,971",917.3,"432,904"
Chlamydia,2020 (COVID-19 Pandemic),Colorado,08,13-24,All races/ethnicities,Female,"11,331",2615.7,"433,199"
Chlamydia,2020 (COVID-19 Pandemic),Colorado,08,55+,All races/ethnicities,Male,188,25.2,"746,132"
Chlamydia,2020 (COVID-19 Pandemic),Colorado,08,45-54,All races/ethnicities,Male,359,98.2,"365,520"
Chlamydia,2020 (COVID-19 Pandemic),Colorado,08,35-44,All races/ethnicities,Male,"1,118",261.9,"426,924"
Chlamydia,2020 (COVID-19 Pandemic),Colorado,08,25-34,All races/ethnicities,Male,"3,411",721.4,"472,817"
Chlamydia,2020 (COVID-19 Pandemic),Colorado,08,13-24,All races/ethnicities,Male,"4,478",962.7,"465,170"
Chlamydia,2019,Colorado,08,55+,All races/ethnicities,Female,65,7.9,"820,702"
Chlamydia,2019,Colorado,08,45-54,All races/ethnicities,Female,293,84.3,"347,628"
Chlamydia,2019,Colorado,08,35-44,All races/ethnicities,Female,"1,082",279.4,"387,274"
Chlamydia,2019,Colorado,08,25-34,All races/ethnicities,Female,"4,570",1050.8,"434,888"
Chlamydia,2019,Colorado,08,13-24,All races/ethnicities,Female,"12,732",2970.8,"428,571"
Chlamydia,2019,Colorado,08,55+,All races/ethnicities,Male,201,27.4,"734,723"
Chlamydia,2019,Colorado,08,45-54,All races/ethnicities,Male,470,131.1,"358,522"
Chlamydia,2019,Colorado,08,35-44,All races/ethnicities,Male,"1,341",326.4,"410,797"
Chlamydia,2019,Colorado,08,25-34,All races/ethnicities,Male,"3,933",822,"478,466"
Chlamydia,2019,Colorado,08,13-24,All races/ethnicities,Male,"5,124",1111.9,"460,845"
Chlamydia,2018,Colorado,08,55+,All races/ethnicities,Female,54,6.7,"801,270"
Chlamydia,2018,Colorado,08,45-54,All races/ethnicities,Female,235,67,"350,545"
Chlamydia,2018,Colorado,08,35-44,All races/ethnicities,Female,"1,021",269.5,"378,809"
Chlamydia,2018,Colorado,08,25-34,All races/ethnicities,Female,"4,614",1080.1,"427,165"
Chlamydia,2018,Colorado,08,13-24,All races/ethnicities,Female,"12,541",2939.5,"426,638"
Chlamydia,2018,Colorado,08,55+,All races/ethnicities,Male,156,21.8,"716,989"
Chlamydia,2018,Colorado,08,45-54,All races/ethnicities,Male,422,117.5,"359,217"
Chlamydia,2018,Colorado,08,35-44,All races/ethnicities,Male,"1,166",290.4,"401,463"
Chlamydia,2018,Colorado,08,25-34,All races/ethnicities,Male,"3,851",822.1,"468,413"
Chlamydia,2018,Colorado,08,13-24,All races/ethnicities,Male,"5,051",1101.4,"458,578"
HIV diagnoses,2021,Colorado,08,55+,All races/ethnicities,Female,6,0.7,"825,976"
HIV diagnoses,2021,Colorado,08,45-54,All races/ethnicities,Female,11,3.2,"344,143"
HIV diagnoses,2021,Colorado,08,35-44,All races/ethnicities,Female,9,2.2,"403,108"
HIV diagnoses,2021,Colorado,08,25-34,All races/ethnicities,Female,18,4.1,"434,511"
HIV diagnoses,2021,Colorado,08,13-24,All races/ethnicities,Female,9,2.1,"435,663"
HIV diagnoses,2021,Colorado,08,55+,All races/ethnicities,Male,27,3.6,"755,896"
HIV diagnoses,2021,Colorado,08,45-54,All races/ethnicities,Male,31,8.5,"366,024"
HIV diagnoses,2021,Colorado,08,35-44,All races/ethnicities,Male,78,17.9,"436,706"
HIV diagnoses,2021,Colorado,08,25-34,All races/ethnicities,Male,151,31.8,"474,213"
HIV diagnoses,2021,Colorado,08,13-24,All races/ethnicities,Male,66,14.1,"467,711"
HIV diagnoses,2020 (COVID-19 Pandemic),Colorado,08,55+,All races/ethnicities,Female,3,0.4,"815,359"
HIV diagnoses,2020 (COVID-19 Pandemic),Colorado,08,45-54,All races/ethnicities,Female,10,2.9,"344,439"
HIV diagnoses,2020 (COVID-19 Pandemic),Colorado,08,35-44,All races/ethnicities,Female,14,3.5,"395,455"
HIV diagnoses,2020 (COVID-19 Pandemic),Colorado,08,25-34,All races/ethnicities,Female,12,2.8,"432,904"
HIV diagnoses,2020 (COVID-19 Pandemic),Colorado,08,13-24,All races/ethnicities,Female,4,0.9,"433,199"
HIV diagnoses,2020 (COVID-19 Pandemic),Colorado,08,55+,All races/ethnicities,Male,27,3.6,"746,132"
HIV diagnoses,2020 (COVID-19 Pandemic),Colorado,08,45-54,All races/ethnicities,Male,26,7.1,"365,520"
HIV diagnoses,2020 (COVID-19 Pandemic),Colorado,08,35-44,All races/ethnicities,Male,65,15.2,"426,924"
HIV diagnoses,2020 (COVID-19 Pandemic),Colorado,08,25-34,All races/ethnicities,Male,116,24.5,"472,817"
HIV diagnoses,2020 (COVID-19 Pandemic),Colorado,08,13-24,All races/ethnicities,Male,50,10.7,"465,170"
HIV diagnoses,2019,Colorado,08,55+,All races/ethnicities,Female,8,1,"821,598"
HIV diagnoses,2019,Colorado,08,45-54,All races/ethnicities,Female,11,3.2,"347,261"
HIV diagnoses,2019,Colorado,08,35-44,All races/ethnicities,Female,22,5.7,"387,588"
HIV diagnoses,2019,Colorado,08,25-34,All races/ethnicities,Female,27,6.2,"435,187"
HIV diagnoses,2019,Colorado,08,13-24,All races/ethnicities,Female,14,3.3,"428,882"
HIV diagnoses,2019,Colorado,08,55+,All races/ethnicities,Male,32,4.4,"734,642"
HIV diagnoses,2019,Colorado,08,45-54,All races/ethnicities,Male,52,14.5,"358,423"
HIV diagnoses,2019,Colorado,08,35-44,All races/ethnicities,Male,76,18.5,"411,382"
HIV diagnoses,2019,Colorado,08,25-34,All races/ethnicities,Male,154,32.2,"478,309"
HIV diagnoses,2019,Colorado,08,13-24,All races/ethnicities,Male,67,14.5,"461,727"
HIV diagnoses,2018,Colorado,08,55+,All races/ethnicities,Female,7,0.9,"802,020"
HIV diagnoses,2018,Colorado,08,45-54,All races/ethnicities,Female,6,1.7,"350,467"
HIV diagnoses,2018,Colorado,08,35-44,All races/ethnicities,Female,13,3.4,"379,484"
HIV diagnoses,2018,Colorado,08,25-34,All races/ethnicities,Female,9,2.1,"428,375"
HIV diagnoses,2018,Colorado,08,13-24,All races/ethnicities,Female,5,1.2,"427,413"
HIV diagnoses,2018,Colorado,08,55+,All races/ethnicities,Male,27,3.8,"717,336"
HIV diagnoses,2018,Colorado,08,45-54,All races/ethnicities,Male,30,8.4,"359,237"
HIV diagnoses,2018,Colorado,08,35-44,All races/ethnicities,Male,68,16.9,"402,332"
HIV diagnoses,2018,Colorado,08,25-34,All races/ethnicities,Male,159,33.9,"469,158"
HIV diagnoses,2018,Colorado,08,13-24,All races/ethnicities,Male,76,16.6,"459,159"
Gonorrhea,2021,Connecticut,09,55+,All races/ethnicities,Female,21,3.3,"627,011"
Gonorrhea,2021,Connecticut,09,45-54,All races/ethnicities,Female,80,34.1,"234,743"
Gonorrhea,2021,Connecticut,09,35-44,All races/ethnicities,Female,254,111.8,"227,287"
Gonorrhea,2021,Connecticut,09,25-34,All races/ethnicities,Female,812,365.1,"222,409"
Gonorrhea,2021,Connecticut,09,13-24,All races/ethnicities,Female,"1,389",496,"280,059"
Gonorrhea,2021,Connecticut,09,55+,All races/ethnicities,Male,129,23.7,"543,216"
Gonorrhea,2021,Connecticut,09,45-54,All races/ethnicities,Male,197,87.4,"225,298"
Gonorrhea,2021,Connecticut,09,35-44,All races/ethnicities,Male,442,196.8,"224,633"
Gonorrhea,2021,Connecticut,09,25-34,All races/ethnicities,Male,"1,117",484.5,"230,538"
Gonorrhea,2021,Connecticut,09,13-24,All races/ethnicities,Male,919,315.7,"291,120"
Gonorrhea,2020 (COVID-19 Pandemic),Connecticut,09,55+,All races/ethnicities,Female,29,4.7,"621,065"
Gonorrhea,2020 (COVID-19 Pandemic),Connecticut,09,45-54,All races/ethnicities,Female,50,20.8,"240,928"
Gonorrhea,2020 (COVID-19 Pandemic),Connecticut,09,35-44,All races/ethnicities,Female,218,97.8,"222,893"
Gonorrhea,2020 (COVID-19 Pandemic),Connecticut,09,25-34,All races/ethnicities,Female,630,286.8,"219,644"
Gonorrhea,2020 (COVID-19 Pandemic),Connecticut,09,13-24,All races/ethnicities,Female,980,349.4,"280,462"
Gonorrhea,2020 (COVID-19 Pandemic),Connecticut,09,55+,All races/ethnicities,Male,154,28.6,"537,724"
Gonorrhea,2020 (COVID-19 Pandemic),Connecticut,09,45-54,All races/ethnicities,Male,197,85.2,"231,342"
Gonorrhea,2020 (COVID-19 Pandemic),Connecticut,09,35-44,All races/ethnicities,Male,429,195.2,"219,730"
Gonorrhea,2020 (COVID-19 Pandemic),Connecticut,09,25-34,All races/ethnicities,Male,"1,007",441.8,"227,936"
Gonorrhea,2020 (COVID-19 Pandemic),Connecticut,09,13-24,All races/ethnicities,Male,871,298.3,"291,988"
Gonorrhea,2019,Connecticut,09,55+,All races/ethnicities,Female,22,3.5,"619,822"
Gonorrhea,2019,Connecticut,09,45-54,All races/ethnicities,Female,72,29.3,"246,091"
Gonorrhea,2019,Connecticut,09,35-44,All races/ethnicities,Female,215,98.9,"217,286"
Gonorrhea,2019,Connecticut,09,25-34,All races/ethnicities,Female,600,273.7,"219,182"
Gonorrhea,2019,Connecticut,09,13-24,All races/ethnicities,Female,"1,018",366.9,"277,449"
Gonorrhea,2019,Connecticut,09,55+,All races/ethnicities,Male,139,26.5,"523,877"
Gonorrhea,2019,Connecticut,09,45-54,All races/ethnicities,Male,219,94.9,"230,814"
Gonorrhea,2019,Connecticut,09,35-44,All races/ethnicities,Male,410,195.4,"209,855"
Gonorrhea,2019,Connecticut,09,25-34,All races/ethnicities,Male,953,416.4,"228,847"
Gonorrhea,2019,Connecticut,09,13-24,All races/ethnicities,Male,756,261,"289,679"
Gonorrhea,2018,Connecticut,09,55+,All races/ethnicities,Female,21,3.4,"610,958"
Gonorrhea,2018,Connecticut,09,45-54,All races/ethnicities,Female,67,26.2,"255,317"
Gonorrhea,2018,Connecticut,09,35-44,All races/ethnicities,Female,172,79.7,"215,864"
Gonorrhea,2018,Connecticut,09,25-34,All races/ethnicities,Female,588,269.4,"218,234"
Gonorrhea,2018,Connecticut,09,13-24,All races/ethnicities,Female,"1,080",385.2,"280,348"
Gonorrhea,2018,Connecticut,09,55+,All races/ethnicities,Male,168,32.6,"515,288"
Gonorrhea,2018,Connecticut,09,45-54,All races/ethnicities,Male,283,118.2,"239,466"
Gonorrhea,2018,Connecticut,09,35-44,All races/ethnicities,Male,479,231,"207,353"
Gonorrhea,2018,Connecticut,09,25-34,All races/ethnicities,Male,"1,087",477.7,"227,561"
Gonorrhea,2018,Connecticut,09,13-24,All races/ethnicities,Male,982,334.8,"293,298"
Chlamydia,2021,Connecticut,09,55+,All races/ethnicities,Female,51,8.1,"627,011"
Chlamydia,2021,Connecticut,09,45-54,All races/ethnicities,Female,161,68.6,"234,743"
Chlamydia,2021,Connecticut,09,35-44,All races/ethnicities,Female,558,245.5,"227,287"
Chlamydia,2021,Connecticut,09,25-34,All races/ethnicities,Female,"2,486",1117.8,"222,409"
Chlamydia,2021,Connecticut,09,13-24,All races/ethnicities,Female,"6,561",2342.7,"280,059"
Chlamydia,2021,Connecticut,09,55+,All races/ethnicities,Male,102,18.8,"543,216"
Chlamydia,2021,Connecticut,09,45-54,All races/ethnicities,Male,203,90.1,"225,298"
Chlamydia,2021,Connecticut,09,35-44,All races/ethnicities,Male,502,223.5,"224,633"
Chlamydia,2021,Connecticut,09,25-34,All races/ethnicities,Male,"1,626",705.3,"230,538"
Chlamydia,2021,Connecticut,09,13-24,All races/ethnicities,Male,"2,433",835.7,"291,120"
Chlamydia,2020 (COVID-19 Pandemic),Connecticut,09,55+,All races/ethnicities,Female,51,8.2,"621,065"
Chlamydia,2020 (COVID-19 Pandemic),Connecticut,09,45-54,All races/ethnicities,Female,114,47.3,"240,928"
Chlamydia,2020 (COVID-19 Pandemic),Connecticut,09,35-44,All races/ethnicities,Female,401,179.9,"222,893"
Chlamydia,2020 (COVID-19 Pandemic),Connecticut,09,25-34,All races/ethnicities,Female,"2,096",954.3,"219,644"
Chlamydia,2020 (COVID-19 Pandemic),Connecticut,09,13-24,All races/ethnicities,Female,"5,688",2028.1,"280,462"
Chlamydia,2020 (COVID-19 Pandemic),Connecticut,09,55+,All races/ethnicities,Male,106,19.7,"537,724"
Chlamydia,2020 (COVID-19 Pandemic),Connecticut,09,45-54,All races/ethnicities,Male,154,66.6,"231,342"
Chlamydia,2020 (COVID-19 Pandemic),Connecticut,09,35-44,All races/ethnicities,Male,424,193,"219,730"
Chlamydia,2020 (COVID-19 Pandemic),Connecticut,09,25-34,All races/ethnicities,Male,"1,423",624.3,"227,936"
Chlamydia,2020 (COVID-19 Pandemic),Connecticut,09,13-24,All races/ethnicities,Male,"2,188",749.3,"291,988"
Chlamydia,2019,Connecticut,09,55+,All races/ethnicities,Female,61,9.8,"619,822"
Chlamydia,2019,Connecticut,09,45-54,All races/ethnicities,Female,150,61,"246,091"
Chlamydia,2019,Connecticut,09,35-44,All races/ethnicities,Female,570,262.3,"217,286"
Chlamydia,2019,Connecticut,09,25-34,All races/ethnicities,Female,"2,345",1069.9,"219,182"
Chlamydia,2019,Connecticut,09,13-24,All races/ethnicities,Female,"7,013",2527.7,"277,449"
Chlamydia,2019,Connecticut,09,55+,All races/ethnicities,Male,106,20.2,"523,877"
Chlamydia,2019,Connecticut,09,45-54,All races/ethnicities,Male,197,85.4,"230,814"
Chlamydia,2019,Connecticut,09,35-44,All races/ethnicities,Male,447,213,"209,855"
Chlamydia,2019,Connecticut,09,25-34,All races/ethnicities,Male,"1,633",713.6,"228,847"
Chlamydia,2019,Connecticut,09,13-24,All races/ethnicities,Male,"2,657",917.2,"289,679"
Chlamydia,2018,Connecticut,09,55+,All races/ethnicities,Female,38,6.2,"610,958"
Chlamydia,2018,Connecticut,09,45-54,All races/ethnicities,Female,128,50.1,"255,317"
Chlamydia,2018,Connecticut,09,35-44,All races/ethnicities,Female,482,223.3,"215,864"
Chlamydia,2018,Connecticut,09,25-34,All races/ethnicities,Female,"2,410",1104.3,"218,234"
Chlamydia,2018,Connecticut,09,13-24,All races/ethnicities,Female,"7,660",2732.3,"280,348"
Chlamydia,2018,Connecticut,09,55+,All races/ethnicities,Male,92,17.9,"515,288"
Chlamydia,2018,Connecticut,09,45-54,All races/ethnicities,Male,189,78.9,"239,466"
Chlamydia,2018,Connecticut,09,35-44,All races/ethnicities,Male,458,220.9,"207,353"
Chlamydia,2018,Connecticut,09,25-34,All races/ethnicities,Male,"1,796",789.2,"227,561"
Chlamydia,2018,Connecticut,09,13-24,All races/ethnicities,Male,"3,289",1121.4,"293,298"
HIV diagnoses,2021,Connecticut,09,55+,All races/ethnicities,Female,6,1,"627,011"
HIV diagnoses,2021,Connecticut,09,45-54,All races/ethnicities,Female,8,3.4,"234,743"
HIV diagnoses,2021,Connecticut,09,35-44,All races/ethnicities,Female,17,7.5,"227,287"
HIV diagnoses,2021,Connecticut,09,25-34,All races/ethnicities,Female,16,7.2,"222,409"
HIV diagnoses,2021,Connecticut,09,13-24,All races/ethnicities,Female,3,1.1,"280,059"
HIV diagnoses,2021,Connecticut,09,55+,All races/ethnicities,Male,24,4.4,"543,216"
HIV diagnoses,2021,Connecticut,09,45-54,All races/ethnicities,Male,20,8.9,"225,298"
HIV diagnoses,2021,Connecticut,09,35-44,All races/ethnicities,Male,34,15.1,"224,633"
HIV diagnoses,2021,Connecticut,09,25-34,All races/ethnicities,Male,68,29.5,"230,538"
HIV diagnoses,2021,Connecticut,09,13-24,All races/ethnicities,Male,37,12.7,"291,120"
HIV diagnoses,2020 (COVID-19 Pandemic),Connecticut,09,55+,All races/ethnicities,Female,9,1.4,"621,065"
HIV diagnoses,2020 (COVID-19 Pandemic),Connecticut,09,45-54,All races/ethnicities,Female,8,3.3,"240,928"
HIV diagnoses,2020 (COVID-19 Pandemic),Connecticut,09,35-44,All races/ethnicities,Female,15,6.7,"222,893"
HIV diagnoses,2020 (COVID-19 Pandemic),Connecticut,09,25-34,All races/ethnicities,Female,9,4.1,"219,644"
HIV diagnoses,2020 (COVID-19 Pandemic),Connecticut,09,13-24,All races/ethnicities,Female,4,1.4,"280,462"
HIV diagnoses,2020 (COVID-19 Pandemic),Connecticut,09,55+,All races/ethnicities,Male,12,2.2,"537,724"
HIV diagnoses,2020 (COVID-19 Pandemic),Connecticut,09,45-54,All races/ethnicities,Male,16,6.9,"231,342"
HIV diagnoses,2020 (COVID-19 Pandemic),Connecticut,09,35-44,All races/ethnicities,Male,22,10,"219,730"
HIV diagnoses,2020 (COVID-19 Pandemic),Connecticut,09,25-34,All races/ethnicities,Male,50,21.9,"227,936"
HIV diagnoses,2020 (COVID-19 Pandemic),Connecticut,09,13-24,All races/ethnicities,Male,26,8.9,"291,988"
HIV diagnoses,2019,Connecticut,09,55+,All races/ethnicities,Female,9,1.5,"620,610"
HIV diagnoses,2019,Connecticut,09,45-54,All races/ethnicities,Female,11,4.5,"246,118"
HIV diagnoses,2019,Connecticut,09,35-44,All races/ethnicities,Female,9,4.1,"217,259"
HIV diagnoses,2019,Connecticut,09,25-34,All races/ethnicities,Female,14,6.4,"219,415"
HIV diagnoses,2019,Connecticut,09,13-24,All races/ethnicities,Female,5,1.8,"277,197"
HIV diagnoses,2019,Connecticut,09,55+,All races/ethnicities,Male,24,4.6,"523,964"
HIV diagnoses,2019,Connecticut,09,45-54,All races/ethnicities,Male,28,12.2,"230,401"
HIV diagnoses,2019,Connecticut,09,35-44,All races/ethnicities,Male,15,7.1,"210,153"
HIV diagnoses,2019,Connecticut,09,25-34,All races/ethnicities,Male,59,25.8,"228,659"
HIV diagnoses,2019,Connecticut,09,13-24,All races/ethnicities,Male,39,13.5,"289,519"
HIV diagnoses,2018,Connecticut,09,55+,All races/ethnicities,Female,12,2,"611,500"
HIV diagnoses,2018,Connecticut,09,45-54,All races/ethnicities,Female,13,5.1,"255,505"
HIV diagnoses,2018,Connecticut,09,35-44,All races/ethnicities,Female,18,8.3,"216,051"
HIV diagnoses,2018,Connecticut,09,25-34,All races/ethnicities,Female,9,4.1,"218,718"
HIV diagnoses,2018,Connecticut,09,13-24,All races/ethnicities,Female,7,2.5,"280,426"
HIV diagnoses,2018,Connecticut,09,55+,All races/ethnicities,Male,24,4.7,"515,557"
HIV diagnoses,2018,Connecticut,09,45-54,All races/ethnicities,Male,37,15.5,"239,249"
HIV diagnoses,2018,Connecticut,09,35-44,All races/ethnicities,Male,30,14.4,"207,811"
HIV diagnoses,2018,Connecticut,09,25-34,All races/ethnicities,Male,68,29.9,"227,719"
HIV diagnoses,2018,Connecticut,09,13-24,All races/ethnicities,Male,40,13.6,"293,561"
Gonorrhea,2021,Delaware,10,55+,All races/ethnicities,Female,5,2.7,"186,064"
Gonorrhea,2021,Delaware,10,45-54,All races/ethnicities,Female,11,18.2,"60,316"
Gonorrhea,2021,Delaware,10,35-44,All races/ethnicities,Female,51,83.2,"61,280"
Gonorrhea,2021,Delaware,10,25-34,All races/ethnicities,Female,197,305.9,"64,398"
Gonorrhea,2021,Delaware,10,13-24,All races/ethnicities,Female,403,557.8,"72,246"
Gonorrhea,2021,Delaware,10,55+,All races/ethnicities,Male,43,27,"159,100"
Gonorrhea,2021,Delaware,10,45-54,All races/ethnicities,Male,50,88.5,"56,491"
Gonorrhea,2021,Delaware,10,35-44,All races/ethnicities,Male,128,214.7,"59,622"
Gonorrhea,2021,Delaware,10,25-34,All races/ethnicities,Male,319,498.7,"63,960"
Gonorrhea,2021,Delaware,10,13-24,All races/ethnicities,Male,329,448.4,"73,366"
Gonorrhea,2020 (COVID-19 Pandemic),Delaware,10,55+,All races/ethnicities,Female,9,5,"180,692"
Gonorrhea,2020 (COVID-19 Pandemic),Delaware,10,45-54,All races/ethnicities,Female,26,42.5,"61,178"
Gonorrhea,2020 (COVID-19 Pandemic),Delaware,10,35-44,All races/ethnicities,Female,73,122.2,"59,717"
Gonorrhea,2020 (COVID-19 Pandemic),Delaware,10,25-34,All races/ethnicities,Female,213,330.6,"64,420"
Gonorrhea,2020 (COVID-19 Pandemic),Delaware,10,13-24,All races/ethnicities,Female,365,511.4,"71,373"
Gonorrhea,2020 (COVID-19 Pandemic),Delaware,10,55+,All races/ethnicities,Male,40,25.8,"154,826"
Gonorrhea,2020 (COVID-19 Pandemic),Delaware,10,45-54,All races/ethnicities,Male,69,120.2,"57,413"
Gonorrhea,2020 (COVID-19 Pandemic),Delaware,10,35-44,All races/ethnicities,Male,132,226.8,"58,194"
Gonorrhea,2020 (COVID-19 Pandemic),Delaware,10,25-34,All races/ethnicities,Male,319,498.1,"64,044"
Gonorrhea,2020 (COVID-19 Pandemic),Delaware,10,13-24,All races/ethnicities,Male,253,349.3,"72,432"
Gonorrhea,2019,Delaware,10,55+,All races/ethnicities,Female,7,3.9,"177,487"
Gonorrhea,2019,Delaware,10,45-54,All races/ethnicities,Female,20,32.3,"62,010"
Gonorrhea,2019,Delaware,10,35-44,All races/ethnicities,Female,63,109.1,"57,740"
Gonorrhea,2019,Delaware,10,25-34,All races/ethnicities,Female,254,394.8,"64,337"
Gonorrhea,2019,Delaware,10,13-24,All races/ethnicities,Female,399,573.6,"69,563"
Gonorrhea,2019,Delaware,10,55+,All races/ethnicities,Male,53,35.5,"149,149"
Gonorrhea,2019,Delaware,10,45-54,All races/ethnicities,Male,78,137.2,"56,871"
Gonorrhea,2019,Delaware,10,35-44,All races/ethnicities,Male,153,276.4,"55,361"
Gonorrhea,2019,Delaware,10,25-34,All races/ethnicities,Male,308,475.7,"64,743"
Gonorrhea,2019,Delaware,10,13-24,All races/ethnicities,Male,277,390.2,"70,988"
Gonorrhea,2018,Delaware,10,55+,All races/ethnicities,Female,8,4.6,"172,249"
Gonorrhea,2018,Delaware,10,45-54,All races/ethnicities,Female,27,42.4,"63,607"
Gonorrhea,2018,Delaware,10,35-44,All races/ethnicities,Female,66,116.1,"56,850"
Gonorrhea,2018,Delaware,10,25-34,All races/ethnicities,Female,246,383.9,"64,084"
Gonorrhea,2018,Delaware,10,13-24,All races/ethnicities,Female,380,545.5,"69,664"
Gonorrhea,2018,Delaware,10,55+,All races/ethnicities,Male,54,37.4,"144,480"
Gonorrhea,2018,Delaware,10,45-54,All races/ethnicities,Male,90,153.6,"58,587"
Gonorrhea,2018,Delaware,10,35-44,All races/ethnicities,Male,133,245.5,"54,165"
Gonorrhea,2018,Delaware,10,25-34,All races/ethnicities,Male,323,500.7,"64,510"
Gonorrhea,2018,Delaware,10,13-24,All races/ethnicities,Male,357,499.9,"71,415"
Chlamydia,2021,Delaware,10,55+,All races/ethnicities,Female,7,3.8,"186,064"
Chlamydia,2021,Delaware,10,45-54,All races/ethnicities,Female,34,56.4,"60,316"
Chlamydia,2021,Delaware,10,35-44,All races/ethnicities,Female,165,269.3,"61,280"
Chlamydia,2021,Delaware,10,25-34,All races/ethnicities,Female,763,1184.8,"64,398"
Chlamydia,2021,Delaware,10,13-24,All races/ethnicities,Female,"2,219",3071.5,"72,246"
Chlamydia,2021,Delaware,10,55+,All races/ethnicities,Male,32,20.1,"159,100"
Chlamydia,2021,Delaware,10,45-54,All races/ethnicities,Male,40,70.8,"56,491"
Chlamydia,2021,Delaware,10,35-44,All races/ethnicities,Male,127,213,"59,622"
Chlamydia,2021,Delaware,10,25-34,All races/ethnicities,Male,491,767.7,"63,960"
Chlamydia,2021,Delaware,10,13-24,All races/ethnicities,Male,967,1318,"73,366"
Chlamydia,2020 (COVID-19 Pandemic),Delaware,10,55+,All races/ethnicities,Female,11,6.1,"180,692"
Chlamydia,2020 (COVID-19 Pandemic),Delaware,10,45-54,All races/ethnicities,Female,30,49,"61,178"
Chlamydia,2020 (COVID-19 Pandemic),Delaware,10,35-44,All races/ethnicities,Female,156,261.2,"59,717"
Chlamydia,2020 (COVID-19 Pandemic),Delaware,10,25-34,All races/ethnicities,Female,781,1212.4,"64,420"
Chlamydia,2020 (COVID-19 Pandemic),Delaware,10,13-24,All races/ethnicities,Female,"2,307",3232.3,"71,373"
Chlamydia,2020 (COVID-19 Pandemic),Delaware,10,55+,All races/ethnicities,Male,30,19.4,"154,826"
Chlamydia,2020 (COVID-19 Pandemic),Delaware,10,45-54,All races/ethnicities,Male,48,83.6,"57,413"
Chlamydia,2020 (COVID-19 Pandemic),Delaware,10,35-44,All races/ethnicities,Male,139,238.9,"58,194"
Chlamydia,2020 (COVID-19 Pandemic),Delaware,10,25-34,All races/ethnicities,Male,462,721.4,"64,044"
Chlamydia,2020 (COVID-19 Pandemic),Delaware,10,13-24,All races/ethnicities,Male,865,1194.2,"72,432"
Chlamydia,2019,Delaware,10,55+,All races/ethnicities,Female,18,10.1,"177,487"
Chlamydia,2019,Delaware,10,45-54,All races/ethnicities,Female,53,85.5,"62,010"
Chlamydia,2019,Delaware,10,35-44,All races/ethnicities,Female,172,297.9,"57,740"
Chlamydia,2019,Delaware,10,25-34,All races/ethnicities,Female,812,1262.1,"64,337"
Chlamydia,2019,Delaware,10,13-24,All races/ethnicities,Female,"2,780",3996.4,"69,563"
Chlamydia,2019,Delaware,10,55+,All races/ethnicities,Male,29,19.4,"149,149"
Chlamydia,2019,Delaware,10,45-54,All races/ethnicities,Male,62,109,"56,871"
Chlamydia,2019,Delaware,10,35-44,All races/ethnicities,Male,153,276.4,"55,361"
Chlamydia,2019,Delaware,10,25-34,All races/ethnicities,Male,566,874.2,"64,743"
Chlamydia,2019,Delaware,10,13-24,All races/ethnicities,Male,"1,191",1677.7,"70,988"
Chlamydia,2018,Delaware,10,55+,All races/ethnicities,Female,8,4.6,"172,249"
Chlamydia,2018,Delaware,10,45-54,All races/ethnicities,Female,33,51.9,"63,607"
Chlamydia,2018,Delaware,10,35-44,All races/ethnicities,Female,183,321.9,"56,850"
Chlamydia,2018,Delaware,10,25-34,All races/ethnicities,Female,942,1469.9,"64,084"
Chlamydia,2018,Delaware,10,13-24,All races/ethnicities,Female,"2,818",4045.1,"69,664"
Chlamydia,2018,Delaware,10,55+,All races/ethnicities,Male,34,23.5,"144,480"
Chlamydia,2018,Delaware,10,45-54,All races/ethnicities,Male,54,92.2,"58,587"
Chlamydia,2018,Delaware,10,35-44,All races/ethnicities,Male,162,299.1,"54,165"
Chlamydia,2018,Delaware,10,25-34,All races/ethnicities,Male,582,902.2,"64,510"
Chlamydia,2018,Delaware,10,13-24,All races/ethnicities,Male,"1,188",1663.5,"71,415"
HIV diagnoses,2021,Delaware,10,55+,All races/ethnicities,Female,2,1.1,"186,064"
HIV diagnoses,2021,Delaware,10,45-54,All races/ethnicities,Female,5,8.3,"60,316"
HIV diagnoses,2021,Delaware,10,35-44,All races/ethnicities,Female,5,8.2,"61,280"
HIV diagnoses,2021,Delaware,10,25-34,All races/ethnicities,Female,5,7.8,"64,398"
HIV diagnoses,2021,Delaware,10,13-24,All races/ethnicities,Female,1,1.4,"72,246"
HIV diagnoses,2021,Delaware,10,55+,All races/ethnicities,Male,6,3.8,"159,100"
HIV diagnoses,2021,Delaware,10,45-54,All races/ethnicities,Male,7,12.4,"56,491"
HIV diagnoses,2021,Delaware,10,35-44,All races/ethnicities,Male,9,15.1,"59,622"
HIV diagnoses,2021,Delaware,10,25-34,All races/ethnicities,Male,26,40.7,"63,960"
HIV diagnoses,2021,Delaware,10,13-24,All races/ethnicities,Male,15,20.4,"73,366"
HIV diagnoses,2020 (COVID-19 Pandemic),Delaware,10,55+,All races/ethnicities,Female,3,1.7,"180,692"
HIV diagnoses,2020 (COVID-19 Pandemic),Delaware,10,45-54,All races/ethnicities,Female,5,8.2,"61,178"
HIV diagnoses,2020 (COVID-19 Pandemic),Delaware,10,35-44,All races/ethnicities,Female,3,5,"59,717"
HIV diagnoses,2020 (COVID-19 Pandemic),Delaware,10,25-34,All races/ethnicities,Female,5,7.8,"64,420"
HIV diagnoses,2020 (COVID-19 Pandemic),Delaware,10,13-24,All races/ethnicities,Female,0,0,"71,373"
HIV diagnoses,2020 (COVID-19 Pandemic),Delaware,10,55+,All races/ethnicities,Male,12,7.8,"154,826"
HIV diagnoses,2020 (COVID-19 Pandemic),Delaware,10,45-54,All races/ethnicities,Male,3,5.2,"57,413"
HIV diagnoses,2020 (COVID-19 Pandemic),Delaware,10,35-44,All races/ethnicities,Male,13,22.3,"58,194"
HIV diagnoses,2020 (COVID-19 Pandemic),Delaware,10,25-34,All races/ethnicities,Male,33,51.5,"64,044"
HIV diagnoses,2020 (COVID-19 Pandemic),Delaware,10,13-24,All races/ethnicities,Male,15,20.7,"72,432"
HIV diagnoses,2019,Delaware,10,55+,All races/ethnicities,Female,5,2.8,"178,202"
HIV diagnoses,2019,Delaware,10,45-54,All races/ethnicities,Female,3,4.8,"62,097"
HIV diagnoses,2019,Delaware,10,35-44,All races/ethnicities,Female,8,13.8,"57,866"
HIV diagnoses,2019,Delaware,10,25-34,All races/ethnicities,Female,8,12.4,"64,682"
HIV diagnoses,2019,Delaware,10,13-24,All races/ethnicities,Female,0,0,"69,857"
HIV diagnoses,2019,Delaware,10,55+,All races/ethnicities,Male,6,4,"149,221"
HIV diagnoses,2019,Delaware,10,45-54,All races/ethnicities,Male,11,19.3,"56,896"
HIV diagnoses,2019,Delaware,10,35-44,All races/ethnicities,Male,10,18,"55,504"
HIV diagnoses,2019,Delaware,10,25-34,All races/ethnicities,Male,23,35.4,"65,060"
HIV diagnoses,2019,Delaware,10,13-24,All races/ethnicities,Male,19,26.7,"71,204"
HIV diagnoses,2018,Delaware,10,55+,All races/ethnicities,Female,8,4.6,"172,683"
HIV diagnoses,2018,Delaware,10,45-54,All races/ethnicities,Female,6,9.4,"63,650"
HIV diagnoses,2018,Delaware,10,35-44,All races/ethnicities,Female,3,5.3,"56,919"
HIV diagnoses,2018,Delaware,10,25-34,All races/ethnicities,Female,4,6.2,"64,258"
HIV diagnoses,2018,Delaware,10,13-24,All races/ethnicities,Female,1,1.4,"69,767"
HIV diagnoses,2018,Delaware,10,55+,All races/ethnicities,Male,11,7.6,"144,577"
HIV diagnoses,2018,Delaware,10,45-54,All races/ethnicities,Male,9,15.4,"58,567"
HIV diagnoses,2018,Delaware,10,35-44,All races/ethnicities,Male,13,24,"54,235"
HIV diagnoses,2018,Delaware,10,25-34,All races/ethnicities,Male,24,37.2,"64,601"
HIV diagnoses,2018,Delaware,10,13-24,All races/ethnicities,Male,13,18.2,"71,484"
Gonorrhea,2021,District of Columbia,11,55+,All races/ethnicities,Female,5,5.9,"84,129"
Gonorrhea,2021,District of Columbia,11,45-54,All races/ethnicities,Female,13,36.9,"35,223"
Gonorrhea,2021,District of Columbia,11,35-44,All races/ethnicities,Female,86,153.5,"56,011"
Gonorrhea,2021,District of Columbia,11,25-34,All races/ethnicities,Female,435,560.7,"77,578"
Gonorrhea,2021,District of Columbia,11,13-24,All races/ethnicities,Female,626,1248.4,"50,146"
Gonorrhea,2021,District of Columbia,11,55+,All races/ethnicities,Male,122,180.1,"67,725"
Gonorrhea,2021,District of Columbia,11,45-54,All races/ethnicities,Male,178,499.1,"35,666"
Gonorrhea,2021,District of Columbia,11,35-44,All races/ethnicities,Male,697,1285.3,"54,230"
Gonorrhea,2021,District of Columbia,11,25-34,All races/ethnicities,Male,"1,516",2224.6,"68,148"
Gonorrhea,2021,District of Columbia,11,13-24,All races/ethnicities,Male,627,1456.1,"43,061"
Gonorrhea,2020 (COVID-19 Pandemic),District of Columbia,11,55+,All races/ethnicities,Female,7,8.3,"84,567"
Gonorrhea,2020 (COVID-19 Pandemic),District of Columbia,11,45-54,All races/ethnicities,Female,17,47.2,"36,012"
Gonorrhea,2020 (COVID-19 Pandemic),District of Columbia,11,35-44,All races/ethnicities,Female,89,158.3,"56,206"
Gonorrhea,2020 (COVID-19 Pandemic),District of Columbia,11,25-34,All races/ethnicities,Female,371,444.4,"83,475"
Gonorrhea,2020 (COVID-19 Pandemic),District of Columbia,11,13-24,All races/ethnicities,Female,617,1189.1,"51,889"
Gonorrhea,2020 (COVID-19 Pandemic),District of Columbia,11,55+,All races/ethnicities,Male,117,171.3,"68,312"
Gonorrhea,2020 (COVID-19 Pandemic),District of Columbia,11,45-54,All races/ethnicities,Male,190,518,"36,680"
Gonorrhea,2020 (COVID-19 Pandemic),District of Columbia,11,35-44,All races/ethnicities,Male,518,946.6,"54,725"
Gonorrhea,2020 (COVID-19 Pandemic),District of Columbia,11,25-34,All races/ethnicities,Male,"1,272",1725.7,"73,709"
Gonorrhea,2020 (COVID-19 Pandemic),District of Columbia,11,13-24,All races/ethnicities,Male,657,1473.5,"44,589"
Gonorrhea,2019,District of Columbia,11,55+,All races/ethnicities,Female,13,14.8,"87,961"
Gonorrhea,2019,District of Columbia,11,45-54,All races/ethnicities,Female,23,61.9,"37,152"
Gonorrhea,2019,District of Columbia,11,35-44,All races/ethnicities,Female,76,136.8,"55,547"
Gonorrhea,2019,District of Columbia,11,25-34,All races/ethnicities,Female,385,441.4,"87,224"
Gonorrhea,2019,District of Columbia,11,13-24,All races/ethnicities,Female,783,1478.1,"52,973"
Gonorrhea,2019,District of Columbia,11,55+,All races/ethnicities,Male,111,160.3,"69,258"
Gonorrhea,2019,District of Columbia,11,45-54,All races/ethnicities,Male,207,557.4,"37,134"
Gonorrhea,2019,District of Columbia,11,35-44,All races/ethnicities,Male,574,1074.5,"53,422"
Gonorrhea,2019,District of Columbia,11,25-34,All races/ethnicities,Male,"1,432",1852.1,"77,317"
Gonorrhea,2019,District of Columbia,11,13-24,All races/ethnicities,Male,722,1576,"45,812"
Gonorrhea,2018,District of Columbia,11,55+,All races/ethnicities,Female,3,3.4,"87,255"
Gonorrhea,2018,District of Columbia,11,45-54,All races/ethnicities,Female,27,71.6,"37,696"
Gonorrhea,2018,District of Columbia,11,35-44,All races/ethnicities,Female,71,132.9,"53,429"
Gonorrhea,2018,District of Columbia,11,25-34,All races/ethnicities,Female,350,402.3,"86,995"
Gonorrhea,2018,District of Columbia,11,13-24,All races/ethnicities,Female,752,1402.8,"53,607"
Gonorrhea,2018,District of Columbia,11,55+,All races/ethnicities,Male,121,176.4,"68,590"
Gonorrhea,2018,District of Columbia,11,45-54,All races/ethnicities,Male,222,585.5,"37,919"
Gonorrhea,2018,District of Columbia,11,35-44,All races/ethnicities,Male,534,1027.7,"51,960"
Gonorrhea,2018,District of Columbia,11,25-34,All races/ethnicities,Male,"1,399",1815.4,"77,063"
Gonorrhea,2018,District of Columbia,11,13-24,All races/ethnicities,Male,710,1526.3,"46,519"
Chlamydia,2021,District of Columbia,11,55+,All races/ethnicities,Female,17,20.2,"84,129"
Chlamydia,2021,District of Columbia,11,45-54,All races/ethnicities,Female,46,130.6,"35,223"
Chlamydia,2021,District of Columbia,11,35-44,All races/ethnicities,Female,152,271.4,"56,011"
Chlamydia,2021,District of Columbia,11,25-34,All races/ethnicities,Female,"1,018",1312.2,"77,578"
Chlamydia,2021,District of Columbia,11,13-24,All races/ethnicities,Female,"2,020",4028.2,"50,146"
Chlamydia,2021,District of Columbia,11,55+,All races/ethnicities,Male,133,196.4,"67,725"
Chlamydia,2021,District of Columbia,11,45-54,All races/ethnicities,Male,208,583.2,"35,666"
Chlamydia,2021,District of Columbia,11,35-44,All races/ethnicities,Male,673,1241,"54,230"
Chlamydia,2021,District of Columbia,11,25-34,All races/ethnicities,Male,"1,615",2369.8,"68,148"
Chlamydia,2021,District of Columbia,11,13-24,All races/ethnicities,Male,"1,049",2436.1,"43,061"
Chlamydia,2020 (COVID-19 Pandemic),District of Columbia,11,55+,All races/ethnicities,Female,20,23.6,"84,567"
Chlamydia,2020 (COVID-19 Pandemic),District of Columbia,11,45-54,All races/ethnicities,Female,28,77.8,"36,012"
Chlamydia,2020 (COVID-19 Pandemic),District of Columbia,11,35-44,All races/ethnicities,Female,142,252.6,"56,206"
Chlamydia,2020 (COVID-19 Pandemic),District of Columbia,11,25-34,All races/ethnicities,Female,965,1156,"83,475"
Chlamydia,2020 (COVID-19 Pandemic),District of Columbia,11,13-24,All races/ethnicities,Female,"2,069",3987.4,"51,889"
Chlamydia,2020 (COVID-19 Pandemic),District of Columbia,11,55+,All races/ethnicities,Male,107,156.6,"68,312"
Chlamydia,2020 (COVID-19 Pandemic),District of Columbia,11,45-54,All races/ethnicities,Male,131,357.1,"36,680"
Chlamydia,2020 (COVID-19 Pandemic),District of Columbia,11,35-44,All races/ethnicities,Male,519,948.4,"54,725"
Chlamydia,2020 (COVID-19 Pandemic),District of Columbia,11,25-34,All races/ethnicities,Male,"1,358",1842.4,"73,709"
Chlamydia,2020 (COVID-19 Pandemic),District of Columbia,11,13-24,All races/ethnicities,Male,"1,039",2330.2,"44,589"
Chlamydia,2019,District of Columbia,11,55+,All races/ethnicities,Female,29,33,"87,961"
Chlamydia,2019,District of Columbia,11,45-54,All races/ethnicities,Female,55,148,"37,152"
Chlamydia,2019,District of Columbia,11,35-44,All races/ethnicities,Female,248,446.5,"55,547"
Chlamydia,2019,District of Columbia,11,25-34,All races/ethnicities,Female,"1,387",1590.2,"87,224"
Chlamydia,2019,District of Columbia,11,13-24,All races/ethnicities,Female,"3,275",6182.4,"52,973"
Chlamydia,2019,District of Columbia,11,55+,All races/ethnicities,Male,107,154.5,"69,258"
Chlamydia,2019,District of Columbia,11,45-54,All races/ethnicities,Male,198,533.2,"37,134"
Chlamydia,2019,District of Columbia,11,35-44,All races/ethnicities,Male,567,1061.4,"53,422"
Chlamydia,2019,District of Columbia,11,25-34,All races/ethnicities,Male,"1,742",2253.1,"77,317"
Chlamydia,2019,District of Columbia,11,13-24,All races/ethnicities,Male,"1,563",3411.8,"45,812"
Chlamydia,2018,District of Columbia,11,55+,All races/ethnicities,Female,22,25.2,"87,255"
Chlamydia,2018,District of Columbia,11,45-54,All races/ethnicities,Female,52,137.9,"37,696"
Chlamydia,2018,District of Columbia,11,35-44,All races/ethnicities,Female,210,393,"53,429"
Chlamydia,2018,District of Columbia,11,25-34,All races/ethnicities,Female,"1,307",1502.4,"86,995"
Chlamydia,2018,District of Columbia,11,13-24,All races/ethnicities,Female,"3,172",5917.1,"53,607"
Chlamydia,2018,District of Columbia,11,55+,All races/ethnicities,Male,132,192.4,"68,590"
Chlamydia,2018,District of Columbia,11,45-54,All races/ethnicities,Male,229,603.9,"37,919"
Chlamydia,2018,District of Columbia,11,35-44,All races/ethnicities,Male,564,1085.5,"51,960"
Chlamydia,2018,District of Columbia,11,25-34,All races/ethnicities,Male,"1,663",2158,"77,063"
Chlamydia,2018,District of Columbia,11,13-24,All races/ethnicities,Male,"1,526",3280.4,"46,519"
HIV diagnoses,2021,District of Columbia,11,55+,All races/ethnicities,Female,10,11.9,"84,129"
HIV diagnoses,2021,District of Columbia,11,45-54,All races/ethnicities,Female,13,36.9,"35,223"
HIV diagnoses,2021,District of Columbia,11,35-44,All races/ethnicities,Female,12,21.4,"56,011"
HIV diagnoses,2021,District of Columbia,11,25-34,All races/ethnicities,Female,11,14.2,"77,578"
HIV diagnoses,2021,District of Columbia,11,13-24,All races/ethnicities,Female,0,0,"50,146"
HIV diagnoses,2021,District of Columbia,11,55+,All races/ethnicities,Male,15,22.1,"67,725"
HIV diagnoses,2021,District of Columbia,11,45-54,All races/ethnicities,Male,14,39.3,"35,666"
HIV diagnoses,2021,District of Columbia,11,35-44,All races/ethnicities,Male,28,51.6,"54,230"
HIV diagnoses,2021,District of Columbia,11,25-34,All races/ethnicities,Male,65,95.4,"68,148"
HIV diagnoses,2021,District of Columbia,11,13-24,All races/ethnicities,Male,27,62.7,"43,061"
HIV diagnoses,2020 (COVID-19 Pandemic),District of Columbia,11,55+,All races/ethnicities,Female,9,10.6,"84,567"
HIV diagnoses,2020 (COVID-19 Pandemic),District of Columbia,11,45-54,All races/ethnicities,Female,8,22.2,"36,012"
HIV diagnoses,2020 (COVID-19 Pandemic),District of Columbia,11,35-44,All races/ethnicities,Female,6,10.7,"56,206"
HIV diagnoses,2020 (COVID-19 Pandemic),District of Columbia,11,25-34,All races/ethnicities,Female,9,10.8,"83,475"
HIV diagnoses,2020 (COVID-19 Pandemic),District of Columbia,11,13-24,All races/ethnicities,Female,5,9.6,"51,889"
HIV diagnoses,2020 (COVID-19 Pandemic),District of Columbia,11,55+,All races/ethnicities,Male,16,23.4,"68,312"
HIV diagnoses,2020 (COVID-19 Pandemic),District of Columbia,11,45-54,All races/ethnicities,Male,20,54.5,"36,680"
HIV diagnoses,2020 (COVID-19 Pandemic),District of Columbia,11,35-44,All races/ethnicities,Male,24,43.9,"54,725"
HIV diagnoses,2020 (COVID-19 Pandemic),District of Columbia,11,25-34,All races/ethnicities,Male,64,86.8,"73,709"
HIV diagnoses,2020 (COVID-19 Pandemic),District of Columbia,11,13-24,All races/ethnicities,Male,33,74,"44,589"
HIV diagnoses,2019,District of Columbia,11,55+,All races/ethnicities,Female,15,16.9,"88,606"
HIV diagnoses,2019,District of Columbia,11,45-54,All races/ethnicities,Female,13,34.8,"37,356"
HIV diagnoses,2019,District of Columbia,11,35-44,All races/ethnicities,Female,12,21.6,"55,678"
HIV diagnoses,2019,District of Columbia,11,25-34,All races/ethnicities,Female,10,11.4,"87,505"
HIV diagnoses,2019,District of Columbia,11,13-24,All races/ethnicities,Female,6,11.3,"53,190"
HIV diagnoses,2019,District of Columbia,11,55+,All races/ethnicities,Male,21,30.1,"69,770"
HIV diagnoses,2019,District of Columbia,11,45-54,All races/ethnicities,Male,19,50.8,"37,396"
HIV diagnoses,2019,District of Columbia,11,35-44,All races/ethnicities,Male,35,65.3,"53,593"
HIV diagnoses,2019,District of Columbia,11,25-34,All races/ethnicities,Male,78,100.3,"77,770"
HIV diagnoses,2019,District of Columbia,11,13-24,All races/ethnicities,Male,39,85.5,"45,620"
HIV diagnoses,2018,District of Columbia,11,55+,All races/ethnicities,Female,10,11.4,"87,613"
HIV diagnoses,2018,District of Columbia,11,45-54,All races/ethnicities,Female,20,52.8,"37,851"
HIV diagnoses,2018,District of Columbia,11,35-44,All races/ethnicities,Female,11,20.5,"53,554"
HIV diagnoses,2018,District of Columbia,11,25-34,All races/ethnicities,Female,14,16,"87,324"
HIV diagnoses,2018,District of Columbia,11,13-24,All races/ethnicities,Female,9,16.7,"53,835"
HIV diagnoses,2018,District of Columbia,11,55+,All races/ethnicities,Male,20,29,"69,001"
HIV diagnoses,2018,District of Columbia,11,45-54,All races/ethnicities,Male,24,62.9,"38,147"
HIV diagnoses,2018,District of Columbia,11,35-44,All races/ethnicities,Male,40,76.8,"52,114"
HIV diagnoses,2018,District of Columbia,11,25-34,All races/ethnicities,Male,80,103.2,"77,537"
HIV diagnoses,2018,District of Columbia,11,13-24,All races/ethnicities,Male,50,107.3,"46,581"
Gonorrhea,2021,Florida,12,55+,All races/ethnicities,Female,197,4.9,"4,045,742"
Gonorrhea,2021,Florida,12,45-54,All races/ethnicities,Female,457,33.5,"1,362,915"
Gonorrhea,2021,Florida,12,35-44,All races/ethnicities,Female,"1,586",117.2,"1,352,712"
Gonorrhea,2021,Florida,12,25-34,All races/ethnicities,Female,"5,279",386.9,"1,364,290"
Gonorrhea,2021,Florida,12,13-24,All races/ethnicities,Female,"9,613",653.1,"1,471,830"
Gonorrhea,2021,Florida,12,55+,All races/ethnicities,Male,"1,326",37.5,"3,532,214"
Gonorrhea,2021,Florida,12,45-54,All races/ethnicities,Male,"1,981",147.9,"1,339,796"
Gonorrhea,2021,Florida,12,35-44,All races/ethnicities,Male,"4,558",334,"1,364,641"
Gonorrhea,2021,Florida,12,25-34,All races/ethnicities,Male,"10,472",747.1,"1,401,731"
Gonorrhea,2021,Florida,12,13-24,All races/ethnicities,Male,"9,230",602.7,"1,531,499"
Gonorrhea,2020 (COVID-19 Pandemic),Florida,12,55+,All races/ethnicities,Female,156,3.9,"3,967,482"
Gonorrhea,2020 (COVID-19 Pandemic),Florida,12,45-54,All races/ethnicities,Female,396,29,"1,366,099"
Gonorrhea,2020 (COVID-19 Pandemic),Florida,12,35-44,All races/ethnicities,Female,"1,397",105.1,"1,329,509"
Gonorrhea,2020 (COVID-19 Pandemic),Florida,12,25-34,All races/ethnicities,Female,"4,853",356.3,"1,361,953"
Gonorrhea,2020 (COVID-19 Pandemic),Florida,12,13-24,All races/ethnicities,Female,"9,264",635.9,"1,456,864"
Gonorrhea,2020 (COVID-19 Pandemic),Florida,12,55+,All races/ethnicities,Male,"1,145",33.1,"3,457,988"
Gonorrhea,2020 (COVID-19 Pandemic),Florida,12,45-54,All races/ethnicities,Male,"1,690",125.7,"1,344,694"
Gonorrhea,2020 (COVID-19 Pandemic),Florida,12,35-44,All races/ethnicities,Male,"3,829",286.6,"1,336,201"
Gonorrhea,2020 (COVID-19 Pandemic),Florida,12,25-34,All races/ethnicities,Male,"9,447",674.5,"1,400,515"
Gonorrhea,2020 (COVID-19 Pandemic),Florida,12,13-24,All races/ethnicities,Male,"8,579",565.7,"1,516,653"
Gonorrhea,2019,Florida,12,55+,All races/ethnicities,Female,171,4.3,"3,991,628"
Gonorrhea,2019,Florida,12,45-54,All races/ethnicities,Female,366,26.5,"1,381,417"
Gonorrhea,2019,Florida,12,35-44,All races/ethnicities,Female,"1,215",92.8,"1,309,915"
Gonorrhea,2019,Florida,12,25-34,All races/ethnicities,Female,"4,071",295.9,"1,375,599"
Gonorrhea,2019,Florida,12,13-24,All races/ethnicities,Female,"7,691",533.4,"1,441,960"
Gonorrhea,2019,Florida,12,55+,All races/ethnicities,Male,"1,233",36.2,"3,404,064"
Gonorrhea,2019,Florida,12,45-54,All races/ethnicities,Male,"1,928",145.2,"1,327,978"
Gonorrhea,2019,Florida,12,35-44,All races/ethnicities,Male,"3,594",278.5,"1,290,616"
Gonorrhea,2019,Florida,12,25-34,All races/ethnicities,Male,"8,776",616.4,"1,423,823"
Gonorrhea,2019,Florida,12,13-24,All races/ethnicities,Male,"7,732",514,"1,504,414"
Gonorrhea,2018,Florida,12,55+,All races/ethnicities,Female,130,3.3,"3,885,344"
Gonorrhea,2018,Florida,12,45-54,All races/ethnicities,Female,298,21.3,"1,396,905"
Gonorrhea,2018,Florida,12,35-44,All races/ethnicities,Female,"1,082",83.8,"1,290,752"
Gonorrhea,2018,Florida,12,25-34,All races/ethnicities,Female,"3,945",288.6,"1,366,851"
Gonorrhea,2018,Florida,12,13-24,All races/ethnicities,Female,"7,463",518.3,"1,439,791"
Gonorrhea,2018,Florida,12,55+,All races/ethnicities,Male,844,25.5,"3,310,036"
Gonorrhea,2018,Florida,12,45-54,All races/ethnicities,Male,"1,517",112.9,"1,344,168"
Gonorrhea,2018,Florida,12,35-44,All races/ethnicities,Male,"2,903",228.6,"1,269,839"
Gonorrhea,2018,Florida,12,25-34,All races/ethnicities,Male,"7,467",529.4,"1,410,548"
Gonorrhea,2018,Florida,12,13-24,All races/ethnicities,Male,"6,972",462.9,"1,506,157"
Chlamydia,2021,Florida,12,55+,All races/ethnicities,Female,396,9.8,"4,045,742"
Chlamydia,2021,Florida,12,45-54,All races/ethnicities,Female,901,66.1,"1,362,915"
Chlamydia,2021,Florida,12,35-44,All races/ethnicities,Female,"3,647",269.6,"1,352,712"
Chlamydia,2021,Florida,12,25-34,All races/ethnicities,Female,"16,969",1243.8,"1,364,290"
Chlamydia,2021,Florida,12,13-24,All races/ethnicities,Female,"43,489",2954.8,"1,471,830"
Chlamydia,2021,Florida,12,55+,All races/ethnicities,Male,"1,096",31,"3,532,214"
Chlamydia,2021,Florida,12,45-54,All races/ethnicities,Male,"1,832",136.7,"1,339,796"
Chlamydia,2021,Florida,12,35-44,All races/ethnicities,Male,"4,489",329,"1,364,641"
Chlamydia,2021,Florida,12,25-34,All races/ethnicities,Male,"13,396",955.7,"1,401,731"
Chlamydia,2021,Florida,12,13-24,All races/ethnicities,Male,"18,082",1180.7,"1,531,499"
Chlamydia,2020 (COVID-19 Pandemic),Florida,12,55+,All races/ethnicities,Female,349,8.8,"3,967,482"
Chlamydia,2020 (COVID-19 Pandemic),Florida,12,45-54,All races/ethnicities,Female,838,61.3,"1,366,099"
Chlamydia,2020 (COVID-19 Pandemic),Florida,12,35-44,All races/ethnicities,Female,"3,165",238.1,"1,329,509"
Chlamydia,2020 (COVID-19 Pandemic),Florida,12,25-34,All races/ethnicities,Female,"16,102",1182.3,"1,361,953"
Chlamydia,2020 (COVID-19 Pandemic),Florida,12,13-24,All races/ethnicities,Female,"43,948",3016.6,"1,456,864"
Chlamydia,2020 (COVID-19 Pandemic),Florida,12,55+,All races/ethnicities,Male,845,24.4,"3,457,988"
Chlamydia,2020 (COVID-19 Pandemic),Florida,12,45-54,All races/ethnicities,Male,"1,385",103,"1,344,694"
Chlamydia,2020 (COVID-19 Pandemic),Florida,12,35-44,All races/ethnicities,Male,"3,710",277.7,"1,336,201"
Chlamydia,2020 (COVID-19 Pandemic),Florida,12,25-34,All races/ethnicities,Male,"11,986",855.8,"1,400,515"
Chlamydia,2020 (COVID-19 Pandemic),Florida,12,13-24,All races/ethnicities,Male,"17,623",1162,"1,516,653"
Chlamydia,2019,Florida,12,55+,All races/ethnicities,Female,422,10.6,"3,991,628"
Chlamydia,2019,Florida,12,45-54,All races/ethnicities,Female,878,63.6,"1,381,417"
Chlamydia,2019,Florida,12,35-44,All races/ethnicities,Female,"3,558",271.6,"1,309,915"
Chlamydia,2019,Florida,12,25-34,All races/ethnicities,Female,"17,232",1252.7,"1,375,599"
Chlamydia,2019,Florida,12,13-24,All races/ethnicities,Female,"48,763",3381.7,"1,441,960"
Chlamydia,2019,Florida,12,55+,All races/ethnicities,Male,905,26.6,"3,404,064"
Chlamydia,2019,Florida,12,45-54,All races/ethnicities,Male,"1,601",120.6,"1,327,978"
Chlamydia,2019,Florida,12,35-44,All races/ethnicities,Male,"3,964",307.1,"1,290,616"
Chlamydia,2019,Florida,12,25-34,All races/ethnicities,Male,"13,361",938.4,"1,423,823"
Chlamydia,2019,Florida,12,13-24,All races/ethnicities,Male,"20,001",1329.5,"1,504,414"
Chlamydia,2018,Florida,12,55+,All races/ethnicities,Female,340,8.8,"3,885,344"
Chlamydia,2018,Florida,12,45-54,All races/ethnicities,Female,889,63.6,"1,396,905"
Chlamydia,2018,Florida,12,35-44,All races/ethnicities,Female,"3,255",252.2,"1,290,752"
Chlamydia,2018,Florida,12,25-34,All races/ethnicities,Female,"16,755",1225.8,"1,366,851"
Chlamydia,2018,Florida,12,13-24,All races/ethnicities,Female,"47,225",3280,"1,439,791"
Chlamydia,2018,Florida,12,55+,All races/ethnicities,Male,740,22.4,"3,310,036"
Chlamydia,2018,Florida,12,45-54,All races/ethnicities,Male,"1,480",110.1,"1,344,168"
Chlamydia,2018,Florida,12,35-44,All races/ethnicities,Male,"3,358",264.4,"1,269,839"
Chlamydia,2018,Florida,12,25-34,All races/ethnicities,Male,"12,131",860,"1,410,548"
Chlamydia,2018,Florida,12,13-24,All races/ethnicities,Male,"18,506",1228.7,"1,506,157"
HIV diagnoses,2021,Florida,12,55+,All races/ethnicities,Female,155,3.8,"4,045,742"
HIV diagnoses,2021,Florida,12,45-54,All races/ethnicities,Female,150,11,"1,362,915"
HIV diagnoses,2021,Florida,12,35-44,All races/ethnicities,Female,218,16.1,"1,352,712"
HIV diagnoses,2021,Florida,12,25-34,All races/ethnicities,Female,211,15.5,"1,364,290"
HIV diagnoses,2021,Florida,12,13-24,All races/ethnicities,Female,93,6.3,"1,471,830"
HIV diagnoses,2021,Florida,12,55+,All races/ethnicities,Male,430,12.2,"3,532,214"
HIV diagnoses,2021,Florida,12,45-54,All races/ethnicities,Male,401,29.9,"1,339,796"
HIV diagnoses,2021,Florida,12,35-44,All races/ethnicities,Male,682,50,"1,364,641"
HIV diagnoses,2021,Florida,12,25-34,All races/ethnicities,Male,"1,222",87.2,"1,401,731"
HIV diagnoses,2021,Florida,12,13-24,All races/ethnicities,Male,510,33.3,"1,531,499"
HIV diagnoses,2020 (COVID-19 Pandemic),Florida,12,55+,All races/ethnicities,Female,120,3,"3,967,482"
HIV diagnoses,2020 (COVID-19 Pandemic),Florida,12,45-54,All races/ethnicities,Female,127,9.3,"1,366,099"
HIV diagnoses,2020 (COVID-19 Pandemic),Florida,12,35-44,All races/ethnicities,Female,169,12.7,"1,329,509"
HIV diagnoses,2020 (COVID-19 Pandemic),Florida,12,25-34,All races/ethnicities,Female,177,13,"1,361,953"
HIV diagnoses,2020 (COVID-19 Pandemic),Florida,12,13-24,All races/ethnicities,Female,64,4.4,"1,456,864"
HIV diagnoses,2020 (COVID-19 Pandemic),Florida,12,55+,All races/ethnicities,Male,345,10,"3,457,988"
HIV diagnoses,2020 (COVID-19 Pandemic),Florida,12,45-54,All races/ethnicities,Male,355,26.4,"1,344,694"
HIV diagnoses,2020 (COVID-19 Pandemic),Florida,12,35-44,All races/ethnicities,Male,508,38,"1,336,201"
HIV diagnoses,2020 (COVID-19 Pandemic),Florida,12,25-34,All races/ethnicities,Male,897,64,"1,400,515"
HIV diagnoses,2020 (COVID-19 Pandemic),Florida,12,13-24,All races/ethnicities,Male,468,30.9,"1,516,653"
HIV diagnoses,2019,Florida,12,55+,All races/ethnicities,Female,179,4.5,"3,988,718"
HIV diagnoses,2019,Florida,12,45-54,All races/ethnicities,Female,202,14.6,"1,381,750"
HIV diagnoses,2019,Florida,12,35-44,All races/ethnicities,Female,173,13.2,"1,310,105"
HIV diagnoses,2019,Florida,12,25-34,All races/ethnicities,Female,222,16.1,"1,379,685"
HIV diagnoses,2019,Florida,12,13-24,All races/ethnicities,Female,112,7.8,"1,444,405"
HIV diagnoses,2019,Florida,12,55+,All races/ethnicities,Male,413,12.1,"3,402,897"
HIV diagnoses,2019,Florida,12,45-54,All races/ethnicities,Male,503,37.8,"1,329,069"
HIV diagnoses,2019,Florida,12,35-44,All races/ethnicities,Male,623,48.2,"1,291,896"
HIV diagnoses,2019,Florida,12,25-34,All races/ethnicities,Male,"1,102",77.1,"1,429,451"
HIV diagnoses,2019,Florida,12,13-24,All races/ethnicities,Male,621,41.3,"1,505,056"
HIV diagnoses,2018,Florida,12,55+,All races/ethnicities,Female,155,4,"3,881,713"
HIV diagnoses,2018,Florida,12,45-54,All races/ethnicities,Female,191,13.7,"1,397,311"
HIV diagnoses,2018,Florida,12,35-44,All races/ethnicities,Female,198,15.3,"1,291,193"
HIV diagnoses,2018,Florida,12,25-34,All races/ethnicities,Female,225,16.4,"1,369,997"
HIV diagnoses,2018,Florida,12,13-24,All races/ethnicities,Female,123,8.5,"1,441,763"
HIV diagnoses,2018,Florida,12,55+,All races/ethnicities,Male,387,11.7,"3,308,240"
HIV diagnoses,2018,Florida,12,45-54,All races/ethnicities,Male,503,37.4,"1,345,159"
HIV diagnoses,2018,Florida,12,35-44,All races/ethnicities,Male,636,50.1,"1,270,711"
HIV diagnoses,2018,Florida,12,25-34,All races/ethnicities,Male,"1,271",89.8,"1,414,896"
HIV diagnoses,2018,Florida,12,13-24,All races/ethnicities,Male,663,44,"1,507,115"
Gonorrhea,2021,Georgia,13,55+,All races/ethnicities,Female,87,5.5,"1,579,428"
Gonorrhea,2021,Georgia,13,45-54,All races/ethnicities,Female,281,39.3,"715,441"
Gonorrhea,2021,Georgia,13,35-44,All races/ethnicities,Female,"1,104",150.3,"734,382"
Gonorrhea,2021,Georgia,13,25-34,All races/ethnicities,Female,"4,026",532.6,"755,954"
Gonorrhea,2021,Georgia,13,13-24,All races/ethnicities,Female,"7,848",888.2,"883,564"
Gonorrhea,2021,Georgia,13,55+,All races/ethnicities,Male,551,40.9,"1,347,780"
Gonorrhea,2021,Georgia,13,45-54,All races/ethnicities,Male,993,145.4,"683,068"
Gonorrhea,2021,Georgia,13,35-44,All races/ethnicities,Male,"2,700",388.9,"694,298"
Gonorrhea,2021,Georgia,13,25-34,All races/ethnicities,Male,"7,468",1011.7,"738,199"
Gonorrhea,2021,Georgia,13,13-24,All races/ethnicities,Male,"6,892",756.1,"911,481"
Gonorrhea,2020 (COVID-19 Pandemic),Georgia,13,55+,All races/ethnicities,Female,67,4.3,"1,548,814"
Gonorrhea,2020 (COVID-19 Pandemic),Georgia,13,45-54,All races/ethnicities,Female,224,31.2,"718,087"
Gonorrhea,2020 (COVID-19 Pandemic),Georgia,13,35-44,All races/ethnicities,Female,913,125.9,"725,372"
Gonorrhea,2020 (COVID-19 Pandemic),Georgia,13,25-34,All races/ethnicities,Female,"3,179",423.6,"750,397"
Gonorrhea,2020 (COVID-19 Pandemic),Georgia,13,13-24,All races/ethnicities,Female,"5,238",600.3,"872,584"
Gonorrhea,2020 (COVID-19 Pandemic),Georgia,13,55+,All races/ethnicities,Male,400,30.3,"1,321,839"
Gonorrhea,2020 (COVID-19 Pandemic),Georgia,13,45-54,All races/ethnicities,Male,762,110.6,"688,849"
Gonorrhea,2020 (COVID-19 Pandemic),Georgia,13,35-44,All races/ethnicities,Male,"2,000",291.3,"686,517"
Gonorrhea,2020 (COVID-19 Pandemic),Georgia,13,25-34,All races/ethnicities,Male,"5,589",760.1,"735,280"
Gonorrhea,2020 (COVID-19 Pandemic),Georgia,13,13-24,All races/ethnicities,Male,"4,921",546.2,"900,965"
Gonorrhea,2019,Georgia,13,55+,All races/ethnicities,Female,70,4.5,"1,540,508"
Gonorrhea,2019,Georgia,13,45-54,All races/ethnicities,Female,199,27.6,"721,061"
Gonorrhea,2019,Georgia,13,35-44,All races/ethnicities,Female,668,93.4,"715,145"
Gonorrhea,2019,Georgia,13,25-34,All races/ethnicities,Female,"2,596",345.4,"751,630"
Gonorrhea,2019,Georgia,13,13-24,All races/ethnicities,Female,"4,829",563.4,"857,162"
Gonorrhea,2019,Georgia,13,55+,All races/ethnicities,Male,384,29.9,"1,283,979"
Gonorrhea,2019,Georgia,13,45-54,All races/ethnicities,Male,774,114.1,"678,591"
Gonorrhea,2019,Georgia,13,35-44,All races/ethnicities,Male,"1,782",267.6,"665,809"
Gonorrhea,2019,Georgia,13,25-34,All races/ethnicities,Male,"5,054",681.5,"741,631"
Gonorrhea,2019,Georgia,13,13-24,All races/ethnicities,Male,"4,578",517.3,"884,973"
Gonorrhea,2018,Georgia,13,55+,All races/ethnicities,Female,48,3.2,"1,497,526"
Gonorrhea,2018,Georgia,13,45-54,All races/ethnicities,Female,148,20.4,"725,599"
Gonorrhea,2018,Georgia,13,35-44,All races/ethnicities,Female,695,97.9,"709,827"
Gonorrhea,2018,Georgia,13,25-34,All races/ethnicities,Female,"2,822",380.9,"740,917"
Gonorrhea,2018,Georgia,13,13-24,All races/ethnicities,Female,"4,990",586.6,"850,734"
Gonorrhea,2018,Georgia,13,55+,All races/ethnicities,Male,331,26.5,"1,247,266"
Gonorrhea,2018,Georgia,13,45-54,All races/ethnicities,Male,712,103.9,"685,571"
Gonorrhea,2018,Georgia,13,35-44,All races/ethnicities,Male,"1,695",256.4,"661,175"
Gonorrhea,2018,Georgia,13,25-34,All races/ethnicities,Male,"4,863",666.4,"729,735"
Gonorrhea,2018,Georgia,13,13-24,All races/ethnicities,Male,"4,460",506.9,"879,794"
Chlamydia,2021,Georgia,13,55+,All races/ethnicities,Female,153,9.7,"1,579,428"
Chlamydia,2021,Georgia,13,45-54,All races/ethnicities,Female,446,62.3,"715,441"
Chlamydia,2021,Georgia,13,35-44,All races/ethnicities,Female,"1,941",264.3,"734,382"
Chlamydia,2021,Georgia,13,25-34,All races/ethnicities,Female,"10,794",1427.9,"755,954"
Chlamydia,2021,Georgia,13,13-24,All races/ethnicities,Female,"30,600",3463.2,"883,564"
Chlamydia,2021,Georgia,13,55+,All races/ethnicities,Male,331,24.6,"1,347,780"
Chlamydia,2021,Georgia,13,45-54,All races/ethnicities,Male,787,115.2,"683,068"
Chlamydia,2021,Georgia,13,35-44,All races/ethnicities,Male,"2,429",349.8,"694,298"
Chlamydia,2021,Georgia,13,25-34,All races/ethnicities,Male,"7,928",1074,"738,199"
Chlamydia,2021,Georgia,13,13-24,All races/ethnicities,Male,"12,416",1362.2,"911,481"
Chlamydia,2020 (COVID-19 Pandemic),Georgia,13,55+,All races/ethnicities,Female,124,8,"1,548,814"
Chlamydia,2020 (COVID-19 Pandemic),Georgia,13,45-54,All races/ethnicities,Female,383,53.3,"718,087"
Chlamydia,2020 (COVID-19 Pandemic),Georgia,13,35-44,All races/ethnicities,Female,"1,770",244,"725,372"
Chlamydia,2020 (COVID-19 Pandemic),Georgia,13,25-34,All races/ethnicities,Female,"10,057",1340.2,"750,397"
Chlamydia,2020 (COVID-19 Pandemic),Georgia,13,13-24,All races/ethnicities,Female,"28,841",3305.2,"872,584"
Chlamydia,2020 (COVID-19 Pandemic),Georgia,13,55+,All races/ethnicities,Male,238,18,"1,321,839"
Chlamydia,2020 (COVID-19 Pandemic),Georgia,13,45-54,All races/ethnicities,Male,616,89.4,"688,849"
Chlamydia,2020 (COVID-19 Pandemic),Georgia,13,35-44,All races/ethnicities,Male,"1,775",258.6,"686,517"
Chlamydia,2020 (COVID-19 Pandemic),Georgia,13,25-34,All races/ethnicities,Male,"6,815",926.9,"735,280"
Chlamydia,2020 (COVID-19 Pandemic),Georgia,13,13-24,All races/ethnicities,Male,"11,463",1272.3,"900,965"
Chlamydia,2019,Georgia,13,55+,All races/ethnicities,Female,164,10.6,"1,540,508"
Chlamydia,2019,Georgia,13,45-54,All races/ethnicities,Female,435,60.3,"721,061"
Chlamydia,2019,Georgia,13,35-44,All races/ethnicities,Female,"1,842",257.6,"715,145"
Chlamydia,2019,Georgia,13,25-34,All races/ethnicities,Female,"10,362",1378.6,"751,630"
Chlamydia,2019,Georgia,13,13-24,All races/ethnicities,Female,"31,043",3621.6,"857,162"
Chlamydia,2019,Georgia,13,55+,All races/ethnicities,Male,273,21.3,"1,283,979"
Chlamydia,2019,Georgia,13,45-54,All races/ethnicities,Male,681,100.4,"678,591"
Chlamydia,2019,Georgia,13,35-44,All races/ethnicities,Male,"1,930",289.9,"665,809"
Chlamydia,2019,Georgia,13,25-34,All races/ethnicities,Male,"7,302",984.6,"741,631"
Chlamydia,2019,Georgia,13,13-24,All races/ethnicities,Male,"12,452",1407,"884,973"
Chlamydia,2018,Georgia,13,55+,All races/ethnicities,Female,147,9.8,"1,497,526"
Chlamydia,2018,Georgia,13,45-54,All races/ethnicities,Female,415,57.2,"725,599"
Chlamydia,2018,Georgia,13,35-44,All races/ethnicities,Female,"1,799",253.4,"709,827"
Chlamydia,2018,Georgia,13,25-34,All races/ethnicities,Female,"10,526",1420.7,"740,917"
Chlamydia,2018,Georgia,13,13-24,All races/ethnicities,Female,"30,941",3637,"850,734"
Chlamydia,2018,Georgia,13,55+,All races/ethnicities,Male,222,17.8,"1,247,266"
Chlamydia,2018,Georgia,13,45-54,All races/ethnicities,Male,671,97.9,"685,571"
Chlamydia,2018,Georgia,13,35-44,All races/ethnicities,Male,"1,805",273,"661,175"
Chlamydia,2018,Georgia,13,25-34,All races/ethnicities,Male,"6,965",954.5,"729,735"
Chlamydia,2018,Georgia,13,13-24,All races/ethnicities,Male,"11,991",1362.9,"879,794"
HIV diagnoses,2021,Georgia,13,55+,All races/ethnicities,Female,65,4.1,"1,579,428"
HIV diagnoses,2021,Georgia,13,45-54,All races/ethnicities,Female,97,13.6,"715,441"
HIV diagnoses,2021,Georgia,13,35-44,All races/ethnicities,Female,109,14.8,"734,382"
HIV diagnoses,2021,Georgia,13,25-34,All races/ethnicities,Female,127,16.8,"755,954"
HIV diagnoses,2021,Georgia,13,13-24,All races/ethnicities,Female,70,7.9,"883,564"
HIV diagnoses,2021,Georgia,13,55+,All races/ethnicities,Male,139,10.3,"1,347,780"
HIV diagnoses,2021,Georgia,13,45-54,All races/ethnicities,Male,156,22.8,"683,068"
HIV diagnoses,2021,Georgia,13,35-44,All races/ethnicities,Male,343,49.4,"694,298"
HIV diagnoses,2021,Georgia,13,25-34,All races/ethnicities,Male,761,103.1,"738,199"
HIV diagnoses,2021,Georgia,13,13-24,All races/ethnicities,Male,504,55.3,"911,481"
HIV diagnoses,2020 (COVID-19 Pandemic),Georgia,13,55+,All races/ethnicities,Female,71,4.6,"1,548,814"
HIV diagnoses,2020 (COVID-19 Pandemic),Georgia,13,45-54,All races/ethnicities,Female,60,8.4,"718,087"
HIV diagnoses,2020 (COVID-19 Pandemic),Georgia,13,35-44,All races/ethnicities,Female,83,11.4,"725,372"
HIV diagnoses,2020 (COVID-19 Pandemic),Georgia,13,25-34,All races/ethnicities,Female,116,15.5,"750,397"
HIV diagnoses,2020 (COVID-19 Pandemic),Georgia,13,13-24,All races/ethnicities,Female,66,7.6,"872,584"
HIV diagnoses,2020 (COVID-19 Pandemic),Georgia,13,55+,All races/ethnicities,Male,101,7.6,"1,321,839"
HIV diagnoses,2020 (COVID-19 Pandemic),Georgia,13,45-54,All races/ethnicities,Male,148,21.5,"688,849"
HIV diagnoses,2020 (COVID-19 Pandemic),Georgia,13,35-44,All races/ethnicities,Male,242,35.3,"686,517"
HIV diagnoses,2020 (COVID-19 Pandemic),Georgia,13,25-34,All races/ethnicities,Male,686,93.3,"735,280"
HIV diagnoses,2020 (COVID-19 Pandemic),Georgia,13,13-24,All races/ethnicities,Male,401,44.5,"900,965"
HIV diagnoses,2019,Georgia,13,55+,All races/ethnicities,Female,71,4.6,"1,541,915"
HIV diagnoses,2019,Georgia,13,45-54,All races/ethnicities,Female,79,11,"721,348"
HIV diagnoses,2019,Georgia,13,35-44,All races/ethnicities,Female,116,16.2,"715,770"
HIV diagnoses,2019,Georgia,13,25-34,All races/ethnicities,Female,122,16.2,"752,610"
HIV diagnoses,2019,Georgia,13,13-24,All races/ethnicities,Female,69,8,"858,390"
HIV diagnoses,2019,Georgia,13,55+,All races/ethnicities,Male,136,10.6,"1,285,001"
HIV diagnoses,2019,Georgia,13,45-54,All races/ethnicities,Male,180,26.5,"678,683"
HIV diagnoses,2019,Georgia,13,35-44,All races/ethnicities,Male,307,46.1,"666,644"
HIV diagnoses,2019,Georgia,13,25-34,All races/ethnicities,Male,766,103.1,"742,889"
HIV diagnoses,2019,Georgia,13,13-24,All races/ethnicities,Male,562,63.3,"887,567"
HIV diagnoses,2018,Georgia,13,55+,All races/ethnicities,Female,73,4.9,"1,498,434"
HIV diagnoses,2018,Georgia,13,45-54,All races/ethnicities,Female,99,13.6,"725,775"
HIV diagnoses,2018,Georgia,13,35-44,All races/ethnicities,Female,114,16,"710,339"
HIV diagnoses,2018,Georgia,13,25-34,All races/ethnicities,Female,142,19.1,"741,957"
HIV diagnoses,2018,Georgia,13,13-24,All races/ethnicities,Female,93,10.9,"851,270"
HIV diagnoses,2018,Georgia,13,55+,All races/ethnicities,Male,166,13.3,"1,248,026"
HIV diagnoses,2018,Georgia,13,45-54,All races/ethnicities,Male,200,29.2,"685,645"
HIV diagnoses,2018,Georgia,13,35-44,All races/ethnicities,Male,301,45.5,"661,656"
HIV diagnoses,2018,Georgia,13,25-34,All races/ethnicities,Male,790,108.1,"730,557"
HIV diagnoses,2018,Georgia,13,13-24,All races/ethnicities,Male,527,59.8,"880,979"
Gonorrhea,2021,Hawaii,15,55+,All races/ethnicities,Female,18,7.4,"243,823"
Gonorrhea,2021,Hawaii,15,45-54,All races/ethnicities,Female,51,60.5,"84,303"
Gonorrhea,2021,Hawaii,15,35-44,All races/ethnicities,Female,96,102.8,"93,358"
Gonorrhea,2021,Hawaii,15,25-34,All races/ethnicities,Female,191,204.7,"93,292"
Gonorrhea,2021,Hawaii,15,13-24,All races/ethnicities,Female,240,256.6,"93,537"
Gonorrhea,2021,Hawaii,15,55+,All races/ethnicities,Male,58,26.4,"219,636"
Gonorrhea,2021,Hawaii,15,45-54,All races/ethnicities,Male,90,104.9,"85,756"
Gonorrhea,2021,Hawaii,15,35-44,All races/ethnicities,Male,184,188.6,"97,558"
Gonorrhea,2021,Hawaii,15,25-34,All races/ethnicities,Male,276,272.8,"101,162"
Gonorrhea,2021,Hawaii,15,13-24,All races/ethnicities,Male,241,226.9,"106,194"
Gonorrhea,2020 (COVID-19 Pandemic),Hawaii,15,55+,All races/ethnicities,Female,19,7.9,"241,782"
Gonorrhea,2020 (COVID-19 Pandemic),Hawaii,15,45-54,All races/ethnicities,Female,33,38.7,"85,368"
Gonorrhea,2020 (COVID-19 Pandemic),Hawaii,15,35-44,All races/ethnicities,Female,85,91.4,"92,967"
Gonorrhea,2020 (COVID-19 Pandemic),Hawaii,15,25-34,All races/ethnicities,Female,192,200.4,"95,829"
Gonorrhea,2020 (COVID-19 Pandemic),Hawaii,15,13-24,All races/ethnicities,Female,269,285.4,"94,249"
Gonorrhea,2020 (COVID-19 Pandemic),Hawaii,15,55+,All races/ethnicities,Male,30,13.8,"218,006"
Gonorrhea,2020 (COVID-19 Pandemic),Hawaii,15,45-54,All races/ethnicities,Male,97,111.6,"86,952"
Gonorrhea,2020 (COVID-19 Pandemic),Hawaii,15,35-44,All races/ethnicities,Male,160,164.5,"97,286"
Gonorrhea,2020 (COVID-19 Pandemic),Hawaii,15,25-34,All races/ethnicities,Male,328,314.3,"104,346"
Gonorrhea,2020 (COVID-19 Pandemic),Hawaii,15,13-24,All races/ethnicities,Male,259,241.8,"107,124"
Gonorrhea,2019,Hawaii,15,55+,All races/ethnicities,Female,11,4.6,"238,072"
Gonorrhea,2019,Hawaii,15,45-54,All races/ethnicities,Female,29,34.6,"83,918"
Gonorrhea,2019,Hawaii,15,35-44,All races/ethnicities,Female,91,101.4,"89,712"
Gonorrhea,2019,Hawaii,15,25-34,All races/ethnicities,Female,180,187.8,"95,871"
Gonorrhea,2019,Hawaii,15,13-24,All races/ethnicities,Female,227,244.5,"92,847"
Gonorrhea,2019,Hawaii,15,55+,All races/ethnicities,Male,49,23.4,"209,513"
Gonorrhea,2019,Hawaii,15,45-54,All races/ethnicities,Male,81,96.6,"83,829"
Gonorrhea,2019,Hawaii,15,35-44,All races/ethnicities,Male,162,175.9,"92,091"
Gonorrhea,2019,Hawaii,15,25-34,All races/ethnicities,Male,383,367.8,"104,124"
Gonorrhea,2019,Hawaii,15,13-24,All races/ethnicities,Male,268,255.5,"104,895"
Gonorrhea,2018,Hawaii,15,55+,All races/ethnicities,Female,9,3.8,"235,263"
Gonorrhea,2018,Hawaii,15,45-54,All races/ethnicities,Female,28,32.8,"85,399"
Gonorrhea,2018,Hawaii,15,35-44,All races/ethnicities,Female,87,97.7,"89,084"
Gonorrhea,2018,Hawaii,15,25-34,All races/ethnicities,Female,182,187.4,"97,143"
Gonorrhea,2018,Hawaii,15,13-24,All races/ethnicities,Female,221,235.5,"93,848"
Gonorrhea,2018,Hawaii,15,55+,All races/ethnicities,Male,40,19.3,"207,439"
Gonorrhea,2018,Hawaii,15,45-54,All races/ethnicities,Male,98,114.6,"85,523"
Gonorrhea,2018,Hawaii,15,35-44,All races/ethnicities,Male,172,188.5,"91,224"
Gonorrhea,2018,Hawaii,15,25-34,All races/ethnicities,Male,377,356.3,"105,810"
Gonorrhea,2018,Hawaii,15,13-24,All races/ethnicities,Male,269,252.8,"106,405"
Chlamydia,2021,Hawaii,15,55+,All races/ethnicities,Female,29,11.9,"243,823"
Chlamydia,2021,Hawaii,15,45-54,All races/ethnicities,Female,94,111.5,"84,303"
Chlamydia,2021,Hawaii,15,35-44,All races/ethnicities,Female,319,341.7,"93,358"
Chlamydia,2021,Hawaii,15,25-34,All races/ethnicities,Female,"1,134",1215.5,"93,292"
Chlamydia,2021,Hawaii,15,13-24,All races/ethnicities,Female,"2,368",2531.6,"93,537"
Chlamydia,2021,Hawaii,15,55+,All races/ethnicities,Male,53,24.1,"219,636"
Chlamydia,2021,Hawaii,15,45-54,All races/ethnicities,Male,109,127.1,"85,756"
Chlamydia,2021,Hawaii,15,35-44,All races/ethnicities,Male,292,299.3,"97,558"
Chlamydia,2021,Hawaii,15,25-34,All races/ethnicities,Male,723,714.7,"101,162"
Chlamydia,2021,Hawaii,15,13-24,All races/ethnicities,Male,927,872.9,"106,194"
Chlamydia,2020 (COVID-19 Pandemic),Hawaii,15,55+,All races/ethnicities,Female,36,14.9,"241,782"
Chlamydia,2020 (COVID-19 Pandemic),Hawaii,15,45-54,All races/ethnicities,Female,83,97.2,"85,368"
Chlamydia,2020 (COVID-19 Pandemic),Hawaii,15,35-44,All races/ethnicities,Female,285,306.6,"92,967"
Chlamydia,2020 (COVID-19 Pandemic),Hawaii,15,25-34,All races/ethnicities,Female,"1,267",1322.1,"95,829"
Chlamydia,2020 (COVID-19 Pandemic),Hawaii,15,13-24,All races/ethnicities,Female,"2,642",2803.2,"94,249"
Chlamydia,2020 (COVID-19 Pandemic),Hawaii,15,55+,All races/ethnicities,Male,44,20.2,"218,006"
Chlamydia,2020 (COVID-19 Pandemic),Hawaii,15,45-54,All races/ethnicities,Male,126,144.9,"86,952"
Chlamydia,2020 (COVID-19 Pandemic),Hawaii,15,35-44,All races/ethnicities,Male,271,278.6,"97,286"
Chlamydia,2020 (COVID-19 Pandemic),Hawaii,15,25-34,All races/ethnicities,Male,854,818.4,"104,346"
Chlamydia,2020 (COVID-19 Pandemic),Hawaii,15,13-24,All races/ethnicities,Male,"1,136",1060.5,"107,124"
Chlamydia,2019,Hawaii,15,55+,All races/ethnicities,Female,24,10.1,"238,072"
Chlamydia,2019,Hawaii,15,45-54,All races/ethnicities,Female,87,103.7,"83,918"
Chlamydia,2019,Hawaii,15,35-44,All races/ethnicities,Female,331,369,"89,712"
Chlamydia,2019,Hawaii,15,25-34,All races/ethnicities,Female,"1,366",1424.8,"95,871"
Chlamydia,2019,Hawaii,15,13-24,All races/ethnicities,Female,"3,217",3464.8,"92,847"
Chlamydia,2019,Hawaii,15,55+,All races/ethnicities,Male,64,30.5,"209,513"
Chlamydia,2019,Hawaii,15,45-54,All races/ethnicities,Male,111,132.4,"83,829"
Chlamydia,2019,Hawaii,15,35-44,All races/ethnicities,Male,337,365.9,"92,091"
Chlamydia,2019,Hawaii,15,25-34,All races/ethnicities,Male,"1,005",965.2,"104,124"
Chlamydia,2019,Hawaii,15,13-24,All races/ethnicities,Male,"1,524",1452.9,"104,895"
Chlamydia,2018,Hawaii,15,55+,All races/ethnicities,Female,26,11.1,"235,263"
Chlamydia,2018,Hawaii,15,45-54,All races/ethnicities,Female,84,98.4,"85,399"
Chlamydia,2018,Hawaii,15,35-44,All races/ethnicities,Female,309,346.9,"89,084"
Chlamydia,2018,Hawaii,15,25-34,All races/ethnicities,Female,"1,303",1341.3,"97,143"
Chlamydia,2018,Hawaii,15,13-24,All races/ethnicities,Female,"3,081",3283,"93,848"
Chlamydia,2018,Hawaii,15,55+,All races/ethnicities,Male,51,24.6,"207,439"
Chlamydia,2018,Hawaii,15,45-54,All races/ethnicities,Male,115,134.5,"85,523"
Chlamydia,2018,Hawaii,15,35-44,All races/ethnicities,Male,303,332.1,"91,224"
Chlamydia,2018,Hawaii,15,25-34,All races/ethnicities,Male,"1,003",947.9,"105,810"
Chlamydia,2018,Hawaii,15,13-24,All races/ethnicities,Male,"1,431",1344.9,"106,405"
HIV diagnoses,2021,Hawaii,15,55+,All races/ethnicities,Female,3,1.2,"243,823"
HIV diagnoses,2021,Hawaii,15,45-54,All races/ethnicities,Female,1,1.2,"84,303"
HIV diagnoses,2021,Hawaii,15,35-44,All races/ethnicities,Female,4,4.3,"93,358"
HIV diagnoses,2021,Hawaii,15,25-34,All races/ethnicities,Female,3,3.2,"93,292"
HIV diagnoses,2021,Hawaii,15,13-24,All races/ethnicities,Female,0,0,"93,537"
HIV diagnoses,2021,Hawaii,15,55+,All races/ethnicities,Male,8,3.6,"219,636"
HIV diagnoses,2021,Hawaii,15,45-54,All races/ethnicities,Male,10,11.7,"85,756"
HIV diagnoses,2021,Hawaii,15,35-44,All races/ethnicities,Male,12,12.3,"97,558"
HIV diagnoses,2021,Hawaii,15,25-34,All races/ethnicities,Male,16,15.8,"101,162"
HIV diagnoses,2021,Hawaii,15,13-24,All races/ethnicities,Male,8,7.5,"106,194"
HIV diagnoses,2020 (COVID-19 Pandemic),Hawaii,15,55+,All races/ethnicities,Female,1,0.4,"241,782"
HIV diagnoses,2020 (COVID-19 Pandemic),Hawaii,15,45-54,All races/ethnicities,Female,1,1.2,"85,368"
HIV diagnoses,2020 (COVID-19 Pandemic),Hawaii,15,35-44,All races/ethnicities,Female,3,3.2,"92,967"
HIV diagnoses,2020 (COVID-19 Pandemic),Hawaii,15,25-34,All races/ethnicities,Female,1,1,"95,829"
HIV diagnoses,2020 (COVID-19 Pandemic),Hawaii,15,13-24,All races/ethnicities,Female,0,0,"94,249"
HIV diagnoses,2020 (COVID-19 Pandemic),Hawaii,15,55+,All races/ethnicities,Male,10,4.6,"218,006"
HIV diagnoses,2020 (COVID-19 Pandemic),Hawaii,15,45-54,All races/ethnicities,Male,11,12.7,"86,952"
HIV diagnoses,2020 (COVID-19 Pandemic),Hawaii,15,35-44,All races/ethnicities,Male,8,8.2,"97,286"
HIV diagnoses,2020 (COVID-19 Pandemic),Hawaii,15,25-34,All races/ethnicities,Male,14,13.4,"104,346"
HIV diagnoses,2020 (COVID-19 Pandemic),Hawaii,15,13-24,All races/ethnicities,Male,1,0.9,"107,124"
HIV diagnoses,2019,Hawaii,15,55+,All races/ethnicities,Female,1,0.4,"238,124"
HIV diagnoses,2019,Hawaii,15,45-54,All races/ethnicities,Female,1,1.2,"84,003"
HIV diagnoses,2019,Hawaii,15,35-44,All races/ethnicities,Female,3,3.4,"89,370"
HIV diagnoses,2019,Hawaii,15,25-34,All races/ethnicities,Female,1,1,"95,547"
HIV diagnoses,2019,Hawaii,15,13-24,All races/ethnicities,Female,0,0,"91,564"
HIV diagnoses,2019,Hawaii,15,55+,All races/ethnicities,Male,6,2.9,"210,162"
HIV diagnoses,2019,Hawaii,15,45-54,All races/ethnicities,Male,10,12,"83,646"
HIV diagnoses,2019,Hawaii,15,35-44,All races/ethnicities,Male,11,12,"92,022"
HIV diagnoses,2019,Hawaii,15,25-34,All races/ethnicities,Male,21,20.1,"104,713"
HIV diagnoses,2019,Hawaii,15,13-24,All races/ethnicities,Male,9,8.6,"104,059"
HIV diagnoses,2018,Hawaii,15,55+,All races/ethnicities,Female,0,0,"235,623"
HIV diagnoses,2018,Hawaii,15,45-54,All races/ethnicities,Female,1,1.2,"85,640"
HIV diagnoses,2018,Hawaii,15,35-44,All races/ethnicities,Female,2,2.2,"89,108"
HIV diagnoses,2018,Hawaii,15,25-34,All races/ethnicities,Female,2,2.1,"97,257"
HIV diagnoses,2018,Hawaii,15,13-24,All races/ethnicities,Female,1,1.1,"93,059"
HIV diagnoses,2018,Hawaii,15,55+,All races/ethnicities,Male,8,3.8,"208,152"
HIV diagnoses,2018,Hawaii,15,45-54,All races/ethnicities,Male,6,7,"85,616"
HIV diagnoses,2018,Hawaii,15,35-44,All races/ethnicities,Male,19,20.8,"91,408"
HIV diagnoses,2018,Hawaii,15,25-34,All races/ethnicities,Male,24,22.6,"106,326"
HIV diagnoses,2018,Hawaii,15,13-24,All races/ethnicities,Male,9,8.5,"105,800"
Gonorrhea,2021,Idaho,16,55+,All races/ethnicities,Female,5,1.8,"280,189"
Gonorrhea,2021,Idaho,16,45-54,All races/ethnicities,Female,21,19.9,"105,330"
Gonorrhea,2021,Idaho,16,35-44,All races/ethnicities,Female,80,65.3,"122,597"
Gonorrhea,2021,Idaho,16,25-34,All races/ethnicities,Female,183,150.3,"121,793"
Gonorrhea,2021,Idaho,16,13-24,All races/ethnicities,Female,230,150,"153,313"
Gonorrhea,2021,Idaho,16,55+,All races/ethnicities,Male,17,6.4,"263,885"
Gonorrhea,2021,Idaho,16,45-54,All races/ethnicities,Male,52,47,"110,654"
Gonorrhea,2021,Idaho,16,35-44,All races/ethnicities,Male,124,97.8,"126,789"
Gonorrhea,2021,Idaho,16,25-34,All races/ethnicities,Male,244,192,"127,071"
Gonorrhea,2021,Idaho,16,13-24,All races/ethnicities,Male,238,145.6,"163,515"
Gonorrhea,2020 (COVID-19 Pandemic),Idaho,16,55+,All races/ethnicities,Female,5,1.8,"271,303"
Gonorrhea,2020 (COVID-19 Pandemic),Idaho,16,45-54,All races/ethnicities,Female,24,23.4,"102,574"
Gonorrhea,2020 (COVID-19 Pandemic),Idaho,16,35-44,All races/ethnicities,Female,101,86,"117,502"
Gonorrhea,2020 (COVID-19 Pandemic),Idaho,16,25-34,All races/ethnicities,Female,216,182.8,"118,136"
Gonorrhea,2020 (COVID-19 Pandemic),Idaho,16,13-24,All races/ethnicities,Female,371,249.3,"148,828"
Gonorrhea,2020 (COVID-19 Pandemic),Idaho,16,55+,All races/ethnicities,Male,25,9.8,"255,149"
Gonorrhea,2020 (COVID-19 Pandemic),Idaho,16,45-54,All races/ethnicities,Male,48,44.7,"107,423"
Gonorrhea,2020 (COVID-19 Pandemic),Idaho,16,35-44,All races/ethnicities,Male,123,100.9,"121,931"
Gonorrhea,2020 (COVID-19 Pandemic),Idaho,16,25-34,All races/ethnicities,Male,282,229.7,"122,794"
Gonorrhea,2020 (COVID-19 Pandemic),Idaho,16,13-24,All races/ethnicities,Male,282,178,"158,462"
Gonorrhea,2019,Idaho,16,55+,All races/ethnicities,Female,5,1.9,"264,787"
Gonorrhea,2019,Idaho,16,45-54,All races/ethnicities,Female,23,23,"99,964"
Gonorrhea,2019,Idaho,16,35-44,All races/ethnicities,Female,113,100.7,"112,252"
Gonorrhea,2019,Idaho,16,25-34,All races/ethnicities,Female,243,209.9,"115,773"
Gonorrhea,2019,Idaho,16,13-24,All races/ethnicities,Female,266,186.7,"142,466"
Gonorrhea,2019,Idaho,16,55+,All races/ethnicities,Male,25,10.2,"244,243"
Gonorrhea,2019,Idaho,16,45-54,All races/ethnicities,Male,53,52.1,"101,802"
Gonorrhea,2019,Idaho,16,35-44,All races/ethnicities,Male,164,142.7,"114,920"
Gonorrhea,2019,Idaho,16,25-34,All races/ethnicities,Male,330,273.4,"120,717"
Gonorrhea,2019,Idaho,16,13-24,All races/ethnicities,Male,265,174.7,"151,715"
Gonorrhea,2018,Idaho,16,55+,All races/ethnicities,Female,6,2.3,"255,786"
Gonorrhea,2018,Idaho,16,45-54,All races/ethnicities,Female,14,14.1,"99,397"
Gonorrhea,2018,Idaho,16,35-44,All races/ethnicities,Female,72,66.2,"108,842"
Gonorrhea,2018,Idaho,16,25-34,All races/ethnicities,Female,211,186.1,"113,398"
Gonorrhea,2018,Idaho,16,13-24,All races/ethnicities,Female,205,145.9,"140,466"
Gonorrhea,2018,Idaho,16,55+,All races/ethnicities,Male,18,7.6,"236,110"
Gonorrhea,2018,Idaho,16,45-54,All races/ethnicities,Male,43,42.8,"100,530"
Gonorrhea,2018,Idaho,16,35-44,All races/ethnicities,Male,132,118.5,"111,423"
Gonorrhea,2018,Idaho,16,25-34,All races/ethnicities,Male,225,190.5,"118,088"
Gonorrhea,2018,Idaho,16,13-24,All races/ethnicities,Male,204,136.4,"149,562"
Chlamydia,2021,Idaho,16,55+,All races/ethnicities,Female,16,5.7,"280,189"
Chlamydia,2021,Idaho,16,45-54,All races/ethnicities,Female,51,48.4,"105,330"
Chlamydia,2021,Idaho,16,35-44,All races/ethnicities,Female,226,184.3,"122,597"
Chlamydia,2021,Idaho,16,25-34,All races/ethnicities,Female,955,784.1,"121,793"
Chlamydia,2021,Idaho,16,13-24,All races/ethnicities,Female,"2,891",1885.7,"153,313"
Chlamydia,2021,Idaho,16,55+,All races/ethnicities,Male,34,12.9,"263,885"
Chlamydia,2021,Idaho,16,45-54,All races/ethnicities,Male,83,75,"110,654"
Chlamydia,2021,Idaho,16,35-44,All races/ethnicities,Male,215,169.6,"126,789"
Chlamydia,2021,Idaho,16,25-34,All races/ethnicities,Male,673,529.6,"127,071"
Chlamydia,2021,Idaho,16,13-24,All races/ethnicities,Male,"1,167",713.7,"163,515"
Chlamydia,2020 (COVID-19 Pandemic),Idaho,16,55+,All races/ethnicities,Female,17,6.3,"271,303"
Chlamydia,2020 (COVID-19 Pandemic),Idaho,16,45-54,All races/ethnicities,Female,34,33.1,"102,574"
Chlamydia,2020 (COVID-19 Pandemic),Idaho,16,35-44,All races/ethnicities,Female,225,191.5,"117,502"
Chlamydia,2020 (COVID-19 Pandemic),Idaho,16,25-34,All races/ethnicities,Female,879,744.1,"118,136"
Chlamydia,2020 (COVID-19 Pandemic),Idaho,16,13-24,All races/ethnicities,Female,"2,988",2007.7,"148,828"
Chlamydia,2020 (COVID-19 Pandemic),Idaho,16,55+,All races/ethnicities,Male,17,6.7,"255,149"
Chlamydia,2020 (COVID-19 Pandemic),Idaho,16,45-54,All races/ethnicities,Male,51,47.5,"107,423"
Chlamydia,2020 (COVID-19 Pandemic),Idaho,16,35-44,All races/ethnicities,Male,204,167.3,"121,931"
Chlamydia,2020 (COVID-19 Pandemic),Idaho,16,25-34,All races/ethnicities,Male,673,548.1,"122,794"
Chlamydia,2020 (COVID-19 Pandemic),Idaho,16,13-24,All races/ethnicities,Male,"1,169",737.7,"158,462"
Chlamydia,2019,Idaho,16,55+,All races/ethnicities,Female,16,6,"264,787"
Chlamydia,2019,Idaho,16,45-54,All races/ethnicities,Female,56,56,"99,964"
Chlamydia,2019,Idaho,16,35-44,All races/ethnicities,Female,226,201.3,"112,252"
Chlamydia,2019,Idaho,16,25-34,All races/ethnicities,Female,"1,008",870.7,"115,773"
Chlamydia,2019,Idaho,16,13-24,All races/ethnicities,Female,"3,252",2282.6,"142,466"
Chlamydia,2019,Idaho,16,55+,All races/ethnicities,Male,20,8.2,"244,243"
Chlamydia,2019,Idaho,16,45-54,All races/ethnicities,Male,49,48.1,"101,802"
Chlamydia,2019,Idaho,16,35-44,All races/ethnicities,Male,182,158.4,"114,920"
Chlamydia,2019,Idaho,16,25-34,All races/ethnicities,Male,675,559.2,"120,717"
Chlamydia,2019,Idaho,16,13-24,All races/ethnicities,Male,"1,370",903,"151,715"
Chlamydia,2018,Idaho,16,55+,All races/ethnicities,Female,11,4.3,"255,786"
Chlamydia,2018,Idaho,16,45-54,All races/ethnicities,Female,56,56.3,"99,397"
Chlamydia,2018,Idaho,16,35-44,All races/ethnicities,Female,196,180.1,"108,842"
Chlamydia,2018,Idaho,16,25-34,All races/ethnicities,Female,951,838.6,"113,398"
Chlamydia,2018,Idaho,16,13-24,All races/ethnicities,Female,"3,238",2305.2,"140,466"
Chlamydia,2018,Idaho,16,55+,All races/ethnicities,Male,19,8,"236,110"
Chlamydia,2018,Idaho,16,45-54,All races/ethnicities,Male,57,56.7,"100,530"
Chlamydia,2018,Idaho,16,35-44,All races/ethnicities,Male,195,175,"111,423"
Chlamydia,2018,Idaho,16,25-34,All races/ethnicities,Male,632,535.2,"118,088"
Chlamydia,2018,Idaho,16,13-24,All races/ethnicities,Male,"1,196",799.7,"149,562"
HIV diagnoses,2021,Idaho,16,55+,All races/ethnicities,Female,3,1.1,"280,189"
HIV diagnoses,2021,Idaho,16,45-54,All races/ethnicities,Female,0,0,"105,330"
HIV diagnoses,2021,Idaho,16,35-44,All races/ethnicities,Female,1,0.8,"122,597"
HIV diagnoses,2021,Idaho,16,25-34,All races/ethnicities,Female,2,1.6,"121,793"
HIV diagnoses,2021,Idaho,16,13-24,All races/ethnicities,Female,1,0.7,"153,313"
HIV diagnoses,2021,Idaho,16,55+,All races/ethnicities,Male,7,2.7,"263,885"
HIV diagnoses,2021,Idaho,16,45-54,All races/ethnicities,Male,2,1.8,"110,654"
HIV diagnoses,2021,Idaho,16,35-44,All races/ethnicities,Male,15,11.8,"126,789"
HIV diagnoses,2021,Idaho,16,25-34,All races/ethnicities,Male,17,13.4,"127,071"
HIV diagnoses,2021,Idaho,16,13-24,All races/ethnicities,Male,6,3.7,"163,515"
HIV diagnoses,2020 (COVID-19 Pandemic),Idaho,16,55+,All races/ethnicities,Female,0,0,"271,303"
HIV diagnoses,2020 (COVID-19 Pandemic),Idaho,16,45-54,All races/ethnicities,Female,0,0,"102,574"
HIV diagnoses,2020 (COVID-19 Pandemic),Idaho,16,35-44,All races/ethnicities,Female,1,0.9,"117,502"
HIV diagnoses,2020 (COVID-19 Pandemic),Idaho,16,25-34,All races/ethnicities,Female,1,0.8,"118,136"
HIV diagnoses,2020 (COVID-19 Pandemic),Idaho,16,13-24,All races/ethnicities,Female,1,0.7,"148,828"
HIV diagnoses,2020 (COVID-19 Pandemic),Idaho,16,55+,All races/ethnicities,Male,6,2.4,"255,149"
HIV diagnoses,2020 (COVID-19 Pandemic),Idaho,16,45-54,All races/ethnicities,Male,4,3.7,"107,423"
HIV diagnoses,2020 (COVID-19 Pandemic),Idaho,16,35-44,All races/ethnicities,Male,5,4.1,"121,931"
HIV diagnoses,2020 (COVID-19 Pandemic),Idaho,16,25-34,All races/ethnicities,Male,12,9.8,"122,794"
HIV diagnoses,2020 (COVID-19 Pandemic),Idaho,16,13-24,All races/ethnicities,Male,5,3.2,"158,462"
HIV diagnoses,2019,Idaho,16,55+,All races/ethnicities,Female,0,0,"265,036"
HIV diagnoses,2019,Idaho,16,45-54,All races/ethnicities,Female,1,1,"99,956"
HIV diagnoses,2019,Idaho,16,35-44,All races/ethnicities,Female,1,0.9,"112,506"
HIV diagnoses,2019,Idaho,16,25-34,All races/ethnicities,Female,2,1.7,"116,130"
HIV diagnoses,2019,Idaho,16,13-24,All races/ethnicities,Female,1,0.7,"143,005"
HIV diagnoses,2019,Idaho,16,55+,All races/ethnicities,Male,4,1.6,"244,322"
HIV diagnoses,2019,Idaho,16,45-54,All races/ethnicities,Male,5,4.9,"101,814"
HIV diagnoses,2019,Idaho,16,35-44,All races/ethnicities,Male,6,5.2,"115,079"
HIV diagnoses,2019,Idaho,16,25-34,All races/ethnicities,Male,11,9.1,"121,036"
HIV diagnoses,2019,Idaho,16,13-24,All races/ethnicities,Male,3,2,"152,197"
HIV diagnoses,2018,Idaho,16,55+,All races/ethnicities,Female,1,0.4,"255,775"
HIV diagnoses,2018,Idaho,16,45-54,All races/ethnicities,Female,1,1,"99,393"
HIV diagnoses,2018,Idaho,16,35-44,All races/ethnicities,Female,2,1.8,"109,020"
HIV diagnoses,2018,Idaho,16,25-34,All races/ethnicities,Female,2,1.8,"113,683"
HIV diagnoses,2018,Idaho,16,13-24,All races/ethnicities,Female,1,0.7,"140,815"
HIV diagnoses,2018,Idaho,16,55+,All races/ethnicities,Male,6,2.5,"236,143"
HIV diagnoses,2018,Idaho,16,45-54,All races/ethnicities,Male,5,5,"100,522"
HIV diagnoses,2018,Idaho,16,35-44,All races/ethnicities,Male,5,4.5,"111,537"
HIV diagnoses,2018,Idaho,16,25-34,All races/ethnicities,Male,7,5.9,"118,358"
HIV diagnoses,2018,Idaho,16,13-24,All races/ethnicities,Male,6,4,"149,852"
Gonorrhea,2021,Illinois,17,55+,All races/ethnicities,Female,76,3.8,"2,003,421"
Gonorrhea,2021,Illinois,17,45-54,All races/ethnicities,Female,244,30.9,"789,400"
Gonorrhea,2021,Illinois,17,35-44,All races/ethnicities,Female,"1,045",125.4,"833,213"
Gonorrhea,2021,Illinois,17,25-34,All races/ethnicities,Female,"4,052",476.8,"849,791"
Gonorrhea,2021,Illinois,17,13-24,All races/ethnicities,Female,"6,984",715.2,"976,515"
Gonorrhea,2021,Illinois,17,55+,All races/ethnicities,Male,517,29.6,"1,748,623"
Gonorrhea,2021,Illinois,17,45-54,All races/ethnicities,Male,958,121,"791,698"
Gonorrhea,2021,Illinois,17,35-44,All races/ethnicities,Male,"2,992",353.2,"847,122"
Gonorrhea,2021,Illinois,17,25-34,All races/ethnicities,Male,"7,499",868.1,"863,799"
Gonorrhea,2021,Illinois,17,13-24,All races/ethnicities,Male,"6,027",593.6,"1,015,391"
Gonorrhea,2020 (COVID-19 Pandemic),Illinois,17,55+,All races/ethnicities,Female,58,2.9,"1,998,822"
Gonorrhea,2020 (COVID-19 Pandemic),Illinois,17,45-54,All races/ethnicities,Female,227,28.2,"803,733"
Gonorrhea,2020 (COVID-19 Pandemic),Illinois,17,35-44,All races/ethnicities,Female,898,107.7,"833,549"
Gonorrhea,2020 (COVID-19 Pandemic),Illinois,17,25-34,All races/ethnicities,Female,"4,020",465.5,"863,649"
Gonorrhea,2020 (COVID-19 Pandemic),Illinois,17,13-24,All races/ethnicities,Female,"7,887",801.4,"984,117"
Gonorrhea,2020 (COVID-19 Pandemic),Illinois,17,55+,All races/ethnicities,Male,489,28.1,"1,741,330"
Gonorrhea,2020 (COVID-19 Pandemic),Illinois,17,45-54,All races/ethnicities,Male,864,107.3,"805,318"
Gonorrhea,2020 (COVID-19 Pandemic),Illinois,17,35-44,All races/ethnicities,Male,"2,544",299.9,"848,235"
Gonorrhea,2020 (COVID-19 Pandemic),Illinois,17,25-34,All races/ethnicities,Male,"7,402",841.7,"879,391"
Gonorrhea,2020 (COVID-19 Pandemic),Illinois,17,13-24,All races/ethnicities,Male,"6,596",645.6,"1,021,626"
Gonorrhea,2019,Illinois,17,55+,All races/ethnicities,Female,60,3,"2,002,235"
Gonorrhea,2019,Illinois,17,45-54,All races/ethnicities,Female,220,27.2,"809,174"
Gonorrhea,2019,Illinois,17,35-44,All races/ethnicities,Female,814,99.5,"818,305"
Gonorrhea,2019,Illinois,17,25-34,All races/ethnicities,Female,"3,317",382.2,"867,791"
Gonorrhea,2019,Illinois,17,13-24,All races/ethnicities,Female,"7,395",761.9,"970,647"
Gonorrhea,2019,Illinois,17,55+,All races/ethnicities,Male,500,29.4,"1,699,280"
Gonorrhea,2019,Illinois,17,45-54,All races/ethnicities,Male,995,125.9,"790,615"
Gonorrhea,2019,Illinois,17,35-44,All races/ethnicities,Male,"2,452",299.5,"818,830"
Gonorrhea,2019,Illinois,17,25-34,All races/ethnicities,Male,"7,017",788.2,"890,305"
Gonorrhea,2019,Illinois,17,13-24,All races/ethnicities,Male,"6,385",633.4,"1,008,104"
Gonorrhea,2018,Illinois,17,55+,All races/ethnicities,Female,43,2.2,"1,979,228"
Gonorrhea,2018,Illinois,17,45-54,All races/ethnicities,Female,154,18.6,"828,671"
Gonorrhea,2018,Illinois,17,35-44,All races/ethnicities,Female,631,77.1,"818,645"
Gonorrhea,2018,Illinois,17,25-34,All races/ethnicities,Female,"2,646",303.4,"872,208"
Gonorrhea,2018,Illinois,17,13-24,All races/ethnicities,Female,"6,579",670.4,"981,422"
Gonorrhea,2018,Illinois,17,55+,All races/ethnicities,Male,419,25,"1,675,913"
Gonorrhea,2018,Illinois,17,45-54,All races/ethnicities,Male,862,106.5,"809,300"
Gonorrhea,2018,Illinois,17,35-44,All races/ethnicities,Male,"1,948",238.1,"818,292"
Gonorrhea,2018,Illinois,17,25-34,All races/ethnicities,Male,"6,108",684.1,"892,854"
Gonorrhea,2018,Illinois,17,13-24,All races/ethnicities,Male,"6,008",588.5,"1,020,953"
Chlamydia,2021,Illinois,17,55+,All races/ethnicities,Female,181,9,"2,003,421"
Chlamydia,2021,Illinois,17,45-54,All races/ethnicities,Female,586,74.2,"789,400"
Chlamydia,2021,Illinois,17,35-44,All races/ethnicities,Female,"2,514",301.7,"833,213"
Chlamydia,2021,Illinois,17,25-34,All races/ethnicities,Female,"12,150",1429.8,"849,791"
Chlamydia,2021,Illinois,17,13-24,All races/ethnicities,Female,"29,495",3020.4,"976,515"
Chlamydia,2021,Illinois,17,55+,All races/ethnicities,Male,465,26.6,"1,748,623"
Chlamydia,2021,Illinois,17,45-54,All races/ethnicities,Male,932,117.7,"791,698"
Chlamydia,2021,Illinois,17,35-44,All races/ethnicities,Male,"3,043",359.2,"847,122"
Chlamydia,2021,Illinois,17,25-34,All races/ethnicities,Male,"9,740",1127.6,"863,799"
Chlamydia,2021,Illinois,17,13-24,All races/ethnicities,Male,"12,614",1242.3,"1,015,391"
Chlamydia,2020 (COVID-19 Pandemic),Illinois,17,55+,All races/ethnicities,Female,132,6.6,"1,998,822"
Chlamydia,2020 (COVID-19 Pandemic),Illinois,17,45-54,All races/ethnicities,Female,503,62.6,"803,733"
Chlamydia,2020 (COVID-19 Pandemic),Illinois,17,35-44,All races/ethnicities,Female,"2,048",245.7,"833,549"
Chlamydia,2020 (COVID-19 Pandemic),Illinois,17,25-34,All races/ethnicities,Female,"11,107",1286.1,"863,649"
Chlamydia,2020 (COVID-19 Pandemic),Illinois,17,13-24,All races/ethnicities,Female,"30,139",3062.5,"984,117"
Chlamydia,2020 (COVID-19 Pandemic),Illinois,17,55+,All races/ethnicities,Male,350,20.1,"1,741,330"
Chlamydia,2020 (COVID-19 Pandemic),Illinois,17,45-54,All races/ethnicities,Male,837,103.9,"805,318"
Chlamydia,2020 (COVID-19 Pandemic),Illinois,17,35-44,All races/ethnicities,Male,"2,426",286,"848,235"
Chlamydia,2020 (COVID-19 Pandemic),Illinois,17,25-34,All races/ethnicities,Male,"8,769",997.2,"879,391"
Chlamydia,2020 (COVID-19 Pandemic),Illinois,17,13-24,All races/ethnicities,Male,"12,162",1190.5,"1,021,626"
Chlamydia,2019,Illinois,17,55+,All races/ethnicities,Female,179,8.9,"2,002,235"
Chlamydia,2019,Illinois,17,45-54,All races/ethnicities,Female,590,72.9,"809,174"
Chlamydia,2019,Illinois,17,35-44,All races/ethnicities,Female,"2,475",302.5,"818,305"
Chlamydia,2019,Illinois,17,25-34,All races/ethnicities,Female,"12,378",1426.4,"867,791"
Chlamydia,2019,Illinois,17,13-24,All races/ethnicities,Female,"35,505",3657.9,"970,647"
Chlamydia,2019,Illinois,17,55+,All races/ethnicities,Male,482,28.4,"1,699,280"
Chlamydia,2019,Illinois,17,45-54,All races/ethnicities,Male,997,126.1,"790,615"
Chlamydia,2019,Illinois,17,35-44,All races/ethnicities,Male,"2,982",364.2,"818,830"
Chlamydia,2019,Illinois,17,25-34,All races/ethnicities,Male,"10,185",1144,"890,305"
Chlamydia,2019,Illinois,17,13-24,All races/ethnicities,Male,"14,910",1479,"1,008,104"
Chlamydia,2018,Illinois,17,55+,All races/ethnicities,Female,149,7.5,"1,979,228"
Chlamydia,2018,Illinois,17,45-54,All races/ethnicities,Female,580,70,"828,671"
Chlamydia,2018,Illinois,17,35-44,All races/ethnicities,Female,"2,149",262.5,"818,645"
Chlamydia,2018,Illinois,17,25-34,All races/ethnicities,Female,"11,722",1343.9,"872,208"
Chlamydia,2018,Illinois,17,13-24,All races/ethnicities,Female,"35,107",3577.2,"981,422"
Chlamydia,2018,Illinois,17,55+,All races/ethnicities,Male,341,20.3,"1,675,913"
Chlamydia,2018,Illinois,17,45-54,All races/ethnicities,Male,924,114.2,"809,300"
Chlamydia,2018,Illinois,17,35-44,All races/ethnicities,Male,"2,703",330.3,"818,292"
Chlamydia,2018,Illinois,17,25-34,All races/ethnicities,Male,"9,376",1050.1,"892,854"
Chlamydia,2018,Illinois,17,13-24,All races/ethnicities,Male,"14,203",1391.2,"1,020,953"
HIV diagnoses,2021,Illinois,17,55+,All races/ethnicities,Female,33,1.6,"2,003,421"
HIV diagnoses,2021,Illinois,17,45-54,All races/ethnicities,Female,43,5.4,"789,400"
HIV diagnoses,2021,Illinois,17,35-44,All races/ethnicities,Female,42,5,"833,213"
HIV diagnoses,2021,Illinois,17,25-34,All races/ethnicities,Female,47,5.5,"849,791"
HIV diagnoses,2021,Illinois,17,13-24,All races/ethnicities,Female,22,2.3,"976,515"
HIV diagnoses,2021,Illinois,17,55+,All races/ethnicities,Male,105,6,"1,748,623"
HIV diagnoses,2021,Illinois,17,45-54,All races/ethnicities,Male,114,14.4,"791,698"
HIV diagnoses,2021,Illinois,17,35-44,All races/ethnicities,Male,177,20.9,"847,122"
HIV diagnoses,2021,Illinois,17,25-34,All races/ethnicities,Male,399,46.2,"863,799"
HIV diagnoses,2021,Illinois,17,13-24,All races/ethnicities,Male,213,21,"1,015,391"
HIV diagnoses,2020 (COVID-19 Pandemic),Illinois,17,55+,All races/ethnicities,Female,18,0.9,"1,998,822"
HIV diagnoses,2020 (COVID-19 Pandemic),Illinois,17,45-54,All races/ethnicities,Female,23,2.9,"803,733"
HIV diagnoses,2020 (COVID-19 Pandemic),Illinois,17,35-44,All races/ethnicities,Female,42,5,"833,549"
HIV diagnoses,2020 (COVID-19 Pandemic),Illinois,17,25-34,All races/ethnicities,Female,62,7.2,"863,649"
HIV diagnoses,2020 (COVID-19 Pandemic),Illinois,17,13-24,All races/ethnicities,Female,34,3.5,"984,117"
HIV diagnoses,2020 (COVID-19 Pandemic),Illinois,17,55+,All races/ethnicities,Male,99,5.7,"1,741,330"
HIV diagnoses,2020 (COVID-19 Pandemic),Illinois,17,45-54,All races/ethnicities,Male,81,10.1,"805,318"
HIV diagnoses,2020 (COVID-19 Pandemic),Illinois,17,35-44,All races/ethnicities,Male,152,17.9,"848,235"
HIV diagnoses,2020 (COVID-19 Pandemic),Illinois,17,25-34,All races/ethnicities,Male,353,40.1,"879,391"
HIV diagnoses,2020 (COVID-19 Pandemic),Illinois,17,13-24,All races/ethnicities,Male,217,21.2,"1,021,626"
HIV diagnoses,2019,Illinois,17,55+,All races/ethnicities,Female,35,1.7,"2,001,010"
HIV diagnoses,2019,Illinois,17,45-54,All races/ethnicities,Female,45,5.6,"808,078"
HIV diagnoses,2019,Illinois,17,35-44,All races/ethnicities,Female,51,6.2,"818,176"
HIV diagnoses,2019,Illinois,17,25-34,All races/ethnicities,Female,70,8.1,"868,202"
HIV diagnoses,2019,Illinois,17,13-24,All races/ethnicities,Female,49,5,"970,825"
HIV diagnoses,2019,Illinois,17,55+,All races/ethnicities,Male,65,3.8,"1,698,076"
HIV diagnoses,2019,Illinois,17,45-54,All races/ethnicities,Male,110,13.9,"789,579"
HIV diagnoses,2019,Illinois,17,35-44,All races/ethnicities,Male,177,21.6,"818,307"
HIV diagnoses,2019,Illinois,17,25-34,All races/ethnicities,Male,412,46.2,"890,930"
HIV diagnoses,2019,Illinois,17,13-24,All races/ethnicities,Male,267,26.5,"1,008,456"
HIV diagnoses,2018,Illinois,17,55+,All races/ethnicities,Female,31,1.6,"1,977,732"
HIV diagnoses,2018,Illinois,17,45-54,All races/ethnicities,Female,43,5.2,"827,970"
HIV diagnoses,2018,Illinois,17,35-44,All races/ethnicities,Female,56,6.8,"818,731"
HIV diagnoses,2018,Illinois,17,25-34,All races/ethnicities,Female,64,7.3,"873,597"
HIV diagnoses,2018,Illinois,17,13-24,All races/ethnicities,Female,43,4.4,"982,116"
HIV diagnoses,2018,Illinois,17,55+,All races/ethnicities,Male,83,5,"1,674,830"
HIV diagnoses,2018,Illinois,17,45-54,All races/ethnicities,Male,154,19,"808,577"
HIV diagnoses,2018,Illinois,17,35-44,All races/ethnicities,Male,199,24.3,"818,054"
HIV diagnoses,2018,Illinois,17,25-34,All races/ethnicities,Male,412,46.1,"894,161"
HIV diagnoses,2018,Illinois,17,13-24,All races/ethnicities,Male,294,28.8,"1,021,918"
Gonorrhea,2021,Indiana,18,55+,All races/ethnicities,Female,32,3,"1,056,409"
Gonorrhea,2021,Indiana,18,45-54,All races/ethnicities,Female,189,46.4,"407,071"
Gonorrhea,2021,Indiana,18,35-44,All races/ethnicities,Female,783,183.4,"426,987"
Gonorrhea,2021,Indiana,18,25-34,All races/ethnicities,Female,"2,126",480.6,"442,365"
Gonorrhea,2021,Indiana,18,13-24,All races/ethnicities,Female,"3,763",681.6,"552,047"
Gonorrhea,2021,Indiana,18,55+,All races/ethnicities,Male,226,24.2,"932,105"
Gonorrhea,2021,Indiana,18,45-54,All races/ethnicities,Male,486,117.9,"412,268"
Gonorrhea,2021,Indiana,18,35-44,All races/ethnicities,Male,"1,175",272.5,"431,223"
Gonorrhea,2021,Indiana,18,25-34,All races/ethnicities,Male,"2,856",632.3,"451,652"
Gonorrhea,2021,Indiana,18,13-24,All races/ethnicities,Male,"2,827",488.5,"578,720"
Gonorrhea,2020 (COVID-19 Pandemic),Indiana,18,55+,All races/ethnicities,Female,29,2.8,"1,047,858"
Gonorrhea,2020 (COVID-19 Pandemic),Indiana,18,45-54,All races/ethnicities,Female,151,36.8,"410,476"
Gonorrhea,2020 (COVID-19 Pandemic),Indiana,18,35-44,All races/ethnicities,Female,620,146.9,"422,171"
Gonorrhea,2020 (COVID-19 Pandemic),Indiana,18,25-34,All races/ethnicities,Female,"2,130",483.6,"440,466"
Gonorrhea,2020 (COVID-19 Pandemic),Indiana,18,13-24,All races/ethnicities,Female,"4,058",740.1,"548,268"
Gonorrhea,2020 (COVID-19 Pandemic),Indiana,18,55+,All races/ethnicities,Male,200,21.6,"923,982"
Gonorrhea,2020 (COVID-19 Pandemic),Indiana,18,45-54,All races/ethnicities,Male,387,93,"416,044"
Gonorrhea,2020 (COVID-19 Pandemic),Indiana,18,35-44,All races/ethnicities,Male,"1,051",246.1,"427,022"
Gonorrhea,2020 (COVID-19 Pandemic),Indiana,18,25-34,All races/ethnicities,Male,"2,683",598.9,"447,951"
Gonorrhea,2020 (COVID-19 Pandemic),Indiana,18,13-24,All races/ethnicities,Male,"2,773",482.4,"574,809"
Gonorrhea,2019,Indiana,18,55+,All races/ethnicities,Female,36,3.4,"1,054,276"
Gonorrhea,2019,Indiana,18,45-54,All races/ethnicities,Female,146,35.3,"414,022"
Gonorrhea,2019,Indiana,18,35-44,All races/ethnicities,Female,546,131.4,"415,428"
Gonorrhea,2019,Indiana,18,25-34,All races/ethnicities,Female,"1,794",406.6,"441,251"
Gonorrhea,2019,Indiana,18,13-24,All races/ethnicities,Female,"3,262",602.7,"541,234"
Gonorrhea,2019,Indiana,18,55+,All races/ethnicities,Male,170,18.8,"906,549"
Gonorrhea,2019,Indiana,18,45-54,All races/ethnicities,Male,348,84.9,"410,007"
Gonorrhea,2019,Indiana,18,35-44,All races/ethnicities,Male,908,219.6,"413,531"
Gonorrhea,2019,Indiana,18,25-34,All races/ethnicities,Male,"2,315",515.1,"449,436"
Gonorrhea,2019,Indiana,18,13-24,All races/ethnicities,Male,"2,377",417.8,"568,865"
Gonorrhea,2018,Indiana,18,55+,All races/ethnicities,Female,30,2.9,"1,036,460"
Gonorrhea,2018,Indiana,18,45-54,All races/ethnicities,Female,113,26.8,"421,618"
Gonorrhea,2018,Indiana,18,35-44,All races/ethnicities,Female,538,130.6,"412,036"
Gonorrhea,2018,Indiana,18,25-34,All races/ethnicities,Female,"1,944",445.8,"436,033"
Gonorrhea,2018,Indiana,18,13-24,All races/ethnicities,Female,"3,448",636.9,"541,385"
Gonorrhea,2018,Indiana,18,55+,All races/ethnicities,Male,134,15.1,"889,205"
Gonorrhea,2018,Indiana,18,45-54,All races/ethnicities,Male,356,85.2,"417,854"
Gonorrhea,2018,Indiana,18,35-44,All races/ethnicities,Male,834,203.4,"410,050"
Gonorrhea,2018,Indiana,18,25-34,All races/ethnicities,Male,"2,372",535.9,"442,649"
Gonorrhea,2018,Indiana,18,13-24,All races/ethnicities,Male,"2,404",423.1,"568,242"
Chlamydia,2021,Indiana,18,55+,All races/ethnicities,Female,70,6.6,"1,056,409"
Chlamydia,2021,Indiana,18,45-54,All races/ethnicities,Female,269,66.1,"407,071"
Chlamydia,2021,Indiana,18,35-44,All races/ethnicities,Female,"1,160",271.7,"426,987"
Chlamydia,2021,Indiana,18,25-34,All races/ethnicities,Female,"5,416",1224.3,"442,365"
Chlamydia,2021,Indiana,18,13-24,All races/ethnicities,Female,"16,381",2967.3,"552,047"
Chlamydia,2021,Indiana,18,55+,All races/ethnicities,Male,127,13.6,"932,105"
Chlamydia,2021,Indiana,18,45-54,All races/ethnicities,Male,349,84.7,"412,268"
Chlamydia,2021,Indiana,18,35-44,All races/ethnicities,Male,"1,075",249.3,"431,223"
Chlamydia,2021,Indiana,18,25-34,All races/ethnicities,Male,"3,630",803.7,"451,652"
Chlamydia,2021,Indiana,18,13-24,All races/ethnicities,Male,"6,223",1075.3,"578,720"
Chlamydia,2020 (COVID-19 Pandemic),Indiana,18,55+,All races/ethnicities,Female,43,4.1,"1,047,858"
Chlamydia,2020 (COVID-19 Pandemic),Indiana,18,45-54,All races/ethnicities,Female,222,54.1,"410,476"
Chlamydia,2020 (COVID-19 Pandemic),Indiana,18,35-44,All races/ethnicities,Female,"1,070",253.5,"422,171"
Chlamydia,2020 (COVID-19 Pandemic),Indiana,18,25-34,All races/ethnicities,Female,"5,281",1199,"440,466"
Chlamydia,2020 (COVID-19 Pandemic),Indiana,18,13-24,All races/ethnicities,Female,"16,067",2930.5,"548,268"
Chlamydia,2020 (COVID-19 Pandemic),Indiana,18,55+,All races/ethnicities,Male,89,9.6,"923,982"
Chlamydia,2020 (COVID-19 Pandemic),Indiana,18,45-54,All races/ethnicities,Male,278,66.8,"416,044"
Chlamydia,2020 (COVID-19 Pandemic),Indiana,18,35-44,All races/ethnicities,Male,953,223.2,"427,022"
Chlamydia,2020 (COVID-19 Pandemic),Indiana,18,25-34,All races/ethnicities,Male,"3,330",743.4,"447,951"
Chlamydia,2020 (COVID-19 Pandemic),Indiana,18,13-24,All races/ethnicities,Male,"5,972",1039,"574,809"
Chlamydia,2019,Indiana,18,55+,All races/ethnicities,Female,51,4.8,"1,054,276"
Chlamydia,2019,Indiana,18,45-54,All races/ethnicities,Female,218,52.7,"414,022"
Chlamydia,2019,Indiana,18,35-44,All races/ethnicities,Female,"1,070",257.6,"415,428"
Chlamydia,2019,Indiana,18,25-34,All races/ethnicities,Female,"5,424",1229.2,"441,251"
Chlamydia,2019,Indiana,18,13-24,All races/ethnicities,Female,"17,106",3160.6,"541,234"
Chlamydia,2019,Indiana,18,55+,All races/ethnicities,Male,134,14.8,"906,549"
Chlamydia,2019,Indiana,18,45-54,All races/ethnicities,Male,274,66.8,"410,007"
Chlamydia,2019,Indiana,18,35-44,All races/ethnicities,Male,974,235.5,"413,531"
Chlamydia,2019,Indiana,18,25-34,All races/ethnicities,Male,"3,529",785.2,"449,436"
Chlamydia,2019,Indiana,18,13-24,All races/ethnicities,Male,"6,589",1158.3,"568,865"
Chlamydia,2018,Indiana,18,55+,All races/ethnicities,Female,46,4.4,"1,036,460"
Chlamydia,2018,Indiana,18,45-54,All races/ethnicities,Female,198,47,"421,618"
Chlamydia,2018,Indiana,18,35-44,All races/ethnicities,Female,"1,090",264.5,"412,036"
Chlamydia,2018,Indiana,18,25-34,All races/ethnicities,Female,"5,306",1216.9,"436,033"
Chlamydia,2018,Indiana,18,13-24,All races/ethnicities,Female,"17,116",3161.5,"541,385"
Chlamydia,2018,Indiana,18,55+,All races/ethnicities,Male,83,9.3,"889,205"
Chlamydia,2018,Indiana,18,45-54,All races/ethnicities,Male,265,63.4,"417,854"
Chlamydia,2018,Indiana,18,35-44,All races/ethnicities,Male,916,223.4,"410,050"
Chlamydia,2018,Indiana,18,25-34,All races/ethnicities,Male,"3,502",791.1,"442,649"
Chlamydia,2018,Indiana,18,13-24,All races/ethnicities,Male,"6,361",1119.4,"568,242"
HIV diagnoses,2021,Indiana,18,55+,All races/ethnicities,Female,17,1.6,"1,056,409"
HIV diagnoses,2021,Indiana,18,45-54,All races/ethnicities,Female,12,2.9,"407,071"
HIV diagnoses,2021,Indiana,18,35-44,All races/ethnicities,Female,26,6.1,"426,987"
HIV diagnoses,2021,Indiana,18,25-34,All races/ethnicities,Female,42,9.5,"442,365"
HIV diagnoses,2021,Indiana,18,13-24,All races/ethnicities,Female,10,1.8,"552,047"
HIV diagnoses,2021,Indiana,18,55+,All races/ethnicities,Male,25,2.7,"932,105"
HIV diagnoses,2021,Indiana,18,45-54,All races/ethnicities,Male,52,12.6,"412,268"
HIV diagnoses,2021,Indiana,18,35-44,All races/ethnicities,Male,75,17.4,"431,223"
HIV diagnoses,2021,Indiana,18,25-34,All races/ethnicities,Male,179,39.6,"451,652"
HIV diagnoses,2021,Indiana,18,13-24,All races/ethnicities,Male,90,15.6,"578,720"
HIV diagnoses,2020 (COVID-19 Pandemic),Indiana,18,55+,All races/ethnicities,Female,6,0.6,"1,047,858"
HIV diagnoses,2020 (COVID-19 Pandemic),Indiana,18,45-54,All races/ethnicities,Female,22,5.4,"410,476"
HIV diagnoses,2020 (COVID-19 Pandemic),Indiana,18,35-44,All races/ethnicities,Female,18,4.3,"422,171"
HIV diagnoses,2020 (COVID-19 Pandemic),Indiana,18,25-34,All races/ethnicities,Female,28,6.4,"440,466"
HIV diagnoses,2020 (COVID-19 Pandemic),Indiana,18,13-24,All races/ethnicities,Female,10,1.8,"548,268"
HIV diagnoses,2020 (COVID-19 Pandemic),Indiana,18,55+,All races/ethnicities,Male,28,3,"923,982"
HIV diagnoses,2020 (COVID-19 Pandemic),Indiana,18,45-54,All races/ethnicities,Male,43,10.3,"416,044"
HIV diagnoses,2020 (COVID-19 Pandemic),Indiana,18,35-44,All races/ethnicities,Male,70,16.4,"427,022"
HIV diagnoses,2020 (COVID-19 Pandemic),Indiana,18,25-34,All races/ethnicities,Male,134,29.9,"447,951"
HIV diagnoses,2020 (COVID-19 Pandemic),Indiana,18,13-24,All races/ethnicities,Male,71,12.4,"574,809"
HIV diagnoses,2019,Indiana,18,55+,All races/ethnicities,Female,10,0.9,"1,053,363"
HIV diagnoses,2019,Indiana,18,45-54,All races/ethnicities,Female,17,4.1,"414,000"
HIV diagnoses,2019,Indiana,18,35-44,All races/ethnicities,Female,31,7.5,"415,406"
HIV diagnoses,2019,Indiana,18,25-34,All races/ethnicities,Female,21,4.8,"441,298"
HIV diagnoses,2019,Indiana,18,13-24,All races/ethnicities,Female,13,2.4,"540,918"
HIV diagnoses,2019,Indiana,18,55+,All races/ethnicities,Male,35,3.9,"905,048"
HIV diagnoses,2019,Indiana,18,45-54,All races/ethnicities,Male,37,9,"409,737"
HIV diagnoses,2019,Indiana,18,35-44,All races/ethnicities,Male,81,19.6,"413,561"
HIV diagnoses,2019,Indiana,18,25-34,All races/ethnicities,Male,153,34,"450,352"
HIV diagnoses,2019,Indiana,18,13-24,All races/ethnicities,Male,86,15.1,"567,993"
HIV diagnoses,2018,Indiana,18,55+,All races/ethnicities,Female,10,1,"1,035,906"
HIV diagnoses,2018,Indiana,18,45-54,All races/ethnicities,Female,12,2.8,"421,653"
HIV diagnoses,2018,Indiana,18,35-44,All races/ethnicities,Female,26,6.3,"412,101"
HIV diagnoses,2018,Indiana,18,25-34,All races/ethnicities,Female,45,10.3,"436,641"
HIV diagnoses,2018,Indiana,18,13-24,All races/ethnicities,Female,21,3.9,"541,625"
HIV diagnoses,2018,Indiana,18,55+,All races/ethnicities,Male,35,3.9,"888,680"
HIV diagnoses,2018,Indiana,18,45-54,All races/ethnicities,Male,40,9.6,"417,799"
HIV diagnoses,2018,Indiana,18,35-44,All races/ethnicities,Male,73,17.8,"410,271"
HIV diagnoses,2018,Indiana,18,25-34,All races/ethnicities,Male,149,33.6,"443,737"
HIV diagnoses,2018,Indiana,18,13-24,All races/ethnicities,Male,103,18.1,"568,392"
Gonorrhea,2021,Iowa,19,55+,All races/ethnicities,Female,32,6.2,"512,447"
Gonorrhea,2021,Iowa,19,45-54,All races/ethnicities,Female,113,63.8,"176,982"
Gonorrhea,2021,Iowa,19,35-44,All races/ethnicities,Female,508,259,"196,114"
Gonorrhea,2021,Iowa,19,25-34,All races/ethnicities,Female,"1,115",577.3,"193,148"
Gonorrhea,2021,Iowa,19,13-24,All races/ethnicities,Female,"1,565",600.5,"260,624"
Gonorrhea,2021,Iowa,19,55+,All races/ethnicities,Male,96,20.6,"465,016"
Gonorrhea,2021,Iowa,19,45-54,All races/ethnicities,Male,219,118.4,"184,981"
Gonorrhea,2021,Iowa,19,35-44,All races/ethnicities,Male,643,310,"207,396"
Gonorrhea,2021,Iowa,19,25-34,All races/ethnicities,Male,"1,098",537.1,"204,417"
Gonorrhea,2021,Iowa,19,13-24,All races/ethnicities,Male,"1,011",367.7,"274,964"
Gonorrhea,2020 (COVID-19 Pandemic),Iowa,19,55+,All races/ethnicities,Female,22,4.3,"510,446"
Gonorrhea,2020 (COVID-19 Pandemic),Iowa,19,45-54,All races/ethnicities,Female,94,52.6,"178,616"
Gonorrhea,2020 (COVID-19 Pandemic),Iowa,19,35-44,All races/ethnicities,Female,482,248.8,"193,762"
Gonorrhea,2020 (COVID-19 Pandemic),Iowa,19,25-34,All races/ethnicities,Female,"1,166",603.8,"193,110"
Gonorrhea,2020 (COVID-19 Pandemic),Iowa,19,13-24,All races/ethnicities,Female,"1,701",657.8,"258,602"
Gonorrhea,2020 (COVID-19 Pandemic),Iowa,19,55+,All races/ethnicities,Male,81,17.5,"462,059"
Gonorrhea,2020 (COVID-19 Pandemic),Iowa,19,45-54,All races/ethnicities,Male,212,113.9,"186,207"
Gonorrhea,2020 (COVID-19 Pandemic),Iowa,19,35-44,All races/ethnicities,Male,634,309.9,"204,595"
Gonorrhea,2020 (COVID-19 Pandemic),Iowa,19,25-34,All races/ethnicities,Male,"1,371",673.9,"203,438"
Gonorrhea,2020 (COVID-19 Pandemic),Iowa,19,13-24,All races/ethnicities,Male,"1,152",422.4,"272,705"
Gonorrhea,2019,Iowa,19,55+,All races/ethnicities,Female,16,3.1,"514,651"
Gonorrhea,2019,Iowa,19,45-54,All races/ethnicities,Female,69,38.4,"179,900"
Gonorrhea,2019,Iowa,19,35-44,All races/ethnicities,Female,347,183.6,"189,018"
Gonorrhea,2019,Iowa,19,25-34,All races/ethnicities,Female,955,494.3,"193,206"
Gonorrhea,2019,Iowa,19,13-24,All races/ethnicities,Female,"1,327",525.1,"252,725"
Gonorrhea,2019,Iowa,19,55+,All races/ethnicities,Male,68,15,"453,999"
Gonorrhea,2019,Iowa,19,45-54,All races/ethnicities,Male,126,69,"182,609"
Gonorrhea,2019,Iowa,19,35-44,All races/ethnicities,Male,470,239.6,"196,197"
Gonorrhea,2019,Iowa,19,25-34,All races/ethnicities,Male,"1,039",507,"204,944"
Gonorrhea,2019,Iowa,19,13-24,All races/ethnicities,Male,888,332.8,"266,808"
Gonorrhea,2018,Iowa,19,55+,All races/ethnicities,Female,15,3,"508,353"
Gonorrhea,2018,Iowa,19,45-54,All races/ethnicities,Female,69,37.4,"184,313"
Gonorrhea,2018,Iowa,19,35-44,All races/ethnicities,Female,312,167.5,"186,320"
Gonorrhea,2018,Iowa,19,25-34,All races/ethnicities,Female,862,446.2,"193,199"
Gonorrhea,2018,Iowa,19,13-24,All races/ethnicities,Female,"1,218",481,"253,203"
Gonorrhea,2018,Iowa,19,55+,All races/ethnicities,Male,55,12.3,"447,437"
Gonorrhea,2018,Iowa,19,45-54,All races/ethnicities,Male,160,85.8,"186,581"
Gonorrhea,2018,Iowa,19,35-44,All races/ethnicities,Male,398,206.1,"193,118"
Gonorrhea,2018,Iowa,19,25-34,All races/ethnicities,Male,942,462.1,"203,840"
Gonorrhea,2018,Iowa,19,13-24,All races/ethnicities,Male,806,301.1,"267,688"
Chlamydia,2021,Iowa,19,55+,All races/ethnicities,Female,31,6,"512,447"
Chlamydia,2021,Iowa,19,45-54,All races/ethnicities,Female,124,70.1,"176,982"
Chlamydia,2021,Iowa,19,35-44,All races/ethnicities,Female,593,302.4,"196,114"
Chlamydia,2021,Iowa,19,25-34,All races/ethnicities,Female,"2,338",1210.5,"193,148"
Chlamydia,2021,Iowa,19,13-24,All races/ethnicities,Female,"7,248",2781,"260,624"
Chlamydia,2021,Iowa,19,55+,All races/ethnicities,Male,60,12.9,"465,016"
Chlamydia,2021,Iowa,19,45-54,All races/ethnicities,Male,155,83.8,"184,981"
Chlamydia,2021,Iowa,19,35-44,All races/ethnicities,Male,497,239.6,"207,396"
Chlamydia,2021,Iowa,19,25-34,All races/ethnicities,Male,"1,575",770.5,"204,417"
Chlamydia,2021,Iowa,19,13-24,All races/ethnicities,Male,"2,990",1087.4,"274,964"
Chlamydia,2020 (COVID-19 Pandemic),Iowa,19,55+,All races/ethnicities,Female,23,4.5,"510,446"
Chlamydia,2020 (COVID-19 Pandemic),Iowa,19,45-54,All races/ethnicities,Female,95,53.2,"178,616"
Chlamydia,2020 (COVID-19 Pandemic),Iowa,19,35-44,All races/ethnicities,Female,546,281.8,"193,762"
Chlamydia,2020 (COVID-19 Pandemic),Iowa,19,25-34,All races/ethnicities,Female,"2,262",1171.4,"193,110"
Chlamydia,2020 (COVID-19 Pandemic),Iowa,19,13-24,All races/ethnicities,Female,"7,197",2783,"258,602"
Chlamydia,2020 (COVID-19 Pandemic),Iowa,19,55+,All races/ethnicities,Male,44,9.5,"462,059"
Chlamydia,2020 (COVID-19 Pandemic),Iowa,19,45-54,All races/ethnicities,Male,124,66.6,"186,207"
Chlamydia,2020 (COVID-19 Pandemic),Iowa,19,35-44,All races/ethnicities,Male,471,230.2,"204,595"
Chlamydia,2020 (COVID-19 Pandemic),Iowa,19,25-34,All races/ethnicities,Male,"1,511",742.7,"203,438"
Chlamydia,2020 (COVID-19 Pandemic),Iowa,19,13-24,All races/ethnicities,Male,"2,817",1033,"272,705"
Chlamydia,2019,Iowa,19,55+,All races/ethnicities,Female,23,4.5,"514,651"
Chlamydia,2019,Iowa,19,45-54,All races/ethnicities,Female,90,50,"179,900"
Chlamydia,2019,Iowa,19,35-44,All races/ethnicities,Female,535,283,"189,018"
Chlamydia,2019,Iowa,19,25-34,All races/ethnicities,Female,"2,313",1197.2,"193,206"
Chlamydia,2019,Iowa,19,13-24,All races/ethnicities,Female,"7,595",3005.2,"252,725"
Chlamydia,2019,Iowa,19,55+,All races/ethnicities,Male,54,11.9,"453,999"
Chlamydia,2019,Iowa,19,45-54,All races/ethnicities,Male,139,76.1,"182,609"
Chlamydia,2019,Iowa,19,35-44,All races/ethnicities,Male,494,251.8,"196,197"
Chlamydia,2019,Iowa,19,25-34,All races/ethnicities,Male,"1,721",839.7,"204,944"
Chlamydia,2019,Iowa,19,13-24,All races/ethnicities,Male,"3,077",1153.3,"266,808"
Chlamydia,2018,Iowa,19,55+,All races/ethnicities,Female,19,3.7,"508,353"
Chlamydia,2018,Iowa,19,45-54,All races/ethnicities,Female,93,50.5,"184,313"
Chlamydia,2018,Iowa,19,35-44,All races/ethnicities,Female,466,250.1,"186,320"
Chlamydia,2018,Iowa,19,25-34,All races/ethnicities,Female,"2,265",1172.4,"193,199"
Chlamydia,2018,Iowa,19,13-24,All races/ethnicities,Female,"6,943",2742.1,"253,203"
Chlamydia,2018,Iowa,19,55+,All races/ethnicities,Male,37,8.3,"447,437"
Chlamydia,2018,Iowa,19,45-54,All races/ethnicities,Male,120,64.3,"186,581"
Chlamydia,2018,Iowa,19,35-44,All races/ethnicities,Male,442,228.9,"193,118"
Chlamydia,2018,Iowa,19,25-34,All races/ethnicities,Male,"1,510",740.8,"203,840"
Chlamydia,2018,Iowa,19,13-24,All races/ethnicities,Male,"2,779",1038.1,"267,688"
HIV diagnoses,2021,Iowa,19,55+,All races/ethnicities,Female,4,0.8,"512,447"
HIV diagnoses,2021,Iowa,19,45-54,All races/ethnicities,Female,4,2.3,"176,982"
HIV diagnoses,2021,Iowa,19,35-44,All races/ethnicities,Female,9,4.6,"196,114"
HIV diagnoses,2021,Iowa,19,25-34,All races/ethnicities,Female,6,3.1,"193,148"
HIV diagnoses,2021,Iowa,19,13-24,All races/ethnicities,Female,3,1.2,"260,624"
HIV diagnoses,2021,Iowa,19,55+,All races/ethnicities,Male,13,2.8,"465,016"
HIV diagnoses,2021,Iowa,19,45-54,All races/ethnicities,Male,17,9.2,"184,981"
HIV diagnoses,2021,Iowa,19,35-44,All races/ethnicities,Male,19,9.2,"207,396"
HIV diagnoses,2021,Iowa,19,25-34,All races/ethnicities,Male,33,16.1,"204,417"
HIV diagnoses,2021,Iowa,19,13-24,All races/ethnicities,Male,16,5.8,"274,964"
HIV diagnoses,2020 (COVID-19 Pandemic),Iowa,19,55+,All races/ethnicities,Female,2,0.4,"510,446"
HIV diagnoses,2020 (COVID-19 Pandemic),Iowa,19,45-54,All races/ethnicities,Female,7,3.9,"178,616"
HIV diagnoses,2020 (COVID-19 Pandemic),Iowa,19,35-44,All races/ethnicities,Female,3,1.5,"193,762"
HIV diagnoses,2020 (COVID-19 Pandemic),Iowa,19,25-34,All races/ethnicities,Female,2,1,"193,110"
HIV diagnoses,2020 (COVID-19 Pandemic),Iowa,19,13-24,All races/ethnicities,Female,8,3.1,"258,602"
HIV diagnoses,2020 (COVID-19 Pandemic),Iowa,19,55+,All races/ethnicities,Male,5,1.1,"462,059"
HIV diagnoses,2020 (COVID-19 Pandemic),Iowa,19,45-54,All races/ethnicities,Male,6,3.2,"186,207"
HIV diagnoses,2020 (COVID-19 Pandemic),Iowa,19,35-44,All races/ethnicities,Male,20,9.8,"204,595"
HIV diagnoses,2020 (COVID-19 Pandemic),Iowa,19,25-34,All races/ethnicities,Male,29,14.3,"203,438"
HIV diagnoses,2020 (COVID-19 Pandemic),Iowa,19,13-24,All races/ethnicities,Male,18,6.6,"272,705"
HIV diagnoses,2019,Iowa,19,55+,All races/ethnicities,Female,2,0.4,"514,458"
HIV diagnoses,2019,Iowa,19,45-54,All races/ethnicities,Female,5,2.8,"179,965"
HIV diagnoses,2019,Iowa,19,35-44,All races/ethnicities,Female,10,5.3,"189,345"
HIV diagnoses,2019,Iowa,19,25-34,All races/ethnicities,Female,7,3.6,"194,107"
HIV diagnoses,2019,Iowa,19,13-24,All races/ethnicities,Female,4,1.6,"253,763"
HIV diagnoses,2019,Iowa,19,55+,All races/ethnicities,Male,16,3.5,"453,470"
HIV diagnoses,2019,Iowa,19,45-54,All races/ethnicities,Male,3,1.6,"182,596"
HIV diagnoses,2019,Iowa,19,35-44,All races/ethnicities,Male,17,8.6,"196,779"
HIV diagnoses,2019,Iowa,19,25-34,All races/ethnicities,Male,17,8.3,"205,697"
HIV diagnoses,2019,Iowa,19,13-24,All races/ethnicities,Male,20,7.5,"267,762"
HIV diagnoses,2018,Iowa,19,55+,All races/ethnicities,Female,2,0.4,"508,127"
HIV diagnoses,2018,Iowa,19,45-54,All races/ethnicities,Female,5,2.7,"184,312"
HIV diagnoses,2018,Iowa,19,35-44,All races/ethnicities,Female,10,5.4,"186,386"
HIV diagnoses,2018,Iowa,19,25-34,All races/ethnicities,Female,9,4.6,"193,565"
HIV diagnoses,2018,Iowa,19,13-24,All races/ethnicities,Female,6,2.4,"253,531"
HIV diagnoses,2018,Iowa,19,55+,All races/ethnicities,Male,9,2,"447,248"
HIV diagnoses,2018,Iowa,19,45-54,All races/ethnicities,Male,10,5.4,"186,502"
HIV diagnoses,2018,Iowa,19,35-44,All races/ethnicities,Male,15,7.8,"193,300"
HIV diagnoses,2018,Iowa,19,25-34,All races/ethnicities,Male,35,17.2,"204,047"
HIV diagnoses,2018,Iowa,19,13-24,All races/ethnicities,Male,13,4.9,"267,917"
Gonorrhea,2021,Kansas,20,55+,All races/ethnicities,Female,31,6.9,"451,042"
Gonorrhea,2021,Kansas,20,45-54,All races/ethnicities,Female,97,60,"161,549"
Gonorrhea,2021,Kansas,20,35-44,All races/ethnicities,Female,365,197.5,"184,854"
Gonorrhea,2021,Kansas,20,25-34,All races/ethnicities,Female,874,476.7,"183,347"
Gonorrhea,2021,Kansas,20,13-24,All races/ethnicities,Female,"1,449",599.1,"241,844"
Gonorrhea,2021,Kansas,20,55+,All races/ethnicities,Male,70,17.3,"404,649"
Gonorrhea,2021,Kansas,20,45-54,All races/ethnicities,Male,158,95,"166,257"
Gonorrhea,2021,Kansas,20,35-44,All races/ethnicities,Male,450,235.1,"191,448"
Gonorrhea,2021,Kansas,20,25-34,All races/ethnicities,Male,"1,022",525.3,"194,551"
Gonorrhea,2021,Kansas,20,13-24,All races/ethnicities,Male,"1,129",433.4,"260,512"
Gonorrhea,2020 (COVID-19 Pandemic),Kansas,20,55+,All races/ethnicities,Female,14,3.1,"448,623"
Gonorrhea,2020 (COVID-19 Pandemic),Kansas,20,45-54,All races/ethnicities,Female,73,44.8,"162,811"
Gonorrhea,2020 (COVID-19 Pandemic),Kansas,20,35-44,All races/ethnicities,Female,315,172.4,"182,720"
Gonorrhea,2020 (COVID-19 Pandemic),Kansas,20,25-34,All races/ethnicities,Female,824,447.9,"183,986"
Gonorrhea,2020 (COVID-19 Pandemic),Kansas,20,13-24,All races/ethnicities,Female,"1,574",653.4,"240,902"
Gonorrhea,2020 (COVID-19 Pandemic),Kansas,20,55+,All races/ethnicities,Male,79,19.6,"402,077"
Gonorrhea,2020 (COVID-19 Pandemic),Kansas,20,45-54,All races/ethnicities,Male,151,90.3,"167,257"
Gonorrhea,2020 (COVID-19 Pandemic),Kansas,20,35-44,All races/ethnicities,Male,417,220.3,"189,269"
Gonorrhea,2020 (COVID-19 Pandemic),Kansas,20,25-34,All races/ethnicities,Male,"1,011",518,"195,189"
Gonorrhea,2020 (COVID-19 Pandemic),Kansas,20,13-24,All races/ethnicities,Male,"1,164",449.5,"258,936"
Gonorrhea,2019,Kansas,20,55+,All races/ethnicities,Female,9,2,"451,674"
Gonorrhea,2019,Kansas,20,45-54,All races/ethnicities,Female,60,36.6,"163,884"
Gonorrhea,2019,Kansas,20,35-44,All races/ethnicities,Female,264,147.9,"178,452"
Gonorrhea,2019,Kansas,20,25-34,All races/ethnicities,Female,740,399.4,"185,261"
Gonorrhea,2019,Kansas,20,13-24,All races/ethnicities,Female,"1,389",585.9,"237,091"
Gonorrhea,2019,Kansas,20,55+,All races/ethnicities,Male,67,16.9,"395,318"
Gonorrhea,2019,Kansas,20,45-54,All races/ethnicities,Male,139,84.7,"164,077"
Gonorrhea,2019,Kansas,20,35-44,All races/ethnicities,Male,338,185.1,"182,577"
Gonorrhea,2019,Kansas,20,25-34,All races/ethnicities,Male,905,457.9,"197,661"
Gonorrhea,2019,Kansas,20,13-24,All races/ethnicities,Male,"1,032",404.1,"255,388"
Gonorrhea,2018,Kansas,20,55+,All races/ethnicities,Female,18,4,"445,325"
Gonorrhea,2018,Kansas,20,45-54,All races/ethnicities,Female,63,37.6,"167,766"
Gonorrhea,2018,Kansas,20,35-44,All races/ethnicities,Female,230,130.6,"176,047"
Gonorrhea,2018,Kansas,20,25-34,All races/ethnicities,Female,796,427.7,"186,130"
Gonorrhea,2018,Kansas,20,13-24,All races/ethnicities,Female,"1,502",632.6,"237,449"
Gonorrhea,2018,Kansas,20,55+,All races/ethnicities,Male,67,17.2,"388,849"
Gonorrhea,2018,Kansas,20,45-54,All races/ethnicities,Male,161,95.9,"167,918"
Gonorrhea,2018,Kansas,20,35-44,All races/ethnicities,Male,401,222.2,"180,460"
Gonorrhea,2018,Kansas,20,25-34,All races/ethnicities,Male,965,487.8,"197,809"
Gonorrhea,2018,Kansas,20,13-24,All races/ethnicities,Male,"1,046",408.2,"256,272"
Chlamydia,2021,Kansas,20,55+,All races/ethnicities,Female,25,5.5,"451,042"
Chlamydia,2021,Kansas,20,45-54,All races/ethnicities,Female,114,70.6,"161,549"
Chlamydia,2021,Kansas,20,35-44,All races/ethnicities,Female,560,302.9,"184,854"
Chlamydia,2021,Kansas,20,25-34,All races/ethnicities,Female,"2,119",1155.7,"183,347"
Chlamydia,2021,Kansas,20,13-24,All races/ethnicities,Female,"7,112",2940.7,"241,844"
Chlamydia,2021,Kansas,20,55+,All races/ethnicities,Male,47,11.6,"404,649"
Chlamydia,2021,Kansas,20,45-54,All races/ethnicities,Male,133,80,"166,257"
Chlamydia,2021,Kansas,20,35-44,All races/ethnicities,Male,423,220.9,"191,448"
Chlamydia,2021,Kansas,20,25-34,All races/ethnicities,Male,"1,482",761.8,"194,551"
Chlamydia,2021,Kansas,20,13-24,All races/ethnicities,Male,"2,825",1084.4,"260,512"
Chlamydia,2020 (COVID-19 Pandemic),Kansas,20,55+,All races/ethnicities,Female,19,4.2,"448,623"
Chlamydia,2020 (COVID-19 Pandemic),Kansas,20,45-54,All races/ethnicities,Female,84,51.6,"162,811"
Chlamydia,2020 (COVID-19 Pandemic),Kansas,20,35-44,All races/ethnicities,Female,468,256.1,"182,720"
Chlamydia,2020 (COVID-19 Pandemic),Kansas,20,25-34,All races/ethnicities,Female,"2,181",1185.4,"183,986"
Chlamydia,2020 (COVID-19 Pandemic),Kansas,20,13-24,All races/ethnicities,Female,"7,190",2984.6,"240,902"
Chlamydia,2020 (COVID-19 Pandemic),Kansas,20,55+,All races/ethnicities,Male,26,6.5,"402,077"
Chlamydia,2020 (COVID-19 Pandemic),Kansas,20,45-54,All races/ethnicities,Male,94,56.2,"167,257"
Chlamydia,2020 (COVID-19 Pandemic),Kansas,20,35-44,All races/ethnicities,Male,358,189.1,"189,269"
Chlamydia,2020 (COVID-19 Pandemic),Kansas,20,25-34,All races/ethnicities,Male,"1,392",713.2,"195,189"
Chlamydia,2020 (COVID-19 Pandemic),Kansas,20,13-24,All races/ethnicities,Male,"2,794",1079,"258,936"
Chlamydia,2019,Kansas,20,55+,All races/ethnicities,Female,26,5.8,"451,674"
Chlamydia,2019,Kansas,20,45-54,All races/ethnicities,Female,94,57.4,"163,884"
Chlamydia,2019,Kansas,20,35-44,All races/ethnicities,Female,504,282.4,"178,452"
Chlamydia,2019,Kansas,20,25-34,All races/ethnicities,Female,"2,254",1216.7,"185,261"
Chlamydia,2019,Kansas,20,13-24,All races/ethnicities,Female,"7,490",3159.1,"237,091"
Chlamydia,2019,Kansas,20,55+,All races/ethnicities,Male,38,9.6,"395,318"
Chlamydia,2019,Kansas,20,45-54,All races/ethnicities,Male,101,61.6,"164,077"
Chlamydia,2019,Kansas,20,35-44,All races/ethnicities,Male,373,204.3,"182,577"
Chlamydia,2019,Kansas,20,25-34,All races/ethnicities,Male,"1,413",714.9,"197,661"
Chlamydia,2019,Kansas,20,13-24,All races/ethnicities,Male,"2,983",1168,"255,388"
Chlamydia,2018,Kansas,20,55+,All races/ethnicities,Female,17,3.8,"445,325"
Chlamydia,2018,Kansas,20,45-54,All races/ethnicities,Female,82,48.9,"167,766"
Chlamydia,2018,Kansas,20,35-44,All races/ethnicities,Female,405,230.1,"176,047"
Chlamydia,2018,Kansas,20,25-34,All races/ethnicities,Female,"2,095",1125.6,"186,130"
Chlamydia,2018,Kansas,20,13-24,All races/ethnicities,Female,"7,187",3026.8,"237,449"
Chlamydia,2018,Kansas,20,55+,All races/ethnicities,Male,43,11.1,"388,849"
Chlamydia,2018,Kansas,20,45-54,All races/ethnicities,Male,112,66.7,"167,918"
Chlamydia,2018,Kansas,20,35-44,All races/ethnicities,Male,329,182.3,"180,460"
Chlamydia,2018,Kansas,20,25-34,All races/ethnicities,Male,"1,358",686.5,"197,809"
Chlamydia,2018,Kansas,20,13-24,All races/ethnicities,Male,"2,595",1012.6,"256,272"
HIV diagnoses,2021,Kansas,20,55+,All races/ethnicities,Female,4,0.9,"451,042"
HIV diagnoses,2021,Kansas,20,45-54,All races/ethnicities,Female,4,2.5,"161,549"
HIV diagnoses,2021,Kansas,20,35-44,All races/ethnicities,Female,5,2.7,"184,854"
HIV diagnoses,2021,Kansas,20,25-34,All races/ethnicities,Female,8,4.4,"183,347"
HIV diagnoses,2021,Kansas,20,13-24,All races/ethnicities,Female,3,1.2,"241,844"
HIV diagnoses,2021,Kansas,20,55+,All races/ethnicities,Male,9,2.2,"404,649"
HIV diagnoses,2021,Kansas,20,45-54,All races/ethnicities,Male,17,10.2,"166,257"
HIV diagnoses,2021,Kansas,20,35-44,All races/ethnicities,Male,30,15.7,"191,448"
HIV diagnoses,2021,Kansas,20,25-34,All races/ethnicities,Male,45,23.1,"194,551"
HIV diagnoses,2021,Kansas,20,13-24,All races/ethnicities,Male,29,11.1,"260,512"
HIV diagnoses,2020 (COVID-19 Pandemic),Kansas,20,55+,All races/ethnicities,Female,4,0.9,"448,623"
HIV diagnoses,2020 (COVID-19 Pandemic),Kansas,20,45-54,All races/ethnicities,Female,6,3.7,"162,811"
HIV diagnoses,2020 (COVID-19 Pandemic),Kansas,20,35-44,All races/ethnicities,Female,5,2.7,"182,720"
HIV diagnoses,2020 (COVID-19 Pandemic),Kansas,20,25-34,All races/ethnicities,Female,3,1.6,"183,986"
HIV diagnoses,2020 (COVID-19 Pandemic),Kansas,20,13-24,All races/ethnicities,Female,3,1.2,"240,902"
HIV diagnoses,2020 (COVID-19 Pandemic),Kansas,20,55+,All races/ethnicities,Male,7,1.7,"402,077"
HIV diagnoses,2020 (COVID-19 Pandemic),Kansas,20,45-54,All races/ethnicities,Male,10,6,"167,257"
HIV diagnoses,2020 (COVID-19 Pandemic),Kansas,20,35-44,All races/ethnicities,Male,21,11.1,"189,269"
HIV diagnoses,2020 (COVID-19 Pandemic),Kansas,20,25-34,All races/ethnicities,Male,56,28.7,"195,189"
HIV diagnoses,2020 (COVID-19 Pandemic),Kansas,20,13-24,All races/ethnicities,Male,25,9.7,"258,936"
HIV diagnoses,2019,Kansas,20,55+,All races/ethnicities,Female,3,0.7,"451,457"
HIV diagnoses,2019,Kansas,20,45-54,All races/ethnicities,Female,4,2.4,"163,839"
HIV diagnoses,2019,Kansas,20,35-44,All races/ethnicities,Female,8,4.5,"178,504"
HIV diagnoses,2019,Kansas,20,25-34,All races/ethnicities,Female,8,4.3,"185,376"
HIV diagnoses,2019,Kansas,20,13-24,All races/ethnicities,Female,5,2.1,"237,314"
HIV diagnoses,2019,Kansas,20,55+,All races/ethnicities,Male,9,2.3,"394,650"
HIV diagnoses,2019,Kansas,20,45-54,All races/ethnicities,Male,15,9.1,"164,018"
HIV diagnoses,2019,Kansas,20,35-44,All races/ethnicities,Male,18,9.9,"182,597"
HIV diagnoses,2019,Kansas,20,25-34,All races/ethnicities,Male,34,17.2,"197,506"
HIV diagnoses,2019,Kansas,20,13-24,All races/ethnicities,Male,28,11,"254,484"
HIV diagnoses,2018,Kansas,20,55+,All races/ethnicities,Female,7,1.6,"445,045"
HIV diagnoses,2018,Kansas,20,45-54,All races/ethnicities,Female,4,2.4,"167,703"
HIV diagnoses,2018,Kansas,20,35-44,All races/ethnicities,Female,4,2.3,"176,159"
HIV diagnoses,2018,Kansas,20,25-34,All races/ethnicities,Female,7,3.8,"186,439"
HIV diagnoses,2018,Kansas,20,13-24,All races/ethnicities,Female,4,1.7,"237,869"
HIV diagnoses,2018,Kansas,20,55+,All races/ethnicities,Male,4,1,"388,291"
HIV diagnoses,2018,Kansas,20,45-54,All races/ethnicities,Male,14,8.3,"167,898"
HIV diagnoses,2018,Kansas,20,35-44,All races/ethnicities,Male,28,15.5,"180,541"
HIV diagnoses,2018,Kansas,20,25-34,All races/ethnicities,Male,46,23.2,"198,132"
HIV diagnoses,2018,Kansas,20,13-24,All races/ethnicities,Male,37,14.4,"256,521"
Gonorrhea,2021,Kentucky,21,55+,All races/ethnicities,Female,43,5.9,"730,538"
Gonorrhea,2021,Kentucky,21,45-54,All races/ethnicities,Female,112,40.2,"278,437"
Gonorrhea,2021,Kentucky,21,35-44,All races/ethnicities,Female,486,173.1,"280,692"
Gonorrhea,2021,Kentucky,21,25-34,All races/ethnicities,Female,"1,327",458.2,"289,642"
Gonorrhea,2021,Kentucky,21,13-24,All races/ethnicities,Female,"2,008",577.5,"347,686"
Gonorrhea,2021,Kentucky,21,55+,All races/ethnicities,Male,182,28.5,"638,330"
Gonorrhea,2021,Kentucky,21,45-54,All races/ethnicities,Male,307,110,"279,197"
Gonorrhea,2021,Kentucky,21,35-44,All races/ethnicities,Male,716,253.5,"282,457"
Gonorrhea,2021,Kentucky,21,25-34,All races/ethnicities,Male,"1,662",554.9,"299,535"
Gonorrhea,2021,Kentucky,21,13-24,All races/ethnicities,Male,"1,337",364.7,"366,580"
Gonorrhea,2020 (COVID-19 Pandemic),Kentucky,21,55+,All races/ethnicities,Female,28,3.9,"725,530"
Gonorrhea,2020 (COVID-19 Pandemic),Kentucky,21,45-54,All races/ethnicities,Female,132,46.9,"281,678"
Gonorrhea,2020 (COVID-19 Pandemic),Kentucky,21,35-44,All races/ethnicities,Female,484,173.2,"279,466"
Gonorrhea,2020 (COVID-19 Pandemic),Kentucky,21,25-34,All races/ethnicities,Female,"1,302",451.7,"288,253"
Gonorrhea,2020 (COVID-19 Pandemic),Kentucky,21,13-24,All races/ethnicities,Female,"2,167",628.6,"344,749"
Gonorrhea,2020 (COVID-19 Pandemic),Kentucky,21,55+,All races/ethnicities,Male,171,27,"633,797"
Gonorrhea,2020 (COVID-19 Pandemic),Kentucky,21,45-54,All races/ethnicities,Male,313,110.8,"282,493"
Gonorrhea,2020 (COVID-19 Pandemic),Kentucky,21,35-44,All races/ethnicities,Male,735,261.3,"281,283"
Gonorrhea,2020 (COVID-19 Pandemic),Kentucky,21,25-34,All races/ethnicities,Male,"1,568",526.1,"298,040"
Gonorrhea,2020 (COVID-19 Pandemic),Kentucky,21,13-24,All races/ethnicities,Male,"1,421",390,"364,336"
Gonorrhea,2019,Kentucky,21,55+,All races/ethnicities,Female,20,2.7,"727,854"
Gonorrhea,2019,Kentucky,21,45-54,All races/ethnicities,Female,86,30.2,"284,729"
Gonorrhea,2019,Kentucky,21,35-44,All races/ethnicities,Female,388,140.3,"276,619"
Gonorrhea,2019,Kentucky,21,25-34,All races/ethnicities,Female,"1,160",402.6,"288,130"
Gonorrhea,2019,Kentucky,21,13-24,All races/ethnicities,Female,"1,825",538.5,"338,881"
Gonorrhea,2019,Kentucky,21,55+,All races/ethnicities,Male,154,24.8,"620,999"
Gonorrhea,2019,Kentucky,21,45-54,All races/ethnicities,Male,283,101.5,"278,933"
Gonorrhea,2019,Kentucky,21,35-44,All races/ethnicities,Male,637,232.2,"274,334"
Gonorrhea,2019,Kentucky,21,25-34,All races/ethnicities,Male,"1,482",495.2,"299,250"
Gonorrhea,2019,Kentucky,21,13-24,All races/ethnicities,Male,"1,276",355.7,"358,749"
Gonorrhea,2018,Kentucky,21,55+,All races/ethnicities,Female,22,3.1,"716,103"
Gonorrhea,2018,Kentucky,21,45-54,All races/ethnicities,Female,74,25.4,"291,367"
Gonorrhea,2018,Kentucky,21,35-44,All races/ethnicities,Female,316,114.3,"276,410"
Gonorrhea,2018,Kentucky,21,25-34,All races/ethnicities,Female,"1,263",439.2,"287,544"
Gonorrhea,2018,Kentucky,21,13-24,All races/ethnicities,Female,"1,963",577.8,"339,722"
Gonorrhea,2018,Kentucky,21,55+,All races/ethnicities,Male,151,24.7,"610,152"
Gonorrhea,2018,Kentucky,21,45-54,All races/ethnicities,Male,320,112.2,"285,096"
Gonorrhea,2018,Kentucky,21,35-44,All races/ethnicities,Male,648,235.9,"274,669"
Gonorrhea,2018,Kentucky,21,25-34,All races/ethnicities,Male,"1,370",462.2,"296,412"
Gonorrhea,2018,Kentucky,21,13-24,All races/ethnicities,Male,"1,261",349.7,"360,611"
Chlamydia,2021,Kentucky,21,55+,All races/ethnicities,Female,64,8.8,"730,538"
Chlamydia,2021,Kentucky,21,45-54,All races/ethnicities,Female,152,54.6,"278,437"
Chlamydia,2021,Kentucky,21,35-44,All races/ethnicities,Female,674,240.1,"280,692"
Chlamydia,2021,Kentucky,21,25-34,All races/ethnicities,Female,"2,960",1022,"289,642"
Chlamydia,2021,Kentucky,21,13-24,All races/ethnicities,Female,"8,564",2463.1,"347,686"
Chlamydia,2021,Kentucky,21,55+,All races/ethnicities,Male,122,19.1,"638,330"
Chlamydia,2021,Kentucky,21,45-54,All races/ethnicities,Male,242,86.7,"279,197"
Chlamydia,2021,Kentucky,21,35-44,All races/ethnicities,Male,577,204.3,"282,457"
Chlamydia,2021,Kentucky,21,25-34,All races/ethnicities,Male,"1,977",660,"299,535"
Chlamydia,2021,Kentucky,21,13-24,All races/ethnicities,Male,"3,034",827.7,"366,580"
Chlamydia,2020 (COVID-19 Pandemic),Kentucky,21,55+,All races/ethnicities,Female,42,5.8,"725,530"
Chlamydia,2020 (COVID-19 Pandemic),Kentucky,21,45-54,All races/ethnicities,Female,133,47.2,"281,678"
Chlamydia,2020 (COVID-19 Pandemic),Kentucky,21,35-44,All races/ethnicities,Female,607,217.2,"279,466"
Chlamydia,2020 (COVID-19 Pandemic),Kentucky,21,25-34,All races/ethnicities,Female,"2,999",1040.4,"288,253"
Chlamydia,2020 (COVID-19 Pandemic),Kentucky,21,13-24,All races/ethnicities,Female,"8,821",2558.7,"344,749"
Chlamydia,2020 (COVID-19 Pandemic),Kentucky,21,55+,All races/ethnicities,Male,85,13.4,"633,797"
Chlamydia,2020 (COVID-19 Pandemic),Kentucky,21,45-54,All races/ethnicities,Male,186,65.8,"282,493"
Chlamydia,2020 (COVID-19 Pandemic),Kentucky,21,35-44,All races/ethnicities,Male,597,212.2,"281,283"
Chlamydia,2020 (COVID-19 Pandemic),Kentucky,21,25-34,All races/ethnicities,Male,"1,977",663.3,"298,040"
Chlamydia,2020 (COVID-19 Pandemic),Kentucky,21,13-24,All races/ethnicities,Male,"3,149",864.3,"364,336"
Chlamydia,2019,Kentucky,21,55+,All races/ethnicities,Female,38,5.2,"727,854"
Chlamydia,2019,Kentucky,21,45-54,All races/ethnicities,Female,128,45,"284,729"
Chlamydia,2019,Kentucky,21,35-44,All races/ethnicities,Female,614,222,"276,619"
Chlamydia,2019,Kentucky,21,25-34,All races/ethnicities,Female,"3,175",1101.9,"288,130"
Chlamydia,2019,Kentucky,21,13-24,All races/ethnicities,Female,"9,917",2926.4,"338,881"
Chlamydia,2019,Kentucky,21,55+,All races/ethnicities,Male,92,14.8,"620,999"
Chlamydia,2019,Kentucky,21,45-54,All races/ethnicities,Male,206,73.9,"278,933"
Chlamydia,2019,Kentucky,21,35-44,All races/ethnicities,Male,590,215.1,"274,334"
Chlamydia,2019,Kentucky,21,25-34,All races/ethnicities,Male,"2,184",729.8,"299,250"
Chlamydia,2019,Kentucky,21,13-24,All races/ethnicities,Male,"3,778",1053.1,"358,749"
Chlamydia,2018,Kentucky,21,55+,All races/ethnicities,Female,29,4,"716,103"
Chlamydia,2018,Kentucky,21,45-54,All races/ethnicities,Female,115,39.5,"291,367"
Chlamydia,2018,Kentucky,21,35-44,All races/ethnicities,Female,540,195.4,"276,410"
Chlamydia,2018,Kentucky,21,25-34,All races/ethnicities,Female,"3,070",1067.7,"287,544"
Chlamydia,2018,Kentucky,21,13-24,All races/ethnicities,Female,"9,250",2722.8,"339,722"
Chlamydia,2018,Kentucky,21,55+,All races/ethnicities,Male,75,12.3,"610,152"
Chlamydia,2018,Kentucky,21,45-54,All races/ethnicities,Male,171,60,"285,096"
Chlamydia,2018,Kentucky,21,35-44,All races/ethnicities,Male,544,198.1,"274,669"
Chlamydia,2018,Kentucky,21,25-34,All races/ethnicities,Male,"1,961",661.6,"296,412"
Chlamydia,2018,Kentucky,21,13-24,All races/ethnicities,Male,"3,481",965.3,"360,611"
HIV diagnoses,2021,Kentucky,21,55+,All races/ethnicities,Female,8,1.1,"730,538"
HIV diagnoses,2021,Kentucky,21,45-54,All races/ethnicities,Female,13,4.7,"278,437"
HIV diagnoses,2021,Kentucky,21,35-44,All races/ethnicities,Female,20,7.1,"280,692"
HIV diagnoses,2021,Kentucky,21,25-34,All races/ethnicities,Female,25,8.6,"289,642"
HIV diagnoses,2021,Kentucky,21,13-24,All races/ethnicities,Female,6,1.7,"347,686"
HIV diagnoses,2021,Kentucky,21,55+,All races/ethnicities,Male,21,3.3,"638,330"
HIV diagnoses,2021,Kentucky,21,45-54,All races/ethnicities,Male,43,15.4,"279,197"
HIV diagnoses,2021,Kentucky,21,35-44,All races/ethnicities,Male,75,26.6,"282,457"
HIV diagnoses,2021,Kentucky,21,25-34,All races/ethnicities,Male,125,41.7,"299,535"
HIV diagnoses,2021,Kentucky,21,13-24,All races/ethnicities,Male,54,14.7,"366,580"
HIV diagnoses,2020 (COVID-19 Pandemic),Kentucky,21,55+,All races/ethnicities,Female,5,0.7,"725,530"
HIV diagnoses,2020 (COVID-19 Pandemic),Kentucky,21,45-54,All races/ethnicities,Female,10,3.6,"281,678"
HIV diagnoses,2020 (COVID-19 Pandemic),Kentucky,21,35-44,All races/ethnicities,Female,11,3.9,"279,466"
HIV diagnoses,2020 (COVID-19 Pandemic),Kentucky,21,25-34,All races/ethnicities,Female,15,5.2,"288,253"
HIV diagnoses,2020 (COVID-19 Pandemic),Kentucky,21,13-24,All races/ethnicities,Female,3,0.9,"344,749"
HIV diagnoses,2020 (COVID-19 Pandemic),Kentucky,21,55+,All races/ethnicities,Male,19,3,"633,797"
HIV diagnoses,2020 (COVID-19 Pandemic),Kentucky,21,45-54,All races/ethnicities,Male,29,10.3,"282,493"
HIV diagnoses,2020 (COVID-19 Pandemic),Kentucky,21,35-44,All races/ethnicities,Male,68,24.2,"281,283"
HIV diagnoses,2020 (COVID-19 Pandemic),Kentucky,21,25-34,All races/ethnicities,Male,91,30.5,"298,040"
HIV diagnoses,2020 (COVID-19 Pandemic),Kentucky,21,13-24,All races/ethnicities,Male,49,13.4,"364,336"
HIV diagnoses,2019,Kentucky,21,55+,All races/ethnicities,Female,6,0.8,"727,931"
HIV diagnoses,2019,Kentucky,21,45-54,All races/ethnicities,Female,9,3.2,"284,823"
HIV diagnoses,2019,Kentucky,21,35-44,All races/ethnicities,Female,17,6.1,"276,960"
HIV diagnoses,2019,Kentucky,21,25-34,All races/ethnicities,Female,16,5.5,"288,922"
HIV diagnoses,2019,Kentucky,21,13-24,All races/ethnicities,Female,9,2.6,"339,657"
HIV diagnoses,2019,Kentucky,21,55+,All races/ethnicities,Male,19,3.1,"620,425"
HIV diagnoses,2019,Kentucky,21,45-54,All races/ethnicities,Male,33,11.8,"278,984"
HIV diagnoses,2019,Kentucky,21,35-44,All races/ethnicities,Male,57,20.8,"274,620"
HIV diagnoses,2019,Kentucky,21,25-34,All races/ethnicities,Male,103,34.3,"299,984"
HIV diagnoses,2019,Kentucky,21,13-24,All races/ethnicities,Male,57,15.8,"359,907"
HIV diagnoses,2018,Kentucky,21,55+,All races/ethnicities,Female,10,1.4,"716,179"
HIV diagnoses,2018,Kentucky,21,45-54,All races/ethnicities,Female,5,1.7,"291,466"
HIV diagnoses,2018,Kentucky,21,35-44,All races/ethnicities,Female,15,5.4,"276,661"
HIV diagnoses,2018,Kentucky,21,25-34,All races/ethnicities,Female,31,10.8,"288,025"
HIV diagnoses,2018,Kentucky,21,13-24,All races/ethnicities,Female,7,2.1,"340,324"
HIV diagnoses,2018,Kentucky,21,55+,All races/ethnicities,Male,20,3.3,"609,899"
HIV diagnoses,2018,Kentucky,21,45-54,All races/ethnicities,Male,40,14,"285,221"
HIV diagnoses,2018,Kentucky,21,35-44,All races/ethnicities,Male,64,23.3,"274,916"
HIV diagnoses,2018,Kentucky,21,25-34,All races/ethnicities,Male,112,37.7,"296,862"
HIV diagnoses,2018,Kentucky,21,13-24,All races/ethnicities,Male,73,20.2,"361,059"
Gonorrhea,2021,Louisiana,22,55+,All races/ethnicities,Female,50,6.8,"730,516"
Gonorrhea,2021,Louisiana,22,45-54,All races/ethnicities,Female,139,51.1,"271,756"
Gonorrhea,2021,Louisiana,22,35-44,All races/ethnicities,Female,614,199.3,"308,007"
Gonorrhea,2021,Louisiana,22,25-34,All races/ethnicities,Female,"2,036",647.3,"314,540"
Gonorrhea,2021,Louisiana,22,13-24,All races/ethnicities,Female,"4,994",1397.3,"357,404"
Gonorrhea,2021,Louisiana,22,55+,All races/ethnicities,Male,203,32.4,"626,684"
Gonorrhea,2021,Louisiana,22,45-54,All races/ethnicities,Male,330,125.5,"263,001"
Gonorrhea,2021,Louisiana,22,35-44,All races/ethnicities,Male,"1,122",372.6,"301,095"
Gonorrhea,2021,Louisiana,22,25-34,All races/ethnicities,Male,"2,770",887.9,"311,957"
Gonorrhea,2021,Louisiana,22,13-24,All races/ethnicities,Male,"4,114",1111,"370,297"
Gonorrhea,2020 (COVID-19 Pandemic),Louisiana,22,55+,All races/ethnicities,Female,37,5.1,"726,199"
Gonorrhea,2020 (COVID-19 Pandemic),Louisiana,22,45-54,All races/ethnicities,Female,126,45.6,"276,414"
Gonorrhea,2020 (COVID-19 Pandemic),Louisiana,22,35-44,All races/ethnicities,Female,530,173.5,"305,469"
Gonorrhea,2020 (COVID-19 Pandemic),Louisiana,22,25-34,All races/ethnicities,Female,"1,907",592.8,"321,668"
Gonorrhea,2020 (COVID-19 Pandemic),Louisiana,22,13-24,All races/ethnicities,Female,"4,709",1320.7,"356,556"
Gonorrhea,2020 (COVID-19 Pandemic),Louisiana,22,55+,All races/ethnicities,Male,273,43.8,"623,970"
Gonorrhea,2020 (COVID-19 Pandemic),Louisiana,22,45-54,All races/ethnicities,Male,388,144.8,"267,945"
Gonorrhea,2020 (COVID-19 Pandemic),Louisiana,22,35-44,All races/ethnicities,Male,"1,047",349.5,"299,541"
Gonorrhea,2020 (COVID-19 Pandemic),Louisiana,22,25-34,All races/ethnicities,Male,"2,745",860.3,"319,076"
Gonorrhea,2020 (COVID-19 Pandemic),Louisiana,22,13-24,All races/ethnicities,Male,"3,711",1004,"369,636"
Gonorrhea,2019,Louisiana,22,55+,All races/ethnicities,Female,46,6.3,"731,473"
Gonorrhea,2019,Louisiana,22,45-54,All races/ethnicities,Female,108,38.4,"281,567"
Gonorrhea,2019,Louisiana,22,35-44,All races/ethnicities,Female,438,146.2,"299,636"
Gonorrhea,2019,Louisiana,22,25-34,All races/ethnicities,Female,"1,673",508,"329,323"
Gonorrhea,2019,Louisiana,22,13-24,All races/ethnicities,Female,"3,815",1081.1,"352,891"
Gonorrhea,2019,Louisiana,22,55+,All races/ethnicities,Male,201,32.7,"614,219"
Gonorrhea,2019,Louisiana,22,45-54,All races/ethnicities,Male,370,138.7,"266,781"
Gonorrhea,2019,Louisiana,22,35-44,All races/ethnicities,Male,856,295,"290,218"
Gonorrhea,2019,Louisiana,22,25-34,All races/ethnicities,Male,"2,358",716.9,"328,904"
Gonorrhea,2019,Louisiana,22,13-24,All races/ethnicities,Male,"2,919",798.4,"365,602"
Gonorrhea,2018,Louisiana,22,55+,All races/ethnicities,Female,21,2.9,"719,909"
Gonorrhea,2018,Louisiana,22,45-54,All races/ethnicities,Female,80,27.7,"289,305"
Gonorrhea,2018,Louisiana,22,35-44,All races/ethnicities,Female,341,115.4,"295,555"
Gonorrhea,2018,Louisiana,22,25-34,All races/ethnicities,Female,"1,565",468.9,"333,783"
Gonorrhea,2018,Louisiana,22,13-24,All races/ethnicities,Female,"3,889",1091.6,"356,253"
Gonorrhea,2018,Louisiana,22,55+,All races/ethnicities,Male,177,29.3,"604,891"
Gonorrhea,2018,Louisiana,22,45-54,All races/ethnicities,Male,325,118.6,"274,124"
Gonorrhea,2018,Louisiana,22,35-44,All races/ethnicities,Male,681,236.6,"287,786"
Gonorrhea,2018,Louisiana,22,25-34,All races/ethnicities,Male,"2,219",666.6,"332,899"
Gonorrhea,2018,Louisiana,22,13-24,All races/ethnicities,Male,"2,736",740.9,"369,260"
Chlamydia,2021,Louisiana,22,55+,All races/ethnicities,Female,74,10.1,"730,516"
Chlamydia,2021,Louisiana,22,45-54,All races/ethnicities,Female,179,65.9,"271,756"
Chlamydia,2021,Louisiana,22,35-44,All races/ethnicities,Female,945,306.8,"308,007"
Chlamydia,2021,Louisiana,22,25-34,All races/ethnicities,Female,"4,907",1560.1,"314,540"
Chlamydia,2021,Louisiana,22,13-24,All races/ethnicities,Female,"16,762",4689.9,"357,404"
Chlamydia,2021,Louisiana,22,55+,All races/ethnicities,Male,125,19.9,"626,684"
Chlamydia,2021,Louisiana,22,45-54,All races/ethnicities,Male,262,99.6,"263,001"
Chlamydia,2021,Louisiana,22,35-44,All races/ethnicities,Male,953,316.5,"301,095"
Chlamydia,2021,Louisiana,22,25-34,All races/ethnicities,Male,"3,074",985.4,"311,957"
Chlamydia,2021,Louisiana,22,13-24,All races/ethnicities,Male,"6,451",1742.1,"370,297"
Chlamydia,2020 (COVID-19 Pandemic),Louisiana,22,55+,All races/ethnicities,Female,70,9.6,"726,199"
Chlamydia,2020 (COVID-19 Pandemic),Louisiana,22,45-54,All races/ethnicities,Female,154,55.7,"276,414"
Chlamydia,2020 (COVID-19 Pandemic),Louisiana,22,35-44,All races/ethnicities,Female,834,273,"305,469"
Chlamydia,2020 (COVID-19 Pandemic),Louisiana,22,25-34,All races/ethnicities,Female,"4,853",1508.7,"321,668"
Chlamydia,2020 (COVID-19 Pandemic),Louisiana,22,13-24,All races/ethnicities,Female,"16,608",4657.9,"356,556"
Chlamydia,2020 (COVID-19 Pandemic),Louisiana,22,55+,All races/ethnicities,Male,142,22.8,"623,970"
Chlamydia,2020 (COVID-19 Pandemic),Louisiana,22,45-54,All races/ethnicities,Male,200,74.6,"267,945"
Chlamydia,2020 (COVID-19 Pandemic),Louisiana,22,35-44,All races/ethnicities,Male,852,284.4,"299,541"
Chlamydia,2020 (COVID-19 Pandemic),Louisiana,22,25-34,All races/ethnicities,Male,"2,985",935.5,"319,076"
Chlamydia,2020 (COVID-19 Pandemic),Louisiana,22,13-24,All races/ethnicities,Male,"6,259",1693.3,"369,636"
Chlamydia,2019,Louisiana,22,55+,All races/ethnicities,Female,78,10.7,"731,473"
Chlamydia,2019,Louisiana,22,45-54,All races/ethnicities,Female,170,60.4,"281,567"
Chlamydia,2019,Louisiana,22,35-44,All races/ethnicities,Female,903,301.4,"299,636"
Chlamydia,2019,Louisiana,22,25-34,All races/ethnicities,Female,"5,322",1616,"329,323"
Chlamydia,2019,Louisiana,22,13-24,All races/ethnicities,Female,"18,027",5108.4,"352,891"
Chlamydia,2019,Louisiana,22,55+,All races/ethnicities,Male,124,20.2,"614,219"
Chlamydia,2019,Louisiana,22,45-54,All races/ethnicities,Male,286,107.2,"266,781"
Chlamydia,2019,Louisiana,22,35-44,All races/ethnicities,Male,903,311.1,"290,218"
Chlamydia,2019,Louisiana,22,25-34,All races/ethnicities,Male,"3,325",1010.9,"328,904"
Chlamydia,2019,Louisiana,22,13-24,All races/ethnicities,Male,"6,954",1902.1,"365,602"
Chlamydia,2018,Louisiana,22,55+,All races/ethnicities,Female,69,9.6,"719,909"
Chlamydia,2018,Louisiana,22,45-54,All races/ethnicities,Female,182,62.9,"289,305"
Chlamydia,2018,Louisiana,22,35-44,All races/ethnicities,Female,955,323.1,"295,555"
Chlamydia,2018,Louisiana,22,25-34,All races/ethnicities,Female,"5,404",1619,"333,783"
Chlamydia,2018,Louisiana,22,13-24,All races/ethnicities,Female,"18,578",5214.8,"356,253"
Chlamydia,2018,Louisiana,22,55+,All races/ethnicities,Male,129,21.3,"604,891"
Chlamydia,2018,Louisiana,22,45-54,All races/ethnicities,Male,260,94.8,"274,124"
Chlamydia,2018,Louisiana,22,35-44,All races/ethnicities,Male,796,276.6,"287,786"
Chlamydia,2018,Louisiana,22,25-34,All races/ethnicities,Male,"3,216",966.1,"332,899"
Chlamydia,2018,Louisiana,22,13-24,All races/ethnicities,Male,"6,663",1804.4,"369,260"
HIV diagnoses,2021,Louisiana,22,55+,All races/ethnicities,Female,30,4.1,"730,516"
HIV diagnoses,2021,Louisiana,22,45-54,All races/ethnicities,Female,31,11.4,"271,756"
HIV diagnoses,2021,Louisiana,22,35-44,All races/ethnicities,Female,63,20.5,"308,007"
HIV diagnoses,2021,Louisiana,22,25-34,All races/ethnicities,Female,60,19.1,"314,540"
HIV diagnoses,2021,Louisiana,22,13-24,All races/ethnicities,Female,24,6.7,"357,404"
HIV diagnoses,2021,Louisiana,22,55+,All races/ethnicities,Male,66,10.5,"626,684"
HIV diagnoses,2021,Louisiana,22,45-54,All races/ethnicities,Male,57,21.7,"263,001"
HIV diagnoses,2021,Louisiana,22,35-44,All races/ethnicities,Male,131,43.5,"301,095"
HIV diagnoses,2021,Louisiana,22,25-34,All races/ethnicities,Male,240,76.9,"311,957"
HIV diagnoses,2021,Louisiana,22,13-24,All races/ethnicities,Male,197,53.2,"370,297"
HIV diagnoses,2020 (COVID-19 Pandemic),Louisiana,22,55+,All races/ethnicities,Female,19,2.6,"726,199"
HIV diagnoses,2020 (COVID-19 Pandemic),Louisiana,22,45-54,All races/ethnicities,Female,31,11.2,"276,414"
HIV diagnoses,2020 (COVID-19 Pandemic),Louisiana,22,35-44,All races/ethnicities,Female,43,14.1,"305,469"
HIV diagnoses,2020 (COVID-19 Pandemic),Louisiana,22,25-34,All races/ethnicities,Female,52,16.2,"321,668"
HIV diagnoses,2020 (COVID-19 Pandemic),Louisiana,22,13-24,All races/ethnicities,Female,23,6.5,"356,556"
HIV diagnoses,2020 (COVID-19 Pandemic),Louisiana,22,55+,All races/ethnicities,Male,32,5.1,"623,970"
HIV diagnoses,2020 (COVID-19 Pandemic),Louisiana,22,45-54,All races/ethnicities,Male,51,19,"267,945"
HIV diagnoses,2020 (COVID-19 Pandemic),Louisiana,22,35-44,All races/ethnicities,Male,122,40.7,"299,541"
HIV diagnoses,2020 (COVID-19 Pandemic),Louisiana,22,25-34,All races/ethnicities,Male,184,57.7,"319,076"
HIV diagnoses,2020 (COVID-19 Pandemic),Louisiana,22,13-24,All races/ethnicities,Male,161,43.6,"369,636"
HIV diagnoses,2019,Louisiana,22,55+,All races/ethnicities,Female,18,2.5,"732,281"
HIV diagnoses,2019,Louisiana,22,45-54,All races/ethnicities,Female,36,12.8,"281,941"
HIV diagnoses,2019,Louisiana,22,35-44,All races/ethnicities,Female,55,18.3,"300,118"
HIV diagnoses,2019,Louisiana,22,25-34,All races/ethnicities,Female,61,18.5,"330,221"
HIV diagnoses,2019,Louisiana,22,13-24,All races/ethnicities,Female,23,6.5,"353,516"
HIV diagnoses,2019,Louisiana,22,55+,All races/ethnicities,Male,58,9.4,"615,198"
HIV diagnoses,2019,Louisiana,22,45-54,All races/ethnicities,Male,77,28.8,"267,208"
HIV diagnoses,2019,Louisiana,22,35-44,All races/ethnicities,Male,123,42.3,"290,855"
HIV diagnoses,2019,Louisiana,22,25-34,All races/ethnicities,Male,265,80.3,"330,062"
HIV diagnoses,2019,Louisiana,22,13-24,All races/ethnicities,Male,163,44.4,"366,785"
HIV diagnoses,2018,Louisiana,22,55+,All races/ethnicities,Female,25,3.5,"720,385"
HIV diagnoses,2018,Louisiana,22,45-54,All races/ethnicities,Female,39,13.5,"289,494"
HIV diagnoses,2018,Louisiana,22,35-44,All races/ethnicities,Female,69,23.3,"295,842"
HIV diagnoses,2018,Louisiana,22,25-34,All races/ethnicities,Female,81,24.2,"334,272"
HIV diagnoses,2018,Louisiana,22,13-24,All races/ethnicities,Female,35,9.8,"356,505"
HIV diagnoses,2018,Louisiana,22,55+,All races/ethnicities,Male,45,7.4,"605,214"
HIV diagnoses,2018,Louisiana,22,45-54,All races/ethnicities,Male,92,33.5,"274,324"
HIV diagnoses,2018,Louisiana,22,35-44,All races/ethnicities,Male,120,41.7,"288,044"
HIV diagnoses,2018,Louisiana,22,25-34,All races/ethnicities,Male,260,78,"333,330"
HIV diagnoses,2018,Louisiana,22,13-24,All races/ethnicities,Male,188,50.9,"369,678"
Gonorrhea,2021,Maine,23,55+,All races/ethnicities,Female,1,0.4,"269,030"
Gonorrhea,2021,Maine,23,45-54,All races/ethnicities,Female,7,8.1,"86,235"
Gonorrhea,2021,Maine,23,35-44,All races/ethnicities,Female,29,35,"82,927"
Gonorrhea,2021,Maine,23,25-34,All races/ethnicities,Female,57,68.7,"82,975"
Gonorrhea,2021,Maine,23,13-24,All races/ethnicities,Female,80,88.8,"90,044"
Gonorrhea,2021,Maine,23,55+,All races/ethnicities,Male,20,8.3,"241,461"
Gonorrhea,2021,Maine,23,45-54,All races/ethnicities,Male,35,41.4,"84,597"
Gonorrhea,2021,Maine,23,35-44,All races/ethnicities,Male,52,63.1,"82,360"
Gonorrhea,2021,Maine,23,25-34,All races/ethnicities,Male,112,133.9,"83,637"
Gonorrhea,2021,Maine,23,13-24,All races/ethnicities,Male,68,71.3,"95,379"
Gonorrhea,2020 (COVID-19 Pandemic),Maine,23,55+,All races/ethnicities,Female,1,0.4,"265,182"
Gonorrhea,2020 (COVID-19 Pandemic),Maine,23,45-54,All races/ethnicities,Female,11,12.5,"87,943"
Gonorrhea,2020 (COVID-19 Pandemic),Maine,23,35-44,All races/ethnicities,Female,23,28.5,"80,568"
Gonorrhea,2020 (COVID-19 Pandemic),Maine,23,25-34,All races/ethnicities,Female,70,85.9,"81,474"
Gonorrhea,2020 (COVID-19 Pandemic),Maine,23,13-24,All races/ethnicities,Female,Data suppressed,Data suppressed,"89,681"
Gonorrhea,2020 (COVID-19 Pandemic),Maine,23,55+,All races/ethnicities,Male,10,4.2,"238,309"
Gonorrhea,2020 (COVID-19 Pandemic),Maine,23,45-54,All races/ethnicities,Male,25,29,"86,228"
Gonorrhea,2020 (COVID-19 Pandemic),Maine,23,35-44,All races/ethnicities,Male,64,80.2,"79,768"
Gonorrhea,2020 (COVID-19 Pandemic),Maine,23,25-34,All races/ethnicities,Male,122,148.4,"82,229"
Gonorrhea,2020 (COVID-19 Pandemic),Maine,23,13-24,All races/ethnicities,Male,Data suppressed,Data suppressed,"94,899"
Gonorrhea,2019,Maine,23,55+,All races/ethnicities,Female,2,0.8,"264,662"
Gonorrhea,2019,Maine,23,45-54,All races/ethnicities,Female,8,9,"89,291"
Gonorrhea,2019,Maine,23,35-44,All races/ethnicities,Female,35,44.8,"78,089"
Gonorrhea,2019,Maine,23,25-34,All races/ethnicities,Female,54,66.9,"80,746"
Gonorrhea,2019,Maine,23,13-24,All races/ethnicities,Female,103,116.6,"88,324"
Gonorrhea,2019,Maine,23,55+,All races/ethnicities,Male,16,6.9,"232,163"
Gonorrhea,2019,Maine,23,45-54,All races/ethnicities,Male,43,50.3,"85,439"
Gonorrhea,2019,Maine,23,35-44,All races/ethnicities,Male,74,97.4,"75,986"
Gonorrhea,2019,Maine,23,25-34,All races/ethnicities,Male,110,134,"82,062"
Gonorrhea,2019,Maine,23,13-24,All races/ethnicities,Male,101,108,"93,483"
Gonorrhea,2018,Maine,23,55+,All races/ethnicities,Female,3,1.2,"260,016"
Gonorrhea,2018,Maine,23,45-54,All races/ethnicities,Female,11,12,"91,949"
Gonorrhea,2018,Maine,23,35-44,All races/ethnicities,Female,35,45.3,"77,324"
Gonorrhea,2018,Maine,23,25-34,All races/ethnicities,Female,96,120.6,"79,624"
Gonorrhea,2018,Maine,23,13-24,All races/ethnicities,Female,105,117.8,"89,128"
Gonorrhea,2018,Maine,23,55+,All races/ethnicities,Male,32,14,"227,907"
Gonorrhea,2018,Maine,23,45-54,All races/ethnicities,Male,45,51.1,"88,055"
Gonorrhea,2018,Maine,23,35-44,All races/ethnicities,Male,86,114.6,"75,075"
Gonorrhea,2018,Maine,23,25-34,All races/ethnicities,Male,152,188.3,"80,723"
Gonorrhea,2018,Maine,23,13-24,All races/ethnicities,Male,142,150.8,"94,140"
Chlamydia,2021,Maine,23,55+,All races/ethnicities,Female,3,1.1,"269,030"
Chlamydia,2021,Maine,23,45-54,All races/ethnicities,Female,12,13.9,"86,235"
Chlamydia,2021,Maine,23,35-44,All races/ethnicities,Female,43,51.9,"82,927"
Chlamydia,2021,Maine,23,25-34,All races/ethnicities,Female,179,215.7,"82,975"
Chlamydia,2021,Maine,23,13-24,All races/ethnicities,Female,565,627.5,"90,044"
Chlamydia,2021,Maine,23,55+,All races/ethnicities,Male,22,9.1,"241,461"
Chlamydia,2021,Maine,23,45-54,All races/ethnicities,Male,25,29.6,"84,597"
Chlamydia,2021,Maine,23,35-44,All races/ethnicities,Male,50,60.7,"82,360"
Chlamydia,2021,Maine,23,25-34,All races/ethnicities,Male,152,181.7,"83,637"
Chlamydia,2021,Maine,23,13-24,All races/ethnicities,Male,205,214.9,"95,379"
Chlamydia,2020 (COVID-19 Pandemic),Maine,23,55+,All races/ethnicities,Female,4,1.5,"265,182"
Chlamydia,2020 (COVID-19 Pandemic),Maine,23,45-54,All races/ethnicities,Female,10,11.4,"87,943"
Chlamydia,2020 (COVID-19 Pandemic),Maine,23,35-44,All races/ethnicities,Female,57,70.7,"80,568"
Chlamydia,2020 (COVID-19 Pandemic),Maine,23,25-34,All races/ethnicities,Female,239,293.3,"81,474"
Chlamydia,2020 (COVID-19 Pandemic),Maine,23,13-24,All races/ethnicities,Female,722,805.1,"89,681"
Chlamydia,2020 (COVID-19 Pandemic),Maine,23,55+,All races/ethnicities,Male,16,6.7,"238,309"
Chlamydia,2020 (COVID-19 Pandemic),Maine,23,45-54,All races/ethnicities,Male,17,19.7,"86,228"
Chlamydia,2020 (COVID-19 Pandemic),Maine,23,35-44,All races/ethnicities,Male,56,70.2,"79,768"
Chlamydia,2020 (COVID-19 Pandemic),Maine,23,25-34,All races/ethnicities,Male,169,205.5,"82,229"
Chlamydia,2020 (COVID-19 Pandemic),Maine,23,13-24,All races/ethnicities,Male,240,252.9,"94,899"
Chlamydia,2019,Maine,23,55+,All races/ethnicities,Female,2,0.8,"264,662"
Chlamydia,2019,Maine,23,45-54,All races/ethnicities,Female,10,11.2,"89,291"
Chlamydia,2019,Maine,23,35-44,All races/ethnicities,Female,45,57.6,"78,089"
Chlamydia,2019,Maine,23,25-34,All races/ethnicities,Female,269,333.1,"80,746"
Chlamydia,2019,Maine,23,13-24,All races/ethnicities,Female,774,876.3,"88,324"
Chlamydia,2019,Maine,23,55+,All races/ethnicities,Male,10,4.3,"232,163"
Chlamydia,2019,Maine,23,45-54,All races/ethnicities,Male,14,16.4,"85,439"
Chlamydia,2019,Maine,23,35-44,All races/ethnicities,Male,55,72.4,"75,986"
Chlamydia,2019,Maine,23,25-34,All races/ethnicities,Male,190,231.5,"82,062"
Chlamydia,2019,Maine,23,13-24,All races/ethnicities,Male,277,296.3,"93,483"
Chlamydia,2018,Maine,23,55+,All races/ethnicities,Female,7,2.7,"260,016"
Chlamydia,2018,Maine,23,45-54,All races/ethnicities,Female,15,16.3,"91,949"
Chlamydia,2018,Maine,23,35-44,All races/ethnicities,Female,93,120.3,"77,324"
Chlamydia,2018,Maine,23,25-34,All races/ethnicities,Female,541,679.4,"79,624"
Chlamydia,2018,Maine,23,13-24,All races/ethnicities,Female,"1,637",1836.7,"89,128"
Chlamydia,2018,Maine,23,55+,All races/ethnicities,Male,12,5.3,"227,907"
Chlamydia,2018,Maine,23,45-54,All races/ethnicities,Male,33,37.5,"88,055"
Chlamydia,2018,Maine,23,35-44,All races/ethnicities,Male,89,118.5,"75,075"
Chlamydia,2018,Maine,23,25-34,All races/ethnicities,Male,379,469.5,"80,723"
Chlamydia,2018,Maine,23,13-24,All races/ethnicities,Male,669,710.6,"94,140"
HIV diagnoses,2021,Maine,23,55+,All races/ethnicities,Female,1,0.4,"269,030"
HIV diagnoses,2021,Maine,23,45-54,All races/ethnicities,Female,0,0,"86,235"
HIV diagnoses,2021,Maine,23,35-44,All races/ethnicities,Female,1,1.2,"82,927"
HIV diagnoses,2021,Maine,23,25-34,All races/ethnicities,Female,2,2.4,"82,975"
HIV diagnoses,2021,Maine,23,13-24,All races/ethnicities,Female,0,0,"90,039"
HIV diagnoses,2021,Maine,23,55+,All races/ethnicities,Male,5,2.1,"241,461"
HIV diagnoses,2021,Maine,23,45-54,All races/ethnicities,Male,2,2.4,"84,597"
HIV diagnoses,2021,Maine,23,35-44,All races/ethnicities,Male,10,12.1,"82,360"
HIV diagnoses,2021,Maine,23,25-34,All races/ethnicities,Male,7,8.4,"83,637"
HIV diagnoses,2021,Maine,23,13-24,All races/ethnicities,Male,3,3.1,"95,379"
HIV diagnoses,2020 (COVID-19 Pandemic),Maine,23,55+,All races/ethnicities,Female,2,0.8,"265,182"
HIV diagnoses,2020 (COVID-19 Pandemic),Maine,23,45-54,All races/ethnicities,Female,1,1.1,"87,943"
HIV diagnoses,2020 (COVID-19 Pandemic),Maine,23,35-44,All races/ethnicities,Female,1,1.2,"80,568"
HIV diagnoses,2020 (COVID-19 Pandemic),Maine,23,25-34,All races/ethnicities,Female,1,1.2,"81,474"
HIV diagnoses,2020 (COVID-19 Pandemic),Maine,23,13-24,All races/ethnicities,Female,0,0,"89,680"
HIV diagnoses,2020 (COVID-19 Pandemic),Maine,23,55+,All races/ethnicities,Male,4,1.7,"238,309"
HIV diagnoses,2020 (COVID-19 Pandemic),Maine,23,45-54,All races/ethnicities,Male,0,0,"86,228"
HIV diagnoses,2020 (COVID-19 Pandemic),Maine,23,35-44,All races/ethnicities,Male,3,3.8,"79,768"
HIV diagnoses,2020 (COVID-19 Pandemic),Maine,23,25-34,All races/ethnicities,Male,3,3.6,"82,229"
HIV diagnoses,2020 (COVID-19 Pandemic),Maine,23,13-24,All races/ethnicities,Male,1,1.1,"94,899"
HIV diagnoses,2019,Maine,23,55+,All races/ethnicities,Female,0,0,"264,486"
HIV diagnoses,2019,Maine,23,45-54,All races/ethnicities,Female,2,2.2,"89,356"
HIV diagnoses,2019,Maine,23,35-44,All races/ethnicities,Female,3,3.8,"78,171"
HIV diagnoses,2019,Maine,23,25-34,All races/ethnicities,Female,4,4.9,"80,949"
HIV diagnoses,2019,Maine,23,13-24,All races/ethnicities,Female,0,0,"88,440"
HIV diagnoses,2019,Maine,23,55+,All races/ethnicities,Male,5,2.2,"232,365"
HIV diagnoses,2019,Maine,23,45-54,All races/ethnicities,Male,4,4.7,"85,406"
HIV diagnoses,2019,Maine,23,35-44,All races/ethnicities,Male,3,3.9,"76,145"
HIV diagnoses,2019,Maine,23,25-34,All races/ethnicities,Male,4,4.9,"82,307"
HIV diagnoses,2019,Maine,23,13-24,All races/ethnicities,Male,5,5.3,"93,530"
HIV diagnoses,2018,Maine,23,55+,All races/ethnicities,Female,0,0,"260,130"
HIV diagnoses,2018,Maine,23,45-54,All races/ethnicities,Female,1,1.1,"92,006"
HIV diagnoses,2018,Maine,23,35-44,All races/ethnicities,Female,2,2.6,"77,367"
HIV diagnoses,2018,Maine,23,25-34,All races/ethnicities,Female,1,1.3,"79,714"
HIV diagnoses,2018,Maine,23,13-24,All races/ethnicities,Female,3,3.4,"89,250"
HIV diagnoses,2018,Maine,23,55+,All races/ethnicities,Male,5,2.2,"228,205"
HIV diagnoses,2018,Maine,23,45-54,All races/ethnicities,Male,2,2.3,"88,081"
HIV diagnoses,2018,Maine,23,35-44,All races/ethnicities,Male,5,6.7,"75,142"
HIV diagnoses,2018,Maine,23,25-34,All races/ethnicities,Male,11,13.6,"80,844"
HIV diagnoses,2018,Maine,23,13-24,All races/ethnicities,Male,1,1.1,"94,162"
Gonorrhea,2021,Maryland,24,55+,All races/ethnicities,Female,Data suppressed,Data suppressed,"997,978"
Gonorrhea,2021,Maryland,24,45-54,All races/ethnicities,Female,Data suppressed,Data suppressed,"402,653"
Gonorrhea,2021,Maryland,24,35-44,All races/ethnicities,Female,Data suppressed,Data suppressed,"420,562"
Gonorrhea,2021,Maryland,24,25-34,All races/ethnicities,Female,Data suppressed,Data suppressed,"413,444"
Gonorrhea,2021,Maryland,24,13-24,All races/ethnicities,Female,Data suppressed,Data suppressed,"456,832"
Gonorrhea,2021,Maryland,24,55+,All races/ethnicities,Male,Data suppressed,Data suppressed,"843,024"
Gonorrhea,2021,Maryland,24,45-54,All races/ethnicities,Male,Data suppressed,Data suppressed,"380,890"
Gonorrhea,2021,Maryland,24,35-44,All races/ethnicities,Male,Data suppressed,Data suppressed,"406,691"
Gonorrhea,2021,Maryland,24,25-34,All races/ethnicities,Male,Data suppressed,Data suppressed,"408,349"
Gonorrhea,2021,Maryland,24,13-24,All races/ethnicities,Male,Data suppressed,Data suppressed,"471,278"
Gonorrhea,2020 (COVID-19 Pandemic),Maryland,24,55+,All races/ethnicities,Female,35,3.5,"986,518"
Gonorrhea,2020 (COVID-19 Pandemic),Maryland,24,45-54,All races/ethnicities,Female,99,24.1,"411,533"
Gonorrhea,2020 (COVID-19 Pandemic),Maryland,24,35-44,All races/ethnicities,Female,410,98.8,"414,863"
Gonorrhea,2020 (COVID-19 Pandemic),Maryland,24,25-34,All races/ethnicities,Female,"1,503",360.2,"417,245"
Gonorrhea,2020 (COVID-19 Pandemic),Maryland,24,13-24,All races/ethnicities,Female,"2,679",588.2,"455,454"
Gonorrhea,2020 (COVID-19 Pandemic),Maryland,24,55+,All races/ethnicities,Male,290,34.8,"834,001"
Gonorrhea,2020 (COVID-19 Pandemic),Maryland,24,45-54,All races/ethnicities,Male,504,129.5,"389,228"
Gonorrhea,2020 (COVID-19 Pandemic),Maryland,24,35-44,All races/ethnicities,Male,"1,070",266.4,"401,675"
Gonorrhea,2020 (COVID-19 Pandemic),Maryland,24,25-34,All races/ethnicities,Male,"2,884",699,"412,602"
Gonorrhea,2020 (COVID-19 Pandemic),Maryland,24,13-24,All races/ethnicities,Male,"2,522",537,"469,642"
Gonorrhea,2019,Maryland,24,55+,All races/ethnicities,Female,46,4.7,"974,208"
Gonorrhea,2019,Maryland,24,45-54,All races/ethnicities,Female,129,31.2,"413,498"
Gonorrhea,2019,Maryland,24,35-44,All races/ethnicities,Female,396,98.8,"400,709"
Gonorrhea,2019,Maryland,24,25-34,All races/ethnicities,Female,"1,532",368.6,"415,638"
Gonorrhea,2019,Maryland,24,13-24,All races/ethnicities,Female,"2,462",555.6,"443,155"
Gonorrhea,2019,Maryland,24,55+,All races/ethnicities,Male,382,47.5,"803,707"
Gonorrhea,2019,Maryland,24,45-54,All races/ethnicities,Male,564,147.7,"381,969"
Gonorrhea,2019,Maryland,24,35-44,All races/ethnicities,Male,"1,056",276.8,"381,504"
Gonorrhea,2019,Maryland,24,25-34,All races/ethnicities,Male,"2,850",689.1,"413,611"
Gonorrhea,2019,Maryland,24,13-24,All races/ethnicities,Male,"2,175",474.4,"458,482"
Gonorrhea,2018,Maryland,24,55+,All races/ethnicities,Female,34,3.6,"955,421"
Gonorrhea,2018,Maryland,24,45-54,All races/ethnicities,Female,98,23,"425,442"
Gonorrhea,2018,Maryland,24,35-44,All races/ethnicities,Female,329,83,"396,275"
Gonorrhea,2018,Maryland,24,25-34,All races/ethnicities,Female,"1,342",321.6,"417,251"
Gonorrhea,2018,Maryland,24,13-24,All races/ethnicities,Female,"2,413",541.6,"445,494"
Gonorrhea,2018,Maryland,24,55+,All races/ethnicities,Male,273,34.6,"787,929"
Gonorrhea,2018,Maryland,24,45-54,All races/ethnicities,Male,490,124.6,"393,285"
Gonorrhea,2018,Maryland,24,35-44,All races/ethnicities,Male,840,223.1,"376,535"
Gonorrhea,2018,Maryland,24,25-34,All races/ethnicities,Male,"2,328",562.1,"414,144"
Gonorrhea,2018,Maryland,24,13-24,All races/ethnicities,Male,"2,142",464.3,"461,297"
Chlamydia,2021,Maryland,24,55+,All races/ethnicities,Female,Data suppressed,Data suppressed,"997,978"
Chlamydia,2021,Maryland,24,45-54,All races/ethnicities,Female,Data suppressed,Data suppressed,"402,653"
Chlamydia,2021,Maryland,24,35-44,All races/ethnicities,Female,Data suppressed,Data suppressed,"420,562"
Chlamydia,2021,Maryland,24,25-34,All races/ethnicities,Female,Data suppressed,Data suppressed,"413,444"
Chlamydia,2021,Maryland,24,13-24,All races/ethnicities,Female,Data suppressed,Data suppressed,"456,832"
Chlamydia,2021,Maryland,24,55+,All races/ethnicities,Male,Data suppressed,Data suppressed,"843,024"
Chlamydia,2021,Maryland,24,45-54,All races/ethnicities,Male,Data suppressed,Data suppressed,"380,890"
Chlamydia,2021,Maryland,24,35-44,All races/ethnicities,Male,Data suppressed,Data suppressed,"406,691"
Chlamydia,2021,Maryland,24,25-34,All races/ethnicities,Male,Data suppressed,Data suppressed,"408,349"
Chlamydia,2021,Maryland,24,13-24,All races/ethnicities,Male,Data suppressed,Data suppressed,"471,278"
Chlamydia,2020 (COVID-19 Pandemic),Maryland,24,55+,All races/ethnicities,Female,75,7.6,"986,518"
Chlamydia,2020 (COVID-19 Pandemic),Maryland,24,45-54,All races/ethnicities,Female,228,55.4,"411,533"
Chlamydia,2020 (COVID-19 Pandemic),Maryland,24,35-44,All races/ethnicities,Female,931,224.4,"414,863"
Chlamydia,2020 (COVID-19 Pandemic),Maryland,24,25-34,All races/ethnicities,Female,"4,894",1172.9,"417,245"
Chlamydia,2020 (COVID-19 Pandemic),Maryland,24,13-24,All races/ethnicities,Female,"14,725",3233,"455,454"
Chlamydia,2020 (COVID-19 Pandemic),Maryland,24,55+,All races/ethnicities,Male,178,21.3,"834,001"
Chlamydia,2020 (COVID-19 Pandemic),Maryland,24,45-54,All races/ethnicities,Male,346,88.9,"389,228"
Chlamydia,2020 (COVID-19 Pandemic),Maryland,24,35-44,All races/ethnicities,Male,"1,012",251.9,"401,675"
Chlamydia,2020 (COVID-19 Pandemic),Maryland,24,25-34,All races/ethnicities,Male,"3,615",876.1,"412,602"
Chlamydia,2020 (COVID-19 Pandemic),Maryland,24,13-24,All races/ethnicities,Male,"6,270",1335.1,"469,642"
Chlamydia,2019,Maryland,24,55+,All races/ethnicities,Female,105,10.8,"974,208"
Chlamydia,2019,Maryland,24,45-54,All races/ethnicities,Female,297,71.8,"413,498"
Chlamydia,2019,Maryland,24,35-44,All races/ethnicities,Female,"1,135",283.2,"400,709"
Chlamydia,2019,Maryland,24,25-34,All races/ethnicities,Female,"5,740",1381,"415,638"
Chlamydia,2019,Maryland,24,13-24,All races/ethnicities,Female,"16,969",3829.1,"443,155"
Chlamydia,2019,Maryland,24,55+,All races/ethnicities,Male,197,24.5,"803,707"
Chlamydia,2019,Maryland,24,45-54,All races/ethnicities,Male,461,120.7,"381,969"
Chlamydia,2019,Maryland,24,35-44,All races/ethnicities,Male,"1,172",307.2,"381,504"
Chlamydia,2019,Maryland,24,25-34,All races/ethnicities,Male,"4,228",1022.2,"413,611"
Chlamydia,2019,Maryland,24,13-24,All races/ethnicities,Male,"7,449",1624.7,"458,482"
Chlamydia,2018,Maryland,24,55+,All races/ethnicities,Female,91,9.5,"955,421"
Chlamydia,2018,Maryland,24,45-54,All races/ethnicities,Female,272,63.9,"425,442"
Chlamydia,2018,Maryland,24,35-44,All races/ethnicities,Female,"1,048",264.5,"396,275"
Chlamydia,2018,Maryland,24,25-34,All races/ethnicities,Female,"5,453",1306.9,"417,251"
Chlamydia,2018,Maryland,24,13-24,All races/ethnicities,Female,"16,032",3598.7,"445,494"
Chlamydia,2018,Maryland,24,55+,All races/ethnicities,Male,172,21.8,"787,929"
Chlamydia,2018,Maryland,24,45-54,All races/ethnicities,Male,465,118.2,"393,285"
Chlamydia,2018,Maryland,24,35-44,All races/ethnicities,Male,"1,075",285.5,"376,535"
Chlamydia,2018,Maryland,24,25-34,All races/ethnicities,Male,"4,000",965.8,"414,144"
Chlamydia,2018,Maryland,24,13-24,All races/ethnicities,Male,"6,821",1478.7,"461,297"
HIV diagnoses,2021,Maryland,24,55+,All races/ethnicities,Female,33,3.3,"997,978"
HIV diagnoses,2021,Maryland,24,45-54,All races/ethnicities,Female,28,7,"402,653"
HIV diagnoses,2021,Maryland,24,35-44,All races/ethnicities,Female,67,15.9,"420,562"
HIV diagnoses,2021,Maryland,24,25-34,All races/ethnicities,Female,39,9.4,"413,444"
HIV diagnoses,2021,Maryland,24,13-24,All races/ethnicities,Female,15,3.3,"456,832"
HIV diagnoses,2021,Maryland,24,55+,All races/ethnicities,Male,71,8.4,"843,024"
HIV diagnoses,2021,Maryland,24,45-54,All races/ethnicities,Male,57,15,"380,890"
HIV diagnoses,2021,Maryland,24,35-44,All races/ethnicities,Male,99,24.3,"406,691"
HIV diagnoses,2021,Maryland,24,25-34,All races/ethnicities,Male,205,50.2,"408,349"
HIV diagnoses,2021,Maryland,24,13-24,All races/ethnicities,Male,135,28.6,"471,278"
HIV diagnoses,2020 (COVID-19 Pandemic),Maryland,24,55+,All races/ethnicities,Female,30,3,"986,518"
HIV diagnoses,2020 (COVID-19 Pandemic),Maryland,24,45-54,All races/ethnicities,Female,38,9.2,"411,533"
HIV diagnoses,2020 (COVID-19 Pandemic),Maryland,24,35-44,All races/ethnicities,Female,48,11.6,"414,863"
HIV diagnoses,2020 (COVID-19 Pandemic),Maryland,24,25-34,All races/ethnicities,Female,48,11.5,"417,245"
HIV diagnoses,2020 (COVID-19 Pandemic),Maryland,24,13-24,All races/ethnicities,Female,15,3.3,"455,454"
HIV diagnoses,2020 (COVID-19 Pandemic),Maryland,24,55+,All races/ethnicities,Male,67,8,"834,001"
HIV diagnoses,2020 (COVID-19 Pandemic),Maryland,24,45-54,All races/ethnicities,Male,53,13.6,"389,228"
HIV diagnoses,2020 (COVID-19 Pandemic),Maryland,24,35-44,All races/ethnicities,Male,96,23.9,"401,675"
HIV diagnoses,2020 (COVID-19 Pandemic),Maryland,24,25-34,All races/ethnicities,Male,192,46.5,"412,602"
HIV diagnoses,2020 (COVID-19 Pandemic),Maryland,24,13-24,All races/ethnicities,Male,122,26,"469,642"
HIV diagnoses,2019,Maryland,24,55+,All races/ethnicities,Female,49,5,"974,864"
HIV diagnoses,2019,Maryland,24,45-54,All races/ethnicities,Female,51,12.3,"413,758"
HIV diagnoses,2019,Maryland,24,35-44,All races/ethnicities,Female,67,16.7,"401,155"
HIV diagnoses,2019,Maryland,24,25-34,All races/ethnicities,Female,65,15.6,"417,007"
HIV diagnoses,2019,Maryland,24,13-24,All races/ethnicities,Female,27,6.1,"444,633"
HIV diagnoses,2019,Maryland,24,55+,All races/ethnicities,Male,74,9.2,"804,564"
HIV diagnoses,2019,Maryland,24,45-54,All races/ethnicities,Male,82,21.5,"381,668"
HIV diagnoses,2019,Maryland,24,35-44,All races/ethnicities,Male,116,30.4,"381,970"
HIV diagnoses,2019,Maryland,24,25-34,All races/ethnicities,Male,234,56.4,"414,666"
HIV diagnoses,2019,Maryland,24,13-24,All races/ethnicities,Male,149,32.5,"458,540"
HIV diagnoses,2018,Maryland,24,55+,All races/ethnicities,Female,48,5,"955,973"
HIV diagnoses,2018,Maryland,24,45-54,All races/ethnicities,Female,69,16.2,"425,724"
HIV diagnoses,2018,Maryland,24,35-44,All races/ethnicities,Female,51,12.9,"396,630"
HIV diagnoses,2018,Maryland,24,25-34,All races/ethnicities,Female,78,18.6,"418,335"
HIV diagnoses,2018,Maryland,24,13-24,All races/ethnicities,Female,26,5.8,"446,422"
HIV diagnoses,2018,Maryland,24,55+,All races/ethnicities,Male,62,7.9,"788,366"
HIV diagnoses,2018,Maryland,24,45-54,All races/ethnicities,Male,79,20.1,"393,239"
HIV diagnoses,2018,Maryland,24,35-44,All races/ethnicities,Male,133,35.3,"376,847"
HIV diagnoses,2018,Maryland,24,25-34,All races/ethnicities,Male,278,67,"414,990"
HIV diagnoses,2018,Maryland,24,13-24,All races/ethnicities,Male,170,36.9,"461,268"
Gonorrhea,2021,Massachusetts,25,55+,All races/ethnicities,Female,27,2.3,"1,171,848"
Gonorrhea,2021,Massachusetts,25,45-54,All races/ethnicities,Female,83,18.6,"445,836"
Gonorrhea,2021,Massachusetts,25,35-44,All races/ethnicities,Female,315,69.7,"451,715"
Gonorrhea,2021,Massachusetts,25,25-34,All races/ethnicities,Female,947,193.2,"490,060"
Gonorrhea,2021,Massachusetts,25,13-24,All races/ethnicities,Female,"1,378",250.6,"549,922"
Gonorrhea,2021,Massachusetts,25,55+,All races/ethnicities,Male,309,30.6,"1,008,257"
Gonorrhea,2021,Massachusetts,25,45-54,All races/ethnicities,Male,444,103.4,"429,260"
Gonorrhea,2021,Massachusetts,25,35-44,All races/ethnicities,Male,925,207.6,"445,557"
Gonorrhea,2021,Massachusetts,25,25-34,All races/ethnicities,Male,"2,309",467.4,"494,033"
Gonorrhea,2021,Massachusetts,25,13-24,All races/ethnicities,Male,"1,461",265.8,"549,607"
Gonorrhea,2020 (COVID-19 Pandemic),Massachusetts,25,55+,All races/ethnicities,Female,28,2.4,"1,160,687"
Gonorrhea,2020 (COVID-19 Pandemic),Massachusetts,25,45-54,All races/ethnicities,Female,81,17.7,"457,469"
Gonorrhea,2020 (COVID-19 Pandemic),Massachusetts,25,35-44,All races/ethnicities,Female,281,62.9,"446,389"
Gonorrhea,2020 (COVID-19 Pandemic),Massachusetts,25,25-34,All races/ethnicities,Female,846,169.9,"498,033"
Gonorrhea,2020 (COVID-19 Pandemic),Massachusetts,25,13-24,All races/ethnicities,Female,"1,340",241.1,"555,898"
Gonorrhea,2020 (COVID-19 Pandemic),Massachusetts,25,55+,All races/ethnicities,Male,252,25.3,"997,188"
Gonorrhea,2020 (COVID-19 Pandemic),Massachusetts,25,45-54,All races/ethnicities,Male,399,90.6,"440,488"
Gonorrhea,2020 (COVID-19 Pandemic),Massachusetts,25,35-44,All races/ethnicities,Male,853,193.8,"440,191"
Gonorrhea,2020 (COVID-19 Pandemic),Massachusetts,25,25-34,All races/ethnicities,Male,"1,981",394.5,"502,146"
Gonorrhea,2020 (COVID-19 Pandemic),Massachusetts,25,13-24,All races/ethnicities,Male,"1,354",243.9,"555,074"
Gonorrhea,2019,Massachusetts,25,55+,All races/ethnicities,Female,26,2.3,"1,150,580"
Gonorrhea,2019,Massachusetts,25,45-54,All races/ethnicities,Female,96,20.8,"460,435"
Gonorrhea,2019,Massachusetts,25,35-44,All races/ethnicities,Female,226,52.5,"430,708"
Gonorrhea,2019,Massachusetts,25,25-34,All races/ethnicities,Female,794,160.6,"494,393"
Gonorrhea,2019,Massachusetts,25,13-24,All races/ethnicities,Female,"1,074",197.1,"545,039"
Gonorrhea,2019,Massachusetts,25,55+,All races/ethnicities,Male,291,30.3,"961,942"
Gonorrhea,2019,Massachusetts,25,45-54,All races/ethnicities,Male,518,119.6,"433,198"
Gonorrhea,2019,Massachusetts,25,35-44,All races/ethnicities,Male,867,207.6,"417,665"
Gonorrhea,2019,Massachusetts,25,25-34,All races/ethnicities,Male,"2,144",428.7,"500,061"
Gonorrhea,2019,Massachusetts,25,13-24,All races/ethnicities,Male,"1,307",239.5,"545,719"
Gonorrhea,2018,Massachusetts,25,55+,All races/ethnicities,Female,26,2.3,"1,130,847"
Gonorrhea,2018,Massachusetts,25,45-54,All races/ethnicities,Female,106,22.4,"474,134"
Gonorrhea,2018,Massachusetts,25,35-44,All races/ethnicities,Female,251,58.9,"426,499"
Gonorrhea,2018,Massachusetts,25,25-34,All races/ethnicities,Female,831,168.9,"492,019"
Gonorrhea,2018,Massachusetts,25,13-24,All races/ethnicities,Female,"1,214",220.9,"549,645"
Gonorrhea,2018,Massachusetts,25,55+,All races/ethnicities,Male,309,32.7,"944,106"
Gonorrhea,2018,Massachusetts,25,45-54,All races/ethnicities,Male,567,127.2,"445,695"
Gonorrhea,2018,Massachusetts,25,35-44,All races/ethnicities,Male,879,213,"412,655"
Gonorrhea,2018,Massachusetts,25,25-34,All races/ethnicities,Male,"2,331",470.7,"495,176"
Gonorrhea,2018,Massachusetts,25,13-24,All races/ethnicities,Male,"1,488",269.8,"551,577"
Chlamydia,2021,Massachusetts,25,55+,All races/ethnicities,Female,98,8.4,"1,171,848"
Chlamydia,2021,Massachusetts,25,45-54,All races/ethnicities,Female,240,53.8,"445,836"
Chlamydia,2021,Massachusetts,25,35-44,All races/ethnicities,Female,"1,001",221.6,"451,715"
Chlamydia,2021,Massachusetts,25,25-34,All races/ethnicities,Female,"4,567",931.9,"490,060"
Chlamydia,2021,Massachusetts,25,13-24,All races/ethnicities,Female,"10,867",1976.1,"549,922"
Chlamydia,2021,Massachusetts,25,55+,All races/ethnicities,Male,261,25.9,"1,008,257"
Chlamydia,2021,Massachusetts,25,45-54,All races/ethnicities,Male,403,93.9,"429,260"
Chlamydia,2021,Massachusetts,25,35-44,All races/ethnicities,Male,"1,116",250.5,"445,557"
Chlamydia,2021,Massachusetts,25,25-34,All races/ethnicities,Male,"3,721",753.2,"494,033"
Chlamydia,2021,Massachusetts,25,13-24,All races/ethnicities,Male,"4,530",824.2,"549,607"
Chlamydia,2020 (COVID-19 Pandemic),Massachusetts,25,55+,All races/ethnicities,Female,88,7.6,"1,160,687"
Chlamydia,2020 (COVID-19 Pandemic),Massachusetts,25,45-54,All races/ethnicities,Female,187,40.9,"457,469"
Chlamydia,2020 (COVID-19 Pandemic),Massachusetts,25,35-44,All races/ethnicities,Female,814,182.4,"446,389"
Chlamydia,2020 (COVID-19 Pandemic),Massachusetts,25,25-34,All races/ethnicities,Female,"4,052",813.6,"498,033"
Chlamydia,2020 (COVID-19 Pandemic),Massachusetts,25,13-24,All races/ethnicities,Female,"10,525",1893.3,"555,898"
Chlamydia,2020 (COVID-19 Pandemic),Massachusetts,25,55+,All races/ethnicities,Male,213,21.4,"997,188"
Chlamydia,2020 (COVID-19 Pandemic),Massachusetts,25,45-54,All races/ethnicities,Male,379,86,"440,488"
Chlamydia,2020 (COVID-19 Pandemic),Massachusetts,25,35-44,All races/ethnicities,Male,998,226.7,"440,191"
Chlamydia,2020 (COVID-19 Pandemic),Massachusetts,25,25-34,All races/ethnicities,Male,"3,227",642.6,"502,146"
Chlamydia,2020 (COVID-19 Pandemic),Massachusetts,25,13-24,All races/ethnicities,Male,"4,189",754.7,"555,074"
Chlamydia,2019,Massachusetts,25,55+,All races/ethnicities,Female,101,8.8,"1,150,580"
Chlamydia,2019,Massachusetts,25,45-54,All races/ethnicities,Female,286,62.1,"460,435"
Chlamydia,2019,Massachusetts,25,35-44,All races/ethnicities,Female,973,225.9,"430,708"
Chlamydia,2019,Massachusetts,25,25-34,All races/ethnicities,Female,"4,884",987.9,"494,393"
Chlamydia,2019,Massachusetts,25,13-24,All races/ethnicities,Female,"13,109",2405.1,"545,039"
Chlamydia,2019,Massachusetts,25,55+,All races/ethnicities,Male,302,31.4,"961,942"
Chlamydia,2019,Massachusetts,25,45-54,All races/ethnicities,Male,565,130.4,"433,198"
Chlamydia,2019,Massachusetts,25,35-44,All races/ethnicities,Male,"1,340",320.8,"417,665"
Chlamydia,2019,Massachusetts,25,25-34,All races/ethnicities,Male,"4,362",872.3,"500,061"
Chlamydia,2019,Massachusetts,25,13-24,All races/ethnicities,Male,"5,585",1023.4,"545,719"
Chlamydia,2018,Massachusetts,25,55+,All races/ethnicities,Female,95,8.4,"1,130,847"
Chlamydia,2018,Massachusetts,25,45-54,All races/ethnicities,Female,294,62,"474,134"
Chlamydia,2018,Massachusetts,25,35-44,All races/ethnicities,Female,964,226,"426,499"
Chlamydia,2018,Massachusetts,25,25-34,All races/ethnicities,Female,"4,776",970.7,"492,019"
Chlamydia,2018,Massachusetts,25,13-24,All races/ethnicities,Female,"12,945",2355.2,"549,645"
Chlamydia,2018,Massachusetts,25,55+,All races/ethnicities,Male,243,25.7,"944,106"
Chlamydia,2018,Massachusetts,25,45-54,All races/ethnicities,Male,597,133.9,"445,695"
Chlamydia,2018,Massachusetts,25,35-44,All races/ethnicities,Male,"1,090",264.1,"412,655"
Chlamydia,2018,Massachusetts,25,25-34,All races/ethnicities,Male,"3,955",798.7,"495,176"
Chlamydia,2018,Massachusetts,25,13-24,All races/ethnicities,Male,"5,337",967.6,"551,577"
HIV diagnoses,2021,Massachusetts,25,55+,All races/ethnicities,Female,25,2.1,"1,171,848"
HIV diagnoses,2021,Massachusetts,25,45-54,All races/ethnicities,Female,31,7,"445,836"
HIV diagnoses,2021,Massachusetts,25,35-44,All races/ethnicities,Female,44,9.7,"451,715"
HIV diagnoses,2021,Massachusetts,25,25-34,All races/ethnicities,Female,25,5.1,"490,060"
HIV diagnoses,2021,Massachusetts,25,13-24,All races/ethnicities,Female,8,1.5,"549,922"
HIV diagnoses,2021,Massachusetts,25,55+,All races/ethnicities,Male,33,3.3,"1,008,257"
HIV diagnoses,2021,Massachusetts,25,45-54,All races/ethnicities,Male,46,10.7,"429,260"
HIV diagnoses,2021,Massachusetts,25,35-44,All races/ethnicities,Male,78,17.5,"445,557"
HIV diagnoses,2021,Massachusetts,25,25-34,All races/ethnicities,Male,116,23.5,"494,033"
HIV diagnoses,2021,Massachusetts,25,13-24,All races/ethnicities,Male,34,6.2,"549,607"
HIV diagnoses,2020 (COVID-19 Pandemic),Massachusetts,25,55+,All races/ethnicities,Female,26,2.2,"1,160,687"
HIV diagnoses,2020 (COVID-19 Pandemic),Massachusetts,25,45-54,All races/ethnicities,Female,25,5.5,"457,469"
HIV diagnoses,2020 (COVID-19 Pandemic),Massachusetts,25,35-44,All races/ethnicities,Female,27,6,"446,389"
HIV diagnoses,2020 (COVID-19 Pandemic),Massachusetts,25,25-34,All races/ethnicities,Female,35,7,"498,033"
HIV diagnoses,2020 (COVID-19 Pandemic),Massachusetts,25,13-24,All races/ethnicities,Female,5,0.9,"555,898"
HIV diagnoses,2020 (COVID-19 Pandemic),Massachusetts,25,55+,All races/ethnicities,Male,32,3.2,"997,188"
HIV diagnoses,2020 (COVID-19 Pandemic),Massachusetts,25,45-54,All races/ethnicities,Male,42,9.5,"440,488"
HIV diagnoses,2020 (COVID-19 Pandemic),Massachusetts,25,35-44,All races/ethnicities,Male,76,17.3,"440,191"
HIV diagnoses,2020 (COVID-19 Pandemic),Massachusetts,25,25-34,All races/ethnicities,Male,121,24.1,"502,146"
HIV diagnoses,2020 (COVID-19 Pandemic),Massachusetts,25,13-24,All races/ethnicities,Male,41,7.4,"555,074"
HIV diagnoses,2019,Massachusetts,25,55+,All races/ethnicities,Female,38,3.3,"1,149,466"
HIV diagnoses,2019,Massachusetts,25,45-54,All races/ethnicities,Female,21,4.6,"460,389"
HIV diagnoses,2019,Massachusetts,25,35-44,All races/ethnicities,Female,29,6.7,"430,628"
HIV diagnoses,2019,Massachusetts,25,25-34,All races/ethnicities,Female,40,8.1,"495,197"
HIV diagnoses,2019,Massachusetts,25,13-24,All races/ethnicities,Female,12,2.2,"546,863"
HIV diagnoses,2019,Massachusetts,25,55+,All races/ethnicities,Male,49,5.1,"961,536"
HIV diagnoses,2019,Massachusetts,25,45-54,All races/ethnicities,Male,57,13.2,"432,913"
HIV diagnoses,2019,Massachusetts,25,35-44,All races/ethnicities,Male,80,19.2,"417,310"
HIV diagnoses,2019,Massachusetts,25,25-34,All races/ethnicities,Male,152,30.3,"501,320"
HIV diagnoses,2019,Massachusetts,25,13-24,All races/ethnicities,Male,59,10.8,"546,266"
HIV diagnoses,2018,Massachusetts,25,55+,All races/ethnicities,Female,33,2.9,"1,130,579"
HIV diagnoses,2018,Massachusetts,25,45-54,All races/ethnicities,Female,42,8.9,"474,198"
HIV diagnoses,2018,Massachusetts,25,35-44,All races/ethnicities,Female,57,13.4,"426,402"
HIV diagnoses,2018,Massachusetts,25,25-34,All races/ethnicities,Female,37,7.5,"492,665"
HIV diagnoses,2018,Massachusetts,25,13-24,All races/ethnicities,Female,14,2.5,"550,249"
HIV diagnoses,2018,Massachusetts,25,55+,All races/ethnicities,Male,59,6.2,"944,124"
HIV diagnoses,2018,Massachusetts,25,45-54,All races/ethnicities,Male,67,15,"445,570"
HIV diagnoses,2018,Massachusetts,25,35-44,All races/ethnicities,Male,110,26.7,"412,551"
HIV diagnoses,2018,Massachusetts,25,25-34,All races/ethnicities,Male,163,32.8,"496,282"
HIV diagnoses,2018,Massachusetts,25,13-24,All races/ethnicities,Male,63,11.4,"551,709"
Gonorrhea,2021,Michigan,26,55+,All races/ethnicities,Female,75,4.4,"1,700,304"
Gonorrhea,2021,Michigan,26,45-54,All races/ethnicities,Female,268,43.6,"614,492"
Gonorrhea,2021,Michigan,26,35-44,All races/ethnicities,Female,"1,016",168.9,"601,612"
Gonorrhea,2021,Michigan,26,25-34,All races/ethnicities,Female,"3,573",551.9,"647,378"
Gonorrhea,2021,Michigan,26,13-24,All races/ethnicities,Female,"5,757",745,"772,757"
Gonorrhea,2021,Michigan,26,55+,All races/ethnicities,Male,416,27.4,"1,516,565"
Gonorrhea,2021,Michigan,26,45-54,All races/ethnicities,Male,668,109.3,"611,154"
Gonorrhea,2021,Michigan,26,35-44,All races/ethnicities,Male,"1,618",266.6,"606,822"
Gonorrhea,2021,Michigan,26,25-34,All races/ethnicities,Male,"4,509",673.6,"669,360"
Gonorrhea,2021,Michigan,26,13-24,All races/ethnicities,Male,"4,031",500,"806,121"
Gonorrhea,2020 (COVID-19 Pandemic),Michigan,26,55+,All races/ethnicities,Female,71,4.2,"1,689,504"
Gonorrhea,2020 (COVID-19 Pandemic),Michigan,26,45-54,All races/ethnicities,Female,256,40.8,"627,173"
Gonorrhea,2020 (COVID-19 Pandemic),Michigan,26,35-44,All races/ethnicities,Female,910,152.5,"596,723"
Gonorrhea,2020 (COVID-19 Pandemic),Michigan,26,25-34,All races/ethnicities,Female,"3,745",580.5,"645,147"
Gonorrhea,2020 (COVID-19 Pandemic),Michigan,26,13-24,All races/ethnicities,Female,"6,412",826.8,"775,513"
Gonorrhea,2020 (COVID-19 Pandemic),Michigan,26,55+,All races/ethnicities,Male,423,28.1,"1,505,129"
Gonorrhea,2020 (COVID-19 Pandemic),Michigan,26,45-54,All races/ethnicities,Male,702,112.4,"624,382"
Gonorrhea,2020 (COVID-19 Pandemic),Michigan,26,35-44,All races/ethnicities,Male,"1,575",262.1,"600,964"
Gonorrhea,2020 (COVID-19 Pandemic),Michigan,26,25-34,All races/ethnicities,Male,"4,757",713.3,"666,858"
Gonorrhea,2020 (COVID-19 Pandemic),Michigan,26,13-24,All races/ethnicities,Male,"4,538",561.4,"808,298"
Gonorrhea,2019,Michigan,26,55+,All races/ethnicities,Female,51,3,"1,693,311"
Gonorrhea,2019,Michigan,26,45-54,All races/ethnicities,Female,165,26,"635,638"
Gonorrhea,2019,Michigan,26,35-44,All races/ethnicities,Female,655,111.7,"586,179"
Gonorrhea,2019,Michigan,26,25-34,All races/ethnicities,Female,"2,581",401.6,"642,746"
Gonorrhea,2019,Michigan,26,13-24,All races/ethnicities,Female,"5,194",674,"770,628"
Gonorrhea,2019,Michigan,26,55+,All races/ethnicities,Male,348,23.6,"1,471,625"
Gonorrhea,2019,Michigan,26,45-54,All races/ethnicities,Male,605,97.7,"619,041"
Gonorrhea,2019,Michigan,26,35-44,All races/ethnicities,Male,"1,204",207.6,"579,993"
Gonorrhea,2019,Michigan,26,25-34,All races/ethnicities,Male,"3,621",541.4,"668,868"
Gonorrhea,2019,Michigan,26,13-24,All races/ethnicities,Male,"3,711",461.7,"803,716"
Gonorrhea,2018,Michigan,26,55+,All races/ethnicities,Female,43,2.6,"1,668,323"
Gonorrhea,2018,Michigan,26,45-54,All races/ethnicities,Female,172,26.3,"653,219"
Gonorrhea,2018,Michigan,26,35-44,All races/ethnicities,Female,582,99.5,"584,775"
Gonorrhea,2018,Michigan,26,25-34,All races/ethnicities,Female,"2,351",370,"635,417"
Gonorrhea,2018,Michigan,26,13-24,All races/ethnicities,Female,"4,820",617,"781,202"
Gonorrhea,2018,Michigan,26,55+,All races/ethnicities,Male,282,19.5,"1,447,623"
Gonorrhea,2018,Michigan,26,45-54,All races/ethnicities,Male,560,87.9,"636,963"
Gonorrhea,2018,Michigan,26,35-44,All races/ethnicities,Male,"1,145",198.5,"576,814"
Gonorrhea,2018,Michigan,26,25-34,All races/ethnicities,Male,"3,103",471,"658,847"
Gonorrhea,2018,Michigan,26,13-24,All races/ethnicities,Male,"3,604",441.8,"815,823"
Chlamydia,2021,Michigan,26,55+,All races/ethnicities,Female,129,7.6,"1,700,304"
Chlamydia,2021,Michigan,26,45-54,All races/ethnicities,Female,316,51.4,"614,492"
Chlamydia,2021,Michigan,26,35-44,All races/ethnicities,Female,"1,303",216.6,"601,612"
Chlamydia,2021,Michigan,26,25-34,All races/ethnicities,Female,"7,398",1142.8,"647,378"
Chlamydia,2021,Michigan,26,13-24,All races/ethnicities,Female,"20,911",2706,"772,757"
Chlamydia,2021,Michigan,26,55+,All races/ethnicities,Male,219,14.4,"1,516,565"
Chlamydia,2021,Michigan,26,45-54,All races/ethnicities,Male,430,70.4,"611,154"
Chlamydia,2021,Michigan,26,35-44,All races/ethnicities,Male,"1,343",221.3,"606,822"
Chlamydia,2021,Michigan,26,25-34,All races/ethnicities,Male,"5,137",767.4,"669,360"
Chlamydia,2021,Michigan,26,13-24,All races/ethnicities,Male,"8,272",1026.1,"806,121"
Chlamydia,2020 (COVID-19 Pandemic),Michigan,26,55+,All races/ethnicities,Female,113,6.7,"1,689,504"
Chlamydia,2020 (COVID-19 Pandemic),Michigan,26,45-54,All races/ethnicities,Female,271,43.2,"627,173"
Chlamydia,2020 (COVID-19 Pandemic),Michigan,26,35-44,All races/ethnicities,Female,"1,297",217.4,"596,723"
Chlamydia,2020 (COVID-19 Pandemic),Michigan,26,25-34,All races/ethnicities,Female,"6,981",1082.1,"645,147"
Chlamydia,2020 (COVID-19 Pandemic),Michigan,26,13-24,All races/ethnicities,Female,"21,194",2732.9,"775,513"
Chlamydia,2020 (COVID-19 Pandemic),Michigan,26,55+,All races/ethnicities,Male,198,13.2,"1,505,129"
Chlamydia,2020 (COVID-19 Pandemic),Michigan,26,45-54,All races/ethnicities,Male,399,63.9,"624,382"
Chlamydia,2020 (COVID-19 Pandemic),Michigan,26,35-44,All races/ethnicities,Male,"1,199",199.5,"600,964"
Chlamydia,2020 (COVID-19 Pandemic),Michigan,26,25-34,All races/ethnicities,Male,"4,831",724.4,"666,858"
Chlamydia,2020 (COVID-19 Pandemic),Michigan,26,13-24,All races/ethnicities,Male,"8,247",1020.3,"808,298"
Chlamydia,2019,Michigan,26,55+,All races/ethnicities,Female,99,5.8,"1,693,311"
Chlamydia,2019,Michigan,26,45-54,All races/ethnicities,Female,309,48.6,"635,638"
Chlamydia,2019,Michigan,26,35-44,All races/ethnicities,Female,"1,273",217.2,"586,179"
Chlamydia,2019,Michigan,26,25-34,All races/ethnicities,Female,"7,631",1187.2,"642,746"
Chlamydia,2019,Michigan,26,13-24,All races/ethnicities,Female,"23,612",3064,"770,628"
Chlamydia,2019,Michigan,26,55+,All races/ethnicities,Male,212,14.4,"1,471,625"
Chlamydia,2019,Michigan,26,45-54,All races/ethnicities,Male,490,79.2,"619,041"
Chlamydia,2019,Michigan,26,35-44,All races/ethnicities,Male,"1,364",235.2,"579,993"
Chlamydia,2019,Michigan,26,25-34,All races/ethnicities,Male,"5,464",816.9,"668,868"
Chlamydia,2019,Michigan,26,13-24,All races/ethnicities,Male,"9,587",1192.8,"803,716"
Chlamydia,2018,Michigan,26,55+,All races/ethnicities,Female,112,6.7,"1,668,323"
Chlamydia,2018,Michigan,26,45-54,All races/ethnicities,Female,307,47,"653,219"
Chlamydia,2018,Michigan,26,35-44,All races/ethnicities,Female,"1,122",191.9,"584,775"
Chlamydia,2018,Michigan,26,25-34,All races/ethnicities,Female,"7,579",1192.8,"635,417"
Chlamydia,2018,Michigan,26,13-24,All races/ethnicities,Female,"24,529",3139.9,"781,202"
Chlamydia,2018,Michigan,26,55+,All races/ethnicities,Male,194,13.4,"1,447,623"
Chlamydia,2018,Michigan,26,45-54,All races/ethnicities,Male,432,67.8,"636,963"
Chlamydia,2018,Michigan,26,35-44,All races/ethnicities,Male,"1,233",213.8,"576,814"
Chlamydia,2018,Michigan,26,25-34,All races/ethnicities,Male,"5,318",807.2,"658,847"
Chlamydia,2018,Michigan,26,13-24,All races/ethnicities,Male,"9,656",1183.6,"815,823"
HIV diagnoses,2021,Michigan,26,55+,All races/ethnicities,Female,14,0.8,"1,700,304"
HIV diagnoses,2021,Michigan,26,45-54,All races/ethnicities,Female,15,2.4,"614,492"
HIV diagnoses,2021,Michigan,26,35-44,All races/ethnicities,Female,17,2.8,"601,612"
HIV diagnoses,2021,Michigan,26,25-34,All races/ethnicities,Female,32,4.9,"647,378"
HIV diagnoses,2021,Michigan,26,13-24,All races/ethnicities,Female,21,2.7,"772,757"
HIV diagnoses,2021,Michigan,26,55+,All races/ethnicities,Male,46,3,"1,516,565"
HIV diagnoses,2021,Michigan,26,45-54,All races/ethnicities,Male,66,10.8,"611,154"
HIV diagnoses,2021,Michigan,26,35-44,All races/ethnicities,Male,94,15.5,"606,822"
HIV diagnoses,2021,Michigan,26,25-34,All races/ethnicities,Male,207,30.9,"669,360"
HIV diagnoses,2021,Michigan,26,13-24,All races/ethnicities,Male,121,15,"806,121"
HIV diagnoses,2020 (COVID-19 Pandemic),Michigan,26,55+,All races/ethnicities,Female,9,0.5,"1,689,504"
HIV diagnoses,2020 (COVID-19 Pandemic),Michigan,26,45-54,All races/ethnicities,Female,20,3.2,"627,173"
HIV diagnoses,2020 (COVID-19 Pandemic),Michigan,26,35-44,All races/ethnicities,Female,15,2.5,"596,723"
HIV diagnoses,2020 (COVID-19 Pandemic),Michigan,26,25-34,All races/ethnicities,Female,28,4.3,"645,147"
HIV diagnoses,2020 (COVID-19 Pandemic),Michigan,26,13-24,All races/ethnicities,Female,13,1.7,"775,513"
HIV diagnoses,2020 (COVID-19 Pandemic),Michigan,26,55+,All races/ethnicities,Male,40,2.7,"1,505,129"
HIV diagnoses,2020 (COVID-19 Pandemic),Michigan,26,45-54,All races/ethnicities,Male,51,8.2,"624,382"
HIV diagnoses,2020 (COVID-19 Pandemic),Michigan,26,35-44,All races/ethnicities,Male,67,11.1,"600,964"
HIV diagnoses,2020 (COVID-19 Pandemic),Michigan,26,25-34,All races/ethnicities,Male,167,25,"666,858"
HIV diagnoses,2020 (COVID-19 Pandemic),Michigan,26,13-24,All races/ethnicities,Male,107,13.2,"808,298"
HIV diagnoses,2019,Michigan,26,55+,All races/ethnicities,Female,11,0.7,"1,692,093"
HIV diagnoses,2019,Michigan,26,45-54,All races/ethnicities,Female,13,2,"635,500"
HIV diagnoses,2019,Michigan,26,35-44,All races/ethnicities,Female,33,5.6,"585,929"
HIV diagnoses,2019,Michigan,26,25-34,All races/ethnicities,Female,35,5.4,"643,044"
HIV diagnoses,2019,Michigan,26,13-24,All races/ethnicities,Female,19,2.5,"770,485"
HIV diagnoses,2019,Michigan,26,55+,All races/ethnicities,Male,41,2.8,"1,470,440"
HIV diagnoses,2019,Michigan,26,45-54,All races/ethnicities,Male,60,9.7,"618,956"
HIV diagnoses,2019,Michigan,26,35-44,All races/ethnicities,Male,77,13.3,"579,964"
HIV diagnoses,2019,Michigan,26,25-34,All races/ethnicities,Male,233,34.8,"669,272"
HIV diagnoses,2019,Michigan,26,13-24,All races/ethnicities,Male,153,19,"803,714"
HIV diagnoses,2018,Michigan,26,55+,All races/ethnicities,Female,17,1,"1,667,831"
HIV diagnoses,2018,Michigan,26,45-54,All races/ethnicities,Female,18,2.8,"653,281"
HIV diagnoses,2018,Michigan,26,35-44,All races/ethnicities,Female,27,4.6,"584,793"
HIV diagnoses,2018,Michigan,26,25-34,All races/ethnicities,Female,55,8.6,"636,231"
HIV diagnoses,2018,Michigan,26,13-24,All races/ethnicities,Female,29,3.7,"781,521"
HIV diagnoses,2018,Michigan,26,55+,All races/ethnicities,Male,52,3.6,"1,447,331"
HIV diagnoses,2018,Michigan,26,45-54,All races/ethnicities,Male,75,11.8,"637,098"
HIV diagnoses,2018,Michigan,26,35-44,All races/ethnicities,Male,79,13.7,"576,910"
HIV diagnoses,2018,Michigan,26,25-34,All races/ethnicities,Male,221,33.5,"659,734"
HIV diagnoses,2018,Michigan,26,13-24,All races/ethnicities,Male,145,17.8,"816,387"
Gonorrhea,2021,Minnesota,27,55+,All races/ethnicities,Female,29,3.3,"890,520"
Gonorrhea,2021,Minnesota,27,45-54,All races/ethnicities,Female,143,43.9,"325,823"
Gonorrhea,2021,Minnesota,27,35-44,All races/ethnicities,Female,653,174.2,"374,875"
Gonorrhea,2021,Minnesota,27,25-34,All races/ethnicities,Female,"1,448",395.5,"366,078"
Gonorrhea,2021,Minnesota,27,13-24,All races/ethnicities,Female,"2,071",474.6,"436,359"
Gonorrhea,2021,Minnesota,27,55+,All races/ethnicities,Male,221,26.9,"821,278"
Gonorrhea,2021,Minnesota,27,45-54,All races/ethnicities,Male,363,107,"339,198"
Gonorrhea,2021,Minnesota,27,35-44,All races/ethnicities,Male,"1,006",256.4,"392,283"
Gonorrhea,2021,Minnesota,27,25-34,All races/ethnicities,Male,"2,113",552.8,"382,239"
Gonorrhea,2021,Minnesota,27,13-24,All races/ethnicities,Male,"1,584",351.9,"450,098"
Gonorrhea,2020 (COVID-19 Pandemic),Minnesota,27,55+,All races/ethnicities,Female,28,3.2,"882,456"
Gonorrhea,2020 (COVID-19 Pandemic),Minnesota,27,45-54,All races/ethnicities,Female,114,34.5,"330,848"
Gonorrhea,2020 (COVID-19 Pandemic),Minnesota,27,35-44,All races/ethnicities,Female,585,158.6,"368,744"
Gonorrhea,2020 (COVID-19 Pandemic),Minnesota,27,25-34,All races/ethnicities,Female,"1,607",434.6,"369,741"
Gonorrhea,2020 (COVID-19 Pandemic),Minnesota,27,13-24,All races/ethnicities,Female,"2,497",575.3,"434,071"
Gonorrhea,2020 (COVID-19 Pandemic),Minnesota,27,55+,All races/ethnicities,Male,203,25,"813,357"
Gonorrhea,2020 (COVID-19 Pandemic),Minnesota,27,45-54,All races/ethnicities,Male,376,109.4,"343,658"
Gonorrhea,2020 (COVID-19 Pandemic),Minnesota,27,35-44,All races/ethnicities,Male,950,246,"386,130"
Gonorrhea,2020 (COVID-19 Pandemic),Minnesota,27,25-34,All races/ethnicities,Male,"2,151",556.5,"386,557"
Gonorrhea,2020 (COVID-19 Pandemic),Minnesota,27,13-24,All races/ethnicities,Male,"1,789",399.7,"447,578"
Gonorrhea,2019,Minnesota,27,55+,All races/ethnicities,Female,30,3.4,"882,958"
Gonorrhea,2019,Minnesota,27,45-54,All races/ethnicities,Female,116,34.6,"334,810"
Gonorrhea,2019,Minnesota,27,35-44,All races/ethnicities,Female,429,120.1,"357,143"
Gonorrhea,2019,Minnesota,27,25-34,All races/ethnicities,Female,"1,227",330.5,"371,306"
Gonorrhea,2019,Minnesota,27,13-24,All races/ethnicities,Female,"1,874",440.2,"425,752"
Gonorrhea,2019,Minnesota,27,55+,All races/ethnicities,Male,163,20.5,"793,845"
Gonorrhea,2019,Minnesota,27,45-54,All races/ethnicities,Male,326,96.3,"338,551"
Gonorrhea,2019,Minnesota,27,35-44,All races/ethnicities,Male,797,216.3,"368,434"
Gonorrhea,2019,Minnesota,27,25-34,All races/ethnicities,Male,"1,738",444.1,"391,310"
Gonorrhea,2019,Minnesota,27,13-24,All races/ethnicities,Male,"1,284",292.4,"439,094"
Gonorrhea,2018,Minnesota,27,55+,All races/ethnicities,Female,14,1.6,"866,103"
Gonorrhea,2018,Minnesota,27,45-54,All races/ethnicities,Female,76,22.1,"343,791"
Gonorrhea,2018,Minnesota,27,35-44,All races/ethnicities,Female,298,85.3,"349,211"
Gonorrhea,2018,Minnesota,27,25-34,All races/ethnicities,Female,"1,074",289.5,"370,955"
Gonorrhea,2018,Minnesota,27,13-24,All races/ethnicities,Female,"1,877",441.5,"425,114"
Gonorrhea,2018,Minnesota,27,55+,All races/ethnicities,Male,141,18.2,"776,827"
Gonorrhea,2018,Minnesota,27,45-54,All races/ethnicities,Male,345,99.3,"347,322"
Gonorrhea,2018,Minnesota,27,35-44,All races/ethnicities,Male,670,185.9,"360,487"
Gonorrhea,2018,Minnesota,27,25-34,All races/ethnicities,Male,"1,708",439.2,"388,879"
Gonorrhea,2018,Minnesota,27,13-24,All races/ethnicities,Male,"1,322",300.8,"439,545"
Chlamydia,2021,Minnesota,27,55+,All races/ethnicities,Female,43,4.8,"890,520"
Chlamydia,2021,Minnesota,27,45-54,All races/ethnicities,Female,221,67.8,"325,823"
Chlamydia,2021,Minnesota,27,35-44,All races/ethnicities,Female,903,240.9,"374,875"
Chlamydia,2021,Minnesota,27,25-34,All races/ethnicities,Female,"3,467",947.1,"366,078"
Chlamydia,2021,Minnesota,27,13-24,All races/ethnicities,Female,"9,799",2245.6,"436,359"
Chlamydia,2021,Minnesota,27,55+,All races/ethnicities,Male,205,25,"821,278"
Chlamydia,2021,Minnesota,27,45-54,All races/ethnicities,Male,360,106.1,"339,198"
Chlamydia,2021,Minnesota,27,35-44,All races/ethnicities,Male,"1,008",257,"392,283"
Chlamydia,2021,Minnesota,27,25-34,All races/ethnicities,Male,"2,691",704,"382,239"
Chlamydia,2021,Minnesota,27,13-24,All races/ethnicities,Male,"3,833",851.6,"450,098"
Chlamydia,2020 (COVID-19 Pandemic),Minnesota,27,55+,All races/ethnicities,Female,40,4.5,"882,456"
Chlamydia,2020 (COVID-19 Pandemic),Minnesota,27,45-54,All races/ethnicities,Female,160,48.4,"330,848"
Chlamydia,2020 (COVID-19 Pandemic),Minnesota,27,35-44,All races/ethnicities,Female,797,216.1,"368,744"
Chlamydia,2020 (COVID-19 Pandemic),Minnesota,27,25-34,All races/ethnicities,Female,"3,295",891.2,"369,741"
Chlamydia,2020 (COVID-19 Pandemic),Minnesota,27,13-24,All races/ethnicities,Female,"9,930",2287.6,"434,071"
Chlamydia,2020 (COVID-19 Pandemic),Minnesota,27,55+,All races/ethnicities,Male,120,14.8,"813,357"
Chlamydia,2020 (COVID-19 Pandemic),Minnesota,27,45-54,All races/ethnicities,Male,312,90.8,"343,658"
Chlamydia,2020 (COVID-19 Pandemic),Minnesota,27,35-44,All races/ethnicities,Male,882,228.4,"386,130"
Chlamydia,2020 (COVID-19 Pandemic),Minnesota,27,25-34,All races/ethnicities,Male,"2,675",692,"386,557"
Chlamydia,2020 (COVID-19 Pandemic),Minnesota,27,13-24,All races/ethnicities,Male,"3,836",857.1,"447,578"
Chlamydia,2019,Minnesota,27,55+,All races/ethnicities,Female,40,4.5,"882,958"
Chlamydia,2019,Minnesota,27,45-54,All races/ethnicities,Female,215,64.2,"334,810"
Chlamydia,2019,Minnesota,27,35-44,All races/ethnicities,Female,835,233.8,"357,143"
Chlamydia,2019,Minnesota,27,25-34,All races/ethnicities,Female,"3,661",986,"371,306"
Chlamydia,2019,Minnesota,27,13-24,All races/ethnicities,Female,"10,805",2537.9,"425,752"
Chlamydia,2019,Minnesota,27,55+,All races/ethnicities,Male,173,21.8,"793,845"
Chlamydia,2019,Minnesota,27,45-54,All races/ethnicities,Male,370,109.3,"338,551"
Chlamydia,2019,Minnesota,27,35-44,All races/ethnicities,Male,"1,049",284.7,"368,434"
Chlamydia,2019,Minnesota,27,25-34,All races/ethnicities,Male,"2,974",760,"391,310"
Chlamydia,2019,Minnesota,27,13-24,All races/ethnicities,Male,"4,306",980.7,"439,094"
Chlamydia,2018,Minnesota,27,55+,All races/ethnicities,Female,29,3.3,"866,103"
Chlamydia,2018,Minnesota,27,45-54,All races/ethnicities,Female,164,47.7,"343,791"
Chlamydia,2018,Minnesota,27,35-44,All races/ethnicities,Female,806,230.8,"349,211"
Chlamydia,2018,Minnesota,27,25-34,All races/ethnicities,Female,"3,562",960.2,"370,955"
Chlamydia,2018,Minnesota,27,13-24,All races/ethnicities,Female,"10,452",2458.6,"425,114"
Chlamydia,2018,Minnesota,27,55+,All races/ethnicities,Male,145,18.7,"776,827"
Chlamydia,2018,Minnesota,27,45-54,All races/ethnicities,Male,379,109.1,"347,322"
Chlamydia,2018,Minnesota,27,35-44,All races/ethnicities,Male,969,268.8,"360,487"
Chlamydia,2018,Minnesota,27,25-34,All races/ethnicities,Male,"2,937",755.2,"388,879"
Chlamydia,2018,Minnesota,27,13-24,All races/ethnicities,Male,"4,096",931.9,"439,545"
HIV diagnoses,2021,Minnesota,27,55+,All races/ethnicities,Female,8,0.9,"890,520"
HIV diagnoses,2021,Minnesota,27,45-54,All races/ethnicities,Female,10,3.1,"325,823"
HIV diagnoses,2021,Minnesota,27,35-44,All races/ethnicities,Female,23,6.1,"374,875"
HIV diagnoses,2021,Minnesota,27,25-34,All races/ethnicities,Female,14,3.8,"366,078"
HIV diagnoses,2021,Minnesota,27,13-24,All races/ethnicities,Female,9,2.1,"436,359"
HIV diagnoses,2021,Minnesota,27,55+,All races/ethnicities,Male,15,1.8,"821,278"
HIV diagnoses,2021,Minnesota,27,45-54,All races/ethnicities,Male,36,10.6,"339,198"
HIV diagnoses,2021,Minnesota,27,35-44,All races/ethnicities,Male,57,14.5,"392,283"
HIV diagnoses,2021,Minnesota,27,25-34,All races/ethnicities,Male,75,19.6,"382,239"
HIV diagnoses,2021,Minnesota,27,13-24,All races/ethnicities,Male,50,11.1,"450,098"
HIV diagnoses,2020 (COVID-19 Pandemic),Minnesota,27,55+,All races/ethnicities,Female,5,0.6,"882,456"
HIV diagnoses,2020 (COVID-19 Pandemic),Minnesota,27,45-54,All races/ethnicities,Female,9,2.7,"330,848"
HIV diagnoses,2020 (COVID-19 Pandemic),Minnesota,27,35-44,All races/ethnicities,Female,9,2.4,"368,744"
HIV diagnoses,2020 (COVID-19 Pandemic),Minnesota,27,25-34,All races/ethnicities,Female,8,2.2,"369,741"
HIV diagnoses,2020 (COVID-19 Pandemic),Minnesota,27,13-24,All races/ethnicities,Female,5,1.2,"434,071"
HIV diagnoses,2020 (COVID-19 Pandemic),Minnesota,27,55+,All races/ethnicities,Male,17,2.1,"813,357"
HIV diagnoses,2020 (COVID-19 Pandemic),Minnesota,27,45-54,All races/ethnicities,Male,24,7,"343,658"
HIV diagnoses,2020 (COVID-19 Pandemic),Minnesota,27,35-44,All races/ethnicities,Male,40,10.4,"386,130"
HIV diagnoses,2020 (COVID-19 Pandemic),Minnesota,27,25-34,All races/ethnicities,Male,72,18.6,"386,557"
HIV diagnoses,2020 (COVID-19 Pandemic),Minnesota,27,13-24,All races/ethnicities,Male,41,9.2,"447,578"
HIV diagnoses,2019,Minnesota,27,55+,All races/ethnicities,Female,10,1.1,"882,598"
HIV diagnoses,2019,Minnesota,27,45-54,All races/ethnicities,Female,16,4.8,"334,709"
HIV diagnoses,2019,Minnesota,27,35-44,All races/ethnicities,Female,15,4.2,"357,525"
HIV diagnoses,2019,Minnesota,27,25-34,All races/ethnicities,Female,26,7,"372,255"
HIV diagnoses,2019,Minnesota,27,13-24,All races/ethnicities,Female,8,1.9,"425,591"
HIV diagnoses,2019,Minnesota,27,55+,All races/ethnicities,Male,20,2.5,"793,326"
HIV diagnoses,2019,Minnesota,27,45-54,All races/ethnicities,Male,22,6.5,"338,577"
HIV diagnoses,2019,Minnesota,27,35-44,All races/ethnicities,Male,37,10,"368,903"
HIV diagnoses,2019,Minnesota,27,25-34,All races/ethnicities,Male,83,21.2,"391,406"
HIV diagnoses,2019,Minnesota,27,13-24,All races/ethnicities,Male,39,8.9,"439,202"
HIV diagnoses,2018,Minnesota,27,55+,All races/ethnicities,Female,5,0.6,"866,283"
HIV diagnoses,2018,Minnesota,27,45-54,All races/ethnicities,Female,13,3.8,"343,798"
HIV diagnoses,2018,Minnesota,27,35-44,All races/ethnicities,Female,23,6.6,"349,529"
HIV diagnoses,2018,Minnesota,27,25-34,All races/ethnicities,Female,22,5.9,"371,788"
HIV diagnoses,2018,Minnesota,27,13-24,All races/ethnicities,Female,5,1.2,"424,949"
HIV diagnoses,2018,Minnesota,27,55+,All races/ethnicities,Male,11,1.4,"777,090"
HIV diagnoses,2018,Minnesota,27,45-54,All races/ethnicities,Male,32,9.2,"347,355"
HIV diagnoses,2018,Minnesota,27,35-44,All races/ethnicities,Male,53,14.7,"360,892"
HIV diagnoses,2018,Minnesota,27,25-34,All races/ethnicities,Male,91,23.4,"389,182"
HIV diagnoses,2018,Minnesota,27,13-24,All races/ethnicities,Male,33,7.5,"439,611"
Gonorrhea,2021,Mississippi,28,55+,All races/ethnicities,Female,38,8,"473,858"
Gonorrhea,2021,Mississippi,28,45-54,All races/ethnicities,Female,88,48.1,"183,075"
Gonorrhea,2021,Mississippi,28,35-44,All races/ethnicities,Female,442,233.8,"189,058"
Gonorrhea,2021,Mississippi,28,25-34,All races/ethnicities,Female,"1,706",886.6,"192,431"
Gonorrhea,2021,Mississippi,28,13-24,All races/ethnicities,Female,"3,988",1660.9,"240,111"
Gonorrhea,2021,Mississippi,28,55+,All races/ethnicities,Male,142,35.4,"401,105"
Gonorrhea,2021,Mississippi,28,45-54,All races/ethnicities,Male,225,130.4,"172,497"
Gonorrhea,2021,Mississippi,28,35-44,All races/ethnicities,Male,694,387,"179,317"
Gonorrhea,2021,Mississippi,28,25-34,All races/ethnicities,Male,"2,089",1109.2,"188,336"
Gonorrhea,2021,Mississippi,28,13-24,All races/ethnicities,Male,"3,128",1254,"249,434"
Gonorrhea,2020 (COVID-19 Pandemic),Mississippi,28,55+,All races/ethnicities,Female,25,5.3,"470,521"
Gonorrhea,2020 (COVID-19 Pandemic),Mississippi,28,45-54,All races/ethnicities,Female,82,44.5,"184,394"
Gonorrhea,2020 (COVID-19 Pandemic),Mississippi,28,35-44,All races/ethnicities,Female,439,232.6,"188,729"
Gonorrhea,2020 (COVID-19 Pandemic),Mississippi,28,25-34,All races/ethnicities,Female,"1,850",955.7,"193,582"
Gonorrhea,2020 (COVID-19 Pandemic),Mississippi,28,13-24,All races/ethnicities,Female,"4,280",1793.4,"238,652"
Gonorrhea,2020 (COVID-19 Pandemic),Mississippi,28,55+,All races/ethnicities,Male,157,39.4,"398,783"
Gonorrhea,2020 (COVID-19 Pandemic),Mississippi,28,45-54,All races/ethnicities,Male,248,142,"174,650"
Gonorrhea,2020 (COVID-19 Pandemic),Mississippi,28,35-44,All races/ethnicities,Male,757,421.7,"179,497"
Gonorrhea,2020 (COVID-19 Pandemic),Mississippi,28,25-34,All races/ethnicities,Male,"2,438",1286.4,"189,524"
Gonorrhea,2020 (COVID-19 Pandemic),Mississippi,28,13-24,All races/ethnicities,Male,"3,445",1389.6,"247,910"
Gonorrhea,2019,Mississippi,28,55+,All races/ethnicities,Female,28,5.9,"477,518"
Gonorrhea,2019,Mississippi,28,45-54,All races/ethnicities,Female,84,44.8,"187,697"
Gonorrhea,2019,Mississippi,28,35-44,All races/ethnicities,Female,400,212.5,"188,254"
Gonorrhea,2019,Mississippi,28,25-34,All races/ethnicities,Female,"1,667",841.2,"198,167"
Gonorrhea,2019,Mississippi,28,13-24,All races/ethnicities,Female,"4,033",1695.5,"237,864"
Gonorrhea,2019,Mississippi,28,55+,All races/ethnicities,Male,108,27.3,"395,086"
Gonorrhea,2019,Mississippi,28,45-54,All races/ethnicities,Male,197,113,"174,343"
Gonorrhea,2019,Mississippi,28,35-44,All races/ethnicities,Male,571,321.7,"177,500"
Gonorrhea,2019,Mississippi,28,25-34,All races/ethnicities,Male,"1,991",1018,"195,580"
Gonorrhea,2019,Mississippi,28,13-24,All races/ethnicities,Male,"2,959",1199.9,"246,598"
Gonorrhea,2018,Mississippi,28,55+,All races/ethnicities,Female,18,3.8,"470,005"
Gonorrhea,2018,Mississippi,28,45-54,All races/ethnicities,Female,57,29.8,"191,069"
Gonorrhea,2018,Mississippi,28,35-44,All races/ethnicities,Female,320,170.4,"187,798"
Gonorrhea,2018,Mississippi,28,25-34,All races/ethnicities,Female,"1,324",665.3,"199,021"
Gonorrhea,2018,Mississippi,28,13-24,All races/ethnicities,Female,"3,155",1317.3,"239,497"
Gonorrhea,2018,Mississippi,28,55+,All races/ethnicities,Male,104,26.7,"388,849"
Gonorrhea,2018,Mississippi,28,45-54,All races/ethnicities,Male,201,112.9,"177,965"
Gonorrhea,2018,Mississippi,28,35-44,All races/ethnicities,Male,470,264.4,"177,757"
Gonorrhea,2018,Mississippi,28,25-34,All races/ethnicities,Male,"1,680",859.5,"195,452"
Gonorrhea,2018,Mississippi,28,13-24,All races/ethnicities,Male,"2,387",960.9,"248,424"
Chlamydia,2021,Mississippi,28,55+,All races/ethnicities,Female,46,9.7,"473,858"
Chlamydia,2021,Mississippi,28,45-54,All races/ethnicities,Female,93,50.8,"183,075"
Chlamydia,2021,Mississippi,28,35-44,All races/ethnicities,Female,610,322.7,"189,058"
Chlamydia,2021,Mississippi,28,25-34,All races/ethnicities,Female,"3,296",1712.8,"192,431"
Chlamydia,2021,Mississippi,28,13-24,All races/ethnicities,Female,"11,113",4628.3,"240,111"
Chlamydia,2021,Mississippi,28,55+,All races/ethnicities,Male,45,11.2,"401,105"
Chlamydia,2021,Mississippi,28,45-54,All races/ethnicities,Male,121,70.1,"172,497"
Chlamydia,2021,Mississippi,28,35-44,All races/ethnicities,Male,528,294.5,"179,317"
Chlamydia,2021,Mississippi,28,25-34,All races/ethnicities,Male,"1,942",1031.1,"188,336"
Chlamydia,2021,Mississippi,28,13-24,All races/ethnicities,Male,"4,200",1683.8,"249,434"
Chlamydia,2020 (COVID-19 Pandemic),Mississippi,28,55+,All races/ethnicities,Female,37,7.9,"470,521"
Chlamydia,2020 (COVID-19 Pandemic),Mississippi,28,45-54,All races/ethnicities,Female,75,40.7,"184,394"
Chlamydia,2020 (COVID-19 Pandemic),Mississippi,28,35-44,All races/ethnicities,Female,547,289.8,"188,729"
Chlamydia,2020 (COVID-19 Pandemic),Mississippi,28,25-34,All races/ethnicities,Female,"3,671",1896.4,"193,582"
Chlamydia,2020 (COVID-19 Pandemic),Mississippi,28,13-24,All races/ethnicities,Female,"12,012",5033.3,"238,652"
Chlamydia,2020 (COVID-19 Pandemic),Mississippi,28,55+,All races/ethnicities,Male,68,17.1,"398,783"
Chlamydia,2020 (COVID-19 Pandemic),Mississippi,28,45-54,All races/ethnicities,Male,130,74.4,"174,650"
Chlamydia,2020 (COVID-19 Pandemic),Mississippi,28,35-44,All races/ethnicities,Male,470,261.8,"179,497"
Chlamydia,2020 (COVID-19 Pandemic),Mississippi,28,25-34,All races/ethnicities,Male,"2,173",1146.6,"189,524"
Chlamydia,2020 (COVID-19 Pandemic),Mississippi,28,13-24,All races/ethnicities,Male,"4,646",1874.1,"247,910"
Chlamydia,2019,Mississippi,28,55+,All races/ethnicities,Female,45,9.4,"477,518"
Chlamydia,2019,Mississippi,28,45-54,All races/ethnicities,Female,111,59.1,"187,697"
Chlamydia,2019,Mississippi,28,35-44,All races/ethnicities,Female,587,311.8,"188,254"
Chlamydia,2019,Mississippi,28,25-34,All races/ethnicities,Female,"3,687",1860.6,"198,167"
Chlamydia,2019,Mississippi,28,13-24,All races/ethnicities,Female,"12,921",5432.1,"237,864"
Chlamydia,2019,Mississippi,28,55+,All races/ethnicities,Male,64,16.2,"395,086"
Chlamydia,2019,Mississippi,28,45-54,All races/ethnicities,Male,132,75.7,"174,343"
Chlamydia,2019,Mississippi,28,35-44,All races/ethnicities,Male,523,294.6,"177,500"
Chlamydia,2019,Mississippi,28,25-34,All races/ethnicities,Male,"2,167",1108,"195,580"
Chlamydia,2019,Mississippi,28,13-24,All races/ethnicities,Male,"4,979",2019.1,"246,598"
Chlamydia,2018,Mississippi,28,55+,All races/ethnicities,Female,45,9.6,"470,005"
Chlamydia,2018,Mississippi,28,45-54,All races/ethnicities,Female,95,49.7,"191,069"
Chlamydia,2018,Mississippi,28,35-44,All races/ethnicities,Female,461,245.5,"187,798"
Chlamydia,2018,Mississippi,28,25-34,All races/ethnicities,Female,"3,135",1575.2,"199,021"
Chlamydia,2018,Mississippi,28,13-24,All races/ethnicities,Female,"11,574",4832.6,"239,497"
Chlamydia,2018,Mississippi,28,55+,All races/ethnicities,Male,49,12.6,"388,849"
Chlamydia,2018,Mississippi,28,45-54,All races/ethnicities,Male,128,71.9,"177,965"
Chlamydia,2018,Mississippi,28,35-44,All races/ethnicities,Male,365,205.3,"177,757"
Chlamydia,2018,Mississippi,28,25-34,All races/ethnicities,Male,"1,854",948.6,"195,452"
Chlamydia,2018,Mississippi,28,13-24,All races/ethnicities,Male,"4,323",1740.2,"248,424"
HIV diagnoses,2021,Mississippi,28,55+,All races/ethnicities,Female,12,2.5,"473,858"
HIV diagnoses,2021,Mississippi,28,45-54,All races/ethnicities,Female,18,9.8,"183,075"
HIV diagnoses,2021,Mississippi,28,35-44,All races/ethnicities,Female,31,16.4,"189,058"
HIV diagnoses,2021,Mississippi,28,25-34,All races/ethnicities,Female,32,16.6,"192,431"
HIV diagnoses,2021,Mississippi,28,13-24,All races/ethnicities,Female,20,8.3,"240,111"
HIV diagnoses,2021,Mississippi,28,55+,All races/ethnicities,Male,22,5.5,"401,105"
HIV diagnoses,2021,Mississippi,28,45-54,All races/ethnicities,Male,31,18,"172,497"
HIV diagnoses,2021,Mississippi,28,35-44,All races/ethnicities,Male,48,26.8,"179,317"
HIV diagnoses,2021,Mississippi,28,25-34,All races/ethnicities,Male,121,64.2,"188,336"
HIV diagnoses,2021,Mississippi,28,13-24,All races/ethnicities,Male,84,33.7,"249,434"
HIV diagnoses,2020 (COVID-19 Pandemic),Mississippi,28,55+,All races/ethnicities,Female,9,1.9,"470,521"
HIV diagnoses,2020 (COVID-19 Pandemic),Mississippi,28,45-54,All races/ethnicities,Female,9,4.9,"184,394"
HIV diagnoses,2020 (COVID-19 Pandemic),Mississippi,28,35-44,All races/ethnicities,Female,14,7.4,"188,729"
HIV diagnoses,2020 (COVID-19 Pandemic),Mississippi,28,25-34,All races/ethnicities,Female,27,13.9,"193,582"
HIV diagnoses,2020 (COVID-19 Pandemic),Mississippi,28,13-24,All races/ethnicities,Female,15,6.3,"238,652"
HIV diagnoses,2020 (COVID-19 Pandemic),Mississippi,28,55+,All races/ethnicities,Male,23,5.8,"398,783"
HIV diagnoses,2020 (COVID-19 Pandemic),Mississippi,28,45-54,All races/ethnicities,Male,32,18.3,"174,650"
HIV diagnoses,2020 (COVID-19 Pandemic),Mississippi,28,35-44,All races/ethnicities,Male,47,26.2,"179,497"
HIV diagnoses,2020 (COVID-19 Pandemic),Mississippi,28,25-34,All races/ethnicities,Male,130,68.6,"189,524"
HIV diagnoses,2020 (COVID-19 Pandemic),Mississippi,28,13-24,All races/ethnicities,Male,98,39.5,"247,910"
HIV diagnoses,2019,Mississippi,28,55+,All races/ethnicities,Female,22,4.6,"477,191"
HIV diagnoses,2019,Mississippi,28,45-54,All races/ethnicities,Female,21,11.2,"187,659"
HIV diagnoses,2019,Mississippi,28,35-44,All races/ethnicities,Female,25,13.3,"188,365"
HIV diagnoses,2019,Mississippi,28,25-34,All races/ethnicities,Female,18,9.1,"198,046"
HIV diagnoses,2019,Mississippi,28,13-24,All races/ethnicities,Female,12,5,"238,229"
HIV diagnoses,2019,Mississippi,28,55+,All races/ethnicities,Male,31,7.8,"394,953"
HIV diagnoses,2019,Mississippi,28,45-54,All races/ethnicities,Male,41,23.5,"174,458"
HIV diagnoses,2019,Mississippi,28,35-44,All races/ethnicities,Male,56,31.5,"177,785"
HIV diagnoses,2019,Mississippi,28,25-34,All races/ethnicities,Male,131,66.9,"195,889"
HIV diagnoses,2019,Mississippi,28,13-24,All races/ethnicities,Male,112,45.4,"246,923"
HIV diagnoses,2018,Mississippi,28,55+,All races/ethnicities,Female,14,3,"469,679"
HIV diagnoses,2018,Mississippi,28,45-54,All races/ethnicities,Female,21,11,"191,054"
HIV diagnoses,2018,Mississippi,28,35-44,All races/ethnicities,Female,34,18.1,"187,938"
HIV diagnoses,2018,Mississippi,28,25-34,All races/ethnicities,Female,25,12.6,"198,957"
HIV diagnoses,2018,Mississippi,28,13-24,All races/ethnicities,Female,12,5,"239,738"
HIV diagnoses,2018,Mississippi,28,55+,All races/ethnicities,Male,30,7.7,"388,780"
HIV diagnoses,2018,Mississippi,28,45-54,All races/ethnicities,Male,44,24.7,"178,094"
HIV diagnoses,2018,Mississippi,28,35-44,All races/ethnicities,Male,61,34.3,"178,050"
HIV diagnoses,2018,Mississippi,28,25-34,All races/ethnicities,Male,122,62.3,"195,893"
HIV diagnoses,2018,Mississippi,28,13-24,All races/ethnicities,Male,112,45,"248,741"
Gonorrhea,2021,Missouri,29,55+,All races/ethnicities,Female,45,4.4,"1,016,923"
Gonorrhea,2021,Missouri,29,45-54,All races/ethnicities,Female,198,54.7,"362,018"
Gonorrhea,2021,Missouri,29,35-44,All races/ethnicities,Female,967,247.1,"391,330"
Gonorrhea,2021,Missouri,29,25-34,All races/ethnicities,Female,"2,483",612.6,"405,306"
Gonorrhea,2021,Missouri,29,13-24,All races/ethnicities,Female,"3,684",778.3,"473,364"
Gonorrhea,2021,Missouri,29,55+,All races/ethnicities,Male,279,31.3,"890,321"
Gonorrhea,2021,Missouri,29,45-54,All races/ethnicities,Male,498,138.6,"359,192"
Gonorrhea,2021,Missouri,29,35-44,All races/ethnicities,Male,"1,509",383.7,"393,324"
Gonorrhea,2021,Missouri,29,25-34,All races/ethnicities,Male,"3,154",774.1,"407,454"
Gonorrhea,2021,Missouri,29,13-24,All races/ethnicities,Male,"2,889",584.5,"494,276"
Gonorrhea,2020 (COVID-19 Pandemic),Missouri,29,55+,All races/ethnicities,Female,47,4.7,"1,009,516"
Gonorrhea,2020 (COVID-19 Pandemic),Missouri,29,45-54,All races/ethnicities,Female,211,57.7,"365,794"
Gonorrhea,2020 (COVID-19 Pandemic),Missouri,29,35-44,All races/ethnicities,Female,871,226,"385,341"
Gonorrhea,2020 (COVID-19 Pandemic),Missouri,29,25-34,All races/ethnicities,Female,"2,611",643.4,"405,825"
Gonorrhea,2020 (COVID-19 Pandemic),Missouri,29,13-24,All races/ethnicities,Female,"4,214",896.3,"470,131"
Gonorrhea,2020 (COVID-19 Pandemic),Missouri,29,55+,All races/ethnicities,Male,253,28.6,"883,606"
Gonorrhea,2020 (COVID-19 Pandemic),Missouri,29,45-54,All races/ethnicities,Male,534,147,"363,224"
Gonorrhea,2020 (COVID-19 Pandemic),Missouri,29,35-44,All races/ethnicities,Male,"1,409",364.1,"387,031"
Gonorrhea,2020 (COVID-19 Pandemic),Missouri,29,25-34,All races/ethnicities,Male,"3,378",828.8,"407,589"
Gonorrhea,2020 (COVID-19 Pandemic),Missouri,29,13-24,All races/ethnicities,Male,"3,313",675,"490,797"
Gonorrhea,2019,Missouri,29,55+,All races/ethnicities,Female,53,5.2,"1,020,432"
Gonorrhea,2019,Missouri,29,45-54,All races/ethnicities,Female,182,49,"371,755"
Gonorrhea,2019,Missouri,29,35-44,All races/ethnicities,Female,798,210.7,"378,722"
Gonorrhea,2019,Missouri,29,25-34,All races/ethnicities,Female,"2,385",581.7,"409,992"
Gonorrhea,2019,Missouri,29,13-24,All races/ethnicities,Female,"3,610",776.3,"465,003"
Gonorrhea,2019,Missouri,29,55+,All races/ethnicities,Male,268,30.7,"872,337"
Gonorrhea,2019,Missouri,29,45-54,All races/ethnicities,Male,549,152,"361,189"
Gonorrhea,2019,Missouri,29,35-44,All races/ethnicities,Male,"1,452",387.2,"375,017"
Gonorrhea,2019,Missouri,29,25-34,All races/ethnicities,Male,"3,153",758.1,"415,895"
Gonorrhea,2019,Missouri,29,13-24,All races/ethnicities,Male,"3,129",643.4,"486,295"
Gonorrhea,2018,Missouri,29,55+,All races/ethnicities,Female,36,3.6,"1,004,591"
Gonorrhea,2018,Missouri,29,45-54,All races/ethnicities,Female,171,44.9,"381,179"
Gonorrhea,2018,Missouri,29,35-44,All races/ethnicities,Female,685,183.2,"373,857"
Gonorrhea,2018,Missouri,29,25-34,All races/ethnicities,Female,"2,262",553,"409,007"
Gonorrhea,2018,Missouri,29,13-24,All races/ethnicities,Female,"3,641",780.7,"466,363"
Gonorrhea,2018,Missouri,29,55+,All races/ethnicities,Male,251,29.3,"857,141"
Gonorrhea,2018,Missouri,29,45-54,All races/ethnicities,Male,535,144.5,"370,364"
Gonorrhea,2018,Missouri,29,35-44,All races/ethnicities,Male,"1,269",342.9,"370,126"
Gonorrhea,2018,Missouri,29,25-34,All races/ethnicities,Male,"3,105",750.7,"413,595"
Gonorrhea,2018,Missouri,29,13-24,All races/ethnicities,Male,"3,124",639.5,"488,505"
Chlamydia,2021,Missouri,29,55+,All races/ethnicities,Female,64,6.3,"1,016,923"
Chlamydia,2021,Missouri,29,45-54,All races/ethnicities,Female,246,68,"362,018"
Chlamydia,2021,Missouri,29,35-44,All races/ethnicities,Female,"1,078",275.5,"391,330"
Chlamydia,2021,Missouri,29,25-34,All races/ethnicities,Female,"4,923",1214.6,"405,306"
Chlamydia,2021,Missouri,29,13-24,All races/ethnicities,Female,"14,451",3052.8,"473,364"
Chlamydia,2021,Missouri,29,55+,All races/ethnicities,Male,156,17.5,"890,321"
Chlamydia,2021,Missouri,29,45-54,All races/ethnicities,Male,368,102.5,"359,192"
Chlamydia,2021,Missouri,29,35-44,All races/ethnicities,Male,"1,153",293.1,"393,324"
Chlamydia,2021,Missouri,29,25-34,All races/ethnicities,Male,"3,522",864.4,"407,454"
Chlamydia,2021,Missouri,29,13-24,All races/ethnicities,Male,"5,934",1200.5,"494,276"
Chlamydia,2020 (COVID-19 Pandemic),Missouri,29,55+,All races/ethnicities,Female,57,5.6,"1,009,516"
Chlamydia,2020 (COVID-19 Pandemic),Missouri,29,45-54,All races/ethnicities,Female,203,55.5,"365,794"
Chlamydia,2020 (COVID-19 Pandemic),Missouri,29,35-44,All races/ethnicities,Female,954,247.6,"385,341"
Chlamydia,2020 (COVID-19 Pandemic),Missouri,29,25-34,All races/ethnicities,Female,"4,857",1196.8,"405,825"
Chlamydia,2020 (COVID-19 Pandemic),Missouri,29,13-24,All races/ethnicities,Female,"14,835",3155.5,"470,131"
Chlamydia,2020 (COVID-19 Pandemic),Missouri,29,55+,All races/ethnicities,Male,124,14,"883,606"
Chlamydia,2020 (COVID-19 Pandemic),Missouri,29,45-54,All races/ethnicities,Male,335,92.2,"363,224"
Chlamydia,2020 (COVID-19 Pandemic),Missouri,29,35-44,All races/ethnicities,Male,980,253.2,"387,031"
Chlamydia,2020 (COVID-19 Pandemic),Missouri,29,25-34,All races/ethnicities,Male,"3,311",812.3,"407,589"
Chlamydia,2020 (COVID-19 Pandemic),Missouri,29,13-24,All races/ethnicities,Male,"6,139",1250.8,"490,797"
Chlamydia,2019,Missouri,29,55+,All races/ethnicities,Female,61,6,"1,020,432"
Chlamydia,2019,Missouri,29,45-54,All races/ethnicities,Female,236,63.5,"371,755"
Chlamydia,2019,Missouri,29,35-44,All races/ethnicities,Female,"1,067",281.7,"378,722"
Chlamydia,2019,Missouri,29,25-34,All races/ethnicities,Female,"5,325",1298.8,"409,992"
Chlamydia,2019,Missouri,29,13-24,All races/ethnicities,Female,"15,783",3394.2,"465,003"
Chlamydia,2019,Missouri,29,55+,All races/ethnicities,Male,159,18.2,"872,337"
Chlamydia,2019,Missouri,29,45-54,All races/ethnicities,Male,351,97.2,"361,189"
Chlamydia,2019,Missouri,29,35-44,All races/ethnicities,Male,"1,088",290.1,"375,017"
Chlamydia,2019,Missouri,29,25-34,All races/ethnicities,Male,"3,648",877.1,"415,895"
Chlamydia,2019,Missouri,29,13-24,All races/ethnicities,Male,"6,673",1372.2,"486,295"
Chlamydia,2018,Missouri,29,55+,All races/ethnicities,Female,63,6.3,"1,004,591"
Chlamydia,2018,Missouri,29,45-54,All races/ethnicities,Female,202,53,"381,179"
Chlamydia,2018,Missouri,29,35-44,All races/ethnicities,Female,924,247.2,"373,857"
Chlamydia,2018,Missouri,29,25-34,All races/ethnicities,Female,"5,353",1308.8,"409,007"
Chlamydia,2018,Missouri,29,13-24,All races/ethnicities,Female,"16,224",3478.8,"466,363"
Chlamydia,2018,Missouri,29,55+,All races/ethnicities,Male,143,16.7,"857,141"
Chlamydia,2018,Missouri,29,45-54,All races/ethnicities,Male,339,91.5,"370,364"
Chlamydia,2018,Missouri,29,35-44,All races/ethnicities,Male,"1,030",278.3,"370,126"
Chlamydia,2018,Missouri,29,25-34,All races/ethnicities,Male,"3,743",905,"413,595"
Chlamydia,2018,Missouri,29,13-24,All races/ethnicities,Male,"6,681",1367.6,"488,505"
HIV diagnoses,2021,Missouri,29,55+,All races/ethnicities,Female,15,1.5,"1,016,923"
HIV diagnoses,2021,Missouri,29,45-54,All races/ethnicities,Female,22,6.1,"362,018"
HIV diagnoses,2021,Missouri,29,35-44,All races/ethnicities,Female,21,5.4,"391,330"
HIV diagnoses,2021,Missouri,29,25-34,All races/ethnicities,Female,28,6.9,"405,306"
HIV diagnoses,2021,Missouri,29,13-24,All races/ethnicities,Female,17,3.6,"473,364"
HIV diagnoses,2021,Missouri,29,55+,All races/ethnicities,Male,41,4.6,"890,321"
HIV diagnoses,2021,Missouri,29,45-54,All races/ethnicities,Male,40,11.1,"359,192"
HIV diagnoses,2021,Missouri,29,35-44,All races/ethnicities,Male,88,22.4,"393,324"
HIV diagnoses,2021,Missouri,29,25-34,All races/ethnicities,Male,185,45.4,"407,454"
HIV diagnoses,2021,Missouri,29,13-24,All races/ethnicities,Male,92,18.6,"494,276"
HIV diagnoses,2020 (COVID-19 Pandemic),Missouri,29,55+,All races/ethnicities,Female,11,1.1,"1,009,516"
HIV diagnoses,2020 (COVID-19 Pandemic),Missouri,29,45-54,All races/ethnicities,Female,9,2.5,"365,794"
HIV diagnoses,2020 (COVID-19 Pandemic),Missouri,29,35-44,All races/ethnicities,Female,16,4.2,"385,341"
HIV diagnoses,2020 (COVID-19 Pandemic),Missouri,29,25-34,All races/ethnicities,Female,28,6.9,"405,825"
HIV diagnoses,2020 (COVID-19 Pandemic),Missouri,29,13-24,All races/ethnicities,Female,13,2.8,"470,131"
HIV diagnoses,2020 (COVID-19 Pandemic),Missouri,29,55+,All races/ethnicities,Male,19,2.2,"883,606"
HIV diagnoses,2020 (COVID-19 Pandemic),Missouri,29,45-54,All races/ethnicities,Male,44,12.1,"363,224"
HIV diagnoses,2020 (COVID-19 Pandemic),Missouri,29,35-44,All races/ethnicities,Male,58,15,"387,031"
HIV diagnoses,2020 (COVID-19 Pandemic),Missouri,29,25-34,All races/ethnicities,Male,110,27,"407,589"
HIV diagnoses,2020 (COVID-19 Pandemic),Missouri,29,13-24,All races/ethnicities,Male,61,12.4,"490,797"
HIV diagnoses,2019,Missouri,29,55+,All races/ethnicities,Female,8,0.8,"1,020,270"
HIV diagnoses,2019,Missouri,29,45-54,All races/ethnicities,Female,18,4.8,"371,710"
HIV diagnoses,2019,Missouri,29,35-44,All races/ethnicities,Female,25,6.6,"378,920"
HIV diagnoses,2019,Missouri,29,25-34,All races/ethnicities,Female,38,9.3,"410,614"
HIV diagnoses,2019,Missouri,29,13-24,All races/ethnicities,Female,20,4.3,"465,765"
HIV diagnoses,2019,Missouri,29,55+,All races/ethnicities,Male,33,3.8,"871,473"
HIV diagnoses,2019,Missouri,29,45-54,All races/ethnicities,Male,47,13,"360,788"
HIV diagnoses,2019,Missouri,29,35-44,All races/ethnicities,Male,65,17.3,"374,721"
HIV diagnoses,2019,Missouri,29,25-34,All races/ethnicities,Male,145,34.9,"415,508"
HIV diagnoses,2019,Missouri,29,13-24,All races/ethnicities,Male,89,18.3,"486,534"
HIV diagnoses,2018,Missouri,29,55+,All races/ethnicities,Female,10,1,"1,004,463"
HIV diagnoses,2018,Missouri,29,45-54,All races/ethnicities,Female,10,2.6,"381,254"
HIV diagnoses,2018,Missouri,29,35-44,All races/ethnicities,Female,24,6.4,"374,135"
HIV diagnoses,2018,Missouri,29,25-34,All races/ethnicities,Female,23,5.6,"409,696"
HIV diagnoses,2018,Missouri,29,13-24,All races/ethnicities,Female,14,3,"466,896"
HIV diagnoses,2018,Missouri,29,55+,All races/ethnicities,Male,31,3.6,"856,714"
HIV diagnoses,2018,Missouri,29,45-54,All races/ethnicities,Male,44,11.9,"370,498"
HIV diagnoses,2018,Missouri,29,35-44,All races/ethnicities,Male,66,17.8,"370,450"
HIV diagnoses,2018,Missouri,29,25-34,All races/ethnicities,Male,122,29.5,"414,094"
HIV diagnoses,2018,Missouri,29,13-24,All races/ethnicities,Male,105,21.5,"488,981"
Gonorrhea,2021,Montana,30,55+,All races/ethnicities,Female,8,4.3,"186,842"
Gonorrhea,2021,Montana,30,45-54,All races/ethnicities,Female,42,71.2,"58,963"
Gonorrhea,2021,Montana,30,35-44,All races/ethnicities,Female,151,221.1,"68,290"
Gonorrhea,2021,Montana,30,25-34,All races/ethnicities,Female,269,386.7,"69,565"
Gonorrhea,2021,Montana,30,13-24,All races/ethnicities,Female,288,355.2,"81,075"
Gonorrhea,2021,Montana,30,55+,All races/ethnicities,Male,38,21.4,"177,850"
Gonorrhea,2021,Montana,30,45-54,All races/ethnicities,Male,59,95.5,"61,776"
Gonorrhea,2021,Montana,30,35-44,All races/ethnicities,Male,166,229.7,"72,268"
Gonorrhea,2021,Montana,30,25-34,All races/ethnicities,Male,264,357.8,"73,790"
Gonorrhea,2021,Montana,30,13-24,All races/ethnicities,Male,160,180.1,"88,844"
Gonorrhea,2020 (COVID-19 Pandemic),Montana,30,55+,All races/ethnicities,Female,9,4.9,"183,979"
Gonorrhea,2020 (COVID-19 Pandemic),Montana,30,45-54,All races/ethnicities,Female,33,56.5,"58,357"
Gonorrhea,2020 (COVID-19 Pandemic),Montana,30,35-44,All races/ethnicities,Female,181,274.4,"65,953"
Gonorrhea,2020 (COVID-19 Pandemic),Montana,30,25-34,All races/ethnicities,Female,312,460.2,"67,791"
Gonorrhea,2020 (COVID-19 Pandemic),Montana,30,13-24,All races/ethnicities,Female,350,441.4,"79,287"
Gonorrhea,2020 (COVID-19 Pandemic),Montana,30,55+,All races/ethnicities,Male,44,25.1,"175,399"
Gonorrhea,2020 (COVID-19 Pandemic),Montana,30,45-54,All races/ethnicities,Male,58,95.2,"60,947"
Gonorrhea,2020 (COVID-19 Pandemic),Montana,30,35-44,All races/ethnicities,Male,192,274.5,"69,946"
Gonorrhea,2020 (COVID-19 Pandemic),Montana,30,25-34,All races/ethnicities,Male,315,439.3,"71,704"
Gonorrhea,2020 (COVID-19 Pandemic),Montana,30,13-24,All races/ethnicities,Male,202,233.3,"86,584"
Gonorrhea,2019,Montana,30,55+,All races/ethnicities,Female,6,3.3,"184,421"
Gonorrhea,2019,Montana,30,45-54,All races/ethnicities,Female,30,51.3,"58,447"
Gonorrhea,2019,Montana,30,35-44,All races/ethnicities,Female,147,232.2,"63,306"
Gonorrhea,2019,Montana,30,25-34,All races/ethnicities,Female,328,488.6,"67,129"
Gonorrhea,2019,Montana,30,13-24,All races/ethnicities,Female,336,434.2,"77,391"
Gonorrhea,2019,Montana,30,55+,All races/ethnicities,Male,31,18,"172,024"
Gonorrhea,2019,Montana,30,45-54,All races/ethnicities,Male,59,99.4,"59,353"
Gonorrhea,2019,Montana,30,35-44,All races/ethnicities,Male,163,245.2,"66,489"
Gonorrhea,2019,Montana,30,25-34,All races/ethnicities,Male,290,407,"71,257"
Gonorrhea,2019,Montana,30,13-24,All races/ethnicities,Male,203,240.5,"84,422"
Gonorrhea,2018,Montana,30,55+,All races/ethnicities,Female,2,1.1,"180,856"
Gonorrhea,2018,Montana,30,45-54,All races/ethnicities,Female,26,43.4,"59,842"
Gonorrhea,2018,Montana,30,35-44,All races/ethnicities,Female,94,152.4,"61,672"
Gonorrhea,2018,Montana,30,25-34,All races/ethnicities,Female,246,368.5,"66,753"
Gonorrhea,2018,Montana,30,13-24,All races/ethnicities,Female,269,347.8,"77,339"
Gonorrhea,2018,Montana,30,55+,All races/ethnicities,Male,15,8.9,"168,953"
Gonorrhea,2018,Montana,30,45-54,All races/ethnicities,Male,42,69.6,"60,308"
Gonorrhea,2018,Montana,30,35-44,All races/ethnicities,Male,117,180.4,"64,846"
Gonorrhea,2018,Montana,30,25-34,All races/ethnicities,Male,212,300.5,"70,543"
Gonorrhea,2018,Montana,30,13-24,All races/ethnicities,Male,156,184.8,"84,400"
Chlamydia,2021,Montana,30,55+,All races/ethnicities,Female,11,5.9,"186,842"
Chlamydia,2021,Montana,30,45-54,All races/ethnicities,Female,43,72.9,"58,963"
Chlamydia,2021,Montana,30,35-44,All races/ethnicities,Female,148,216.7,"68,290"
Chlamydia,2021,Montana,30,25-34,All races/ethnicities,Female,549,789.2,"69,565"
Chlamydia,2021,Montana,30,13-24,All races/ethnicities,Female,"1,941",2394.1,"81,075"
Chlamydia,2021,Montana,30,55+,All races/ethnicities,Male,19,10.7,"177,850"
Chlamydia,2021,Montana,30,45-54,All races/ethnicities,Male,34,55,"61,776"
Chlamydia,2021,Montana,30,35-44,All races/ethnicities,Male,131,181.3,"72,268"
Chlamydia,2021,Montana,30,25-34,All races/ethnicities,Male,414,561.1,"73,790"
Chlamydia,2021,Montana,30,13-24,All races/ethnicities,Male,729,820.5,"88,844"
Chlamydia,2020 (COVID-19 Pandemic),Montana,30,55+,All races/ethnicities,Female,9,4.9,"183,979"
Chlamydia,2020 (COVID-19 Pandemic),Montana,30,45-54,All races/ethnicities,Female,37,63.4,"58,357"
Chlamydia,2020 (COVID-19 Pandemic),Montana,30,35-44,All races/ethnicities,Female,186,282,"65,953"
Chlamydia,2020 (COVID-19 Pandemic),Montana,30,25-34,All races/ethnicities,Female,606,893.9,"67,791"
Chlamydia,2020 (COVID-19 Pandemic),Montana,30,13-24,All races/ethnicities,Female,"1,885",2377.4,"79,287"
Chlamydia,2020 (COVID-19 Pandemic),Montana,30,55+,All races/ethnicities,Male,22,12.5,"175,399"
Chlamydia,2020 (COVID-19 Pandemic),Montana,30,45-54,All races/ethnicities,Male,40,65.6,"60,947"
Chlamydia,2020 (COVID-19 Pandemic),Montana,30,35-44,All races/ethnicities,Male,150,214.5,"69,946"
Chlamydia,2020 (COVID-19 Pandemic),Montana,30,25-34,All races/ethnicities,Male,454,633.2,"71,704"
Chlamydia,2020 (COVID-19 Pandemic),Montana,30,13-24,All races/ethnicities,Male,742,857,"86,584"
Chlamydia,2019,Montana,30,55+,All races/ethnicities,Female,6,3.3,"184,421"
Chlamydia,2019,Montana,30,45-54,All races/ethnicities,Female,44,75.3,"58,447"
Chlamydia,2019,Montana,30,35-44,All races/ethnicities,Female,201,317.5,"63,306"
Chlamydia,2019,Montana,30,25-34,All races/ethnicities,Female,738,1099.4,"67,129"
Chlamydia,2019,Montana,30,13-24,All races/ethnicities,Female,"2,113",2730.3,"77,391"
Chlamydia,2019,Montana,30,55+,All races/ethnicities,Male,20,11.6,"172,024"
Chlamydia,2019,Montana,30,45-54,All races/ethnicities,Male,48,80.9,"59,353"
Chlamydia,2019,Montana,30,35-44,All races/ethnicities,Male,161,242.1,"66,489"
Chlamydia,2019,Montana,30,25-34,All races/ethnicities,Male,521,731.2,"71,257"
Chlamydia,2019,Montana,30,13-24,All races/ethnicities,Male,882,1044.8,"84,422"
Chlamydia,2018,Montana,30,55+,All races/ethnicities,Female,4,2.2,"180,856"
Chlamydia,2018,Montana,30,45-54,All races/ethnicities,Female,26,43.4,"59,842"
Chlamydia,2018,Montana,30,35-44,All races/ethnicities,Female,155,251.3,"61,672"
Chlamydia,2018,Montana,30,25-34,All races/ethnicities,Female,740,1108.6,"66,753"
Chlamydia,2018,Montana,30,13-24,All races/ethnicities,Female,"2,276",2942.9,"77,339"
Chlamydia,2018,Montana,30,55+,All races/ethnicities,Male,14,8.3,"168,953"
Chlamydia,2018,Montana,30,45-54,All races/ethnicities,Male,44,73,"60,308"
Chlamydia,2018,Montana,30,35-44,All races/ethnicities,Male,153,235.9,"64,846"
Chlamydia,2018,Montana,30,25-34,All races/ethnicities,Male,542,768.3,"70,543"
Chlamydia,2018,Montana,30,13-24,All races/ethnicities,Male,943,1117.3,"84,400"
HIV diagnoses,2021,Montana,30,55+,All races/ethnicities,Female,0,0,"186,842"
HIV diagnoses,2021,Montana,30,45-54,All races/ethnicities,Female,1,1.7,"58,963"
HIV diagnoses,2021,Montana,30,35-44,All races/ethnicities,Female,0,0,"68,290"
HIV diagnoses,2021,Montana,30,25-34,All races/ethnicities,Female,1,1.4,"69,565"
HIV diagnoses,2021,Montana,30,13-24,All races/ethnicities,Female,0,0,"81,075"
HIV diagnoses,2021,Montana,30,55+,All races/ethnicities,Male,3,1.7,"177,850"
HIV diagnoses,2021,Montana,30,45-54,All races/ethnicities,Male,2,3.2,"61,776"
HIV diagnoses,2021,Montana,30,35-44,All races/ethnicities,Male,3,4.2,"72,268"
HIV diagnoses,2021,Montana,30,25-34,All races/ethnicities,Male,7,9.5,"73,790"
HIV diagnoses,2021,Montana,30,13-24,All races/ethnicities,Male,5,5.6,"88,844"
HIV diagnoses,2020 (COVID-19 Pandemic),Montana,30,55+,All races/ethnicities,Female,0,0,"183,979"
HIV diagnoses,2020 (COVID-19 Pandemic),Montana,30,45-54,All races/ethnicities,Female,0,0,"58,357"
HIV diagnoses,2020 (COVID-19 Pandemic),Montana,30,35-44,All races/ethnicities,Female,0,0,"65,953"
HIV diagnoses,2020 (COVID-19 Pandemic),Montana,30,25-34,All races/ethnicities,Female,1,1.5,"67,791"
HIV diagnoses,2020 (COVID-19 Pandemic),Montana,30,13-24,All races/ethnicities,Female,1,1.3,"79,287"
HIV diagnoses,2020 (COVID-19 Pandemic),Montana,30,55+,All races/ethnicities,Male,0,0,"175,399"
HIV diagnoses,2020 (COVID-19 Pandemic),Montana,30,45-54,All races/ethnicities,Male,4,6.6,"60,947"
HIV diagnoses,2020 (COVID-19 Pandemic),Montana,30,35-44,All races/ethnicities,Male,1,1.4,"69,946"
HIV diagnoses,2020 (COVID-19 Pandemic),Montana,30,25-34,All races/ethnicities,Male,6,8.4,"71,704"
HIV diagnoses,2020 (COVID-19 Pandemic),Montana,30,13-24,All races/ethnicities,Male,1,1.2,"86,584"
HIV diagnoses,2019,Montana,30,55+,All races/ethnicities,Female,0,0,"184,206"
HIV diagnoses,2019,Montana,30,45-54,All races/ethnicities,Female,0,0,"58,496"
HIV diagnoses,2019,Montana,30,35-44,All races/ethnicities,Female,2,3.1,"63,578"
HIV diagnoses,2019,Montana,30,25-34,All races/ethnicities,Female,1,1.5,"67,540"
HIV diagnoses,2019,Montana,30,13-24,All races/ethnicities,Female,1,1.3,"77,671"
HIV diagnoses,2019,Montana,30,55+,All races/ethnicities,Male,3,1.7,"171,741"
HIV diagnoses,2019,Montana,30,45-54,All races/ethnicities,Male,3,5,"59,421"
HIV diagnoses,2019,Montana,30,35-44,All races/ethnicities,Male,6,9,"66,615"
HIV diagnoses,2019,Montana,30,25-34,All races/ethnicities,Male,6,8.4,"71,645"
HIV diagnoses,2019,Montana,30,13-24,All races/ethnicities,Male,3,3.5,"84,607"
HIV diagnoses,2018,Montana,30,55+,All races/ethnicities,Female,0,0,"180,753"
HIV diagnoses,2018,Montana,30,45-54,All races/ethnicities,Female,0,0,"59,888"
HIV diagnoses,2018,Montana,30,35-44,All races/ethnicities,Female,1,1.6,"61,823"
HIV diagnoses,2018,Montana,30,25-34,All races/ethnicities,Female,2,3,"67,017"
HIV diagnoses,2018,Montana,30,13-24,All races/ethnicities,Female,0,0,"77,464"
HIV diagnoses,2018,Montana,30,55+,All races/ethnicities,Male,3,1.8,"168,898"
HIV diagnoses,2018,Montana,30,45-54,All races/ethnicities,Male,0,0,"60,362"
HIV diagnoses,2018,Montana,30,35-44,All races/ethnicities,Male,6,9.2,"64,926"
HIV diagnoses,2018,Montana,30,25-34,All races/ethnicities,Male,8,11.3,"70,746"
HIV diagnoses,2018,Montana,30,13-24,All races/ethnicities,Male,4,4.7,"84,447"
Gonorrhea,2021,Nebraska,31,55+,All races/ethnicities,Female,12,4.1,"294,128"
Gonorrhea,2021,Nebraska,31,45-54,All races/ethnicities,Female,51,48,"106,340"
Gonorrhea,2021,Nebraska,31,35-44,All races/ethnicities,Female,205,164.7,"124,457"
Gonorrhea,2021,Nebraska,31,25-34,All races/ethnicities,Female,523,424.8,"123,115"
Gonorrhea,2021,Nebraska,31,13-24,All races/ethnicities,Female,735,453.3,"162,138"
Gonorrhea,2021,Nebraska,31,55+,All races/ethnicities,Male,41,15.3,"268,423"
Gonorrhea,2021,Nebraska,31,45-54,All races/ethnicities,Male,113,101.2,"111,623"
Gonorrhea,2021,Nebraska,31,35-44,All races/ethnicities,Male,268,204.2,"131,242"
Gonorrhea,2021,Nebraska,31,25-34,All races/ethnicities,Male,577,444.7,"129,764"
Gonorrhea,2021,Nebraska,31,13-24,All races/ethnicities,Male,534,314.5,"169,807"
Gonorrhea,2020 (COVID-19 Pandemic),Nebraska,31,55+,All races/ethnicities,Female,10,3.4,"292,515"
Gonorrhea,2020 (COVID-19 Pandemic),Nebraska,31,45-54,All races/ethnicities,Female,43,40.2,"106,842"
Gonorrhea,2020 (COVID-19 Pandemic),Nebraska,31,35-44,All races/ethnicities,Female,232,189.1,"122,705"
Gonorrhea,2020 (COVID-19 Pandemic),Nebraska,31,25-34,All races/ethnicities,Female,566,456.9,"123,874"
Gonorrhea,2020 (COVID-19 Pandemic),Nebraska,31,13-24,All races/ethnicities,Female,842,523.6,"160,795"
Gonorrhea,2020 (COVID-19 Pandemic),Nebraska,31,55+,All races/ethnicities,Male,54,20.3,"266,209"
Gonorrhea,2020 (COVID-19 Pandemic),Nebraska,31,45-54,All races/ethnicities,Male,102,91,"112,062"
Gonorrhea,2020 (COVID-19 Pandemic),Nebraska,31,35-44,All races/ethnicities,Male,296,228.6,"129,502"
Gonorrhea,2020 (COVID-19 Pandemic),Nebraska,31,25-34,All races/ethnicities,Male,629,482.4,"130,382"
Gonorrhea,2020 (COVID-19 Pandemic),Nebraska,31,13-24,All races/ethnicities,Male,646,384.1,"168,198"
Gonorrhea,2019,Nebraska,31,55+,All races/ethnicities,Female,12,4.1,"294,139"
Gonorrhea,2019,Nebraska,31,45-54,All races/ethnicities,Female,38,35.7,"106,547"
Gonorrhea,2019,Nebraska,31,35-44,All races/ethnicities,Female,171,143.4,"119,261"
Gonorrhea,2019,Nebraska,31,25-34,All races/ethnicities,Female,504,407.5,"123,692"
Gonorrhea,2019,Nebraska,31,13-24,All races/ethnicities,Female,777,494.8,"157,021"
Gonorrhea,2019,Nebraska,31,55+,All races/ethnicities,Male,36,13.8,"260,612"
Gonorrhea,2019,Nebraska,31,45-54,All races/ethnicities,Male,90,82.4,"109,261"
Gonorrhea,2019,Nebraska,31,35-44,All races/ethnicities,Male,228,184.1,"123,878"
Gonorrhea,2019,Nebraska,31,25-34,All races/ethnicities,Male,578,439.1,"131,646"
Gonorrhea,2019,Nebraska,31,13-24,All races/ethnicities,Male,530,322,"164,581"
Gonorrhea,2018,Nebraska,31,55+,All races/ethnicities,Female,12,4.1,"289,711"
Gonorrhea,2018,Nebraska,31,45-54,All races/ethnicities,Female,36,33.1,"108,665"
Gonorrhea,2018,Nebraska,31,35-44,All races/ethnicities,Female,140,119.3,"117,392"
Gonorrhea,2018,Nebraska,31,25-34,All races/ethnicities,Female,511,413.4,"123,599"
Gonorrhea,2018,Nebraska,31,13-24,All races/ethnicities,Female,603,384.6,"156,769"
Gonorrhea,2018,Nebraska,31,55+,All races/ethnicities,Male,30,11.7,"255,929"
Gonorrhea,2018,Nebraska,31,45-54,All races/ethnicities,Male,82,73.8,"111,041"
Gonorrhea,2018,Nebraska,31,35-44,All races/ethnicities,Male,219,179.6,"121,934"
Gonorrhea,2018,Nebraska,31,25-34,All races/ethnicities,Male,555,422.4,"131,379"
Gonorrhea,2018,Nebraska,31,13-24,All races/ethnicities,Male,505,307.4,"164,283"
Chlamydia,2021,Nebraska,31,55+,All races/ethnicities,Female,12,4.1,"294,128"
Chlamydia,2021,Nebraska,31,45-54,All races/ethnicities,Female,89,83.7,"106,340"
Chlamydia,2021,Nebraska,31,35-44,All races/ethnicities,Female,319,256.3,"124,457"
Chlamydia,2021,Nebraska,31,25-34,All races/ethnicities,Female,"1,332",1081.9,"123,115"
Chlamydia,2021,Nebraska,31,13-24,All races/ethnicities,Female,"4,166",2569.4,"162,138"
Chlamydia,2021,Nebraska,31,55+,All races/ethnicities,Male,44,16.4,"268,423"
Chlamydia,2021,Nebraska,31,45-54,All races/ethnicities,Male,85,76.1,"111,623"
Chlamydia,2021,Nebraska,31,35-44,All races/ethnicities,Male,293,223.3,"131,242"
Chlamydia,2021,Nebraska,31,25-34,All races/ethnicities,Male,903,695.9,"129,764"
Chlamydia,2021,Nebraska,31,13-24,All races/ethnicities,Male,"1,630",959.9,"169,807"
Chlamydia,2020 (COVID-19 Pandemic),Nebraska,31,55+,All races/ethnicities,Female,12,4.1,"292,515"
Chlamydia,2020 (COVID-19 Pandemic),Nebraska,31,45-54,All races/ethnicities,Female,65,60.8,"106,842"
Chlamydia,2020 (COVID-19 Pandemic),Nebraska,31,35-44,All races/ethnicities,Female,338,275.5,"122,705"
Chlamydia,2020 (COVID-19 Pandemic),Nebraska,31,25-34,All races/ethnicities,Female,"1,271",1026,"123,874"
Chlamydia,2020 (COVID-19 Pandemic),Nebraska,31,13-24,All races/ethnicities,Female,"4,232",2631.9,"160,795"
Chlamydia,2020 (COVID-19 Pandemic),Nebraska,31,55+,All races/ethnicities,Male,23,8.6,"266,209"
Chlamydia,2020 (COVID-19 Pandemic),Nebraska,31,45-54,All races/ethnicities,Male,62,55.3,"112,062"
Chlamydia,2020 (COVID-19 Pandemic),Nebraska,31,35-44,All races/ethnicities,Male,243,187.6,"129,502"
Chlamydia,2020 (COVID-19 Pandemic),Nebraska,31,25-34,All races/ethnicities,Male,854,655,"130,382"
Chlamydia,2020 (COVID-19 Pandemic),Nebraska,31,13-24,All races/ethnicities,Male,"1,707",1014.9,"168,198"
Chlamydia,2019,Nebraska,31,55+,All races/ethnicities,Female,15,5.1,"294,139"
Chlamydia,2019,Nebraska,31,45-54,All races/ethnicities,Female,76,71.3,"106,547"
Chlamydia,2019,Nebraska,31,35-44,All races/ethnicities,Female,284,238.1,"119,261"
Chlamydia,2019,Nebraska,31,25-34,All races/ethnicities,Female,"1,444",1167.4,"123,692"
Chlamydia,2019,Nebraska,31,13-24,All races/ethnicities,Female,"4,399",2801.5,"157,021"
Chlamydia,2019,Nebraska,31,55+,All races/ethnicities,Male,16,6.1,"260,612"
Chlamydia,2019,Nebraska,31,45-54,All races/ethnicities,Male,70,64.1,"109,261"
Chlamydia,2019,Nebraska,31,35-44,All races/ethnicities,Male,265,213.9,"123,878"
Chlamydia,2019,Nebraska,31,25-34,All races/ethnicities,Male,965,733,"131,646"
Chlamydia,2019,Nebraska,31,13-24,All races/ethnicities,Male,"1,738",1056,"164,581"
Chlamydia,2018,Nebraska,31,55+,All races/ethnicities,Female,12,4.1,"289,711"
Chlamydia,2018,Nebraska,31,45-54,All races/ethnicities,Female,46,42.3,"108,665"
Chlamydia,2018,Nebraska,31,35-44,All races/ethnicities,Female,227,193.4,"117,392"
Chlamydia,2018,Nebraska,31,25-34,All races/ethnicities,Female,"1,283",1038,"123,599"
Chlamydia,2018,Nebraska,31,13-24,All races/ethnicities,Female,"3,658",2333.4,"156,769"
Chlamydia,2018,Nebraska,31,55+,All races/ethnicities,Male,21,8.2,"255,929"
Chlamydia,2018,Nebraska,31,45-54,All races/ethnicities,Male,59,53.1,"111,041"
Chlamydia,2018,Nebraska,31,35-44,All races/ethnicities,Male,241,197.6,"121,934"
Chlamydia,2018,Nebraska,31,25-34,All races/ethnicities,Male,929,707.1,"131,379"
Chlamydia,2018,Nebraska,31,13-24,All races/ethnicities,Male,"1,535",934.4,"164,283"
HIV diagnoses,2021,Nebraska,31,55+,All races/ethnicities,Female,1,0.3,"294,128"
HIV diagnoses,2021,Nebraska,31,45-54,All races/ethnicities,Female,2,1.9,"106,340"
HIV diagnoses,2021,Nebraska,31,35-44,All races/ethnicities,Female,9,7.2,"124,457"
HIV diagnoses,2021,Nebraska,31,25-34,All races/ethnicities,Female,4,3.2,"123,115"
HIV diagnoses,2021,Nebraska,31,13-24,All races/ethnicities,Female,2,1.2,"162,138"
HIV diagnoses,2021,Nebraska,31,55+,All races/ethnicities,Male,7,2.6,"268,423"
HIV diagnoses,2021,Nebraska,31,45-54,All races/ethnicities,Male,14,12.5,"111,623"
HIV diagnoses,2021,Nebraska,31,35-44,All races/ethnicities,Male,20,15.2,"131,242"
HIV diagnoses,2021,Nebraska,31,25-34,All races/ethnicities,Male,31,23.9,"129,764"
HIV diagnoses,2021,Nebraska,31,13-24,All races/ethnicities,Male,15,8.8,"169,807"
HIV diagnoses,2020 (COVID-19 Pandemic),Nebraska,31,55+,All races/ethnicities,Female,1,0.3,"292,515"
HIV diagnoses,2020 (COVID-19 Pandemic),Nebraska,31,45-54,All races/ethnicities,Female,5,4.7,"106,842"
HIV diagnoses,2020 (COVID-19 Pandemic),Nebraska,31,35-44,All races/ethnicities,Female,4,3.3,"122,705"
HIV diagnoses,2020 (COVID-19 Pandemic),Nebraska,31,25-34,All races/ethnicities,Female,5,4,"123,874"
HIV diagnoses,2020 (COVID-19 Pandemic),Nebraska,31,13-24,All races/ethnicities,Female,1,0.6,"160,795"
HIV diagnoses,2020 (COVID-19 Pandemic),Nebraska,31,55+,All races/ethnicities,Male,6,2.3,"266,209"
HIV diagnoses,2020 (COVID-19 Pandemic),Nebraska,31,45-54,All races/ethnicities,Male,8,7.1,"112,062"
HIV diagnoses,2020 (COVID-19 Pandemic),Nebraska,31,35-44,All races/ethnicities,Male,13,10,"129,502"
HIV diagnoses,2020 (COVID-19 Pandemic),Nebraska,31,25-34,All races/ethnicities,Male,24,18.4,"130,382"
HIV diagnoses,2020 (COVID-19 Pandemic),Nebraska,31,13-24,All races/ethnicities,Male,6,3.6,"168,198"
HIV diagnoses,2019,Nebraska,31,55+,All races/ethnicities,Female,2,0.7,"293,479"
HIV diagnoses,2019,Nebraska,31,45-54,All races/ethnicities,Female,2,1.9,"106,493"
HIV diagnoses,2019,Nebraska,31,35-44,All races/ethnicities,Female,4,3.4,"119,304"
HIV diagnoses,2019,Nebraska,31,25-34,All races/ethnicities,Female,6,4.8,"123,980"
HIV diagnoses,2019,Nebraska,31,13-24,All races/ethnicities,Female,2,1.3,"156,859"
HIV diagnoses,2019,Nebraska,31,55+,All races/ethnicities,Male,4,1.5,"259,890"
HIV diagnoses,2019,Nebraska,31,45-54,All races/ethnicities,Male,10,9.2,"109,137"
HIV diagnoses,2019,Nebraska,31,35-44,All races/ethnicities,Male,12,9.7,"123,711"
HIV diagnoses,2019,Nebraska,31,25-34,All races/ethnicities,Male,26,19.8,"131,641"
HIV diagnoses,2019,Nebraska,31,13-24,All races/ethnicities,Male,12,7.3,"164,108"
HIV diagnoses,2018,Nebraska,31,55+,All races/ethnicities,Female,0,0,"289,230"
HIV diagnoses,2018,Nebraska,31,45-54,All races/ethnicities,Female,2,1.8,"108,662"
HIV diagnoses,2018,Nebraska,31,35-44,All races/ethnicities,Female,2,1.7,"117,495"
HIV diagnoses,2018,Nebraska,31,25-34,All races/ethnicities,Female,2,1.6,"123,926"
HIV diagnoses,2018,Nebraska,31,13-24,All races/ethnicities,Female,1,0.6,"156,847"
HIV diagnoses,2018,Nebraska,31,55+,All races/ethnicities,Male,6,2.3,"255,398"
HIV diagnoses,2018,Nebraska,31,45-54,All races/ethnicities,Male,11,9.9,"110,982"
HIV diagnoses,2018,Nebraska,31,35-44,All races/ethnicities,Male,12,9.8,"121,852"
HIV diagnoses,2018,Nebraska,31,25-34,All races/ethnicities,Male,26,19.8,"131,549"
HIV diagnoses,2018,Nebraska,31,13-24,All races/ethnicities,Male,15,9.1,"164,207"
Gonorrhea,2021,Nevada,32,55+,All races/ethnicities,Female,42,9,"467,851"
Gonorrhea,2021,Nevada,32,45-54,All races/ethnicities,Female,111,56.8,"195,253"
Gonorrhea,2021,Nevada,32,35-44,All races/ethnicities,Female,324,153.9,"210,493"
Gonorrhea,2021,Nevada,32,25-34,All races/ethnicities,Female,906,406.4,"222,907"
Gonorrhea,2021,Nevada,32,13-24,All races/ethnicities,Female,"1,219",545.9,"223,289"
Gonorrhea,2021,Nevada,32,55+,All races/ethnicities,Male,191,43.1,"442,694"
Gonorrhea,2021,Nevada,32,45-54,All races/ethnicities,Male,387,191.4,"202,208"
Gonorrhea,2021,Nevada,32,35-44,All races/ethnicities,Male,969,439.3,"220,574"
Gonorrhea,2021,Nevada,32,25-34,All races/ethnicities,Male,"1,843",795.2,"231,771"
Gonorrhea,2021,Nevada,32,13-24,All races/ethnicities,Male,"1,229",523.2,"234,923"
Gonorrhea,2020 (COVID-19 Pandemic),Nevada,32,55+,All races/ethnicities,Female,40,8.7,"457,772"
Gonorrhea,2020 (COVID-19 Pandemic),Nevada,32,45-54,All races/ethnicities,Female,92,47.3,"194,641"
Gonorrhea,2020 (COVID-19 Pandemic),Nevada,32,35-44,All races/ethnicities,Female,350,169.1,"206,944"
Gonorrhea,2020 (COVID-19 Pandemic),Nevada,32,25-34,All races/ethnicities,Female,843,380.5,"221,542"
Gonorrhea,2020 (COVID-19 Pandemic),Nevada,32,13-24,All races/ethnicities,Female,"1,073",486.3,"220,667"
Gonorrhea,2020 (COVID-19 Pandemic),Nevada,32,55+,All races/ethnicities,Male,129,29.8,"433,371"
Gonorrhea,2020 (COVID-19 Pandemic),Nevada,32,45-54,All races/ethnicities,Male,289,142.4,"203,003"
Gonorrhea,2020 (COVID-19 Pandemic),Nevada,32,35-44,All races/ethnicities,Male,702,325.5,"215,686"
Gonorrhea,2020 (COVID-19 Pandemic),Nevada,32,25-34,All races/ethnicities,Male,"1,452",630.7,"230,205"
Gonorrhea,2020 (COVID-19 Pandemic),Nevada,32,13-24,All races/ethnicities,Male,979,422.2,"231,859"
Gonorrhea,2019,Nevada,32,55+,All races/ethnicities,Female,29,6.4,"456,500"
Gonorrhea,2019,Nevada,32,45-54,All races/ethnicities,Female,108,55.4,"194,914"
Gonorrhea,2019,Nevada,32,35-44,All races/ethnicities,Female,317,156.3,"202,851"
Gonorrhea,2019,Nevada,32,25-34,All races/ethnicities,Female,746,337.2,"221,212"
Gonorrhea,2019,Nevada,32,13-24,All races/ethnicities,Female,"1,228",568.4,"216,064"
Gonorrhea,2019,Nevada,32,55+,All races/ethnicities,Male,159,37.6,"422,948"
Gonorrhea,2019,Nevada,32,45-54,All races/ethnicities,Male,359,180.1,"199,314"
Gonorrhea,2019,Nevada,32,35-44,All races/ethnicities,Male,774,372.7,"207,654"
Gonorrhea,2019,Nevada,32,25-34,All races/ethnicities,Male,"1,657",714.5,"231,904"
Gonorrhea,2019,Nevada,32,13-24,All races/ethnicities,Male,"1,130",495.7,"227,965"
Gonorrhea,2018,Nevada,32,55+,All races/ethnicities,Female,25,5.7,"441,690"
Gonorrhea,2018,Nevada,32,45-54,All races/ethnicities,Female,121,62.3,"194,252"
Gonorrhea,2018,Nevada,32,35-44,All races/ethnicities,Female,259,130.3,"198,696"
Gonorrhea,2018,Nevada,32,25-34,All races/ethnicities,Female,772,355.4,"217,217"
Gonorrhea,2018,Nevada,32,13-24,All races/ethnicities,Female,"1,297",605.7,"214,135"
Gonorrhea,2018,Nevada,32,55+,All races/ethnicities,Male,141,34.4,"409,841"
Gonorrhea,2018,Nevada,32,45-54,All races/ethnicities,Male,364,182.4,"199,512"
Gonorrhea,2018,Nevada,32,35-44,All races/ethnicities,Male,627,309,"202,931"
Gonorrhea,2018,Nevada,32,25-34,All races/ethnicities,Male,"1,515",668.2,"226,734"
Gonorrhea,2018,Nevada,32,13-24,All races/ethnicities,Male,"1,334",591.9,"225,359"
Chlamydia,2021,Nevada,32,55+,All races/ethnicities,Female,56,12,"467,851"
Chlamydia,2021,Nevada,32,45-54,All races/ethnicities,Female,159,81.4,"195,253"
Chlamydia,2021,Nevada,32,35-44,All races/ethnicities,Female,578,274.6,"210,493"
Chlamydia,2021,Nevada,32,25-34,All races/ethnicities,Female,"2,349",1053.8,"222,907"
Chlamydia,2021,Nevada,32,13-24,All races/ethnicities,Female,"4,581",2051.6,"223,289"
Chlamydia,2021,Nevada,32,55+,All races/ethnicities,Male,114,25.8,"442,694"
Chlamydia,2021,Nevada,32,45-54,All races/ethnicities,Male,277,137,"202,208"
Chlamydia,2021,Nevada,32,35-44,All races/ethnicities,Male,826,374.5,"220,574"
Chlamydia,2021,Nevada,32,25-34,All races/ethnicities,Male,"2,058",887.9,"231,771"
Chlamydia,2021,Nevada,32,13-24,All races/ethnicities,Male,"2,019",859.4,"234,923"
Chlamydia,2020 (COVID-19 Pandemic),Nevada,32,55+,All races/ethnicities,Female,39,8.5,"457,772"
Chlamydia,2020 (COVID-19 Pandemic),Nevada,32,45-54,All races/ethnicities,Female,148,76,"194,641"
Chlamydia,2020 (COVID-19 Pandemic),Nevada,32,35-44,All races/ethnicities,Female,608,293.8,"206,944"
Chlamydia,2020 (COVID-19 Pandemic),Nevada,32,25-34,All races/ethnicities,Female,"2,405",1085.6,"221,542"
Chlamydia,2020 (COVID-19 Pandemic),Nevada,32,13-24,All races/ethnicities,Female,"5,263",2385,"220,667"
Chlamydia,2020 (COVID-19 Pandemic),Nevada,32,55+,All races/ethnicities,Male,109,25.2,"433,371"
Chlamydia,2020 (COVID-19 Pandemic),Nevada,32,45-54,All races/ethnicities,Male,246,121.2,"203,003"
Chlamydia,2020 (COVID-19 Pandemic),Nevada,32,35-44,All races/ethnicities,Male,671,311.1,"215,686"
Chlamydia,2020 (COVID-19 Pandemic),Nevada,32,25-34,All races/ethnicities,Male,"1,926",836.6,"230,205"
Chlamydia,2020 (COVID-19 Pandemic),Nevada,32,13-24,All races/ethnicities,Male,"2,214",954.9,"231,859"
Chlamydia,2019,Nevada,32,55+,All races/ethnicities,Female,60,13.1,"456,500"
Chlamydia,2019,Nevada,32,45-54,All races/ethnicities,Female,216,110.8,"194,914"
Chlamydia,2019,Nevada,32,35-44,All races/ethnicities,Female,711,350.5,"202,851"
Chlamydia,2019,Nevada,32,25-34,All races/ethnicities,Female,"2,968",1341.7,"221,212"
Chlamydia,2019,Nevada,32,13-24,All races/ethnicities,Female,"7,242",3351.8,"216,064"
Chlamydia,2019,Nevada,32,55+,All races/ethnicities,Male,131,31,"422,948"
Chlamydia,2019,Nevada,32,45-54,All races/ethnicities,Male,336,168.6,"199,314"
Chlamydia,2019,Nevada,32,35-44,All races/ethnicities,Male,814,392,"207,654"
Chlamydia,2019,Nevada,32,25-34,All races/ethnicities,Male,"2,472",1066,"231,904"
Chlamydia,2019,Nevada,32,13-24,All races/ethnicities,Male,"2,842",1246.7,"227,965"
Chlamydia,2018,Nevada,32,55+,All races/ethnicities,Female,48,10.9,"441,690"
Chlamydia,2018,Nevada,32,45-54,All races/ethnicities,Female,191,98.3,"194,252"
Chlamydia,2018,Nevada,32,35-44,All races/ethnicities,Female,728,366.4,"198,696"
Chlamydia,2018,Nevada,32,25-34,All races/ethnicities,Female,"3,057",1407.3,"217,217"
Chlamydia,2018,Nevada,32,13-24,All races/ethnicities,Female,"7,020",3278.3,"214,135"
Chlamydia,2018,Nevada,32,55+,All races/ethnicities,Male,109,26.6,"409,841"
Chlamydia,2018,Nevada,32,45-54,All races/ethnicities,Male,288,144.4,"199,512"
Chlamydia,2018,Nevada,32,35-44,All races/ethnicities,Male,744,366.6,"202,931"
Chlamydia,2018,Nevada,32,25-34,All races/ethnicities,Male,"2,326",1025.9,"226,734"
Chlamydia,2018,Nevada,32,13-24,All races/ethnicities,Male,"2,913",1292.6,"225,359"
HIV diagnoses,2021,Nevada,32,55+,All races/ethnicities,Female,10,2.1,"467,851"
HIV diagnoses,2021,Nevada,32,45-54,All races/ethnicities,Female,14,7.2,"195,253"
HIV diagnoses,2021,Nevada,32,35-44,All races/ethnicities,Female,17,8.1,"210,493"
HIV diagnoses,2021,Nevada,32,25-34,All races/ethnicities,Female,18,8.1,"222,907"
HIV diagnoses,2021,Nevada,32,13-24,All races/ethnicities,Female,7,3.1,"223,289"
HIV diagnoses,2021,Nevada,32,55+,All races/ethnicities,Male,43,9.7,"442,694"
HIV diagnoses,2021,Nevada,32,45-54,All races/ethnicities,Male,58,28.7,"202,208"
HIV diagnoses,2021,Nevada,32,35-44,All races/ethnicities,Male,95,43.1,"220,574"
HIV diagnoses,2021,Nevada,32,25-34,All races/ethnicities,Male,171,73.8,"231,771"
HIV diagnoses,2021,Nevada,32,13-24,All races/ethnicities,Male,68,28.9,"234,923"
HIV diagnoses,2020 (COVID-19 Pandemic),Nevada,32,55+,All races/ethnicities,Female,7,1.5,"457,772"
HIV diagnoses,2020 (COVID-19 Pandemic),Nevada,32,45-54,All races/ethnicities,Female,14,7.2,"194,641"
HIV diagnoses,2020 (COVID-19 Pandemic),Nevada,32,35-44,All races/ethnicities,Female,11,5.3,"206,944"
HIV diagnoses,2020 (COVID-19 Pandemic),Nevada,32,25-34,All races/ethnicities,Female,11,5,"221,542"
HIV diagnoses,2020 (COVID-19 Pandemic),Nevada,32,13-24,All races/ethnicities,Female,12,5.4,"220,667"
HIV diagnoses,2020 (COVID-19 Pandemic),Nevada,32,55+,All races/ethnicities,Male,31,7.2,"433,371"
HIV diagnoses,2020 (COVID-19 Pandemic),Nevada,32,45-54,All races/ethnicities,Male,47,23.2,"203,003"
HIV diagnoses,2020 (COVID-19 Pandemic),Nevada,32,35-44,All races/ethnicities,Male,61,28.3,"215,686"
HIV diagnoses,2020 (COVID-19 Pandemic),Nevada,32,25-34,All races/ethnicities,Male,148,64.3,"230,205"
HIV diagnoses,2020 (COVID-19 Pandemic),Nevada,32,13-24,All races/ethnicities,Male,55,23.7,"231,859"
HIV diagnoses,2019,Nevada,32,55+,All races/ethnicities,Female,14,3.1,"457,574"
HIV diagnoses,2019,Nevada,32,45-54,All races/ethnicities,Female,15,7.7,"195,222"
HIV diagnoses,2019,Nevada,32,35-44,All races/ethnicities,Female,15,7.4,"203,498"
HIV diagnoses,2019,Nevada,32,25-34,All races/ethnicities,Female,22,9.9,"222,873"
HIV diagnoses,2019,Nevada,32,13-24,All races/ethnicities,Female,6,2.8,"217,535"
HIV diagnoses,2019,Nevada,32,55+,All races/ethnicities,Male,31,7.3,"423,877"
HIV diagnoses,2019,Nevada,32,45-54,All races/ethnicities,Male,57,28.5,"199,810"
HIV diagnoses,2019,Nevada,32,35-44,All races/ethnicities,Male,84,40.3,"208,183"
HIV diagnoses,2019,Nevada,32,25-34,All races/ethnicities,Male,185,79.3,"233,229"
HIV diagnoses,2019,Nevada,32,13-24,All races/ethnicities,Male,88,38.5,"228,724"
HIV diagnoses,2018,Nevada,32,55+,All races/ethnicities,Female,8,1.8,"441,976"
HIV diagnoses,2018,Nevada,32,45-54,All races/ethnicities,Female,14,7.2,"194,173"
HIV diagnoses,2018,Nevada,32,35-44,All races/ethnicities,Female,18,9.1,"198,728"
HIV diagnoses,2018,Nevada,32,25-34,All races/ethnicities,Female,14,6.4,"217,797"
HIV diagnoses,2018,Nevada,32,13-24,All races/ethnicities,Female,7,3.3,"214,704"
HIV diagnoses,2018,Nevada,32,55+,All races/ethnicities,Male,32,7.8,"410,367"
HIV diagnoses,2018,Nevada,32,45-54,All races/ethnicities,Male,55,27.5,"199,662"
HIV diagnoses,2018,Nevada,32,35-44,All races/ethnicities,Male,86,42.4,"203,045"
HIV diagnoses,2018,Nevada,32,25-34,All races/ethnicities,Male,175,77,"227,308"
HIV diagnoses,2018,Nevada,32,13-24,All races/ethnicities,Male,89,39.5,"225,518"
Gonorrhea,2021,New Hampshire,33,55+,All races/ethnicities,Female,4,1.6,"253,420"
Gonorrhea,2021,New Hampshire,33,45-54,All races/ethnicities,Female,9,10.2,"88,304"
Gonorrhea,2021,New Hampshire,33,35-44,All races/ethnicities,Female,31,37.4,"82,788"
Gonorrhea,2021,New Hampshire,33,25-34,All races/ethnicities,Female,71,82.7,"85,847"
Gonorrhea,2021,New Hampshire,33,13-24,All races/ethnicities,Female,100,100.1,"99,863"
Gonorrhea,2021,New Hampshire,33,55+,All races/ethnicities,Male,24,10.3,"233,060"
Gonorrhea,2021,New Hampshire,33,45-54,All races/ethnicities,Male,36,40.7,"88,518"
Gonorrhea,2021,New Hampshire,33,35-44,All races/ethnicities,Male,78,91.5,"85,262"
Gonorrhea,2021,New Hampshire,33,25-34,All races/ethnicities,Male,164,177.4,"92,461"
Gonorrhea,2021,New Hampshire,33,13-24,All races/ethnicities,Male,95,91.5,"103,786"
Gonorrhea,2020 (COVID-19 Pandemic),New Hampshire,33,55+,All races/ethnicities,Female,5,2,"248,766"
Gonorrhea,2020 (COVID-19 Pandemic),New Hampshire,33,45-54,All races/ethnicities,Female,9,9.9,"90,554"
Gonorrhea,2020 (COVID-19 Pandemic),New Hampshire,33,35-44,All races/ethnicities,Female,19,23.6,"80,398"
Gonorrhea,2020 (COVID-19 Pandemic),New Hampshire,33,25-34,All races/ethnicities,Female,46,54.6,"84,272"
Gonorrhea,2020 (COVID-19 Pandemic),New Hampshire,33,13-24,All races/ethnicities,Female,61,61,"100,071"
Gonorrhea,2020 (COVID-19 Pandemic),New Hampshire,33,55+,All races/ethnicities,Male,21,9.2,"228,992"
Gonorrhea,2020 (COVID-19 Pandemic),New Hampshire,33,45-54,All races/ethnicities,Male,24,26.4,"90,779"
Gonorrhea,2020 (COVID-19 Pandemic),New Hampshire,33,35-44,All races/ethnicities,Male,67,81.4,"82,343"
Gonorrhea,2020 (COVID-19 Pandemic),New Hampshire,33,25-34,All races/ethnicities,Male,121,134.3,"90,096"
Gonorrhea,2020 (COVID-19 Pandemic),New Hampshire,33,13-24,All races/ethnicities,Male,87,83.7,"103,952"
Gonorrhea,2019,New Hampshire,33,55+,All races/ethnicities,Female,4,1.6,"246,577"
Gonorrhea,2019,New Hampshire,33,45-54,All races/ethnicities,Female,7,7.6,"92,610"
Gonorrhea,2019,New Hampshire,33,35-44,All races/ethnicities,Female,8,10.2,"78,139"
Gonorrhea,2019,New Hampshire,33,25-34,All races/ethnicities,Female,60,72,"83,332"
Gonorrhea,2019,New Hampshire,33,13-24,All races/ethnicities,Female,56,56.4,"99,301"
Gonorrhea,2019,New Hampshire,33,55+,All races/ethnicities,Male,13,5.9,"221,601"
Gonorrhea,2019,New Hampshire,33,45-54,All races/ethnicities,Male,29,32,"90,663"
Gonorrhea,2019,New Hampshire,33,35-44,All races/ethnicities,Male,51,65.1,"78,361"
Gonorrhea,2019,New Hampshire,33,25-34,All races/ethnicities,Male,106,118.5,"89,484"
Gonorrhea,2019,New Hampshire,33,13-24,All races/ethnicities,Male,76,73.5,"103,400"
Gonorrhea,2018,New Hampshire,33,55+,All races/ethnicities,Female,1,0.4,"240,512"
Gonorrhea,2018,New Hampshire,33,45-54,All races/ethnicities,Female,13,13.5,"95,946"
Gonorrhea,2018,New Hampshire,33,35-44,All races/ethnicities,Female,23,29.7,"77,339"
Gonorrhea,2018,New Hampshire,33,25-34,All races/ethnicities,Female,50,61.2,"81,646"
Gonorrhea,2018,New Hampshire,33,13-24,All races/ethnicities,Female,97,96.6,"100,392"
Gonorrhea,2018,New Hampshire,33,55+,All races/ethnicities,Male,31,14.3,"216,130"
Gonorrhea,2018,New Hampshire,33,45-54,All races/ethnicities,Male,48,51.1,"94,021"
Gonorrhea,2018,New Hampshire,33,35-44,All races/ethnicities,Male,65,84,"77,402"
Gonorrhea,2018,New Hampshire,33,25-34,All races/ethnicities,Male,155,177.4,"87,360"
Gonorrhea,2018,New Hampshire,33,13-24,All races/ethnicities,Male,109,104,"104,793"
Chlamydia,2021,New Hampshire,33,55+,All races/ethnicities,Female,2,0.8,"253,420"
Chlamydia,2021,New Hampshire,33,45-54,All races/ethnicities,Female,23,26,"88,304"
Chlamydia,2021,New Hampshire,33,35-44,All races/ethnicities,Female,103,124.4,"82,788"
Chlamydia,2021,New Hampshire,33,25-34,All races/ethnicities,Female,473,551,"85,847"
Chlamydia,2021,New Hampshire,33,13-24,All races/ethnicities,Female,"1,349",1350.9,"99,863"
Chlamydia,2021,New Hampshire,33,55+,All races/ethnicities,Male,28,12,"233,060"
Chlamydia,2021,New Hampshire,33,45-54,All races/ethnicities,Male,37,41.8,"88,518"
Chlamydia,2021,New Hampshire,33,35-44,All races/ethnicities,Male,108,126.7,"85,262"
Chlamydia,2021,New Hampshire,33,25-34,All races/ethnicities,Male,354,382.9,"92,461"
Chlamydia,2021,New Hampshire,33,13-24,All races/ethnicities,Male,523,503.9,"103,786"
Chlamydia,2020 (COVID-19 Pandemic),New Hampshire,33,55+,All races/ethnicities,Female,3,1.2,"248,766"
Chlamydia,2020 (COVID-19 Pandemic),New Hampshire,33,45-54,All races/ethnicities,Female,22,24.3,"90,554"
Chlamydia,2020 (COVID-19 Pandemic),New Hampshire,33,35-44,All races/ethnicities,Female,92,114.4,"80,398"
Chlamydia,2020 (COVID-19 Pandemic),New Hampshire,33,25-34,All races/ethnicities,Female,451,535.2,"84,272"
Chlamydia,2020 (COVID-19 Pandemic),New Hampshire,33,13-24,All races/ethnicities,Female,"1,321",1320.1,"100,071"
Chlamydia,2020 (COVID-19 Pandemic),New Hampshire,33,55+,All races/ethnicities,Male,18,7.9,"228,992"
Chlamydia,2020 (COVID-19 Pandemic),New Hampshire,33,45-54,All races/ethnicities,Male,30,33,"90,779"
Chlamydia,2020 (COVID-19 Pandemic),New Hampshire,33,35-44,All races/ethnicities,Male,100,121.4,"82,343"
Chlamydia,2020 (COVID-19 Pandemic),New Hampshire,33,25-34,All races/ethnicities,Male,338,375.2,"90,096"
Chlamydia,2020 (COVID-19 Pandemic),New Hampshire,33,13-24,All races/ethnicities,Male,537,516.6,"103,952"
Chlamydia,2019,New Hampshire,33,55+,All races/ethnicities,Female,4,1.6,"246,577"
Chlamydia,2019,New Hampshire,33,45-54,All races/ethnicities,Female,27,29.2,"92,610"
Chlamydia,2019,New Hampshire,33,35-44,All races/ethnicities,Female,116,148.5,"78,139"
Chlamydia,2019,New Hampshire,33,25-34,All races/ethnicities,Female,510,612,"83,332"
Chlamydia,2019,New Hampshire,33,13-24,All races/ethnicities,Female,"1,621",1632.4,"99,301"
Chlamydia,2019,New Hampshire,33,55+,All races/ethnicities,Male,21,9.5,"221,601"
Chlamydia,2019,New Hampshire,33,45-54,All races/ethnicities,Male,40,44.1,"90,663"
Chlamydia,2019,New Hampshire,33,35-44,All races/ethnicities,Male,118,150.6,"78,361"
Chlamydia,2019,New Hampshire,33,25-34,All races/ethnicities,Male,419,468.2,"89,484"
Chlamydia,2019,New Hampshire,33,13-24,All races/ethnicities,Male,699,676,"103,400"
Chlamydia,2018,New Hampshire,33,55+,All races/ethnicities,Female,5,2.1,"240,512"
Chlamydia,2018,New Hampshire,33,45-54,All races/ethnicities,Female,23,24,"95,946"
Chlamydia,2018,New Hampshire,33,35-44,All races/ethnicities,Female,98,126.7,"77,339"
Chlamydia,2018,New Hampshire,33,25-34,All races/ethnicities,Female,535,655.3,"81,646"
Chlamydia,2018,New Hampshire,33,13-24,All races/ethnicities,Female,"1,812",1804.9,"100,392"
Chlamydia,2018,New Hampshire,33,55+,All races/ethnicities,Male,17,7.9,"216,130"
Chlamydia,2018,New Hampshire,33,45-54,All races/ethnicities,Male,48,51.1,"94,021"
Chlamydia,2018,New Hampshire,33,35-44,All races/ethnicities,Male,103,133.1,"77,402"
Chlamydia,2018,New Hampshire,33,25-34,All races/ethnicities,Male,409,468.2,"87,360"
Chlamydia,2018,New Hampshire,33,13-24,All races/ethnicities,Male,682,650.8,"104,793"
HIV diagnoses,2021,New Hampshire,33,55+,All races/ethnicities,Female,Data suppressed,Data suppressed,"253,420"
HIV diagnoses,2021,New Hampshire,33,45-54,All races/ethnicities,Female,Data suppressed,Data suppressed,"88,304"
HIV diagnoses,2021,New Hampshire,33,35-44,All races/ethnicities,Female,Data suppressed,Data suppressed,"82,788"
HIV diagnoses,2021,New Hampshire,33,25-34,All races/ethnicities,Female,Data suppressed,Data suppressed,"85,847"
HIV diagnoses,2021,New Hampshire,33,13-24,All races/ethnicities,Female,Data suppressed,Data suppressed,"99,863"
HIV diagnoses,2021,New Hampshire,33,55+,All races/ethnicities,Male,Data suppressed,Data suppressed,"233,060"
HIV diagnoses,2021,New Hampshire,33,45-54,All races/ethnicities,Male,Data suppressed,Data suppressed,"88,518"
HIV diagnoses,2021,New Hampshire,33,35-44,All races/ethnicities,Male,Data suppressed,Data suppressed,"85,262"
HIV diagnoses,2021,New Hampshire,33,25-34,All races/ethnicities,Male,Data suppressed,Data suppressed,"92,461"
HIV diagnoses,2021,New Hampshire,33,13-24,All races/ethnicities,Male,Data suppressed,Data suppressed,"103,786"
HIV diagnoses,2020 (COVID-19 Pandemic),New Hampshire,33,55+,All races/ethnicities,Female,Data suppressed,Data suppressed,"248,766"
HIV diagnoses,2020 (COVID-19 Pandemic),New Hampshire,33,45-54,All races/ethnicities,Female,Data suppressed,Data suppressed,"90,554"
HIV diagnoses,2020 (COVID-19 Pandemic),New Hampshire,33,35-44,All races/ethnicities,Female,Data suppressed,Data suppressed,"80,398"
HIV diagnoses,2020 (COVID-19 Pandemic),New Hampshire,33,25-34,All races/ethnicities,Female,Data suppressed,Data suppressed,"84,272"
HIV diagnoses,2020 (COVID-19 Pandemic),New Hampshire,33,13-24,All races/ethnicities,Female,Data suppressed,Data suppressed,"100,071"
HIV diagnoses,2020 (COVID-19 Pandemic),New Hampshire,33,55+,All races/ethnicities,Male,Data suppressed,Data suppressed,"228,992"
HIV diagnoses,2020 (COVID-19 Pandemic),New Hampshire,33,45-54,All races/ethnicities,Male,Data suppressed,Data suppressed,"90,779"
HIV diagnoses,2020 (COVID-19 Pandemic),New Hampshire,33,35-44,All races/ethnicities,Male,Data suppressed,Data suppressed,"82,343"
HIV diagnoses,2020 (COVID-19 Pandemic),New Hampshire,33,25-34,All races/ethnicities,Male,Data suppressed,Data suppressed,"90,096"
HIV diagnoses,2020 (COVID-19 Pandemic),New Hampshire,33,13-24,All races/ethnicities,Male,Data suppressed,Data suppressed,"103,952"
HIV diagnoses,2019,New Hampshire,33,55+,All races/ethnicities,Female,Data suppressed,Data suppressed,"246,440"
HIV diagnoses,2019,New Hampshire,33,45-54,All races/ethnicities,Female,Data suppressed,Data suppressed,"92,668"
HIV diagnoses,2019,New Hampshire,33,35-44,All races/ethnicities,Female,Data suppressed,Data suppressed,"78,201"
HIV diagnoses,2019,New Hampshire,33,25-34,All races/ethnicities,Female,Data suppressed,Data suppressed,"83,652"
HIV diagnoses,2019,New Hampshire,33,13-24,All races/ethnicities,Female,Data suppressed,Data suppressed,"99,588"
HIV diagnoses,2019,New Hampshire,33,55+,All races/ethnicities,Male,Data suppressed,Data suppressed,"221,470"
HIV diagnoses,2019,New Hampshire,33,45-54,All races/ethnicities,Male,Data suppressed,Data suppressed,"90,658"
HIV diagnoses,2019,New Hampshire,33,35-44,All races/ethnicities,Male,Data suppressed,Data suppressed,"78,329"
HIV diagnoses,2019,New Hampshire,33,25-34,All races/ethnicities,Male,Data suppressed,Data suppressed,"89,655"
HIV diagnoses,2019,New Hampshire,33,13-24,All races/ethnicities,Male,Data suppressed,Data suppressed,"103,452"
HIV diagnoses,2018,New Hampshire,33,55+,All races/ethnicities,Female,Data suppressed,Data suppressed,"240,641"
HIV diagnoses,2018,New Hampshire,33,45-54,All races/ethnicities,Female,Data suppressed,Data suppressed,"96,039"
HIV diagnoses,2018,New Hampshire,33,35-44,All races/ethnicities,Female,Data suppressed,Data suppressed,"77,389"
HIV diagnoses,2018,New Hampshire,33,25-34,All races/ethnicities,Female,Data suppressed,Data suppressed,"81,840"
HIV diagnoses,2018,New Hampshire,33,13-24,All races/ethnicities,Female,Data suppressed,Data suppressed,"100,675"
HIV diagnoses,2018,New Hampshire,33,55+,All races/ethnicities,Male,Data suppressed,Data suppressed,"216,269"
HIV diagnoses,2018,New Hampshire,33,45-54,All races/ethnicities,Male,Data suppressed,Data suppressed,"94,101"
HIV diagnoses,2018,New Hampshire,33,35-44,All races/ethnicities,Male,Data suppressed,Data suppressed,"77,466"
HIV diagnoses,2018,New Hampshire,33,25-34,All races/ethnicities,Male,Data suppressed,Data suppressed,"87,590"
HIV diagnoses,2018,New Hampshire,33,13-24,All races/ethnicities,Male,Data suppressed,Data suppressed,"104,923"
Gonorrhea,2021,New Jersey,34,55+,All races/ethnicities,Female,43,2.8,"1,531,197"
Gonorrhea,2021,New Jersey,34,45-54,All races/ethnicities,Female,91,14.8,"614,102"
Gonorrhea,2021,New Jersey,34,35-44,All races/ethnicities,Female,292,48.2,"605,865"
Gonorrhea,2021,New Jersey,34,25-34,All races/ethnicities,Female,"1,299",221.2,"587,279"
Gonorrhea,2021,New Jersey,34,13-24,All races/ethnicities,Female,"2,503",370.8,"675,017"
Gonorrhea,2021,New Jersey,34,55+,All races/ethnicities,Male,215,16.3,"1,317,126"
Gonorrhea,2021,New Jersey,34,45-54,All races/ethnicities,Male,358,59.4,"603,074"
Gonorrhea,2021,New Jersey,34,35-44,All races/ethnicities,Male,921,150.8,"610,599"
Gonorrhea,2021,New Jersey,34,25-34,All races/ethnicities,Male,"2,321",385.9,"601,518"
Gonorrhea,2021,New Jersey,34,13-24,All races/ethnicities,Male,"2,204",313.2,"703,679"
Gonorrhea,2020 (COVID-19 Pandemic),New Jersey,34,55+,All races/ethnicities,Female,32,2.1,"1,518,049"
Gonorrhea,2020 (COVID-19 Pandemic),New Jersey,34,45-54,All races/ethnicities,Female,78,12.4,"626,804"
Gonorrhea,2020 (COVID-19 Pandemic),New Jersey,34,35-44,All races/ethnicities,Female,308,51.2,"601,985"
Gonorrhea,2020 (COVID-19 Pandemic),New Jersey,34,25-34,All races/ethnicities,Female,"1,253",213.8,"586,155"
Gonorrhea,2020 (COVID-19 Pandemic),New Jersey,34,13-24,All races/ethnicities,Female,"2,549",377.3,"675,568"
Gonorrhea,2020 (COVID-19 Pandemic),New Jersey,34,55+,All races/ethnicities,Male,220,16.9,"1,303,282"
Gonorrhea,2020 (COVID-19 Pandemic),New Jersey,34,45-54,All races/ethnicities,Male,331,53.9,"614,588"
Gonorrhea,2020 (COVID-19 Pandemic),New Jersey,34,35-44,All races/ethnicities,Male,811,134,"605,217"
Gonorrhea,2020 (COVID-19 Pandemic),New Jersey,34,25-34,All races/ethnicities,Male,"2,308",383.3,"602,192"
Gonorrhea,2020 (COVID-19 Pandemic),New Jersey,34,13-24,All races/ethnicities,Male,"2,116",300.4,"704,498"
Gonorrhea,2019,New Jersey,34,55+,All races/ethnicities,Female,43,2.9,"1,470,679"
Gonorrhea,2019,New Jersey,34,45-54,All races/ethnicities,Female,73,11.9,"614,322"
Gonorrhea,2019,New Jersey,34,35-44,All races/ethnicities,Female,243,42.4,"572,621"
Gonorrhea,2019,New Jersey,34,25-34,All races/ethnicities,Female,983,173.7,"565,927"
Gonorrhea,2019,New Jersey,34,13-24,All races/ethnicities,Female,"2,326",360.6,"645,054"
Gonorrhea,2019,New Jersey,34,55+,All races/ethnicities,Male,246,20,"1,228,505"
Gonorrhea,2019,New Jersey,34,45-54,All races/ethnicities,Male,425,72.5,"586,501"
Gonorrhea,2019,New Jersey,34,35-44,All races/ethnicities,Male,952,168.5,"565,072"
Gonorrhea,2019,New Jersey,34,25-34,All races/ethnicities,Male,"2,155",367.5,"586,351"
Gonorrhea,2019,New Jersey,34,13-24,All races/ethnicities,Male,"2,140",318.4,"672,072"
Gonorrhea,2018,New Jersey,34,55+,All races/ethnicities,Female,47,3.2,"1,449,722"
Gonorrhea,2018,New Jersey,34,45-54,All races/ethnicities,Female,90,14.2,"631,905"
Gonorrhea,2018,New Jersey,34,35-44,All races/ethnicities,Female,277,48.4,"571,832"
Gonorrhea,2018,New Jersey,34,25-34,All races/ethnicities,Female,996,176.8,"563,407"
Gonorrhea,2018,New Jersey,34,13-24,All races/ethnicities,Female,"2,028",311.5,"650,981"
Gonorrhea,2018,New Jersey,34,55+,All races/ethnicities,Male,288,23.8,"1,208,316"
Gonorrhea,2018,New Jersey,34,45-54,All races/ethnicities,Male,483,80.4,"600,920"
Gonorrhea,2018,New Jersey,34,35-44,All races/ethnicities,Male,872,155,"562,713"
Gonorrhea,2018,New Jersey,34,25-34,All races/ethnicities,Male,"2,110",361.4,"583,839"
Gonorrhea,2018,New Jersey,34,13-24,All races/ethnicities,Male,"1,860",274.1,"678,598"
Chlamydia,2021,New Jersey,34,55+,All races/ethnicities,Female,137,8.9,"1,531,197"
Chlamydia,2021,New Jersey,34,45-54,All races/ethnicities,Female,331,53.9,"614,102"
Chlamydia,2021,New Jersey,34,35-44,All races/ethnicities,Female,"1,174",193.8,"605,865"
Chlamydia,2021,New Jersey,34,25-34,All races/ethnicities,Female,"5,654",962.7,"587,279"
Chlamydia,2021,New Jersey,34,13-24,All races/ethnicities,Female,"14,642",2169.1,"675,017"
Chlamydia,2021,New Jersey,34,55+,All races/ethnicities,Male,189,14.3,"1,317,126"
Chlamydia,2021,New Jersey,34,45-54,All races/ethnicities,Male,411,68.2,"603,074"
Chlamydia,2021,New Jersey,34,35-44,All races/ethnicities,Male,"1,204",197.2,"610,599"
Chlamydia,2021,New Jersey,34,25-34,All races/ethnicities,Male,"3,927",652.8,"601,518"
Chlamydia,2021,New Jersey,34,13-24,All races/ethnicities,Male,"5,719",812.7,"703,679"
Chlamydia,2020 (COVID-19 Pandemic),New Jersey,34,55+,All races/ethnicities,Female,109,7.2,"1,518,049"
Chlamydia,2020 (COVID-19 Pandemic),New Jersey,34,45-54,All races/ethnicities,Female,253,40.4,"626,804"
Chlamydia,2020 (COVID-19 Pandemic),New Jersey,34,35-44,All races/ethnicities,Female,"1,013",168.3,"601,985"
Chlamydia,2020 (COVID-19 Pandemic),New Jersey,34,25-34,All races/ethnicities,Female,"5,102",870.4,"586,155"
Chlamydia,2020 (COVID-19 Pandemic),New Jersey,34,13-24,All races/ethnicities,Female,"14,558",2154.9,"675,568"
Chlamydia,2020 (COVID-19 Pandemic),New Jersey,34,55+,All races/ethnicities,Male,163,12.5,"1,303,282"
Chlamydia,2020 (COVID-19 Pandemic),New Jersey,34,45-54,All races/ethnicities,Male,278,45.2,"614,588"
Chlamydia,2020 (COVID-19 Pandemic),New Jersey,34,35-44,All races/ethnicities,Male,908,150,"605,217"
Chlamydia,2020 (COVID-19 Pandemic),New Jersey,34,25-34,All races/ethnicities,Male,"3,527",585.7,"602,192"
Chlamydia,2020 (COVID-19 Pandemic),New Jersey,34,13-24,All races/ethnicities,Male,"5,569",790.5,"704,498"
Chlamydia,2019,New Jersey,34,55+,All races/ethnicities,Female,150,10.2,"1,470,679"
Chlamydia,2019,New Jersey,34,45-54,All races/ethnicities,Female,352,57.3,"614,322"
Chlamydia,2019,New Jersey,34,35-44,All races/ethnicities,Female,"1,189",207.6,"572,621"
Chlamydia,2019,New Jersey,34,25-34,All races/ethnicities,Female,"5,692",1005.8,"565,927"
Chlamydia,2019,New Jersey,34,13-24,All races/ethnicities,Female,"17,206",2667.4,"645,054"
Chlamydia,2019,New Jersey,34,55+,All races/ethnicities,Male,203,16.5,"1,228,505"
Chlamydia,2019,New Jersey,34,45-54,All races/ethnicities,Male,424,72.3,"586,501"
Chlamydia,2019,New Jersey,34,35-44,All races/ethnicities,Male,"1,159",205.1,"565,072"
Chlamydia,2019,New Jersey,34,25-34,All races/ethnicities,Male,"4,232",721.8,"586,351"
Chlamydia,2019,New Jersey,34,13-24,All races/ethnicities,Male,"6,836",1017.2,"672,072"
Chlamydia,2018,New Jersey,34,55+,All races/ethnicities,Female,155,10.7,"1,449,722"
Chlamydia,2018,New Jersey,34,45-54,All races/ethnicities,Female,347,54.9,"631,905"
Chlamydia,2018,New Jersey,34,35-44,All races/ethnicities,Female,"1,273",222.6,"571,832"
Chlamydia,2018,New Jersey,34,25-34,All races/ethnicities,Female,"6,222",1104.4,"563,407"
Chlamydia,2018,New Jersey,34,13-24,All races/ethnicities,Female,"16,670",2560.8,"650,981"
Chlamydia,2018,New Jersey,34,55+,All races/ethnicities,Male,198,16.4,"1,208,316"
Chlamydia,2018,New Jersey,34,45-54,All races/ethnicities,Male,431,71.7,"600,920"
Chlamydia,2018,New Jersey,34,35-44,All races/ethnicities,Male,"1,086",193,"562,713"
Chlamydia,2018,New Jersey,34,25-34,All races/ethnicities,Male,"4,054",694.4,"583,839"
Chlamydia,2018,New Jersey,34,13-24,All races/ethnicities,Male,"6,036",889.5,"678,598"
HIV diagnoses,2021,New Jersey,34,55+,All races/ethnicities,Female,61,4,"1,531,197"
HIV diagnoses,2021,New Jersey,34,45-54,All races/ethnicities,Female,48,7.8,"614,102"
HIV diagnoses,2021,New Jersey,34,35-44,All races/ethnicities,Female,61,10.1,"605,865"
HIV diagnoses,2021,New Jersey,34,25-34,All races/ethnicities,Female,61,10.4,"587,279"
HIV diagnoses,2021,New Jersey,34,13-24,All races/ethnicities,Female,24,3.6,"675,017"
HIV diagnoses,2021,New Jersey,34,55+,All races/ethnicities,Male,105,8,"1,317,126"
HIV diagnoses,2021,New Jersey,34,45-54,All races/ethnicities,Male,123,20.4,"603,074"
HIV diagnoses,2021,New Jersey,34,35-44,All races/ethnicities,Male,188,30.8,"610,599"
HIV diagnoses,2021,New Jersey,34,25-34,All races/ethnicities,Male,318,52.9,"601,518"
HIV diagnoses,2021,New Jersey,34,13-24,All races/ethnicities,Male,154,21.9,"703,679"
HIV diagnoses,2020 (COVID-19 Pandemic),New Jersey,34,55+,All races/ethnicities,Female,35,2.3,"1,518,049"
HIV diagnoses,2020 (COVID-19 Pandemic),New Jersey,34,45-54,All races/ethnicities,Female,35,5.6,"626,804"
HIV diagnoses,2020 (COVID-19 Pandemic),New Jersey,34,35-44,All races/ethnicities,Female,32,5.3,"601,985"
HIV diagnoses,2020 (COVID-19 Pandemic),New Jersey,34,25-34,All races/ethnicities,Female,46,7.8,"586,155"
HIV diagnoses,2020 (COVID-19 Pandemic),New Jersey,34,13-24,All races/ethnicities,Female,11,1.6,"675,568"
HIV diagnoses,2020 (COVID-19 Pandemic),New Jersey,34,55+,All races/ethnicities,Male,63,4.8,"1,303,282"
HIV diagnoses,2020 (COVID-19 Pandemic),New Jersey,34,45-54,All races/ethnicities,Male,93,15.1,"614,588"
HIV diagnoses,2020 (COVID-19 Pandemic),New Jersey,34,35-44,All races/ethnicities,Male,120,19.8,"605,217"
HIV diagnoses,2020 (COVID-19 Pandemic),New Jersey,34,25-34,All races/ethnicities,Male,237,39.4,"602,192"
HIV diagnoses,2020 (COVID-19 Pandemic),New Jersey,34,13-24,All races/ethnicities,Male,127,18,"704,498"
HIV diagnoses,2019,New Jersey,34,55+,All races/ethnicities,Female,46,3.1,"1,470,528"
HIV diagnoses,2019,New Jersey,34,45-54,All races/ethnicities,Female,45,7.3,"614,549"
HIV diagnoses,2019,New Jersey,34,35-44,All races/ethnicities,Female,64,11.2,"572,642"
HIV diagnoses,2019,New Jersey,34,25-34,All races/ethnicities,Female,65,11.5,"567,457"
HIV diagnoses,2019,New Jersey,34,13-24,All races/ethnicities,Female,17,2.6,"645,131"
HIV diagnoses,2019,New Jersey,34,55+,All races/ethnicities,Male,90,7.3,"1,229,213"
HIV diagnoses,2019,New Jersey,34,45-54,All races/ethnicities,Male,105,17.9,"586,531"
HIV diagnoses,2019,New Jersey,34,35-44,All races/ethnicities,Male,172,30.4,"565,022"
HIV diagnoses,2019,New Jersey,34,25-34,All races/ethnicities,Male,312,53.1,"587,144"
HIV diagnoses,2019,New Jersey,34,13-24,All races/ethnicities,Male,168,25,"672,889"
HIV diagnoses,2018,New Jersey,34,55+,All races/ethnicities,Female,47,3.2,"1,449,646"
HIV diagnoses,2018,New Jersey,34,45-54,All races/ethnicities,Female,48,7.6,"632,026"
HIV diagnoses,2018,New Jersey,34,35-44,All races/ethnicities,Female,48,8.4,"571,863"
HIV diagnoses,2018,New Jersey,34,25-34,All races/ethnicities,Female,57,10.1,"564,376"
HIV diagnoses,2018,New Jersey,34,13-24,All races/ethnicities,Female,25,3.8,"650,786"
HIV diagnoses,2018,New Jersey,34,55+,All races/ethnicities,Male,88,7.3,"1,209,037"
HIV diagnoses,2018,New Jersey,34,45-54,All races/ethnicities,Male,120,20,"600,993"
HIV diagnoses,2018,New Jersey,34,35-44,All races/ethnicities,Male,154,27.4,"562,712"
HIV diagnoses,2018,New Jersey,34,25-34,All races/ethnicities,Male,266,45.5,"584,450"
HIV diagnoses,2018,New Jersey,34,13-24,All races/ethnicities,Male,162,23.9,"678,843"
Gonorrhea,2021,New Mexico,35,55+,All races/ethnicities,Female,26,7.4,"350,407"
Gonorrhea,2021,New Mexico,35,45-54,All races/ethnicities,Female,108,91.2,"118,374"
Gonorrhea,2021,New Mexico,35,35-44,All races/ethnicities,Female,435,331.2,"131,329"
Gonorrhea,2021,New Mexico,35,25-34,All races/ethnicities,Female,845,621.4,"135,985"
Gonorrhea,2021,New Mexico,35,13-24,All races/ethnicities,Female,763,458.9,"166,276"
Gonorrhea,2021,New Mexico,35,55+,All races/ethnicities,Male,127,40.9,"310,533"
Gonorrhea,2021,New Mexico,35,45-54,All races/ethnicities,Male,228,194.8,"117,049"
Gonorrhea,2021,New Mexico,35,35-44,All races/ethnicities,Male,652,475.8,"137,025"
Gonorrhea,2021,New Mexico,35,25-34,All races/ethnicities,Male,"1,122",773.8,"145,001"
Gonorrhea,2021,New Mexico,35,13-24,All races/ethnicities,Male,762,433.5,"175,794"
Gonorrhea,2020 (COVID-19 Pandemic),New Mexico,35,55+,All races/ethnicities,Female,27,7.8,"347,077"
Gonorrhea,2020 (COVID-19 Pandemic),New Mexico,35,45-54,All races/ethnicities,Female,98,82.2,"119,289"
Gonorrhea,2020 (COVID-19 Pandemic),New Mexico,35,35-44,All races/ethnicities,Female,358,276.2,"129,616"
Gonorrhea,2020 (COVID-19 Pandemic),New Mexico,35,25-34,All races/ethnicities,Female,840,614.7,"136,641"
Gonorrhea,2020 (COVID-19 Pandemic),New Mexico,35,13-24,All races/ethnicities,Female,725,437.6,"165,687"
Gonorrhea,2020 (COVID-19 Pandemic),New Mexico,35,55+,All races/ethnicities,Male,120,39,"307,942"
Gonorrhea,2020 (COVID-19 Pandemic),New Mexico,35,45-54,All races/ethnicities,Male,198,168,"117,867"
Gonorrhea,2020 (COVID-19 Pandemic),New Mexico,35,35-44,All races/ethnicities,Male,560,415.7,"134,723"
Gonorrhea,2020 (COVID-19 Pandemic),New Mexico,35,25-34,All races/ethnicities,Male,997,683.2,"145,928"
Gonorrhea,2020 (COVID-19 Pandemic),New Mexico,35,13-24,All races/ethnicities,Male,678,386.4,"175,462"
Gonorrhea,2019,New Mexico,35,55+,All races/ethnicities,Female,27,7.8,"348,079"
Gonorrhea,2019,New Mexico,35,45-54,All races/ethnicities,Female,81,67.6,"119,903"
Gonorrhea,2019,New Mexico,35,35-44,All races/ethnicities,Female,392,310.2,"126,368"
Gonorrhea,2019,New Mexico,35,25-34,All races/ethnicities,Female,851,620.8,"137,071"
Gonorrhea,2019,New Mexico,35,13-24,All races/ethnicities,Female,821,504.9,"162,611"
Gonorrhea,2019,New Mexico,35,55+,All races/ethnicities,Male,134,44.3,"302,448"
Gonorrhea,2019,New Mexico,35,45-54,All races/ethnicities,Male,214,184.9,"115,753"
Gonorrhea,2019,New Mexico,35,35-44,All races/ethnicities,Male,539,419.5,"128,478"
Gonorrhea,2019,New Mexico,35,25-34,All races/ethnicities,Male,"1,071",728.5,"147,016"
Gonorrhea,2019,New Mexico,35,13-24,All races/ethnicities,Male,744,433.7,"171,534"
Gonorrhea,2018,New Mexico,35,55+,All races/ethnicities,Female,25,7.3,"341,747"
Gonorrhea,2018,New Mexico,35,45-54,All races/ethnicities,Female,85,69.3,"122,603"
Gonorrhea,2018,New Mexico,35,35-44,All races/ethnicities,Female,379,304.4,"124,511"
Gonorrhea,2018,New Mexico,35,25-34,All races/ethnicities,Female,915,667.5,"137,072"
Gonorrhea,2018,New Mexico,35,13-24,All races/ethnicities,Female,934,572.6,"163,114"
Gonorrhea,2018,New Mexico,35,55+,All races/ethnicities,Male,129,43.4,"297,270"
Gonorrhea,2018,New Mexico,35,45-54,All races/ethnicities,Male,199,168.7,"117,950"
Gonorrhea,2018,New Mexico,35,35-44,All races/ethnicities,Male,536,424.6,"126,236"
Gonorrhea,2018,New Mexico,35,25-34,All races/ethnicities,Male,"1,164",794.9,"146,425"
Gonorrhea,2018,New Mexico,35,13-24,All races/ethnicities,Male,897,519.5,"172,667"
Chlamydia,2021,New Mexico,35,55+,All races/ethnicities,Female,40,11.4,"350,407"
Chlamydia,2021,New Mexico,35,45-54,All races/ethnicities,Female,159,134.3,"118,374"
Chlamydia,2021,New Mexico,35,35-44,All races/ethnicities,Female,653,497.2,"131,329"
Chlamydia,2021,New Mexico,35,25-34,All races/ethnicities,Female,"2,418",1778.1,"135,985"
Chlamydia,2021,New Mexico,35,13-24,All races/ethnicities,Female,"5,220",3139.4,"166,276"
Chlamydia,2021,New Mexico,35,55+,All races/ethnicities,Male,95,30.6,"310,533"
Chlamydia,2021,New Mexico,35,45-54,All races/ethnicities,Male,185,158.1,"117,049"
Chlamydia,2021,New Mexico,35,35-44,All races/ethnicities,Male,535,390.4,"137,025"
Chlamydia,2021,New Mexico,35,25-34,All races/ethnicities,Male,"1,376",949,"145,001"
Chlamydia,2021,New Mexico,35,13-24,All races/ethnicities,Male,"1,748",994.3,"175,794"
Chlamydia,2020 (COVID-19 Pandemic),New Mexico,35,55+,All races/ethnicities,Female,31,8.9,"347,077"
Chlamydia,2020 (COVID-19 Pandemic),New Mexico,35,45-54,All races/ethnicities,Female,128,107.3,"119,289"
Chlamydia,2020 (COVID-19 Pandemic),New Mexico,35,35-44,All races/ethnicities,Female,627,483.7,"129,616"
Chlamydia,2020 (COVID-19 Pandemic),New Mexico,35,25-34,All races/ethnicities,Female,"2,186",1599.8,"136,641"
Chlamydia,2020 (COVID-19 Pandemic),New Mexico,35,13-24,All races/ethnicities,Female,"5,401",3259.8,"165,687"
Chlamydia,2020 (COVID-19 Pandemic),New Mexico,35,55+,All races/ethnicities,Male,70,22.7,"307,942"
Chlamydia,2020 (COVID-19 Pandemic),New Mexico,35,45-54,All races/ethnicities,Male,130,110.3,"117,867"
Chlamydia,2020 (COVID-19 Pandemic),New Mexico,35,35-44,All races/ethnicities,Male,459,340.7,"134,723"
Chlamydia,2020 (COVID-19 Pandemic),New Mexico,35,25-34,All races/ethnicities,Male,"1,225",839.5,"145,928"
Chlamydia,2020 (COVID-19 Pandemic),New Mexico,35,13-24,All races/ethnicities,Male,"1,816",1035,"175,462"
Chlamydia,2019,New Mexico,35,55+,All races/ethnicities,Female,45,12.9,"348,079"
Chlamydia,2019,New Mexico,35,45-54,All races/ethnicities,Female,146,121.8,"119,903"
Chlamydia,2019,New Mexico,35,35-44,All races/ethnicities,Female,720,569.8,"126,368"
Chlamydia,2019,New Mexico,35,25-34,All races/ethnicities,Female,"2,635",1922.4,"137,071"
Chlamydia,2019,New Mexico,35,13-24,All races/ethnicities,Female,"6,341",3899.5,"162,611"
Chlamydia,2019,New Mexico,35,55+,All races/ethnicities,Male,94,31.1,"302,448"
Chlamydia,2019,New Mexico,35,45-54,All races/ethnicities,Male,162,140,"115,753"
Chlamydia,2019,New Mexico,35,35-44,All races/ethnicities,Male,499,388.4,"128,478"
Chlamydia,2019,New Mexico,35,25-34,All races/ethnicities,Male,"1,485",1010.1,"147,016"
Chlamydia,2019,New Mexico,35,13-24,All races/ethnicities,Male,"2,137",1245.8,"171,534"
Chlamydia,2018,New Mexico,35,55+,All races/ethnicities,Female,48,14,"341,747"
Chlamydia,2018,New Mexico,35,45-54,All races/ethnicities,Female,136,110.9,"122,603"
Chlamydia,2018,New Mexico,35,35-44,All races/ethnicities,Female,723,580.7,"124,511"
Chlamydia,2018,New Mexico,35,25-34,All races/ethnicities,Female,"2,606",1901.2,"137,072"
Chlamydia,2018,New Mexico,35,13-24,All races/ethnicities,Female,"6,168",3781.4,"163,114"
Chlamydia,2018,New Mexico,35,55+,All races/ethnicities,Male,81,27.2,"297,270"
Chlamydia,2018,New Mexico,35,45-54,All races/ethnicities,Male,151,128,"117,950"
Chlamydia,2018,New Mexico,35,35-44,All races/ethnicities,Male,473,374.7,"126,236"
Chlamydia,2018,New Mexico,35,25-34,All races/ethnicities,Male,"1,450",990.3,"146,425"
Chlamydia,2018,New Mexico,35,13-24,All races/ethnicities,Male,"2,158",1249.8,"172,667"
HIV diagnoses,2021,New Mexico,35,55+,All races/ethnicities,Female,6,1.7,"350,407"
HIV diagnoses,2021,New Mexico,35,45-54,All races/ethnicities,Female,5,4.2,"118,374"
HIV diagnoses,2021,New Mexico,35,35-44,All races/ethnicities,Female,1,0.8,"131,329"
HIV diagnoses,2021,New Mexico,35,25-34,All races/ethnicities,Female,6,4.4,"135,985"
HIV diagnoses,2021,New Mexico,35,13-24,All races/ethnicities,Female,2,1.2,"166,276"
HIV diagnoses,2021,New Mexico,35,55+,All races/ethnicities,Male,12,3.9,"310,533"
HIV diagnoses,2021,New Mexico,35,45-54,All races/ethnicities,Male,16,13.7,"117,049"
HIV diagnoses,2021,New Mexico,35,35-44,All races/ethnicities,Male,30,21.9,"137,025"
HIV diagnoses,2021,New Mexico,35,25-34,All races/ethnicities,Male,42,29,"145,001"
HIV diagnoses,2021,New Mexico,35,13-24,All races/ethnicities,Male,29,16.5,"175,794"
HIV diagnoses,2020 (COVID-19 Pandemic),New Mexico,35,55+,All races/ethnicities,Female,0,0,"347,077"
HIV diagnoses,2020 (COVID-19 Pandemic),New Mexico,35,45-54,All races/ethnicities,Female,6,5,"119,289"
HIV diagnoses,2020 (COVID-19 Pandemic),New Mexico,35,35-44,All races/ethnicities,Female,4,3.1,"129,616"
HIV diagnoses,2020 (COVID-19 Pandemic),New Mexico,35,25-34,All races/ethnicities,Female,2,1.5,"136,641"
HIV diagnoses,2020 (COVID-19 Pandemic),New Mexico,35,13-24,All races/ethnicities,Female,1,0.6,"165,687"
HIV diagnoses,2020 (COVID-19 Pandemic),New Mexico,35,55+,All races/ethnicities,Male,10,3.2,"307,942"
HIV diagnoses,2020 (COVID-19 Pandemic),New Mexico,35,45-54,All races/ethnicities,Male,9,7.6,"117,867"
HIV diagnoses,2020 (COVID-19 Pandemic),New Mexico,35,35-44,All races/ethnicities,Male,24,17.8,"134,723"
HIV diagnoses,2020 (COVID-19 Pandemic),New Mexico,35,25-34,All races/ethnicities,Male,49,33.6,"145,928"
HIV diagnoses,2020 (COVID-19 Pandemic),New Mexico,35,13-24,All races/ethnicities,Male,24,13.7,"175,462"
HIV diagnoses,2019,New Mexico,35,55+,All races/ethnicities,Female,2,0.6,"348,079"
HIV diagnoses,2019,New Mexico,35,45-54,All races/ethnicities,Female,6,5,"119,925"
HIV diagnoses,2019,New Mexico,35,35-44,All races/ethnicities,Female,9,7.1,"126,370"
HIV diagnoses,2019,New Mexico,35,25-34,All races/ethnicities,Female,8,5.8,"137,361"
HIV diagnoses,2019,New Mexico,35,13-24,All races/ethnicities,Female,0,0,"162,937"
HIV diagnoses,2019,New Mexico,35,55+,All races/ethnicities,Male,15,5,"302,198"
HIV diagnoses,2019,New Mexico,35,45-54,All races/ethnicities,Male,20,17.3,"115,540"
HIV diagnoses,2019,New Mexico,35,35-44,All races/ethnicities,Male,26,20.2,"128,829"
HIV diagnoses,2019,New Mexico,35,25-34,All races/ethnicities,Male,60,40.7,"147,515"
HIV diagnoses,2019,New Mexico,35,13-24,All races/ethnicities,Male,30,17.4,"172,596"
HIV diagnoses,2018,New Mexico,35,55+,All races/ethnicities,Female,4,1.2,"341,748"
HIV diagnoses,2018,New Mexico,35,45-54,All races/ethnicities,Female,3,2.4,"122,585"
HIV diagnoses,2018,New Mexico,35,35-44,All races/ethnicities,Female,8,6.4,"124,401"
HIV diagnoses,2018,New Mexico,35,25-34,All races/ethnicities,Female,6,4.4,"137,208"
HIV diagnoses,2018,New Mexico,35,13-24,All races/ethnicities,Female,0,0,"163,191"
HIV diagnoses,2018,New Mexico,35,55+,All races/ethnicities,Male,11,3.7,"297,194"
HIV diagnoses,2018,New Mexico,35,45-54,All races/ethnicities,Male,23,19.5,"117,802"
HIV diagnoses,2018,New Mexico,35,35-44,All races/ethnicities,Male,23,18.2,"126,375"
HIV diagnoses,2018,New Mexico,35,25-34,All races/ethnicities,Male,54,36.8,"146,715"
HIV diagnoses,2018,New Mexico,35,13-24,All races/ethnicities,Male,23,13.3,"173,147"
Gonorrhea,2021,New York,36,55+,All races/ethnicities,Female,194,5.8,"3,332,206"
Gonorrhea,2021,New York,36,45-54,All races/ethnicities,Female,372,29.8,"1,250,027"
Gonorrhea,2021,New York,36,35-44,All races/ethnicities,Female,"1,308",102.4,"1,277,742"
Gonorrhea,2021,New York,36,25-34,All races/ethnicities,Female,"4,484",319.1,"1,405,141"
Gonorrhea,2021,New York,36,13-24,All races/ethnicities,Female,"7,585",524.6,"1,445,907"
Gonorrhea,2021,New York,36,55+,All races/ethnicities,Male,"1,116",39.4,"2,833,513"
Gonorrhea,2021,New York,36,45-54,All races/ethnicities,Male,"2,024",167.2,"1,210,331"
Gonorrhea,2021,New York,36,35-44,All races/ethnicities,Male,"5,677",446.9,"1,270,335"
Gonorrhea,2021,New York,36,25-34,All races/ethnicities,Male,"13,069",933.3,"1,400,247"
Gonorrhea,2021,New York,36,13-24,All races/ethnicities,Male,"7,179",484.3,"1,482,426"
Gonorrhea,2020 (COVID-19 Pandemic),New York,36,55+,All races/ethnicities,Female,148,4.5,"3,317,895"
Gonorrhea,2020 (COVID-19 Pandemic),New York,36,45-54,All races/ethnicities,Female,389,30.2,"1,288,518"
Gonorrhea,2020 (COVID-19 Pandemic),New York,36,35-44,All races/ethnicities,Female,"1,241",96.3,"1,289,116"
Gonorrhea,2020 (COVID-19 Pandemic),New York,36,25-34,All races/ethnicities,Female,"4,513",308.9,"1,460,933"
Gonorrhea,2020 (COVID-19 Pandemic),New York,36,13-24,All races/ethnicities,Female,"8,296",561.3,"1,477,979"
Gonorrhea,2020 (COVID-19 Pandemic),New York,36,55+,All races/ethnicities,Male,"1,082",38.4,"2,816,280"
Gonorrhea,2020 (COVID-19 Pandemic),New York,36,45-54,All races/ethnicities,Male,"2,096",167.9,"1,248,553"
Gonorrhea,2020 (COVID-19 Pandemic),New York,36,35-44,All races/ethnicities,Male,"4,982",389.6,"1,278,896"
Gonorrhea,2020 (COVID-19 Pandemic),New York,36,25-34,All races/ethnicities,Male,"11,997",824.6,"1,454,946"
Gonorrhea,2020 (COVID-19 Pandemic),New York,36,13-24,All races/ethnicities,Male,"7,747",513.6,"1,508,280"
Gonorrhea,2019,New York,36,55+,All races/ethnicities,Female,102,3.2,"3,226,209"
Gonorrhea,2019,New York,36,45-54,All races/ethnicities,Female,259,20.4,"1,270,542"
Gonorrhea,2019,New York,36,35-44,All races/ethnicities,Female,955,77.6,"1,230,789"
Gonorrhea,2019,New York,36,25-34,All races/ethnicities,Female,"3,293",230.2,"1,430,708"
Gonorrhea,2019,New York,36,13-24,All races/ethnicities,Female,"6,712",469.3,"1,430,268"
Gonorrhea,2019,New York,36,55+,All races/ethnicities,Male,"1,097",41.1,"2,667,093"
Gonorrhea,2019,New York,36,45-54,All races/ethnicities,Male,"2,249",187.2,"1,201,262"
Gonorrhea,2019,New York,36,35-44,All races/ethnicities,Male,"5,396",450,"1,199,172"
Gonorrhea,2019,New York,36,25-34,All races/ethnicities,Male,"13,262",922.9,"1,436,943"
Gonorrhea,2019,New York,36,13-24,All races/ethnicities,Male,"7,520",515.4,"1,459,109"
Gonorrhea,2018,New York,36,55+,All races/ethnicities,Female,109,3.4,"3,185,902"
Gonorrhea,2018,New York,36,45-54,All races/ethnicities,Female,262,20,"1,311,554"
Gonorrhea,2018,New York,36,35-44,All races/ethnicities,Female,777,63.1,"1,230,768"
Gonorrhea,2018,New York,36,25-34,All races/ethnicities,Female,"2,972",207.1,"1,434,825"
Gonorrhea,2018,New York,36,13-24,All races/ethnicities,Female,"6,063",417.4,"1,452,682"
Gonorrhea,2018,New York,36,55+,All races/ethnicities,Male,820,31.2,"2,628,145"
Gonorrhea,2018,New York,36,45-54,All races/ethnicities,Male,"2,064",166.5,"1,239,552"
Gonorrhea,2018,New York,36,35-44,All races/ethnicities,Male,"4,769",398.7,"1,196,062"
Gonorrhea,2018,New York,36,25-34,All races/ethnicities,Male,"12,211",849.2,"1,437,975"
Gonorrhea,2018,New York,36,13-24,All races/ethnicities,Male,"7,144",481.2,"1,484,506"
Chlamydia,2021,New York,36,55+,All races/ethnicities,Female,644,19.3,"3,332,206"
Chlamydia,2021,New York,36,45-54,All races/ethnicities,Female,"1,159",92.7,"1,250,027"
Chlamydia,2021,New York,36,35-44,All races/ethnicities,Female,"3,762",294.4,"1,277,742"
Chlamydia,2021,New York,36,25-34,All races/ethnicities,Female,"16,067",1143.4,"1,405,141"
Chlamydia,2021,New York,36,13-24,All races/ethnicities,Female,"37,561",2597.7,"1,445,907"
Chlamydia,2021,New York,36,55+,All races/ethnicities,Male,"1,095",38.6,"2,833,513"
Chlamydia,2021,New York,36,45-54,All races/ethnicities,Male,"2,118",175,"1,210,331"
Chlamydia,2021,New York,36,35-44,All races/ethnicities,Male,"6,243",491.4,"1,270,335"
Chlamydia,2021,New York,36,25-34,All races/ethnicities,Male,"16,660",1189.8,"1,400,247"
Chlamydia,2021,New York,36,13-24,All races/ethnicities,Male,"16,256",1096.6,"1,482,426"
Chlamydia,2020 (COVID-19 Pandemic),New York,36,55+,All races/ethnicities,Female,453,13.7,"3,317,895"
Chlamydia,2020 (COVID-19 Pandemic),New York,36,45-54,All races/ethnicities,Female,"1,021",79.2,"1,288,518"
Chlamydia,2020 (COVID-19 Pandemic),New York,36,35-44,All races/ethnicities,Female,"3,220",249.8,"1,289,116"
Chlamydia,2020 (COVID-19 Pandemic),New York,36,25-34,All races/ethnicities,Female,"15,378",1052.6,"1,460,933"
Chlamydia,2020 (COVID-19 Pandemic),New York,36,13-24,All races/ethnicities,Female,"38,457",2602,"1,477,979"
Chlamydia,2020 (COVID-19 Pandemic),New York,36,55+,All races/ethnicities,Male,867,30.8,"2,816,280"
Chlamydia,2020 (COVID-19 Pandemic),New York,36,45-54,All races/ethnicities,Male,"1,870",149.8,"1,248,553"
Chlamydia,2020 (COVID-19 Pandemic),New York,36,35-44,All races/ethnicities,Male,"5,095",398.4,"1,278,896"
Chlamydia,2020 (COVID-19 Pandemic),New York,36,25-34,All races/ethnicities,Male,"15,101",1037.9,"1,454,946"
Chlamydia,2020 (COVID-19 Pandemic),New York,36,13-24,All races/ethnicities,Male,"16,199",1074,"1,508,280"
Chlamydia,2019,New York,36,55+,All races/ethnicities,Female,639,19.8,"3,226,209"
Chlamydia,2019,New York,36,45-54,All races/ethnicities,Female,"1,347",106,"1,270,542"
Chlamydia,2019,New York,36,35-44,All races/ethnicities,Female,"4,068",330.5,"1,230,789"
Chlamydia,2019,New York,36,25-34,All races/ethnicities,Female,"17,977",1256.5,"1,430,708"
Chlamydia,2019,New York,36,13-24,All races/ethnicities,Female,"47,804",3342.3,"1,430,268"
Chlamydia,2019,New York,36,55+,All races/ethnicities,Male,"1,128",42.3,"2,667,093"
Chlamydia,2019,New York,36,45-54,All races/ethnicities,Male,"2,611",217.4,"1,201,262"
Chlamydia,2019,New York,36,35-44,All races/ethnicities,Male,"6,964",580.7,"1,199,172"
Chlamydia,2019,New York,36,25-34,All races/ethnicities,Male,"20,303",1412.9,"1,436,943"
Chlamydia,2019,New York,36,13-24,All races/ethnicities,Male,"21,458",1470.6,"1,459,109"
Chlamydia,2018,New York,36,55+,All races/ethnicities,Female,611,19.2,"3,185,902"
Chlamydia,2018,New York,36,45-54,All races/ethnicities,Female,"1,331",101.5,"1,311,554"
Chlamydia,2018,New York,36,35-44,All races/ethnicities,Female,"3,884",315.6,"1,230,768"
Chlamydia,2018,New York,36,25-34,All races/ethnicities,Female,"17,622",1228.2,"1,434,825"
Chlamydia,2018,New York,36,13-24,All races/ethnicities,Female,"46,811",3222.4,"1,452,682"
Chlamydia,2018,New York,36,55+,All races/ethnicities,Male,935,35.6,"2,628,145"
Chlamydia,2018,New York,36,45-54,All races/ethnicities,Male,"2,353",189.8,"1,239,552"
Chlamydia,2018,New York,36,35-44,All races/ethnicities,Male,"6,006",502.1,"1,196,062"
Chlamydia,2018,New York,36,25-34,All races/ethnicities,Male,"19,011",1322.1,"1,437,975"
Chlamydia,2018,New York,36,13-24,All races/ethnicities,Male,"20,831",1403.2,"1,484,506"
HIV diagnoses,2021,New York,36,55+,All races/ethnicities,Female,85,2.6,"3,332,206"
HIV diagnoses,2021,New York,36,45-54,All races/ethnicities,Female,88,7,"1,250,027"
HIV diagnoses,2021,New York,36,35-44,All races/ethnicities,Female,91,7.1,"1,277,742"
HIV diagnoses,2021,New York,36,25-34,All races/ethnicities,Female,77,5.5,"1,405,141"
HIV diagnoses,2021,New York,36,13-24,All races/ethnicities,Female,53,3.7,"1,445,907"
HIV diagnoses,2021,New York,36,55+,All races/ethnicities,Male,170,6,"2,833,513"
HIV diagnoses,2021,New York,36,45-54,All races/ethnicities,Male,189,15.6,"1,210,331"
HIV diagnoses,2021,New York,36,35-44,All races/ethnicities,Male,342,26.9,"1,270,335"
HIV diagnoses,2021,New York,36,25-34,All races/ethnicities,Male,661,47.2,"1,400,247"
HIV diagnoses,2021,New York,36,13-24,All races/ethnicities,Male,360,24.3,"1,482,426"
HIV diagnoses,2020 (COVID-19 Pandemic),New York,36,55+,All races/ethnicities,Female,84,2.5,"3,317,895"
HIV diagnoses,2020 (COVID-19 Pandemic),New York,36,45-54,All races/ethnicities,Female,59,4.6,"1,288,518"
HIV diagnoses,2020 (COVID-19 Pandemic),New York,36,35-44,All races/ethnicities,Female,87,6.7,"1,289,116"
HIV diagnoses,2020 (COVID-19 Pandemic),New York,36,25-34,All races/ethnicities,Female,107,7.3,"1,460,933"
HIV diagnoses,2020 (COVID-19 Pandemic),New York,36,13-24,All races/ethnicities,Female,44,3,"1,477,979"
HIV diagnoses,2020 (COVID-19 Pandemic),New York,36,55+,All races/ethnicities,Male,158,5.6,"2,816,280"
HIV diagnoses,2020 (COVID-19 Pandemic),New York,36,45-54,All races/ethnicities,Male,195,15.6,"1,248,553"
HIV diagnoses,2020 (COVID-19 Pandemic),New York,36,35-44,All races/ethnicities,Male,283,22.1,"1,278,896"
HIV diagnoses,2020 (COVID-19 Pandemic),New York,36,25-34,All races/ethnicities,Male,651,44.7,"1,454,946"
HIV diagnoses,2020 (COVID-19 Pandemic),New York,36,13-24,All races/ethnicities,Male,307,20.4,"1,508,280"
HIV diagnoses,2019,New York,36,55+,All races/ethnicities,Female,100,3.1,"3,229,505"
HIV diagnoses,2019,New York,36,45-54,All races/ethnicities,Female,105,8.3,"1,270,757"
HIV diagnoses,2019,New York,36,35-44,All races/ethnicities,Female,106,8.6,"1,231,627"
HIV diagnoses,2019,New York,36,25-34,All races/ethnicities,Female,107,7.5,"1,431,667"
HIV diagnoses,2019,New York,36,13-24,All races/ethnicities,Female,57,4,"1,428,673"
HIV diagnoses,2019,New York,36,55+,All races/ethnicities,Male,173,6.5,"2,669,826"
HIV diagnoses,2019,New York,36,45-54,All races/ethnicities,Male,236,19.6,"1,201,267"
HIV diagnoses,2019,New York,36,35-44,All races/ethnicities,Male,337,28.1,"1,199,302"
HIV diagnoses,2019,New York,36,25-34,All races/ethnicities,Male,740,51.5,"1,438,250"
HIV diagnoses,2019,New York,36,13-24,All races/ethnicities,Male,384,26.4,"1,456,653"
HIV diagnoses,2018,New York,36,55+,All races/ethnicities,Female,110,3.5,"3,187,784"
HIV diagnoses,2018,New York,36,45-54,All races/ethnicities,Female,108,8.2,"1,311,777"
HIV diagnoses,2018,New York,36,35-44,All races/ethnicities,Female,113,9.2,"1,231,657"
HIV diagnoses,2018,New York,36,25-34,All races/ethnicities,Female,102,7.1,"1,436,566"
HIV diagnoses,2018,New York,36,13-24,All races/ethnicities,Female,62,4.3,"1,453,139"
HIV diagnoses,2018,New York,36,55+,All races/ethnicities,Male,205,7.8,"2,630,165"
HIV diagnoses,2018,New York,36,45-54,All races/ethnicities,Male,256,20.6,"1,239,787"
HIV diagnoses,2018,New York,36,35-44,All races/ethnicities,Male,360,30.1,"1,196,506"
HIV diagnoses,2018,New York,36,25-34,All races/ethnicities,Male,761,52.8,"1,440,041"
HIV diagnoses,2018,New York,36,13-24,All races/ethnicities,Male,377,25.4,"1,484,436"
Gonorrhea,2021,North Carolina,37,55+,All races/ethnicities,Female,87,5.1,"1,709,794"
Gonorrhea,2021,North Carolina,37,45-54,All races/ethnicities,Female,296,43.2,"685,796"
Gonorrhea,2021,North Carolina,37,35-44,All races/ethnicities,Female,"1,205",177.4,"679,330"
Gonorrhea,2021,North Carolina,37,25-34,All races/ethnicities,Female,"4,312",606.1,"711,469"
Gonorrhea,2021,North Carolina,37,13-24,All races/ethnicities,Female,"7,384",900.4,"820,099"
Gonorrhea,2021,North Carolina,37,55+,All races/ethnicities,Male,551,37.8,"1,457,591"
Gonorrhea,2021,North Carolina,37,45-54,All races/ethnicities,Male,892,134.8,"661,758"
Gonorrhea,2021,North Carolina,37,35-44,All races/ethnicities,Male,"2,134",326.9,"652,880"
Gonorrhea,2021,North Carolina,37,25-34,All races/ethnicities,Male,"5,819",829.4,"701,620"
Gonorrhea,2021,North Carolina,37,13-24,All races/ethnicities,Male,"5,914",687.1,"860,704"
Gonorrhea,2020 (COVID-19 Pandemic),North Carolina,37,55+,All races/ethnicities,Female,88,5.2,"1,678,537"
Gonorrhea,2020 (COVID-19 Pandemic),North Carolina,37,45-54,All races/ethnicities,Female,269,39.1,"687,331"
Gonorrhea,2020 (COVID-19 Pandemic),North Carolina,37,35-44,All races/ethnicities,Female,"1,234",184.2,"670,034"
Gonorrhea,2020 (COVID-19 Pandemic),North Carolina,37,25-34,All races/ethnicities,Female,"4,229",601.5,"703,091"
Gonorrhea,2020 (COVID-19 Pandemic),North Carolina,37,13-24,All races/ethnicities,Female,"7,509",927.7,"809,383"
Gonorrhea,2020 (COVID-19 Pandemic),North Carolina,37,55+,All races/ethnicities,Male,545,38.1,"1,430,160"
Gonorrhea,2020 (COVID-19 Pandemic),North Carolina,37,45-54,All races/ethnicities,Male,886,133,"665,974"
Gonorrhea,2020 (COVID-19 Pandemic),North Carolina,37,35-44,All races/ethnicities,Male,"2,058",319.2,"644,718"
Gonorrhea,2020 (COVID-19 Pandemic),North Carolina,37,25-34,All races/ethnicities,Male,"5,786",834.1,"693,705"
Gonorrhea,2020 (COVID-19 Pandemic),North Carolina,37,13-24,All races/ethnicities,Male,"5,641",662.9,"850,911"
Gonorrhea,2019,North Carolina,37,55+,All races/ethnicities,Female,84,4.9,"1,699,745"
Gonorrhea,2019,North Carolina,37,45-54,All races/ethnicities,Female,278,39.7,"699,397"
Gonorrhea,2019,North Carolina,37,35-44,All races/ethnicities,Female,"1,030",153.9,"669,132"
Gonorrhea,2019,North Carolina,37,25-34,All races/ethnicities,Female,"3,966",558.3,"710,328"
Gonorrhea,2019,North Carolina,37,13-24,All races/ethnicities,Female,"7,061",874.9,"807,060"
Gonorrhea,2019,North Carolina,37,55+,All races/ethnicities,Male,481,34,"1,413,474"
Gonorrhea,2019,North Carolina,37,45-54,All races/ethnicities,Male,884,133,"664,670"
Gonorrhea,2019,North Carolina,37,35-44,All races/ethnicities,Male,"1,951",307.6,"634,295"
Gonorrhea,2019,North Carolina,37,25-34,All races/ethnicities,Male,"5,280",748.1,"705,741"
Gonorrhea,2019,North Carolina,37,13-24,All races/ethnicities,Male,"5,349",631.8,"846,692"
Gonorrhea,2018,North Carolina,37,55+,All races/ethnicities,Female,80,4.8,"1,655,105"
Gonorrhea,2018,North Carolina,37,45-54,All races/ethnicities,Female,251,35.6,"705,506"
Gonorrhea,2018,North Carolina,37,35-44,All races/ethnicities,Female,905,136.3,"664,178"
Gonorrhea,2018,North Carolina,37,25-34,All races/ethnicities,Female,"3,745",535.8,"698,949"
Gonorrhea,2018,North Carolina,37,13-24,All races/ethnicities,Female,"6,491",806.8,"804,499"
Gonorrhea,2018,North Carolina,37,55+,All races/ethnicities,Male,440,32,"1,374,641"
Gonorrhea,2018,North Carolina,37,45-54,All races/ethnicities,Male,752,112,"671,540"
Gonorrhea,2018,North Carolina,37,35-44,All races/ethnicities,Male,"1,721",272.9,"630,589"
Gonorrhea,2018,North Carolina,37,25-34,All races/ethnicities,Male,"4,440",641.6,"692,017"
Gonorrhea,2018,North Carolina,37,13-24,All races/ethnicities,Male,"4,892",579.1,"844,757"
Chlamydia,2021,North Carolina,37,55+,All races/ethnicities,Female,148,8.7,"1,709,794"
Chlamydia,2021,North Carolina,37,45-54,All races/ethnicities,Female,476,69.4,"685,796"
Chlamydia,2021,North Carolina,37,35-44,All races/ethnicities,Female,"2,045",301,"679,330"
Chlamydia,2021,North Carolina,37,25-34,All races/ethnicities,Female,"10,745",1510.3,"711,469"
Chlamydia,2021,North Carolina,37,13-24,All races/ethnicities,Female,"28,976",3533.2,"820,099"
Chlamydia,2021,North Carolina,37,55+,All races/ethnicities,Male,286,19.6,"1,457,591"
Chlamydia,2021,North Carolina,37,45-54,All races/ethnicities,Male,608,91.9,"661,758"
Chlamydia,2021,North Carolina,37,35-44,All races/ethnicities,Male,"1,841",282,"652,880"
Chlamydia,2021,North Carolina,37,25-34,All races/ethnicities,Male,"6,968",993.1,"701,620"
Chlamydia,2021,North Carolina,37,13-24,All races/ethnicities,Male,"11,513",1337.6,"860,704"
Chlamydia,2020 (COVID-19 Pandemic),North Carolina,37,55+,All races/ethnicities,Female,128,7.6,"1,678,537"
Chlamydia,2020 (COVID-19 Pandemic),North Carolina,37,45-54,All races/ethnicities,Female,432,62.9,"687,331"
Chlamydia,2020 (COVID-19 Pandemic),North Carolina,37,35-44,All races/ethnicities,Female,"2,002",298.8,"670,034"
Chlamydia,2020 (COVID-19 Pandemic),North Carolina,37,25-34,All races/ethnicities,Female,"10,815",1538.2,"703,091"
Chlamydia,2020 (COVID-19 Pandemic),North Carolina,37,13-24,All races/ethnicities,Female,"30,322",3746.3,"809,383"
Chlamydia,2020 (COVID-19 Pandemic),North Carolina,37,55+,All races/ethnicities,Male,271,18.9,"1,430,160"
Chlamydia,2020 (COVID-19 Pandemic),North Carolina,37,45-54,All races/ethnicities,Male,612,91.9,"665,974"
Chlamydia,2020 (COVID-19 Pandemic),North Carolina,37,35-44,All races/ethnicities,Male,"1,763",273.5,"644,718"
Chlamydia,2020 (COVID-19 Pandemic),North Carolina,37,25-34,All races/ethnicities,Male,"6,603",951.8,"693,705"
Chlamydia,2020 (COVID-19 Pandemic),North Carolina,37,13-24,All races/ethnicities,Male,"11,635",1367.4,"850,911"
Chlamydia,2019,North Carolina,37,55+,All races/ethnicities,Female,124,7.3,"1,699,745"
Chlamydia,2019,North Carolina,37,45-54,All races/ethnicities,Female,488,69.8,"699,397"
Chlamydia,2019,North Carolina,37,35-44,All races/ethnicities,Female,"2,038",304.6,"669,132"
Chlamydia,2019,North Carolina,37,25-34,All races/ethnicities,Female,"11,167",1572.1,"710,328"
Chlamydia,2019,North Carolina,37,13-24,All races/ethnicities,Female,"33,200",4113.7,"807,060"
Chlamydia,2019,North Carolina,37,55+,All races/ethnicities,Male,291,20.6,"1,413,474"
Chlamydia,2019,North Carolina,37,45-54,All races/ethnicities,Male,649,97.6,"664,670"
Chlamydia,2019,North Carolina,37,35-44,All races/ethnicities,Male,"1,880",296.4,"634,295"
Chlamydia,2019,North Carolina,37,25-34,All races/ethnicities,Male,"7,223",1023.5,"705,741"
Chlamydia,2019,North Carolina,37,13-24,All races/ethnicities,Male,"13,155",1553.7,"846,692"
Chlamydia,2018,North Carolina,37,55+,All races/ethnicities,Female,139,8.4,"1,655,105"
Chlamydia,2018,North Carolina,37,45-54,All races/ethnicities,Female,394,55.8,"705,506"
Chlamydia,2018,North Carolina,37,35-44,All races/ethnicities,Female,"1,912",287.9,"664,178"
Chlamydia,2018,North Carolina,37,25-34,All races/ethnicities,Female,"10,617",1519,"698,949"
Chlamydia,2018,North Carolina,37,13-24,All races/ethnicities,Female,"32,368",4023.4,"804,499"
Chlamydia,2018,North Carolina,37,55+,All races/ethnicities,Male,221,16.1,"1,374,641"
Chlamydia,2018,North Carolina,37,45-54,All races/ethnicities,Male,613,91.3,"671,540"
Chlamydia,2018,North Carolina,37,35-44,All races/ethnicities,Male,"1,671",265,"630,589"
Chlamydia,2018,North Carolina,37,25-34,All races/ethnicities,Male,"6,525",942.9,"692,017"
Chlamydia,2018,North Carolina,37,13-24,All races/ethnicities,Male,"12,070",1428.8,"844,757"
HIV diagnoses,2021,North Carolina,37,55+,All races/ethnicities,Female,41,2.4,"1,709,794"
HIV diagnoses,2021,North Carolina,37,45-54,All races/ethnicities,Female,48,7,"685,796"
HIV diagnoses,2021,North Carolina,37,35-44,All races/ethnicities,Female,56,8.2,"679,330"
HIV diagnoses,2021,North Carolina,37,25-34,All races/ethnicities,Female,76,10.7,"711,469"
HIV diagnoses,2021,North Carolina,37,13-24,All races/ethnicities,Female,27,3.3,"820,099"
HIV diagnoses,2021,North Carolina,37,55+,All races/ethnicities,Male,86,5.9,"1,457,591"
HIV diagnoses,2021,North Carolina,37,45-54,All races/ethnicities,Male,108,16.3,"661,758"
HIV diagnoses,2021,North Carolina,37,35-44,All races/ethnicities,Male,195,29.9,"652,880"
HIV diagnoses,2021,North Carolina,37,25-34,All races/ethnicities,Male,429,61.1,"701,620"
HIV diagnoses,2021,North Carolina,37,13-24,All races/ethnicities,Male,324,37.6,"860,704"
HIV diagnoses,2020 (COVID-19 Pandemic),North Carolina,37,55+,All races/ethnicities,Female,37,2.2,"1,678,537"
HIV diagnoses,2020 (COVID-19 Pandemic),North Carolina,37,45-54,All races/ethnicities,Female,34,4.9,"687,331"
HIV diagnoses,2020 (COVID-19 Pandemic),North Carolina,37,35-44,All races/ethnicities,Female,43,6.4,"670,034"
HIV diagnoses,2020 (COVID-19 Pandemic),North Carolina,37,25-34,All races/ethnicities,Female,49,7,"703,091"
HIV diagnoses,2020 (COVID-19 Pandemic),North Carolina,37,13-24,All races/ethnicities,Female,24,3,"809,383"
HIV diagnoses,2020 (COVID-19 Pandemic),North Carolina,37,55+,All races/ethnicities,Male,73,5.1,"1,430,160"
HIV diagnoses,2020 (COVID-19 Pandemic),North Carolina,37,45-54,All races/ethnicities,Male,86,12.9,"665,974"
HIV diagnoses,2020 (COVID-19 Pandemic),North Carolina,37,35-44,All races/ethnicities,Male,146,22.6,"644,718"
HIV diagnoses,2020 (COVID-19 Pandemic),North Carolina,37,25-34,All races/ethnicities,Male,332,47.9,"693,705"
HIV diagnoses,2020 (COVID-19 Pandemic),North Carolina,37,13-24,All races/ethnicities,Male,255,30,"850,911"
HIV diagnoses,2019,North Carolina,37,55+,All races/ethnicities,Female,58,3.4,"1,700,430"
HIV diagnoses,2019,North Carolina,37,45-54,All races/ethnicities,Female,41,5.9,"699,642"
HIV diagnoses,2019,North Carolina,37,35-44,All races/ethnicities,Female,51,7.6,"669,921"
HIV diagnoses,2019,North Carolina,37,25-34,All races/ethnicities,Female,56,7.9,"712,217"
HIV diagnoses,2019,North Carolina,37,13-24,All races/ethnicities,Female,32,4,"808,201"
HIV diagnoses,2019,North Carolina,37,55+,All races/ethnicities,Male,83,5.9,"1,413,735"
HIV diagnoses,2019,North Carolina,37,45-54,All races/ethnicities,Male,110,16.6,"664,469"
HIV diagnoses,2019,North Carolina,37,35-44,All races/ethnicities,Male,168,26.5,"634,706"
HIV diagnoses,2019,North Carolina,37,25-34,All races/ethnicities,Male,424,60,"707,175"
HIV diagnoses,2019,North Carolina,37,13-24,All races/ethnicities,Male,344,40.4,"851,000"
HIV diagnoses,2018,North Carolina,37,55+,All races/ethnicities,Female,43,2.6,"1,656,247"
HIV diagnoses,2018,North Carolina,37,45-54,All races/ethnicities,Female,47,6.7,"705,748"
HIV diagnoses,2018,North Carolina,37,35-44,All races/ethnicities,Female,54,8.1,"664,807"
HIV diagnoses,2018,North Carolina,37,25-34,All races/ethnicities,Female,52,7.4,"700,399"
HIV diagnoses,2018,North Carolina,37,13-24,All races/ethnicities,Female,38,4.7,"805,325"
HIV diagnoses,2018,North Carolina,37,55+,All races/ethnicities,Male,86,6.3,"1,375,746"
HIV diagnoses,2018,North Carolina,37,45-54,All races/ethnicities,Male,120,17.9,"671,555"
HIV diagnoses,2018,North Carolina,37,35-44,All races/ethnicities,Male,142,22.5,"631,067"
HIV diagnoses,2018,North Carolina,37,25-34,All races/ethnicities,Male,330,47.6,"693,238"
HIV diagnoses,2018,North Carolina,37,13-24,All races/ethnicities,Male,268,31.7,"845,773"
Gonorrhea,2021,North Dakota,38,55+,All races/ethnicities,Female,2,1.8,"111,204"
Gonorrhea,2021,North Dakota,38,45-54,All races/ethnicities,Female,22,58.8,"37,427"
Gonorrhea,2021,North Dakota,38,35-44,All races/ethnicities,Female,167,361.2,"46,241"
Gonorrhea,2021,North Dakota,38,25-34,All races/ethnicities,Female,363,700.7,"51,807"
Gonorrhea,2021,North Dakota,38,13-24,All races/ethnicities,Female,Data suppressed,Data suppressed,"63,854"
Gonorrhea,2021,North Dakota,38,55+,All races/ethnicities,Male,15,14.2,"105,555"
Gonorrhea,2021,North Dakota,38,45-54,All races/ethnicities,Male,49,119.2,"41,107"
Gonorrhea,2021,North Dakota,38,35-44,All races/ethnicities,Male,179,335.8,"53,298"
Gonorrhea,2021,North Dakota,38,25-34,All races/ethnicities,Male,361,610.2,"59,165"
Gonorrhea,2021,North Dakota,38,13-24,All races/ethnicities,Male,Data suppressed,Data suppressed,"69,924"
Gonorrhea,2020 (COVID-19 Pandemic),North Dakota,38,55+,All races/ethnicities,Female,3,2.7,"110,939"
Gonorrhea,2020 (COVID-19 Pandemic),North Dakota,38,45-54,All races/ethnicities,Female,25,66,"37,872"
Gonorrhea,2020 (COVID-19 Pandemic),North Dakota,38,35-44,All races/ethnicities,Female,135,296.9,"45,468"
Gonorrhea,2020 (COVID-19 Pandemic),North Dakota,38,25-34,All races/ethnicities,Female,340,645.2,"52,697"
Gonorrhea,2020 (COVID-19 Pandemic),North Dakota,38,13-24,All races/ethnicities,Female,358,562.8,"63,605"
Gonorrhea,2020 (COVID-19 Pandemic),North Dakota,38,55+,All races/ethnicities,Male,14,13.3,"105,329"
Gonorrhea,2020 (COVID-19 Pandemic),North Dakota,38,45-54,All races/ethnicities,Male,40,96,"41,682"
Gonorrhea,2020 (COVID-19 Pandemic),North Dakota,38,35-44,All races/ethnicities,Male,148,282.6,"52,371"
Gonorrhea,2020 (COVID-19 Pandemic),North Dakota,38,25-34,All races/ethnicities,Male,364,595.7,"61,102"
Gonorrhea,2020 (COVID-19 Pandemic),North Dakota,38,13-24,All races/ethnicities,Male,232,332.5,"69,767"
Gonorrhea,2019,North Dakota,38,55+,All races/ethnicities,Female,2,1.8,"110,993"
Gonorrhea,2019,North Dakota,38,45-54,All races/ethnicities,Female,20,52.8,"37,895"
Gonorrhea,2019,North Dakota,38,35-44,All races/ethnicities,Female,101,232.6,"43,423"
Gonorrhea,2019,North Dakota,38,25-34,All races/ethnicities,Female,279,531,"52,543"
Gonorrhea,2019,North Dakota,38,13-24,All races/ethnicities,Female,326,530.8,"61,418"
Gonorrhea,2019,North Dakota,38,55+,All races/ethnicities,Male,13,12.7,"102,730"
Gonorrhea,2019,North Dakota,38,45-54,All races/ethnicities,Male,34,84.4,"40,304"
Gonorrhea,2019,North Dakota,38,35-44,All races/ethnicities,Male,132,268.5,"49,153"
Gonorrhea,2019,North Dakota,38,25-34,All races/ethnicities,Male,322,519.1,"62,028"
Gonorrhea,2019,North Dakota,38,13-24,All races/ethnicities,Male,215,321.1,"66,962"
Gonorrhea,2018,North Dakota,38,55+,All races/ethnicities,Female,0,0,"109,748"
Gonorrhea,2018,North Dakota,38,45-54,All races/ethnicities,Female,16,41.3,"38,768"
Gonorrhea,2018,North Dakota,38,35-44,All races/ethnicities,Female,94,222.1,"42,321"
Gonorrhea,2018,North Dakota,38,25-34,All races/ethnicities,Female,250,477.3,"52,379"
Gonorrhea,2018,North Dakota,38,13-24,All races/ethnicities,Female,348,565.6,"61,527"
Gonorrhea,2018,North Dakota,38,55+,All races/ethnicities,Male,13,12.8,"101,444"
Gonorrhea,2018,North Dakota,38,45-54,All races/ethnicities,Male,28,68.1,"41,118"
Gonorrhea,2018,North Dakota,38,35-44,All races/ethnicities,Male,105,219.3,"47,889"
Gonorrhea,2018,North Dakota,38,25-34,All races/ethnicities,Male,297,478.7,"62,041"
Gonorrhea,2018,North Dakota,38,13-24,All races/ethnicities,Male,218,324.4,"67,210"
Chlamydia,2021,North Dakota,38,55+,All races/ethnicities,Female,5,4.5,"111,204"
Chlamydia,2021,North Dakota,38,45-54,All races/ethnicities,Female,30,80.2,"37,427"
Chlamydia,2021,North Dakota,38,35-44,All races/ethnicities,Female,148,320.1,"46,241"
Chlamydia,2021,North Dakota,38,25-34,All races/ethnicities,Female,666,1285.5,"51,807"
Chlamydia,2021,North Dakota,38,13-24,All races/ethnicities,Female,"1,677",2626.3,"63,854"
Chlamydia,2021,North Dakota,38,55+,All races/ethnicities,Male,12,11.4,"105,555"
Chlamydia,2021,North Dakota,38,45-54,All races/ethnicities,Male,44,107,"41,107"
Chlamydia,2021,North Dakota,38,35-44,All races/ethnicities,Male,171,320.8,"53,298"
Chlamydia,2021,North Dakota,38,25-34,All races/ethnicities,Male,478,807.9,"59,165"
Chlamydia,2021,North Dakota,38,13-24,All races/ethnicities,Male,730,1044,"69,924"
Chlamydia,2020 (COVID-19 Pandemic),North Dakota,38,55+,All races/ethnicities,Female,5,4.5,"110,939"
Chlamydia,2020 (COVID-19 Pandemic),North Dakota,38,45-54,All races/ethnicities,Female,22,58.1,"37,872"
Chlamydia,2020 (COVID-19 Pandemic),North Dakota,38,35-44,All races/ethnicities,Female,159,349.7,"45,468"
Chlamydia,2020 (COVID-19 Pandemic),North Dakota,38,25-34,All races/ethnicities,Female,615,1167,"52,697"
Chlamydia,2020 (COVID-19 Pandemic),North Dakota,38,13-24,All races/ethnicities,Female,"1,549",2435.3,"63,605"
Chlamydia,2020 (COVID-19 Pandemic),North Dakota,38,55+,All races/ethnicities,Male,4,3.8,"105,329"
Chlamydia,2020 (COVID-19 Pandemic),North Dakota,38,45-54,All races/ethnicities,Male,21,50.4,"41,682"
Chlamydia,2020 (COVID-19 Pandemic),North Dakota,38,35-44,All races/ethnicities,Male,122,233,"52,371"
Chlamydia,2020 (COVID-19 Pandemic),North Dakota,38,25-34,All races/ethnicities,Male,426,697.2,"61,102"
Chlamydia,2020 (COVID-19 Pandemic),North Dakota,38,13-24,All races/ethnicities,Male,636,911.6,"69,767"
Chlamydia,2019,North Dakota,38,55+,All races/ethnicities,Female,3,2.7,"110,993"
Chlamydia,2019,North Dakota,38,45-54,All races/ethnicities,Female,14,36.9,"37,895"
Chlamydia,2019,North Dakota,38,35-44,All races/ethnicities,Female,133,306.3,"43,423"
Chlamydia,2019,North Dakota,38,25-34,All races/ethnicities,Female,628,1195.2,"52,543"
Chlamydia,2019,North Dakota,38,13-24,All races/ethnicities,Female,"1,669",2717.4,"61,418"
Chlamydia,2019,North Dakota,38,55+,All races/ethnicities,Male,8,7.8,"102,730"
Chlamydia,2019,North Dakota,38,45-54,All races/ethnicities,Male,26,64.5,"40,304"
Chlamydia,2019,North Dakota,38,35-44,All races/ethnicities,Male,135,274.7,"49,153"
Chlamydia,2019,North Dakota,38,25-34,All races/ethnicities,Male,503,810.9,"62,028"
Chlamydia,2019,North Dakota,38,13-24,All races/ethnicities,Male,749,1118.5,"66,962"
Chlamydia,2018,North Dakota,38,55+,All races/ethnicities,Female,1,0.9,"109,748"
Chlamydia,2018,North Dakota,38,45-54,All races/ethnicities,Female,13,33.5,"38,768"
Chlamydia,2018,North Dakota,38,35-44,All races/ethnicities,Female,138,326.1,"42,321"
Chlamydia,2018,North Dakota,38,25-34,All races/ethnicities,Female,568,1084.4,"52,379"
Chlamydia,2018,North Dakota,38,13-24,All races/ethnicities,Female,"1,583",2572.9,"61,527"
Chlamydia,2018,North Dakota,38,55+,All races/ethnicities,Male,12,11.8,"101,444"
Chlamydia,2018,North Dakota,38,45-54,All races/ethnicities,Male,21,51.1,"41,118"
Chlamydia,2018,North Dakota,38,35-44,All races/ethnicities,Male,116,242.2,"47,889"
Chlamydia,2018,North Dakota,38,25-34,All races/ethnicities,Male,440,709.2,"62,041"
Chlamydia,2018,North Dakota,38,13-24,All races/ethnicities,Male,633,941.8,"67,210"
HIV diagnoses,2021,North Dakota,38,55+,All races/ethnicities,Female,0,0,"111,204"
HIV diagnoses,2021,North Dakota,38,45-54,All races/ethnicities,Female,4,10.7,"37,427"
HIV diagnoses,2021,North Dakota,38,35-44,All races/ethnicities,Female,2,4.3,"46,241"
HIV diagnoses,2021,North Dakota,38,25-34,All races/ethnicities,Female,4,7.7,"51,807"
HIV diagnoses,2021,North Dakota,38,13-24,All races/ethnicities,Female,4,6.3,"63,854"
HIV diagnoses,2021,North Dakota,38,55+,All races/ethnicities,Male,2,1.9,"105,555"
HIV diagnoses,2021,North Dakota,38,45-54,All races/ethnicities,Male,4,9.7,"41,107"
HIV diagnoses,2021,North Dakota,38,35-44,All races/ethnicities,Male,6,11.3,"53,298"
HIV diagnoses,2021,North Dakota,38,25-34,All races/ethnicities,Male,8,13.5,"59,165"
HIV diagnoses,2021,North Dakota,38,13-24,All races/ethnicities,Male,3,4.3,"69,920"
HIV diagnoses,2020 (COVID-19 Pandemic),North Dakota,38,55+,All races/ethnicities,Female,0,0,"110,939"
HIV diagnoses,2020 (COVID-19 Pandemic),North Dakota,38,45-54,All races/ethnicities,Female,1,2.6,"37,872"
HIV diagnoses,2020 (COVID-19 Pandemic),North Dakota,38,35-44,All races/ethnicities,Female,5,11,"45,468"
HIV diagnoses,2020 (COVID-19 Pandemic),North Dakota,38,25-34,All races/ethnicities,Female,4,7.6,"52,697"
HIV diagnoses,2020 (COVID-19 Pandemic),North Dakota,38,13-24,All races/ethnicities,Female,1,1.6,"63,605"
HIV diagnoses,2020 (COVID-19 Pandemic),North Dakota,38,55+,All races/ethnicities,Male,2,1.9,"105,329"
HIV diagnoses,2020 (COVID-19 Pandemic),North Dakota,38,45-54,All races/ethnicities,Male,6,14.4,"41,682"
HIV diagnoses,2020 (COVID-19 Pandemic),North Dakota,38,35-44,All races/ethnicities,Male,5,9.5,"52,371"
HIV diagnoses,2020 (COVID-19 Pandemic),North Dakota,38,25-34,All races/ethnicities,Male,9,14.7,"61,102"
HIV diagnoses,2020 (COVID-19 Pandemic),North Dakota,38,13-24,All races/ethnicities,Male,4,5.7,"69,765"
HIV diagnoses,2019,North Dakota,38,55+,All races/ethnicities,Female,1,0.9,"110,995"
HIV diagnoses,2019,North Dakota,38,45-54,All races/ethnicities,Female,2,5.3,"37,821"
HIV diagnoses,2019,North Dakota,38,35-44,All races/ethnicities,Female,2,4.6,"43,546"
HIV diagnoses,2019,North Dakota,38,25-34,All races/ethnicities,Female,5,9.5,"52,733"
HIV diagnoses,2019,North Dakota,38,13-24,All races/ethnicities,Female,1,1.6,"61,793"
HIV diagnoses,2019,North Dakota,38,55+,All races/ethnicities,Male,2,1.9,"102,749"
HIV diagnoses,2019,North Dakota,38,45-54,All races/ethnicities,Male,3,7.4,"40,389"
HIV diagnoses,2019,North Dakota,38,35-44,All races/ethnicities,Male,5,10.2,"49,207"
HIV diagnoses,2019,North Dakota,38,25-34,All races/ethnicities,Male,15,24.2,"62,034"
HIV diagnoses,2019,North Dakota,38,13-24,All races/ethnicities,Male,4,5.9,"67,543"
HIV diagnoses,2018,North Dakota,38,55+,All races/ethnicities,Female,1,0.9,"109,755"
HIV diagnoses,2018,North Dakota,38,45-54,All races/ethnicities,Female,1,2.6,"38,756"
HIV diagnoses,2018,North Dakota,38,35-44,All races/ethnicities,Female,2,4.7,"42,448"
HIV diagnoses,2018,North Dakota,38,25-34,All races/ethnicities,Female,8,15.2,"52,623"
HIV diagnoses,2018,North Dakota,38,13-24,All races/ethnicities,Female,1,1.6,"61,951"
HIV diagnoses,2018,North Dakota,38,55+,All races/ethnicities,Male,1,1,"101,439"
HIV diagnoses,2018,North Dakota,38,45-54,All races/ethnicities,Male,3,7.3,"41,213"
HIV diagnoses,2018,North Dakota,38,35-44,All races/ethnicities,Male,8,16.7,"47,929"
HIV diagnoses,2018,North Dakota,38,25-34,All races/ethnicities,Male,7,11.3,"62,143"
HIV diagnoses,2018,North Dakota,38,13-24,All races/ethnicities,Male,3,4.4,"67,805"
Gonorrhea,2021,Ohio,39,55+,All races/ethnicities,Female,86,4.4,"1,969,026"
Gonorrhea,2021,Ohio,39,45-54,All races/ethnicities,Female,277,38.9,"711,980"
Gonorrhea,2021,Ohio,39,35-44,All races/ethnicities,Female,"1,282",176.3,"727,128"
Gonorrhea,2021,Ohio,39,25-34,All races/ethnicities,Female,"4,213",546.7,"770,626"
Gonorrhea,2021,Ohio,39,13-24,All races/ethnicities,Female,"7,833",875.8,"894,351"
Gonorrhea,2021,Ohio,39,55+,All races/ethnicities,Male,530,30.8,"1,719,652"
Gonorrhea,2021,Ohio,39,45-54,All races/ethnicities,Male,794,111.5,"712,158"
Gonorrhea,2021,Ohio,39,35-44,All races/ethnicities,Male,"2,187",299.8,"729,400"
Gonorrhea,2021,Ohio,39,25-34,All races/ethnicities,Male,"5,272",673.4,"782,892"
Gonorrhea,2021,Ohio,39,13-24,All races/ethnicities,Male,"5,333",573,"930,774"
Gonorrhea,2020 (COVID-19 Pandemic),Ohio,39,55+,All races/ethnicities,Female,100,5.1,"1,960,779"
Gonorrhea,2020 (COVID-19 Pandemic),Ohio,39,45-54,All races/ethnicities,Female,316,43.6,"724,015"
Gonorrhea,2020 (COVID-19 Pandemic),Ohio,39,35-44,All races/ethnicities,Female,"1,295",180.1,"719,214"
Gonorrhea,2020 (COVID-19 Pandemic),Ohio,39,25-34,All races/ethnicities,Female,"4,641",602.2,"770,647"
Gonorrhea,2020 (COVID-19 Pandemic),Ohio,39,13-24,All races/ethnicities,Female,"8,776",982.3,"893,431"
Gonorrhea,2020 (COVID-19 Pandemic),Ohio,39,55+,All races/ethnicities,Male,624,36.5,"1,710,508"
Gonorrhea,2020 (COVID-19 Pandemic),Ohio,39,45-54,All races/ethnicities,Male,993,137,"724,811"
Gonorrhea,2020 (COVID-19 Pandemic),Ohio,39,35-44,All races/ethnicities,Male,"2,402",333.2,"720,840"
Gonorrhea,2020 (COVID-19 Pandemic),Ohio,39,25-34,All races/ethnicities,Male,"5,907",755.2,"782,133"
Gonorrhea,2020 (COVID-19 Pandemic),Ohio,39,13-24,All races/ethnicities,Male,"5,894",633.8,"929,897"
Gonorrhea,2019,Ohio,39,55+,All races/ethnicities,Female,69,3.5,"1,972,399"
Gonorrhea,2019,Ohio,39,45-54,All races/ethnicities,Female,263,35.9,"732,309"
Gonorrhea,2019,Ohio,39,35-44,All races/ethnicities,Female,"1,049",149.1,"703,653"
Gonorrhea,2019,Ohio,39,25-34,All races/ethnicities,Female,"3,929",510.6,"769,505"
Gonorrhea,2019,Ohio,39,13-24,All races/ethnicities,Female,"7,062",799.4,"883,373"
Gonorrhea,2019,Ohio,39,55+,All races/ethnicities,Male,700,41.7,"1,678,604"
Gonorrhea,2019,Ohio,39,45-54,All races/ethnicities,Male,"1,012",141.5,"715,272"
Gonorrhea,2019,Ohio,39,35-44,All races/ethnicities,Male,"2,040",293.9,"694,155"
Gonorrhea,2019,Ohio,39,25-34,All races/ethnicities,Male,"4,986",635.3,"784,873"
Gonorrhea,2019,Ohio,39,13-24,All races/ethnicities,Male,"4,932",536.9,"918,634"
Gonorrhea,2018,Ohio,39,55+,All races/ethnicities,Female,76,3.9,"1,947,611"
Gonorrhea,2018,Ohio,39,45-54,All races/ethnicities,Female,230,30.6,"751,437"
Gonorrhea,2018,Ohio,39,35-44,All races/ethnicities,Female,974,139.3,"699,259"
Gonorrhea,2018,Ohio,39,25-34,All races/ethnicities,Female,"3,734",488.2,"764,774"
Gonorrhea,2018,Ohio,39,13-24,All races/ethnicities,Female,"7,103",799.3,"888,664"
Gonorrhea,2018,Ohio,39,55+,All races/ethnicities,Male,595,36,"1,654,247"
Gonorrhea,2018,Ohio,39,45-54,All races/ethnicities,Male,962,131.2,"733,397"
Gonorrhea,2018,Ohio,39,35-44,All races/ethnicities,Male,"1,906",276.3,"689,950"
Gonorrhea,2018,Ohio,39,25-34,All races/ethnicities,Male,"4,700",605.1,"776,720"
Gonorrhea,2018,Ohio,39,13-24,All races/ethnicities,Male,"4,823",521.7,"924,428"
Chlamydia,2021,Ohio,39,55+,All races/ethnicities,Female,117,5.9,"1,969,026"
Chlamydia,2021,Ohio,39,45-54,All races/ethnicities,Female,353,49.6,"711,980"
Chlamydia,2021,Ohio,39,35-44,All races/ethnicities,Female,"1,785",245.5,"727,128"
Chlamydia,2021,Ohio,39,25-34,All races/ethnicities,Female,"8,920",1157.5,"770,626"
Chlamydia,2021,Ohio,39,13-24,All races/ethnicities,Female,"26,331",2944.1,"894,351"
Chlamydia,2021,Ohio,39,55+,All races/ethnicities,Male,284,16.5,"1,719,652"
Chlamydia,2021,Ohio,39,45-54,All races/ethnicities,Male,554,77.8,"712,158"
Chlamydia,2021,Ohio,39,35-44,All races/ethnicities,Male,"1,803",247.2,"729,400"
Chlamydia,2021,Ohio,39,25-34,All races/ethnicities,Male,"6,166",787.6,"782,892"
Chlamydia,2021,Ohio,39,13-24,All races/ethnicities,Male,"10,145",1090,"930,774"
Chlamydia,2020 (COVID-19 Pandemic),Ohio,39,55+,All races/ethnicities,Female,97,4.9,"1,960,779"
Chlamydia,2020 (COVID-19 Pandemic),Ohio,39,45-54,All races/ethnicities,Female,326,45,"724,015"
Chlamydia,2020 (COVID-19 Pandemic),Ohio,39,35-44,All races/ethnicities,Female,"1,692",235.3,"719,214"
Chlamydia,2020 (COVID-19 Pandemic),Ohio,39,25-34,All races/ethnicities,Female,"9,422",1222.6,"770,647"
Chlamydia,2020 (COVID-19 Pandemic),Ohio,39,13-24,All races/ethnicities,Female,"28,346",3172.7,"893,431"
Chlamydia,2020 (COVID-19 Pandemic),Ohio,39,55+,All races/ethnicities,Male,283,16.5,"1,710,508"
Chlamydia,2020 (COVID-19 Pandemic),Ohio,39,45-54,All races/ethnicities,Male,534,73.7,"724,811"
Chlamydia,2020 (COVID-19 Pandemic),Ohio,39,35-44,All races/ethnicities,Male,"1,711",237.4,"720,840"
Chlamydia,2020 (COVID-19 Pandemic),Ohio,39,25-34,All races/ethnicities,Male,"6,353",812.3,"782,133"
Chlamydia,2020 (COVID-19 Pandemic),Ohio,39,13-24,All races/ethnicities,Male,"10,667",1147.1,"929,897"
Chlamydia,2019,Ohio,39,55+,All races/ethnicities,Female,107,5.4,"1,972,399"
Chlamydia,2019,Ohio,39,45-54,All races/ethnicities,Female,398,54.3,"732,309"
Chlamydia,2019,Ohio,39,35-44,All races/ethnicities,Female,"1,728",245.6,"703,653"
Chlamydia,2019,Ohio,39,25-34,All races/ethnicities,Female,"9,906",1287.3,"769,505"
Chlamydia,2019,Ohio,39,13-24,All races/ethnicities,Female,"31,458",3561.1,"883,373"
Chlamydia,2019,Ohio,39,55+,All races/ethnicities,Male,323,19.2,"1,678,604"
Chlamydia,2019,Ohio,39,45-54,All races/ethnicities,Male,620,86.7,"715,272"
Chlamydia,2019,Ohio,39,35-44,All races/ethnicities,Male,"1,802",259.6,"694,155"
Chlamydia,2019,Ohio,39,25-34,All races/ethnicities,Male,"6,712",855.2,"784,873"
Chlamydia,2019,Ohio,39,13-24,All races/ethnicities,Male,"12,258",1334.4,"918,634"
Chlamydia,2018,Ohio,39,55+,All races/ethnicities,Female,109,5.6,"1,947,611"
Chlamydia,2018,Ohio,39,45-54,All races/ethnicities,Female,379,50.4,"751,437"
Chlamydia,2018,Ohio,39,35-44,All races/ethnicities,Female,"1,628",232.8,"699,259"
Chlamydia,2018,Ohio,39,25-34,All races/ethnicities,Female,"9,478",1239.3,"764,774"
Chlamydia,2018,Ohio,39,13-24,All races/ethnicities,Female,"31,023",3491,"888,664"
Chlamydia,2018,Ohio,39,55+,All races/ethnicities,Male,242,14.6,"1,654,247"
Chlamydia,2018,Ohio,39,45-54,All races/ethnicities,Male,633,86.3,"733,397"
Chlamydia,2018,Ohio,39,35-44,All races/ethnicities,Male,"1,512",219.1,"689,950"
Chlamydia,2018,Ohio,39,25-34,All races/ethnicities,Male,"6,311",812.5,"776,720"
Chlamydia,2018,Ohio,39,13-24,All races/ethnicities,Male,"11,829",1279.6,"924,428"
HIV diagnoses,2021,Ohio,39,55+,All races/ethnicities,Female,27,1.4,"1,969,026"
HIV diagnoses,2021,Ohio,39,45-54,All races/ethnicities,Female,30,4.2,"711,980"
HIV diagnoses,2021,Ohio,39,35-44,All races/ethnicities,Female,59,8.1,"727,128"
HIV diagnoses,2021,Ohio,39,25-34,All races/ethnicities,Female,57,7.4,"770,626"
HIV diagnoses,2021,Ohio,39,13-24,All races/ethnicities,Female,30,3.4,"894,351"
HIV diagnoses,2021,Ohio,39,55+,All races/ethnicities,Male,65,3.8,"1,719,652"
HIV diagnoses,2021,Ohio,39,45-54,All races/ethnicities,Male,66,9.3,"712,158"
HIV diagnoses,2021,Ohio,39,35-44,All races/ethnicities,Male,132,18.1,"729,400"
HIV diagnoses,2021,Ohio,39,25-34,All races/ethnicities,Male,264,33.7,"782,892"
HIV diagnoses,2021,Ohio,39,13-24,All races/ethnicities,Male,179,19.2,"930,774"
HIV diagnoses,2020 (COVID-19 Pandemic),Ohio,39,55+,All races/ethnicities,Female,17,0.9,"1,960,779"
HIV diagnoses,2020 (COVID-19 Pandemic),Ohio,39,45-54,All races/ethnicities,Female,25,3.5,"724,015"
HIV diagnoses,2020 (COVID-19 Pandemic),Ohio,39,35-44,All races/ethnicities,Female,38,5.3,"719,214"
HIV diagnoses,2020 (COVID-19 Pandemic),Ohio,39,25-34,All races/ethnicities,Female,53,6.9,"770,647"
HIV diagnoses,2020 (COVID-19 Pandemic),Ohio,39,13-24,All races/ethnicities,Female,25,2.8,"893,431"
HIV diagnoses,2020 (COVID-19 Pandemic),Ohio,39,55+,All races/ethnicities,Male,70,4.1,"1,710,508"
HIV diagnoses,2020 (COVID-19 Pandemic),Ohio,39,45-54,All races/ethnicities,Male,98,13.5,"724,811"
HIV diagnoses,2020 (COVID-19 Pandemic),Ohio,39,35-44,All races/ethnicities,Male,118,16.4,"720,840"
HIV diagnoses,2020 (COVID-19 Pandemic),Ohio,39,25-34,All races/ethnicities,Male,259,33.1,"782,133"
HIV diagnoses,2020 (COVID-19 Pandemic),Ohio,39,13-24,All races/ethnicities,Male,179,19.2,"929,897"
HIV diagnoses,2019,Ohio,39,55+,All races/ethnicities,Female,22,1.1,"1,971,497"
HIV diagnoses,2019,Ohio,39,45-54,All races/ethnicities,Female,32,4.4,"732,686"
HIV diagnoses,2019,Ohio,39,35-44,All races/ethnicities,Female,42,6,"704,258"
HIV diagnoses,2019,Ohio,39,25-34,All races/ethnicities,Female,62,8,"771,427"
HIV diagnoses,2019,Ohio,39,13-24,All races/ethnicities,Female,39,4.4,"883,872"
HIV diagnoses,2019,Ohio,39,55+,All races/ethnicities,Male,74,4.4,"1,676,929"
HIV diagnoses,2019,Ohio,39,45-54,All races/ethnicities,Male,91,12.7,"715,742"
HIV diagnoses,2019,Ohio,39,35-44,All races/ethnicities,Male,144,20.7,"695,048"
HIV diagnoses,2019,Ohio,39,25-34,All races/ethnicities,Male,270,34.3,"786,743"
HIV diagnoses,2019,Ohio,39,13-24,All races/ethnicities,Male,189,20.5,"919,880"
HIV diagnoses,2018,Ohio,39,55+,All races/ethnicities,Female,17,0.9,"1,946,774"
HIV diagnoses,2018,Ohio,39,45-54,All races/ethnicities,Female,23,3.1,"751,782"
HIV diagnoses,2018,Ohio,39,35-44,All races/ethnicities,Female,48,6.9,"699,653"
HIV diagnoses,2018,Ohio,39,25-34,All races/ethnicities,Female,60,7.8,"765,896"
HIV diagnoses,2018,Ohio,39,13-24,All races/ethnicities,Female,23,2.6,"888,942"
HIV diagnoses,2018,Ohio,39,55+,All races/ethnicities,Male,59,3.6,"1,653,296"
HIV diagnoses,2018,Ohio,39,45-54,All races/ethnicities,Male,111,15.1,"733,814"
HIV diagnoses,2018,Ohio,39,35-44,All races/ethnicities,Male,141,20.4,"690,419"
HIV diagnoses,2018,Ohio,39,25-34,All races/ethnicities,Male,292,37.5,"777,897"
HIV diagnoses,2018,Ohio,39,13-24,All races/ethnicities,Male,203,21.9,"925,170"
Gonorrhea,2021,Oklahoma,40,55+,All races/ethnicities,Female,45,7.5,"601,271"
Gonorrhea,2021,Oklahoma,40,45-54,All races/ethnicities,Female,165,73.1,"225,785"
Gonorrhea,2021,Oklahoma,40,35-44,All races/ethnicities,Female,798,311,"256,606"
Gonorrhea,2021,Oklahoma,40,25-34,All races/ethnicities,Female,"1,537",581.1,"264,493"
Gonorrhea,2021,Oklahoma,40,13-24,All races/ethnicities,Female,"2,443",758.8,"321,949"
Gonorrhea,2021,Oklahoma,40,55+,All races/ethnicities,Male,158,29.8,"529,652"
Gonorrhea,2021,Oklahoma,40,45-54,All races/ethnicities,Male,358,156.4,"228,946"
Gonorrhea,2021,Oklahoma,40,35-44,All races/ethnicities,Male,998,380.6,"262,248"
Gonorrhea,2021,Oklahoma,40,25-34,All races/ethnicities,Male,"1,902",698.1,"272,437"
Gonorrhea,2021,Oklahoma,40,13-24,All races/ethnicities,Male,"1,864",544.8,"342,172"
Gonorrhea,2020 (COVID-19 Pandemic),Oklahoma,40,55+,All races/ethnicities,Female,52,8.7,"597,335"
Gonorrhea,2020 (COVID-19 Pandemic),Oklahoma,40,45-54,All races/ethnicities,Female,132,58.6,"225,329"
Gonorrhea,2020 (COVID-19 Pandemic),Oklahoma,40,35-44,All races/ethnicities,Female,762,303,"251,513"
Gonorrhea,2020 (COVID-19 Pandemic),Oklahoma,40,25-34,All races/ethnicities,Female,"1,800",683,"263,556"
Gonorrhea,2020 (COVID-19 Pandemic),Oklahoma,40,13-24,All races/ethnicities,Female,"2,717",857.7,"316,786"
Gonorrhea,2020 (COVID-19 Pandemic),Oklahoma,40,55+,All races/ethnicities,Male,171,32.5,"526,125"
Gonorrhea,2020 (COVID-19 Pandemic),Oklahoma,40,45-54,All races/ethnicities,Male,392,171.2,"228,913"
Gonorrhea,2020 (COVID-19 Pandemic),Oklahoma,40,35-44,All races/ethnicities,Male,"1,044",404.7,"257,959"
Gonorrhea,2020 (COVID-19 Pandemic),Oklahoma,40,25-34,All races/ethnicities,Male,"2,059",758.8,"271,332"
Gonorrhea,2020 (COVID-19 Pandemic),Oklahoma,40,13-24,All races/ethnicities,Male,"2,068",613.4,"337,159"
Gonorrhea,2019,Oklahoma,40,55+,All races/ethnicities,Female,32,5.3,"606,192"
Gonorrhea,2019,Oklahoma,40,45-54,All races/ethnicities,Female,139,61,"227,691"
Gonorrhea,2019,Oklahoma,40,35-44,All races/ethnicities,Female,691,279,"247,685"
Gonorrhea,2019,Oklahoma,40,25-34,All races/ethnicities,Female,"1,673",626.4,"267,075"
Gonorrhea,2019,Oklahoma,40,13-24,All races/ethnicities,Female,"2,672",855.3,"312,415"
Gonorrhea,2019,Oklahoma,40,55+,All races/ethnicities,Male,149,28.5,"522,634"
Gonorrhea,2019,Oklahoma,40,45-54,All races/ethnicities,Male,296,131.1,"225,845"
Gonorrhea,2019,Oklahoma,40,35-44,All races/ethnicities,Male,959,383.3,"250,188"
Gonorrhea,2019,Oklahoma,40,25-34,All races/ethnicities,Male,"1,962",709.5,"276,518"
Gonorrhea,2019,Oklahoma,40,13-24,All races/ethnicities,Male,"1,912",572.3,"334,099"
Gonorrhea,2018,Oklahoma,40,55+,All races/ethnicities,Female,36,6,"597,154"
Gonorrhea,2018,Oklahoma,40,45-54,All races/ethnicities,Female,103,44.5,"231,318"
Gonorrhea,2018,Oklahoma,40,35-44,All races/ethnicities,Female,520,213.2,"243,930"
Gonorrhea,2018,Oklahoma,40,25-34,All races/ethnicities,Female,"1,563",584.6,"267,359"
Gonorrhea,2018,Oklahoma,40,13-24,All races/ethnicities,Female,"2,332",749.3,"311,233"
Gonorrhea,2018,Oklahoma,40,55+,All races/ethnicities,Male,96,18.7,"514,737"
Gonorrhea,2018,Oklahoma,40,45-54,All races/ethnicities,Male,265,115.7,"229,074"
Gonorrhea,2018,Oklahoma,40,35-44,All races/ethnicities,Male,739,299.9,"246,406"
Gonorrhea,2018,Oklahoma,40,25-34,All races/ethnicities,Male,"1,647",596.9,"275,938"
Gonorrhea,2018,Oklahoma,40,13-24,All races/ethnicities,Male,"1,695",508.9,"333,072"
Chlamydia,2021,Oklahoma,40,55+,All races/ethnicities,Female,47,7.8,"601,271"
Chlamydia,2021,Oklahoma,40,45-54,All races/ethnicities,Female,160,70.9,"225,785"
Chlamydia,2021,Oklahoma,40,35-44,All races/ethnicities,Female,890,346.8,"256,606"
Chlamydia,2021,Oklahoma,40,25-34,All races/ethnicities,Female,"3,321",1255.6,"264,493"
Chlamydia,2021,Oklahoma,40,13-24,All races/ethnicities,Female,"9,697",3012,"321,949"
Chlamydia,2021,Oklahoma,40,55+,All races/ethnicities,Male,86,16.2,"529,652"
Chlamydia,2021,Oklahoma,40,45-54,All races/ethnicities,Male,182,79.5,"228,946"
Chlamydia,2021,Oklahoma,40,35-44,All races/ethnicities,Male,729,278,"262,248"
Chlamydia,2021,Oklahoma,40,25-34,All races/ethnicities,Male,"2,054",753.9,"272,437"
Chlamydia,2021,Oklahoma,40,13-24,All races/ethnicities,Male,"3,539",1034.3,"342,172"
Chlamydia,2020 (COVID-19 Pandemic),Oklahoma,40,55+,All races/ethnicities,Female,44,7.4,"597,335"
Chlamydia,2020 (COVID-19 Pandemic),Oklahoma,40,45-54,All races/ethnicities,Female,147,65.2,"225,329"
Chlamydia,2020 (COVID-19 Pandemic),Oklahoma,40,35-44,All races/ethnicities,Female,777,308.9,"251,513"
Chlamydia,2020 (COVID-19 Pandemic),Oklahoma,40,25-34,All races/ethnicities,Female,"3,522",1336.3,"263,556"
Chlamydia,2020 (COVID-19 Pandemic),Oklahoma,40,13-24,All races/ethnicities,Female,"10,076",3180.7,"316,786"
Chlamydia,2020 (COVID-19 Pandemic),Oklahoma,40,55+,All races/ethnicities,Male,73,13.9,"526,125"
Chlamydia,2020 (COVID-19 Pandemic),Oklahoma,40,45-54,All races/ethnicities,Male,188,82.1,"228,913"
Chlamydia,2020 (COVID-19 Pandemic),Oklahoma,40,35-44,All races/ethnicities,Male,660,255.9,"257,959"
Chlamydia,2020 (COVID-19 Pandemic),Oklahoma,40,25-34,All races/ethnicities,Male,"2,107",776.5,"271,332"
Chlamydia,2020 (COVID-19 Pandemic),Oklahoma,40,13-24,All races/ethnicities,Male,"3,608",1070.1,"337,159"
Chlamydia,2019,Oklahoma,40,55+,All races/ethnicities,Female,40,6.6,"606,192"
Chlamydia,2019,Oklahoma,40,45-54,All races/ethnicities,Female,138,60.6,"227,691"
Chlamydia,2019,Oklahoma,40,35-44,All races/ethnicities,Female,848,342.4,"247,685"
Chlamydia,2019,Oklahoma,40,25-34,All races/ethnicities,Female,"3,800",1422.8,"267,075"
Chlamydia,2019,Oklahoma,40,13-24,All races/ethnicities,Female,"11,253",3601.9,"312,415"
Chlamydia,2019,Oklahoma,40,55+,All races/ethnicities,Male,55,10.5,"522,634"
Chlamydia,2019,Oklahoma,40,45-54,All races/ethnicities,Male,167,73.9,"225,845"
Chlamydia,2019,Oklahoma,40,35-44,All races/ethnicities,Male,673,269,"250,188"
Chlamydia,2019,Oklahoma,40,25-34,All races/ethnicities,Male,"2,364",854.9,"276,518"
Chlamydia,2019,Oklahoma,40,13-24,All races/ethnicities,Male,"4,166",1246.9,"334,099"
Chlamydia,2018,Oklahoma,40,55+,All races/ethnicities,Female,28,4.7,"597,154"
Chlamydia,2018,Oklahoma,40,45-54,All races/ethnicities,Female,147,63.5,"231,318"
Chlamydia,2018,Oklahoma,40,35-44,All races/ethnicities,Female,752,308.3,"243,930"
Chlamydia,2018,Oklahoma,40,25-34,All races/ethnicities,Female,"3,636",1360,"267,359"
Chlamydia,2018,Oklahoma,40,13-24,All races/ethnicities,Female,"10,712",3441.8,"311,233"
Chlamydia,2018,Oklahoma,40,55+,All races/ethnicities,Male,53,10.3,"514,737"
Chlamydia,2018,Oklahoma,40,45-54,All races/ethnicities,Male,175,76.4,"229,074"
Chlamydia,2018,Oklahoma,40,35-44,All races/ethnicities,Male,627,254.5,"246,406"
Chlamydia,2018,Oklahoma,40,25-34,All races/ethnicities,Male,"2,063",747.6,"275,938"
Chlamydia,2018,Oklahoma,40,13-24,All races/ethnicities,Male,"3,771",1132.2,"333,072"
HIV diagnoses,2021,Oklahoma,40,55+,All races/ethnicities,Female,6,1,"601,271"
HIV diagnoses,2021,Oklahoma,40,45-54,All races/ethnicities,Female,16,7.1,"225,785"
HIV diagnoses,2021,Oklahoma,40,35-44,All races/ethnicities,Female,18,7,"256,606"
HIV diagnoses,2021,Oklahoma,40,25-34,All races/ethnicities,Female,20,7.6,"264,493"
HIV diagnoses,2021,Oklahoma,40,13-24,All races/ethnicities,Female,9,2.8,"321,949"
HIV diagnoses,2021,Oklahoma,40,55+,All races/ethnicities,Male,12,2.3,"529,652"
HIV diagnoses,2021,Oklahoma,40,45-54,All races/ethnicities,Male,42,18.3,"228,946"
HIV diagnoses,2021,Oklahoma,40,35-44,All races/ethnicities,Male,48,18.3,"262,248"
HIV diagnoses,2021,Oklahoma,40,25-34,All races/ethnicities,Male,139,51,"272,437"
HIV diagnoses,2021,Oklahoma,40,13-24,All races/ethnicities,Male,77,22.5,"342,172"
HIV diagnoses,2020 (COVID-19 Pandemic),Oklahoma,40,55+,All races/ethnicities,Female,5,0.8,"597,335"
HIV diagnoses,2020 (COVID-19 Pandemic),Oklahoma,40,45-54,All races/ethnicities,Female,5,2.2,"225,329"
HIV diagnoses,2020 (COVID-19 Pandemic),Oklahoma,40,35-44,All races/ethnicities,Female,16,6.4,"251,513"
HIV diagnoses,2020 (COVID-19 Pandemic),Oklahoma,40,25-34,All races/ethnicities,Female,11,4.2,"263,556"
HIV diagnoses,2020 (COVID-19 Pandemic),Oklahoma,40,13-24,All races/ethnicities,Female,9,2.8,"316,786"
HIV diagnoses,2020 (COVID-19 Pandemic),Oklahoma,40,55+,All races/ethnicities,Male,24,4.6,"526,125"
HIV diagnoses,2020 (COVID-19 Pandemic),Oklahoma,40,45-54,All races/ethnicities,Male,34,14.9,"228,913"
HIV diagnoses,2020 (COVID-19 Pandemic),Oklahoma,40,35-44,All races/ethnicities,Male,66,25.6,"257,959"
HIV diagnoses,2020 (COVID-19 Pandemic),Oklahoma,40,25-34,All races/ethnicities,Male,103,38,"271,332"
HIV diagnoses,2020 (COVID-19 Pandemic),Oklahoma,40,13-24,All races/ethnicities,Male,69,20.5,"337,159"
HIV diagnoses,2019,Oklahoma,40,55+,All races/ethnicities,Female,5,0.8,"607,036"
HIV diagnoses,2019,Oklahoma,40,45-54,All races/ethnicities,Female,16,7,"227,458"
HIV diagnoses,2019,Oklahoma,40,35-44,All races/ethnicities,Female,11,4.4,"248,077"
HIV diagnoses,2019,Oklahoma,40,25-34,All races/ethnicities,Female,18,6.7,"267,562"
HIV diagnoses,2019,Oklahoma,40,13-24,All races/ethnicities,Female,17,5.4,"312,629"
HIV diagnoses,2019,Oklahoma,40,55+,All races/ethnicities,Male,19,3.6,"522,528"
HIV diagnoses,2019,Oklahoma,40,45-54,All races/ethnicities,Male,36,15.9,"226,046"
HIV diagnoses,2019,Oklahoma,40,35-44,All races/ethnicities,Male,53,21.1,"250,634"
HIV diagnoses,2019,Oklahoma,40,25-34,All races/ethnicities,Male,105,37.9,"276,913"
HIV diagnoses,2019,Oklahoma,40,13-24,All races/ethnicities,Male,66,19.8,"333,427"
HIV diagnoses,2018,Oklahoma,40,55+,All races/ethnicities,Female,2,0.3,"597,436"
HIV diagnoses,2018,Oklahoma,40,45-54,All races/ethnicities,Female,6,2.6,"231,164"
HIV diagnoses,2018,Oklahoma,40,35-44,All races/ethnicities,Female,21,8.6,"244,251"
HIV diagnoses,2018,Oklahoma,40,25-34,All races/ethnicities,Female,16,6,"267,856"
HIV diagnoses,2018,Oklahoma,40,13-24,All races/ethnicities,Female,4,1.3,"311,577"
HIV diagnoses,2018,Oklahoma,40,55+,All races/ethnicities,Male,15,2.9,"514,649"
HIV diagnoses,2018,Oklahoma,40,45-54,All races/ethnicities,Male,29,12.7,"229,234"
HIV diagnoses,2018,Oklahoma,40,35-44,All races/ethnicities,Male,47,19,"246,729"
HIV diagnoses,2018,Oklahoma,40,25-34,All races/ethnicities,Male,83,30,"276,377"
HIV diagnoses,2018,Oklahoma,40,13-24,All races/ethnicities,Male,55,16.5,"332,829"
Gonorrhea,2021,Oregon,41,55+,All races/ethnicities,Female,40,5.8,"693,406"
Gonorrhea,2021,Oregon,41,45-54,All races/ethnicities,Female,180,70.6,"254,894"
Gonorrhea,2021,Oregon,41,35-44,All races/ethnicities,Female,492,168.7,"291,685"
Gonorrhea,2021,Oregon,41,25-34,All races/ethnicities,Female,915,311.3,"293,945"
Gonorrhea,2021,Oregon,41,13-24,All races/ethnicities,Female,926,306.8,"301,869"
Gonorrhea,2021,Oregon,41,55+,All races/ethnicities,Male,185,29.7,"623,379"
Gonorrhea,2021,Oregon,41,45-54,All races/ethnicities,Male,377,142.6,"264,439"
Gonorrhea,2021,Oregon,41,35-44,All races/ethnicities,Male,869,288.5,"301,192"
Gonorrhea,2021,Oregon,41,25-34,All races/ethnicities,Male,"1,495",491.9,"303,907"
Gonorrhea,2021,Oregon,41,13-24,All races/ethnicities,Male,720,228.7,"314,834"
Gonorrhea,2020 (COVID-19 Pandemic),Oregon,41,55+,All races/ethnicities,Female,35,5.1,"687,948"
Gonorrhea,2020 (COVID-19 Pandemic),Oregon,41,45-54,All races/ethnicities,Female,160,62.9,"254,324"
Gonorrhea,2020 (COVID-19 Pandemic),Oregon,41,35-44,All races/ethnicities,Female,495,171.9,"287,924"
Gonorrhea,2020 (COVID-19 Pandemic),Oregon,41,25-34,All races/ethnicities,Female,995,337.1,"295,184"
Gonorrhea,2020 (COVID-19 Pandemic),Oregon,41,13-24,All races/ethnicities,Female,925,307.3,"300,969"
Gonorrhea,2020 (COVID-19 Pandemic),Oregon,41,55+,All races/ethnicities,Male,200,32.4,"618,128"
Gonorrhea,2020 (COVID-19 Pandemic),Oregon,41,45-54,All races/ethnicities,Male,365,138.4,"263,757"
Gonorrhea,2020 (COVID-19 Pandemic),Oregon,41,35-44,All races/ethnicities,Male,872,293.1,"297,544"
Gonorrhea,2020 (COVID-19 Pandemic),Oregon,41,25-34,All races/ethnicities,Male,"1,605",526.6,"304,765"
Gonorrhea,2020 (COVID-19 Pandemic),Oregon,41,13-24,All races/ethnicities,Male,752,239.3,"314,258"
Gonorrhea,2019,Oregon,41,55+,All races/ethnicities,Female,34,4.9,"694,492"
Gonorrhea,2019,Oregon,41,45-54,All races/ethnicities,Female,106,41.8,"253,620"
Gonorrhea,2019,Oregon,41,35-44,All races/ethnicities,Female,393,139.5,"281,624"
Gonorrhea,2019,Oregon,41,25-34,All races/ethnicities,Female,832,280.6,"296,537"
Gonorrhea,2019,Oregon,41,13-24,All races/ethnicities,Female,915,307.1,"297,936"
Gonorrhea,2019,Oregon,41,55+,All races/ethnicities,Male,200,32.8,"610,538"
Gonorrhea,2019,Oregon,41,45-54,All races/ethnicities,Male,371,144.6,"256,507"
Gonorrhea,2019,Oregon,41,35-44,All races/ethnicities,Male,818,284.9,"287,088"
Gonorrhea,2019,Oregon,41,25-34,All races/ethnicities,Male,"1,601",520.2,"307,747"
Gonorrhea,2019,Oregon,41,13-24,All races/ethnicities,Male,831,267,"311,263"
Gonorrhea,2018,Oregon,41,55+,All races/ethnicities,Female,26,3.8,"682,223"
Gonorrhea,2018,Oregon,41,45-54,All races/ethnicities,Female,126,49.5,"254,633"
Gonorrhea,2018,Oregon,41,35-44,All races/ethnicities,Female,338,122.2,"276,497"
Gonorrhea,2018,Oregon,41,25-34,All races/ethnicities,Female,817,278.5,"293,309"
Gonorrhea,2018,Oregon,41,13-24,All races/ethnicities,Female,935,314.1,"297,712"
Gonorrhea,2018,Oregon,41,55+,All races/ethnicities,Male,176,29.4,"599,375"
Gonorrhea,2018,Oregon,41,45-54,All races/ethnicities,Male,352,137,"256,996"
Gonorrhea,2018,Oregon,41,35-44,All races/ethnicities,Male,788,279.3,"282,149"
Gonorrhea,2018,Oregon,41,25-34,All races/ethnicities,Male,"1,512",498.1,"303,554"
Gonorrhea,2018,Oregon,41,13-24,All races/ethnicities,Male,831,266.6,"311,685"
Chlamydia,2021,Oregon,41,55+,All races/ethnicities,Female,63,9.1,"693,406"
Chlamydia,2021,Oregon,41,45-54,All races/ethnicities,Female,234,91.8,"254,894"
Chlamydia,2021,Oregon,41,35-44,All races/ethnicities,Female,778,266.7,"291,685"
Chlamydia,2021,Oregon,41,25-34,All races/ethnicities,Female,"2,610",887.9,"293,945"
Chlamydia,2021,Oregon,41,13-24,All races/ethnicities,Female,"6,210",2057.2,"301,869"
Chlamydia,2021,Oregon,41,55+,All races/ethnicities,Male,154,24.7,"623,379"
Chlamydia,2021,Oregon,41,45-54,All races/ethnicities,Male,354,133.9,"264,439"
Chlamydia,2021,Oregon,41,35-44,All races/ethnicities,Male,864,286.9,"301,192"
Chlamydia,2021,Oregon,41,25-34,All races/ethnicities,Male,"2,016",663.4,"303,907"
Chlamydia,2021,Oregon,41,13-24,All races/ethnicities,Male,"2,277",723.2,"314,834"
Chlamydia,2020 (COVID-19 Pandemic),Oregon,41,55+,All races/ethnicities,Female,65,9.4,"687,948"
Chlamydia,2020 (COVID-19 Pandemic),Oregon,41,45-54,All races/ethnicities,Female,184,72.3,"254,324"
Chlamydia,2020 (COVID-19 Pandemic),Oregon,41,35-44,All races/ethnicities,Female,747,259.4,"287,924"
Chlamydia,2020 (COVID-19 Pandemic),Oregon,41,25-34,All races/ethnicities,Female,"2,672",905.2,"295,184"
Chlamydia,2020 (COVID-19 Pandemic),Oregon,41,13-24,All races/ethnicities,Female,"6,658",2212.2,"300,969"
Chlamydia,2020 (COVID-19 Pandemic),Oregon,41,55+,All races/ethnicities,Male,126,20.4,"618,128"
Chlamydia,2020 (COVID-19 Pandemic),Oregon,41,45-54,All races/ethnicities,Male,267,101.2,"263,757"
Chlamydia,2020 (COVID-19 Pandemic),Oregon,41,35-44,All races/ethnicities,Male,748,251.4,"297,544"
Chlamydia,2020 (COVID-19 Pandemic),Oregon,41,25-34,All races/ethnicities,Male,"1,950",639.8,"304,765"
Chlamydia,2020 (COVID-19 Pandemic),Oregon,41,13-24,All races/ethnicities,Male,"2,384",758.6,"314,258"
Chlamydia,2019,Oregon,41,55+,All races/ethnicities,Female,55,7.9,"694,492"
Chlamydia,2019,Oregon,41,45-54,All races/ethnicities,Female,248,97.8,"253,620"
Chlamydia,2019,Oregon,41,35-44,All races/ethnicities,Female,863,306.4,"281,624"
Chlamydia,2019,Oregon,41,25-34,All races/ethnicities,Female,"3,024",1019.8,"296,537"
Chlamydia,2019,Oregon,41,13-24,All races/ethnicities,Female,"8,030",2695.2,"297,936"
Chlamydia,2019,Oregon,41,55+,All races/ethnicities,Male,158,25.9,"610,538"
Chlamydia,2019,Oregon,41,45-54,All races/ethnicities,Male,405,157.9,"256,507"
Chlamydia,2019,Oregon,41,35-44,All races/ethnicities,Male,956,333,"287,088"
Chlamydia,2019,Oregon,41,25-34,All races/ethnicities,Male,"2,469",802.3,"307,747"
Chlamydia,2019,Oregon,41,13-24,All races/ethnicities,Male,"3,022",970.9,"311,263"
Chlamydia,2018,Oregon,41,55+,All races/ethnicities,Female,37,5.4,"682,223"
Chlamydia,2018,Oregon,41,45-54,All races/ethnicities,Female,173,67.9,"254,633"
Chlamydia,2018,Oregon,41,35-44,All races/ethnicities,Female,806,291.5,"276,497"
Chlamydia,2018,Oregon,41,25-34,All races/ethnicities,Female,"3,173",1081.8,"293,309"
Chlamydia,2018,Oregon,41,13-24,All races/ethnicities,Female,"8,364",2809.4,"297,712"
Chlamydia,2018,Oregon,41,55+,All races/ethnicities,Male,159,26.5,"599,375"
Chlamydia,2018,Oregon,41,45-54,All races/ethnicities,Male,335,130.4,"256,996"
Chlamydia,2018,Oregon,41,35-44,All races/ethnicities,Male,882,312.6,"282,149"
Chlamydia,2018,Oregon,41,25-34,All races/ethnicities,Male,"2,362",778.1,"303,554"
Chlamydia,2018,Oregon,41,13-24,All races/ethnicities,Male,"2,884",925.3,"311,685"
HIV diagnoses,2021,Oregon,41,55+,All races/ethnicities,Female,0,0,"693,406"
HIV diagnoses,2021,Oregon,41,45-54,All races/ethnicities,Female,7,2.7,"254,894"
HIV diagnoses,2021,Oregon,41,35-44,All races/ethnicities,Female,11,3.8,"291,685"
HIV diagnoses,2021,Oregon,41,25-34,All races/ethnicities,Female,6,2,"293,945"
HIV diagnoses,2021,Oregon,41,13-24,All races/ethnicities,Female,5,1.7,"301,869"
HIV diagnoses,2021,Oregon,41,55+,All races/ethnicities,Male,20,3.2,"623,379"
HIV diagnoses,2021,Oregon,41,45-54,All races/ethnicities,Male,18,6.8,"264,439"
HIV diagnoses,2021,Oregon,41,35-44,All races/ethnicities,Male,52,17.3,"301,192"
HIV diagnoses,2021,Oregon,41,25-34,All races/ethnicities,Male,62,20.4,"303,907"
HIV diagnoses,2021,Oregon,41,13-24,All races/ethnicities,Male,21,6.7,"314,834"
HIV diagnoses,2020 (COVID-19 Pandemic),Oregon,41,55+,All races/ethnicities,Female,4,0.6,"687,948"
HIV diagnoses,2020 (COVID-19 Pandemic),Oregon,41,45-54,All races/ethnicities,Female,2,0.8,"254,324"
HIV diagnoses,2020 (COVID-19 Pandemic),Oregon,41,35-44,All races/ethnicities,Female,3,1,"287,924"
HIV diagnoses,2020 (COVID-19 Pandemic),Oregon,41,25-34,All races/ethnicities,Female,10,3.4,"295,184"
HIV diagnoses,2020 (COVID-19 Pandemic),Oregon,41,13-24,All races/ethnicities,Female,2,0.7,"300,969"
HIV diagnoses,2020 (COVID-19 Pandemic),Oregon,41,55+,All races/ethnicities,Male,15,2.4,"618,128"
HIV diagnoses,2020 (COVID-19 Pandemic),Oregon,41,45-54,All races/ethnicities,Male,17,6.4,"263,757"
HIV diagnoses,2020 (COVID-19 Pandemic),Oregon,41,35-44,All races/ethnicities,Male,36,12.1,"297,544"
HIV diagnoses,2020 (COVID-19 Pandemic),Oregon,41,25-34,All races/ethnicities,Male,62,20.3,"304,765"
HIV diagnoses,2020 (COVID-19 Pandemic),Oregon,41,13-24,All races/ethnicities,Male,28,8.9,"314,258"
HIV diagnoses,2019,Oregon,41,55+,All races/ethnicities,Female,3,0.4,"693,732"
HIV diagnoses,2019,Oregon,41,45-54,All races/ethnicities,Female,2,0.8,"253,630"
HIV diagnoses,2019,Oregon,41,35-44,All races/ethnicities,Female,6,2.1,"281,847"
HIV diagnoses,2019,Oregon,41,25-34,All races/ethnicities,Female,3,1,"297,030"
HIV diagnoses,2019,Oregon,41,13-24,All races/ethnicities,Female,4,1.3,"297,861"
HIV diagnoses,2019,Oregon,41,55+,All races/ethnicities,Male,14,2.3,"609,746"
HIV diagnoses,2019,Oregon,41,45-54,All races/ethnicities,Male,33,12.9,"256,592"
HIV diagnoses,2019,Oregon,41,35-44,All races/ethnicities,Male,37,12.9,"287,258"
HIV diagnoses,2019,Oregon,41,25-34,All races/ethnicities,Male,79,25.6,"308,460"
HIV diagnoses,2019,Oregon,41,13-24,All races/ethnicities,Male,17,5.5,"311,346"
HIV diagnoses,2018,Oregon,41,55+,All races/ethnicities,Female,2,0.3,"681,756"
HIV diagnoses,2018,Oregon,41,45-54,All races/ethnicities,Female,7,2.7,"254,722"
HIV diagnoses,2018,Oregon,41,35-44,All races/ethnicities,Female,12,4.3,"276,743"
HIV diagnoses,2018,Oregon,41,25-34,All races/ethnicities,Female,9,3.1,"293,992"
HIV diagnoses,2018,Oregon,41,13-24,All races/ethnicities,Female,3,1,"297,938"
HIV diagnoses,2018,Oregon,41,55+,All races/ethnicities,Male,21,3.5,"599,114"
HIV diagnoses,2018,Oregon,41,45-54,All races/ethnicities,Male,25,9.7,"257,100"
HIV diagnoses,2018,Oregon,41,35-44,All races/ethnicities,Male,41,14.5,"282,424"
HIV diagnoses,2018,Oregon,41,25-34,All races/ethnicities,Male,76,25,"304,324"
HIV diagnoses,2018,Oregon,41,13-24,All races/ethnicities,Male,31,9.9,"312,034"
Gonorrhea,2021,Pennsylvania,42,55+,All races/ethnicities,Female,69,3,"2,284,208"
Gonorrhea,2021,Pennsylvania,42,45-54,All races/ethnicities,Female,167,21.3,"784,429"
Gonorrhea,2021,Pennsylvania,42,35-44,All races/ethnicities,Female,682,85.7,"796,054"
Gonorrhea,2021,Pennsylvania,42,25-34,All races/ethnicities,Female,"2,439",291.6,"836,526"
Gonorrhea,2021,Pennsylvania,42,13-24,All races/ethnicities,Female,"4,757",501,"949,466"
Gonorrhea,2021,Pennsylvania,42,55+,All races/ethnicities,Male,427,21.4,"1,992,102"
Gonorrhea,2021,Pennsylvania,42,45-54,All races/ethnicities,Male,715,90.9,"786,493"
Gonorrhea,2021,Pennsylvania,42,35-44,All races/ethnicities,Male,"1,538",189.7,"810,668"
Gonorrhea,2021,Pennsylvania,42,25-34,All races/ethnicities,Male,"4,059",468.9,"865,554"
Gonorrhea,2021,Pennsylvania,42,13-24,All races/ethnicities,Male,"4,037",409.4,"986,150"
Gonorrhea,2020 (COVID-19 Pandemic),Pennsylvania,42,55+,All races/ethnicities,Female,59,2.6,"2,274,378"
Gonorrhea,2020 (COVID-19 Pandemic),Pennsylvania,42,45-54,All races/ethnicities,Female,167,20.8,"802,810"
Gonorrhea,2020 (COVID-19 Pandemic),Pennsylvania,42,35-44,All races/ethnicities,Female,675,86.2,"783,232"
Gonorrhea,2020 (COVID-19 Pandemic),Pennsylvania,42,25-34,All races/ethnicities,Female,"2,447",290.9,"841,092"
Gonorrhea,2020 (COVID-19 Pandemic),Pennsylvania,42,13-24,All races/ethnicities,Female,"4,262",448.3,"950,680"
Gonorrhea,2020 (COVID-19 Pandemic),Pennsylvania,42,55+,All races/ethnicities,Male,492,24.8,"1,980,377"
Gonorrhea,2020 (COVID-19 Pandemic),Pennsylvania,42,45-54,All races/ethnicities,Male,643,80,"804,200"
Gonorrhea,2020 (COVID-19 Pandemic),Pennsylvania,42,35-44,All races/ethnicities,Male,"1,525",191.5,"796,174"
Gonorrhea,2020 (COVID-19 Pandemic),Pennsylvania,42,25-34,All races/ethnicities,Male,"4,117",473.5,"869,534"
Gonorrhea,2020 (COVID-19 Pandemic),Pennsylvania,42,13-24,All races/ethnicities,Male,"3,866",392.1,"986,004"
Gonorrhea,2019,Pennsylvania,42,55+,All races/ethnicities,Female,65,2.9,"2,271,523"
Gonorrhea,2019,Pennsylvania,42,45-54,All races/ethnicities,Female,154,19,"811,617"
Gonorrhea,2019,Pennsylvania,42,35-44,All races/ethnicities,Female,562,74.2,"757,088"
Gonorrhea,2019,Pennsylvania,42,25-34,All races/ethnicities,Female,"2,044",244,"837,800"
Gonorrhea,2019,Pennsylvania,42,13-24,All races/ethnicities,Female,"3,522",376.4,"935,656"
Gonorrhea,2019,Pennsylvania,42,55+,All races/ethnicities,Male,403,20.9,"1,926,722"
Gonorrhea,2019,Pennsylvania,42,45-54,All races/ethnicities,Male,699,88.2,"792,480"
Gonorrhea,2019,Pennsylvania,42,35-44,All races/ethnicities,Male,"1,450",191.6,"756,651"
Gonorrhea,2019,Pennsylvania,42,25-34,All races/ethnicities,Male,"3,782",434,"871,336"
Gonorrhea,2019,Pennsylvania,42,13-24,All races/ethnicities,Male,"3,347",345.1,"969,836"
Gonorrhea,2018,Pennsylvania,42,55+,All races/ethnicities,Female,65,2.9,"2,244,878"
Gonorrhea,2018,Pennsylvania,42,45-54,All races/ethnicities,Female,148,17.7,"836,482"
Gonorrhea,2018,Pennsylvania,42,35-44,All races/ethnicities,Female,521,69.5,"750,061"
Gonorrhea,2018,Pennsylvania,42,25-34,All races/ethnicities,Female,"1,876",225.1,"833,587"
Gonorrhea,2018,Pennsylvania,42,13-24,All races/ethnicities,Female,"3,428",362.6,"945,411"
Gonorrhea,2018,Pennsylvania,42,55+,All races/ethnicities,Male,414,21.8,"1,899,867"
Gonorrhea,2018,Pennsylvania,42,45-54,All races/ethnicities,Male,788,96.6,"815,672"
Gonorrhea,2018,Pennsylvania,42,35-44,All races/ethnicities,Male,"1,350",180.7,"747,250"
Gonorrhea,2018,Pennsylvania,42,25-34,All races/ethnicities,Male,"3,775",436.2,"865,495"
Gonorrhea,2018,Pennsylvania,42,13-24,All races/ethnicities,Male,"3,489",355.9,"980,310"
Chlamydia,2021,Pennsylvania,42,55+,All races/ethnicities,Female,151,6.6,"2,284,208"
Chlamydia,2021,Pennsylvania,42,45-54,All races/ethnicities,Female,393,50.1,"784,429"
Chlamydia,2021,Pennsylvania,42,35-44,All races/ethnicities,Female,"1,583",198.9,"796,054"
Chlamydia,2021,Pennsylvania,42,25-34,All races/ethnicities,Female,"8,289",990.9,"836,526"
Chlamydia,2021,Pennsylvania,42,13-24,All races/ethnicities,Female,"23,590",2484.6,"949,466"
Chlamydia,2021,Pennsylvania,42,55+,All races/ethnicities,Male,288,14.5,"1,992,102"
Chlamydia,2021,Pennsylvania,42,45-54,All races/ethnicities,Male,564,71.7,"786,493"
Chlamydia,2021,Pennsylvania,42,35-44,All races/ethnicities,Male,"1,742",214.9,"810,668"
Chlamydia,2021,Pennsylvania,42,25-34,All races/ethnicities,Male,"6,235",720.3,"865,554"
Chlamydia,2021,Pennsylvania,42,13-24,All races/ethnicities,Male,"10,182",1032.5,"986,150"
Chlamydia,2020 (COVID-19 Pandemic),Pennsylvania,42,55+,All races/ethnicities,Female,100,4.4,"2,274,378"
Chlamydia,2020 (COVID-19 Pandemic),Pennsylvania,42,45-54,All races/ethnicities,Female,308,38.4,"802,810"
Chlamydia,2020 (COVID-19 Pandemic),Pennsylvania,42,35-44,All races/ethnicities,Female,"1,324",169,"783,232"
Chlamydia,2020 (COVID-19 Pandemic),Pennsylvania,42,25-34,All races/ethnicities,Female,"7,917",941.3,"841,092"
Chlamydia,2020 (COVID-19 Pandemic),Pennsylvania,42,13-24,All races/ethnicities,Female,"23,900",2514,"950,680"
Chlamydia,2020 (COVID-19 Pandemic),Pennsylvania,42,55+,All races/ethnicities,Male,246,12.4,"1,980,377"
Chlamydia,2020 (COVID-19 Pandemic),Pennsylvania,42,45-54,All races/ethnicities,Male,530,65.9,"804,200"
Chlamydia,2020 (COVID-19 Pandemic),Pennsylvania,42,35-44,All races/ethnicities,Male,"1,475",185.3,"796,174"
Chlamydia,2020 (COVID-19 Pandemic),Pennsylvania,42,25-34,All races/ethnicities,Male,"6,182",711,"869,534"
Chlamydia,2020 (COVID-19 Pandemic),Pennsylvania,42,13-24,All races/ethnicities,Male,"10,181",1032.6,"986,004"
Chlamydia,2019,Pennsylvania,42,55+,All races/ethnicities,Female,148,6.5,"2,271,523"
Chlamydia,2019,Pennsylvania,42,45-54,All races/ethnicities,Female,408,50.3,"811,617"
Chlamydia,2019,Pennsylvania,42,35-44,All races/ethnicities,Female,"1,666",220.1,"757,088"
Chlamydia,2019,Pennsylvania,42,25-34,All races/ethnicities,Female,"9,053",1080.6,"837,800"
Chlamydia,2019,Pennsylvania,42,13-24,All races/ethnicities,Female,"27,815",2972.8,"935,656"
Chlamydia,2019,Pennsylvania,42,55+,All races/ethnicities,Male,325,16.9,"1,926,722"
Chlamydia,2019,Pennsylvania,42,45-54,All races/ethnicities,Male,656,82.8,"792,480"
Chlamydia,2019,Pennsylvania,42,35-44,All races/ethnicities,Male,"1,780",235.2,"756,651"
Chlamydia,2019,Pennsylvania,42,25-34,All races/ethnicities,Male,"7,268",834.1,"871,336"
Chlamydia,2019,Pennsylvania,42,13-24,All races/ethnicities,Male,"12,450",1283.7,"969,836"
Chlamydia,2018,Pennsylvania,42,55+,All races/ethnicities,Female,128,5.7,"2,244,878"
Chlamydia,2018,Pennsylvania,42,45-54,All races/ethnicities,Female,350,41.8,"836,482"
Chlamydia,2018,Pennsylvania,42,35-44,All races/ethnicities,Female,"1,459",194.5,"750,061"
Chlamydia,2018,Pennsylvania,42,25-34,All races/ethnicities,Female,"8,566",1027.6,"833,587"
Chlamydia,2018,Pennsylvania,42,13-24,All races/ethnicities,Female,"27,394",2897.6,"945,411"
Chlamydia,2018,Pennsylvania,42,55+,All races/ethnicities,Male,278,14.6,"1,899,867"
Chlamydia,2018,Pennsylvania,42,45-54,All races/ethnicities,Male,685,84,"815,672"
Chlamydia,2018,Pennsylvania,42,35-44,All races/ethnicities,Male,"1,638",219.2,"747,250"
Chlamydia,2018,Pennsylvania,42,25-34,All races/ethnicities,Male,"7,049",814.4,"865,495"
Chlamydia,2018,Pennsylvania,42,13-24,All races/ethnicities,Male,"11,682",1191.7,"980,310"
HIV diagnoses,2021,Pennsylvania,42,55+,All races/ethnicities,Female,24,1.1,"2,284,208"
HIV diagnoses,2021,Pennsylvania,42,45-54,All races/ethnicities,Female,39,5,"784,429"
HIV diagnoses,2021,Pennsylvania,42,35-44,All races/ethnicities,Female,52,6.5,"796,054"
HIV diagnoses,2021,Pennsylvania,42,25-34,All races/ethnicities,Female,52,6.2,"836,526"
HIV diagnoses,2021,Pennsylvania,42,13-24,All races/ethnicities,Female,26,2.7,"949,466"
HIV diagnoses,2021,Pennsylvania,42,55+,All races/ethnicities,Male,55,2.8,"1,992,102"
HIV diagnoses,2021,Pennsylvania,42,45-54,All races/ethnicities,Male,77,9.8,"786,493"
HIV diagnoses,2021,Pennsylvania,42,35-44,All races/ethnicities,Male,139,17.1,"810,668"
HIV diagnoses,2021,Pennsylvania,42,25-34,All races/ethnicities,Male,294,34,"865,554"
HIV diagnoses,2021,Pennsylvania,42,13-24,All races/ethnicities,Male,155,15.7,"986,150"
HIV diagnoses,2020 (COVID-19 Pandemic),Pennsylvania,42,55+,All races/ethnicities,Female,26,1.1,"2,274,378"
HIV diagnoses,2020 (COVID-19 Pandemic),Pennsylvania,42,45-54,All races/ethnicities,Female,30,3.7,"802,810"
HIV diagnoses,2020 (COVID-19 Pandemic),Pennsylvania,42,35-44,All races/ethnicities,Female,32,4.1,"783,232"
HIV diagnoses,2020 (COVID-19 Pandemic),Pennsylvania,42,25-34,All races/ethnicities,Female,41,4.9,"841,092"
HIV diagnoses,2020 (COVID-19 Pandemic),Pennsylvania,42,13-24,All races/ethnicities,Female,25,2.6,"950,680"
HIV diagnoses,2020 (COVID-19 Pandemic),Pennsylvania,42,55+,All races/ethnicities,Male,56,2.8,"1,980,377"
HIV diagnoses,2020 (COVID-19 Pandemic),Pennsylvania,42,45-54,All races/ethnicities,Male,75,9.3,"804,200"
HIV diagnoses,2020 (COVID-19 Pandemic),Pennsylvania,42,35-44,All races/ethnicities,Male,96,12.1,"796,174"
HIV diagnoses,2020 (COVID-19 Pandemic),Pennsylvania,42,25-34,All races/ethnicities,Male,238,27.4,"869,534"
HIV diagnoses,2020 (COVID-19 Pandemic),Pennsylvania,42,13-24,All races/ethnicities,Male,134,13.6,"986,004"
HIV diagnoses,2019,Pennsylvania,42,55+,All races/ethnicities,Female,34,1.5,"2,272,413"
HIV diagnoses,2019,Pennsylvania,42,45-54,All races/ethnicities,Female,46,5.7,"811,403"
HIV diagnoses,2019,Pennsylvania,42,35-44,All races/ethnicities,Female,37,4.9,"757,302"
HIV diagnoses,2019,Pennsylvania,42,25-34,All races/ethnicities,Female,74,8.8,"837,857"
HIV diagnoses,2019,Pennsylvania,42,13-24,All races/ethnicities,Female,40,4.3,"933,307"
HIV diagnoses,2019,Pennsylvania,42,55+,All races/ethnicities,Male,77,4,"1,926,896"
HIV diagnoses,2019,Pennsylvania,42,45-54,All races/ethnicities,Male,83,10.5,"792,197"
HIV diagnoses,2019,Pennsylvania,42,35-44,All races/ethnicities,Male,137,18.1,"756,491"
HIV diagnoses,2019,Pennsylvania,42,25-34,All races/ethnicities,Male,290,33.3,"871,013"
HIV diagnoses,2019,Pennsylvania,42,13-24,All races/ethnicities,Male,176,18.2,"967,672"
HIV diagnoses,2018,Pennsylvania,42,55+,All races/ethnicities,Female,36,1.6,"2,245,094"
HIV diagnoses,2018,Pennsylvania,42,45-54,All races/ethnicities,Female,48,5.7,"836,647"
HIV diagnoses,2018,Pennsylvania,42,35-44,All races/ethnicities,Female,45,6,"750,696"
HIV diagnoses,2018,Pennsylvania,42,25-34,All races/ethnicities,Female,67,8,"834,571"
HIV diagnoses,2018,Pennsylvania,42,13-24,All races/ethnicities,Female,31,3.3,"945,882"
HIV diagnoses,2018,Pennsylvania,42,55+,All races/ethnicities,Male,79,4.2,"1,900,459"
HIV diagnoses,2018,Pennsylvania,42,45-54,All races/ethnicities,Male,99,12.1,"815,930"
HIV diagnoses,2018,Pennsylvania,42,35-44,All races/ethnicities,Male,130,17.4,"747,973"
HIV diagnoses,2018,Pennsylvania,42,25-34,All races/ethnicities,Male,287,33.1,"866,824"
HIV diagnoses,2018,Pennsylvania,42,13-24,All races/ethnicities,Male,196,20,"981,201"
Gonorrhea,2021,Rhode Island,44,55+,All races/ethnicities,Female,6,3.1,"190,879"
Gonorrhea,2021,Rhode Island,44,45-54,All races/ethnicities,Female,17,25,"67,945"
Gonorrhea,2021,Rhode Island,44,35-44,All races/ethnicities,Female,86,127.8,"67,282"
Gonorrhea,2021,Rhode Island,44,25-34,All races/ethnicities,Female,238,317.3,"75,006"
Gonorrhea,2021,Rhode Island,44,13-24,All races/ethnicities,Female,Data suppressed,Data suppressed,"86,450"
Gonorrhea,2021,Rhode Island,44,55+,All races/ethnicities,Male,55,33.7,"163,151"
Gonorrhea,2021,Rhode Island,44,45-54,All races/ethnicities,Male,73,111.4,"65,527"
Gonorrhea,2021,Rhode Island,44,35-44,All races/ethnicities,Male,174,253.3,"68,693"
Gonorrhea,2021,Rhode Island,44,25-34,All races/ethnicities,Male,426,547.9,"77,746"
Gonorrhea,2021,Rhode Island,44,13-24,All races/ethnicities,Male,Data suppressed,Data suppressed,"87,386"
Gonorrhea,2020 (COVID-19 Pandemic),Rhode Island,44,55+,All races/ethnicities,Female,6,3.2,"188,991"
Gonorrhea,2020 (COVID-19 Pandemic),Rhode Island,44,45-54,All races/ethnicities,Female,14,20,"69,982"
Gonorrhea,2020 (COVID-19 Pandemic),Rhode Island,44,35-44,All races/ethnicities,Female,64,96.9,"66,018"
Gonorrhea,2020 (COVID-19 Pandemic),Rhode Island,44,25-34,All races/ethnicities,Female,176,235.9,"74,611"
Gonorrhea,2020 (COVID-19 Pandemic),Rhode Island,44,13-24,All races/ethnicities,Female,Data suppressed,Data suppressed,"86,975"
Gonorrhea,2020 (COVID-19 Pandemic),Rhode Island,44,55+,All races/ethnicities,Male,44,27.3,"161,147"
Gonorrhea,2020 (COVID-19 Pandemic),Rhode Island,44,45-54,All races/ethnicities,Male,69,102.4,"67,356"
Gonorrhea,2020 (COVID-19 Pandemic),Rhode Island,44,35-44,All races/ethnicities,Male,160,237.9,"67,252"
Gonorrhea,2020 (COVID-19 Pandemic),Rhode Island,44,25-34,All races/ethnicities,Male,335,432.8,"77,400"
Gonorrhea,2020 (COVID-19 Pandemic),Rhode Island,44,13-24,All races/ethnicities,Male,Data suppressed,Data suppressed,"88,035"
Gonorrhea,2019,Rhode Island,44,55+,All races/ethnicities,Female,8,4.4,"183,882"
Gonorrhea,2019,Rhode Island,44,45-54,All races/ethnicities,Female,23,33,"69,601"
Gonorrhea,2019,Rhode Island,44,35-44,All races/ethnicities,Female,48,76.5,"62,780"
Gonorrhea,2019,Rhode Island,44,25-34,All races/ethnicities,Female,222,306.2,"72,510"
Gonorrhea,2019,Rhode Island,44,13-24,All races/ethnicities,Female,262,308.8,"84,853"
Gonorrhea,2019,Rhode Island,44,55+,All races/ethnicities,Male,55,36,"152,773"
Gonorrhea,2019,Rhode Island,44,45-54,All races/ethnicities,Male,81,123.6,"65,511"
Gonorrhea,2019,Rhode Island,44,35-44,All races/ethnicities,Male,134,214.2,"62,555"
Gonorrhea,2019,Rhode Island,44,25-34,All races/ethnicities,Male,398,525.7,"75,703"
Gonorrhea,2019,Rhode Island,44,13-24,All races/ethnicities,Male,284,331.2,"85,739"
Gonorrhea,2018,Rhode Island,44,55+,All races/ethnicities,Female,6,3.3,"181,041"
Gonorrhea,2018,Rhode Island,44,45-54,All races/ethnicities,Female,13,18.1,"71,809"
Gonorrhea,2018,Rhode Island,44,35-44,All races/ethnicities,Female,60,96.3,"62,318"
Gonorrhea,2018,Rhode Island,44,25-34,All races/ethnicities,Female,136,189.5,"71,786"
Gonorrhea,2018,Rhode Island,44,13-24,All races/ethnicities,Female,241,281,"85,765"
Gonorrhea,2018,Rhode Island,44,55+,All races/ethnicities,Male,37,24.7,"150,078"
Gonorrhea,2018,Rhode Island,44,45-54,All races/ethnicities,Male,68,100.7,"67,532"
Gonorrhea,2018,Rhode Island,44,35-44,All races/ethnicities,Male,124,200.8,"61,762"
Gonorrhea,2018,Rhode Island,44,25-34,All races/ethnicities,Male,334,446.3,"74,839"
Gonorrhea,2018,Rhode Island,44,13-24,All races/ethnicities,Male,315,363.3,"86,711"
Chlamydia,2021,Rhode Island,44,55+,All races/ethnicities,Female,11,5.8,"190,879"
Chlamydia,2021,Rhode Island,44,45-54,All races/ethnicities,Female,40,58.9,"67,945"
Chlamydia,2021,Rhode Island,44,35-44,All races/ethnicities,Female,163,242.3,"67,282"
Chlamydia,2021,Rhode Island,44,25-34,All races/ethnicities,Female,805,1073.2,"75,006"
Chlamydia,2021,Rhode Island,44,13-24,All races/ethnicities,Female,"2,022",2338.9,"86,450"
Chlamydia,2021,Rhode Island,44,55+,All races/ethnicities,Male,46,28.2,"163,151"
Chlamydia,2021,Rhode Island,44,45-54,All races/ethnicities,Male,59,90,"65,527"
Chlamydia,2021,Rhode Island,44,35-44,All races/ethnicities,Male,161,234.4,"68,693"
Chlamydia,2021,Rhode Island,44,25-34,All races/ethnicities,Male,540,694.6,"77,746"
Chlamydia,2021,Rhode Island,44,13-24,All races/ethnicities,Male,756,865.1,"87,386"
Chlamydia,2020 (COVID-19 Pandemic),Rhode Island,44,55+,All races/ethnicities,Female,12,6.3,"188,991"
Chlamydia,2020 (COVID-19 Pandemic),Rhode Island,44,45-54,All races/ethnicities,Female,26,37.2,"69,982"
Chlamydia,2020 (COVID-19 Pandemic),Rhode Island,44,35-44,All races/ethnicities,Female,129,195.4,"66,018"
Chlamydia,2020 (COVID-19 Pandemic),Rhode Island,44,25-34,All races/ethnicities,Female,728,975.7,"74,611"
Chlamydia,2020 (COVID-19 Pandemic),Rhode Island,44,13-24,All races/ethnicities,Female,"2,033",2337.5,"86,975"
Chlamydia,2020 (COVID-19 Pandemic),Rhode Island,44,55+,All races/ethnicities,Male,35,21.7,"161,147"
Chlamydia,2020 (COVID-19 Pandemic),Rhode Island,44,45-54,All races/ethnicities,Male,54,80.2,"67,356"
Chlamydia,2020 (COVID-19 Pandemic),Rhode Island,44,35-44,All races/ethnicities,Male,129,191.8,"67,252"
Chlamydia,2020 (COVID-19 Pandemic),Rhode Island,44,25-34,All races/ethnicities,Male,497,642.1,"77,400"
Chlamydia,2020 (COVID-19 Pandemic),Rhode Island,44,13-24,All races/ethnicities,Male,775,880.3,"88,035"
Chlamydia,2019,Rhode Island,44,55+,All races/ethnicities,Female,21,11.4,"183,882"
Chlamydia,2019,Rhode Island,44,45-54,All races/ethnicities,Female,42,60.3,"69,601"
Chlamydia,2019,Rhode Island,44,35-44,All races/ethnicities,Female,207,329.7,"62,780"
Chlamydia,2019,Rhode Island,44,25-34,All races/ethnicities,Female,836,1152.9,"72,510"
Chlamydia,2019,Rhode Island,44,13-24,All races/ethnicities,Female,"2,586",3047.6,"84,853"
Chlamydia,2019,Rhode Island,44,55+,All races/ethnicities,Male,48,31.4,"152,773"
Chlamydia,2019,Rhode Island,44,45-54,All races/ethnicities,Male,74,113,"65,511"
Chlamydia,2019,Rhode Island,44,35-44,All races/ethnicities,Male,163,260.6,"62,555"
Chlamydia,2019,Rhode Island,44,25-34,All races/ethnicities,Male,710,937.9,"75,703"
Chlamydia,2019,Rhode Island,44,13-24,All races/ethnicities,Male,"1,028",1199,"85,739"
Chlamydia,2018,Rhode Island,44,55+,All races/ethnicities,Female,11,6.1,"181,041"
Chlamydia,2018,Rhode Island,44,45-54,All races/ethnicities,Female,34,47.3,"71,809"
Chlamydia,2018,Rhode Island,44,35-44,All races/ethnicities,Female,169,271.2,"62,318"
Chlamydia,2018,Rhode Island,44,25-34,All races/ethnicities,Female,832,1159,"71,786"
Chlamydia,2018,Rhode Island,44,13-24,All races/ethnicities,Female,"2,534",2954.6,"85,765"
Chlamydia,2018,Rhode Island,44,55+,All races/ethnicities,Male,32,21.3,"150,078"
Chlamydia,2018,Rhode Island,44,45-54,All races/ethnicities,Male,69,102.2,"67,532"
Chlamydia,2018,Rhode Island,44,35-44,All races/ethnicities,Male,156,252.6,"61,762"
Chlamydia,2018,Rhode Island,44,25-34,All races/ethnicities,Male,632,844.5,"74,839"
Chlamydia,2018,Rhode Island,44,13-24,All races/ethnicities,Male,"1,014",1169.4,"86,711"
HIV diagnoses,2021,Rhode Island,44,55+,All races/ethnicities,Female,3,1.6,"190,879"
HIV diagnoses,2021,Rhode Island,44,45-54,All races/ethnicities,Female,2,2.9,"67,945"
HIV diagnoses,2021,Rhode Island,44,35-44,All races/ethnicities,Female,3,4.5,"67,282"
HIV diagnoses,2021,Rhode Island,44,25-34,All races/ethnicities,Female,0,0,"75,006"
HIV diagnoses,2021,Rhode Island,44,13-24,All races/ethnicities,Female,3,3.5,"86,450"
HIV diagnoses,2021,Rhode Island,44,55+,All races/ethnicities,Male,7,4.3,"163,151"
HIV diagnoses,2021,Rhode Island,44,45-54,All races/ethnicities,Male,6,9.2,"65,527"
HIV diagnoses,2021,Rhode Island,44,35-44,All races/ethnicities,Male,11,16,"68,693"
HIV diagnoses,2021,Rhode Island,44,25-34,All races/ethnicities,Male,20,25.7,"77,746"
HIV diagnoses,2021,Rhode Island,44,13-24,All races/ethnicities,Male,13,14.9,"87,386"
HIV diagnoses,2020 (COVID-19 Pandemic),Rhode Island,44,55+,All races/ethnicities,Female,1,0.5,"188,991"
HIV diagnoses,2020 (COVID-19 Pandemic),Rhode Island,44,45-54,All races/ethnicities,Female,3,4.3,"69,982"
HIV diagnoses,2020 (COVID-19 Pandemic),Rhode Island,44,35-44,All races/ethnicities,Female,3,4.5,"66,018"
HIV diagnoses,2020 (COVID-19 Pandemic),Rhode Island,44,25-34,All races/ethnicities,Female,0,0,"74,611"
HIV diagnoses,2020 (COVID-19 Pandemic),Rhode Island,44,13-24,All races/ethnicities,Female,4,4.6,"86,975"
HIV diagnoses,2020 (COVID-19 Pandemic),Rhode Island,44,55+,All races/ethnicities,Male,5,3.1,"161,147"
HIV diagnoses,2020 (COVID-19 Pandemic),Rhode Island,44,45-54,All races/ethnicities,Male,1,1.5,"67,356"
HIV diagnoses,2020 (COVID-19 Pandemic),Rhode Island,44,35-44,All races/ethnicities,Male,10,14.9,"67,252"
HIV diagnoses,2020 (COVID-19 Pandemic),Rhode Island,44,25-34,All races/ethnicities,Male,18,23.3,"77,400"
HIV diagnoses,2020 (COVID-19 Pandemic),Rhode Island,44,13-24,All races/ethnicities,Male,7,8,"88,035"
HIV diagnoses,2019,Rhode Island,44,55+,All races/ethnicities,Female,6,3.3,"184,054"
HIV diagnoses,2019,Rhode Island,44,45-54,All races/ethnicities,Female,1,1.4,"69,591"
HIV diagnoses,2019,Rhode Island,44,35-44,All races/ethnicities,Female,1,1.6,"62,758"
HIV diagnoses,2019,Rhode Island,44,25-34,All races/ethnicities,Female,2,2.8,"72,445"
HIV diagnoses,2019,Rhode Island,44,13-24,All races/ethnicities,Female,1,1.2,"84,244"
HIV diagnoses,2019,Rhode Island,44,55+,All races/ethnicities,Male,7,4.6,"152,619"
HIV diagnoses,2019,Rhode Island,44,45-54,All races/ethnicities,Male,9,13.7,"65,495"
HIV diagnoses,2019,Rhode Island,44,35-44,All races/ethnicities,Male,8,12.8,"62,506"
HIV diagnoses,2019,Rhode Island,44,25-34,All races/ethnicities,Male,23,30.4,"75,700"
HIV diagnoses,2019,Rhode Island,44,13-24,All races/ethnicities,Male,14,16.4,"85,317"
HIV diagnoses,2018,Rhode Island,44,55+,All races/ethnicities,Female,1,0.6,"181,291"
HIV diagnoses,2018,Rhode Island,44,45-54,All races/ethnicities,Female,5,7,"71,878"
HIV diagnoses,2018,Rhode Island,44,35-44,All races/ethnicities,Female,4,6.4,"62,387"
HIV diagnoses,2018,Rhode Island,44,25-34,All races/ethnicities,Female,2,2.8,"71,985"
HIV diagnoses,2018,Rhode Island,44,13-24,All races/ethnicities,Female,1,1.2,"85,514"
HIV diagnoses,2018,Rhode Island,44,55+,All races/ethnicities,Male,6,4,"150,096"
HIV diagnoses,2018,Rhode Island,44,45-54,All races/ethnicities,Male,15,22.2,"67,595"
HIV diagnoses,2018,Rhode Island,44,35-44,All races/ethnicities,Male,9,14.6,"61,843"
HIV diagnoses,2018,Rhode Island,44,25-34,All races/ethnicities,Male,18,24,"75,122"
HIV diagnoses,2018,Rhode Island,44,13-24,All races/ethnicities,Male,14,16.2,"86,675"
Gonorrhea,2021,South Carolina,45,55+,All races/ethnicities,Female,54,6,"898,012"
Gonorrhea,2021,South Carolina,45,45-54,All races/ethnicities,Female,186,57.4,"324,215"
Gonorrhea,2021,South Carolina,45,35-44,All races/ethnicities,Female,668,203.7,"327,990"
Gonorrhea,2021,South Carolina,45,25-34,All races/ethnicities,Female,"2,347",684.8,"342,722"
Gonorrhea,2021,South Carolina,45,13-24,All races/ethnicities,Female,"4,271",1092.2,"391,031"
Gonorrhea,2021,South Carolina,45,55+,All races/ethnicities,Male,281,36.7,"765,845"
Gonorrhea,2021,South Carolina,45,45-54,All races/ethnicities,Male,465,151.2,"307,466"
Gonorrhea,2021,South Carolina,45,35-44,All races/ethnicities,Male,"1,113",356.3,"312,351"
Gonorrhea,2021,South Carolina,45,25-34,All races/ethnicities,Male,"3,127",946.2,"330,464"
Gonorrhea,2021,South Carolina,45,13-24,All races/ethnicities,Male,"3,407",833.3,"408,856"
Gonorrhea,2020 (COVID-19 Pandemic),South Carolina,45,55+,All races/ethnicities,Female,45,5.1,"877,561"
Gonorrhea,2020 (COVID-19 Pandemic),South Carolina,45,45-54,All races/ethnicities,Female,167,51.4,"325,095"
Gonorrhea,2020 (COVID-19 Pandemic),South Carolina,45,35-44,All races/ethnicities,Female,636,198.1,"321,014"
Gonorrhea,2020 (COVID-19 Pandemic),South Carolina,45,25-34,All races/ethnicities,Female,"2,408",707.4,"340,407"
Gonorrhea,2020 (COVID-19 Pandemic),South Carolina,45,13-24,All races/ethnicities,Female,"4,607",1199.9,"383,955"
Gonorrhea,2020 (COVID-19 Pandemic),South Carolina,45,55+,All races/ethnicities,Male,255,34,"749,221"
Gonorrhea,2020 (COVID-19 Pandemic),South Carolina,45,45-54,All races/ethnicities,Male,447,144.5,"309,303"
Gonorrhea,2020 (COVID-19 Pandemic),South Carolina,45,35-44,All races/ethnicities,Male,"1,198",390.8,"306,555"
Gonorrhea,2020 (COVID-19 Pandemic),South Carolina,45,25-34,All races/ethnicities,Male,"3,318",1010.8,"328,261"
Gonorrhea,2020 (COVID-19 Pandemic),South Carolina,45,13-24,All races/ethnicities,Male,"3,494",868.6,"402,259"
Gonorrhea,2019,South Carolina,45,55+,All races/ethnicities,Female,47,5.3,"886,191"
Gonorrhea,2019,South Carolina,45,45-54,All races/ethnicities,Female,141,42.5,"331,845"
Gonorrhea,2019,South Carolina,45,35-44,All races/ethnicities,Female,581,182.1,"319,094"
Gonorrhea,2019,South Carolina,45,25-34,All races/ethnicities,Female,"2,161",624.6,"345,993"
Gonorrhea,2019,South Carolina,45,13-24,All races/ethnicities,Female,"3,913",1024.4,"381,981"
Gonorrhea,2019,South Carolina,45,55+,All races/ethnicities,Male,245,33.1,"739,976"
Gonorrhea,2019,South Carolina,45,45-54,All races/ethnicities,Male,391,126.6,"308,762"
Gonorrhea,2019,South Carolina,45,35-44,All races/ethnicities,Male,923,306.2,"301,410"
Gonorrhea,2019,South Carolina,45,25-34,All races/ethnicities,Male,"2,738",812.8,"336,861"
Gonorrhea,2019,South Carolina,45,13-24,All races/ethnicities,Male,"2,955",736.1,"401,431"
Gonorrhea,2018,South Carolina,45,55+,All races/ethnicities,Female,35,4.1,"859,297"
Gonorrhea,2018,South Carolina,45,45-54,All races/ethnicities,Female,107,31.9,"335,022"
Gonorrhea,2018,South Carolina,45,35-44,All races/ethnicities,Female,475,151.2,"314,220"
Gonorrhea,2018,South Carolina,45,25-34,All races/ethnicities,Female,"2,100",615,"341,477"
Gonorrhea,2018,South Carolina,45,13-24,All races/ethnicities,Female,"4,287",1127.8,"380,134"
Gonorrhea,2018,South Carolina,45,55+,All races/ethnicities,Male,230,32,"718,448"
Gonorrhea,2018,South Carolina,45,45-54,All races/ethnicities,Male,339,108.7,"312,002"
Gonorrhea,2018,South Carolina,45,35-44,All races/ethnicities,Male,864,290.6,"297,318"
Gonorrhea,2018,South Carolina,45,25-34,All races/ethnicities,Male,"2,434",732.3,"332,360"
Gonorrhea,2018,South Carolina,45,13-24,All races/ethnicities,Male,"2,869",717.6,"399,803"
Chlamydia,2021,South Carolina,45,55+,All races/ethnicities,Female,112,12.5,"898,012"
Chlamydia,2021,South Carolina,45,45-54,All races/ethnicities,Female,238,73.4,"324,215"
Chlamydia,2021,South Carolina,45,35-44,All races/ethnicities,Female,"1,110",338.4,"327,990"
Chlamydia,2021,South Carolina,45,25-34,All races/ethnicities,Female,"5,726",1670.7,"342,722"
Chlamydia,2021,South Carolina,45,13-24,All races/ethnicities,Female,"16,420",4199.2,"391,031"
Chlamydia,2021,South Carolina,45,55+,All races/ethnicities,Male,153,20,"765,845"
Chlamydia,2021,South Carolina,45,45-54,All races/ethnicities,Male,331,107.7,"307,466"
Chlamydia,2021,South Carolina,45,35-44,All races/ethnicities,Male,"1,064",340.6,"312,351"
Chlamydia,2021,South Carolina,45,25-34,All races/ethnicities,Male,"4,067",1230.7,"330,464"
Chlamydia,2021,South Carolina,45,13-24,All races/ethnicities,Male,"6,982",1707.7,"408,856"
Chlamydia,2020 (COVID-19 Pandemic),South Carolina,45,55+,All races/ethnicities,Female,75,8.5,"877,561"
Chlamydia,2020 (COVID-19 Pandemic),South Carolina,45,45-54,All races/ethnicities,Female,199,61.2,"325,095"
Chlamydia,2020 (COVID-19 Pandemic),South Carolina,45,35-44,All races/ethnicities,Female,947,295,"321,014"
Chlamydia,2020 (COVID-19 Pandemic),South Carolina,45,25-34,All races/ethnicities,Female,"5,213",1531.4,"340,407"
Chlamydia,2020 (COVID-19 Pandemic),South Carolina,45,13-24,All races/ethnicities,Female,"15,878",4135.4,"383,955"
Chlamydia,2020 (COVID-19 Pandemic),South Carolina,45,55+,All races/ethnicities,Male,121,16.2,"749,221"
Chlamydia,2020 (COVID-19 Pandemic),South Carolina,45,45-54,All races/ethnicities,Male,304,98.3,"309,303"
Chlamydia,2020 (COVID-19 Pandemic),South Carolina,45,35-44,All races/ethnicities,Male,945,308.3,"306,555"
Chlamydia,2020 (COVID-19 Pandemic),South Carolina,45,25-34,All races/ethnicities,Male,"3,714",1131.4,"328,261"
Chlamydia,2020 (COVID-19 Pandemic),South Carolina,45,13-24,All races/ethnicities,Male,"6,470",1608.4,"402,259"
Chlamydia,2019,South Carolina,45,55+,All races/ethnicities,Female,79,8.9,"886,191"
Chlamydia,2019,South Carolina,45,45-54,All races/ethnicities,Female,227,68.4,"331,845"
Chlamydia,2019,South Carolina,45,35-44,All races/ethnicities,Female,"1,034",324,"319,094"
Chlamydia,2019,South Carolina,45,25-34,All races/ethnicities,Female,"5,443",1573.2,"345,993"
Chlamydia,2019,South Carolina,45,13-24,All races/ethnicities,Female,"16,963",4440.8,"381,981"
Chlamydia,2019,South Carolina,45,55+,All races/ethnicities,Male,133,18,"739,976"
Chlamydia,2019,South Carolina,45,45-54,All races/ethnicities,Male,288,93.3,"308,762"
Chlamydia,2019,South Carolina,45,35-44,All races/ethnicities,Male,900,298.6,"301,410"
Chlamydia,2019,South Carolina,45,25-34,All races/ethnicities,Male,"3,745",1111.7,"336,861"
Chlamydia,2019,South Carolina,45,13-24,All races/ethnicities,Male,"6,980",1738.8,"401,431"
Chlamydia,2018,South Carolina,45,55+,All races/ethnicities,Female,68,7.9,"859,297"
Chlamydia,2018,South Carolina,45,45-54,All races/ethnicities,Female,196,58.5,"335,022"
Chlamydia,2018,South Carolina,45,35-44,All races/ethnicities,Female,892,283.9,"314,220"
Chlamydia,2018,South Carolina,45,25-34,All races/ethnicities,Female,"5,308",1554.4,"341,477"
Chlamydia,2018,South Carolina,45,13-24,All races/ethnicities,Female,"16,321",4293.5,"380,134"
Chlamydia,2018,South Carolina,45,55+,All races/ethnicities,Male,113,15.7,"718,448"
Chlamydia,2018,South Carolina,45,45-54,All races/ethnicities,Male,254,81.4,"312,002"
Chlamydia,2018,South Carolina,45,35-44,All races/ethnicities,Male,806,271.1,"297,318"
Chlamydia,2018,South Carolina,45,25-34,All races/ethnicities,Male,"3,394",1021.2,"332,360"
Chlamydia,2018,South Carolina,45,13-24,All races/ethnicities,Male,"6,393",1599,"399,803"
HIV diagnoses,2021,South Carolina,45,55+,All races/ethnicities,Female,25,2.8,"898,012"
HIV diagnoses,2021,South Carolina,45,45-54,All races/ethnicities,Female,21,6.5,"324,215"
HIV diagnoses,2021,South Carolina,45,35-44,All races/ethnicities,Female,35,10.7,"327,990"
HIV diagnoses,2021,South Carolina,45,25-34,All races/ethnicities,Female,37,10.8,"342,722"
HIV diagnoses,2021,South Carolina,45,13-24,All races/ethnicities,Female,24,6.1,"391,031"
HIV diagnoses,2021,South Carolina,45,55+,All races/ethnicities,Male,36,4.7,"765,845"
HIV diagnoses,2021,South Carolina,45,45-54,All races/ethnicities,Male,49,15.9,"307,466"
HIV diagnoses,2021,South Carolina,45,35-44,All races/ethnicities,Male,86,27.5,"312,351"
HIV diagnoses,2021,South Carolina,45,25-34,All races/ethnicities,Male,198,59.9,"330,464"
HIV diagnoses,2021,South Carolina,45,13-24,All races/ethnicities,Male,141,34.5,"408,856"
HIV diagnoses,2020 (COVID-19 Pandemic),South Carolina,45,55+,All races/ethnicities,Female,21,2.4,"877,561"
HIV diagnoses,2020 (COVID-19 Pandemic),South Carolina,45,45-54,All races/ethnicities,Female,37,11.4,"325,095"
HIV diagnoses,2020 (COVID-19 Pandemic),South Carolina,45,35-44,All races/ethnicities,Female,20,6.2,"321,014"
HIV diagnoses,2020 (COVID-19 Pandemic),South Carolina,45,25-34,All races/ethnicities,Female,40,11.8,"340,407"
HIV diagnoses,2020 (COVID-19 Pandemic),South Carolina,45,13-24,All races/ethnicities,Female,18,4.7,"383,955"
HIV diagnoses,2020 (COVID-19 Pandemic),South Carolina,45,55+,All races/ethnicities,Male,52,6.9,"749,221"
HIV diagnoses,2020 (COVID-19 Pandemic),South Carolina,45,45-54,All races/ethnicities,Male,53,17.1,"309,303"
HIV diagnoses,2020 (COVID-19 Pandemic),South Carolina,45,35-44,All races/ethnicities,Male,82,26.7,"306,555"
HIV diagnoses,2020 (COVID-19 Pandemic),South Carolina,45,25-34,All races/ethnicities,Male,206,62.8,"328,261"
HIV diagnoses,2020 (COVID-19 Pandemic),South Carolina,45,13-24,All races/ethnicities,Male,131,32.6,"402,259"
HIV diagnoses,2019,South Carolina,45,55+,All races/ethnicities,Female,25,2.8,"886,999"
HIV diagnoses,2019,South Carolina,45,45-54,All races/ethnicities,Female,25,7.5,"332,107"
HIV diagnoses,2019,South Carolina,45,35-44,All races/ethnicities,Female,34,10.6,"319,750"
HIV diagnoses,2019,South Carolina,45,25-34,All races/ethnicities,Female,37,10.7,"346,957"
HIV diagnoses,2019,South Carolina,45,13-24,All races/ethnicities,Female,13,3.4,"382,504"
HIV diagnoses,2019,South Carolina,45,55+,All races/ethnicities,Male,59,8,"740,995"
HIV diagnoses,2019,South Carolina,45,45-54,All races/ethnicities,Male,52,16.8,"309,360"
HIV diagnoses,2019,South Carolina,45,35-44,All races/ethnicities,Male,81,26.8,"302,177"
HIV diagnoses,2019,South Carolina,45,25-34,All races/ethnicities,Male,214,63.4,"337,799"
HIV diagnoses,2019,South Carolina,45,13-24,All races/ethnicities,Male,181,45.1,"401,773"
HIV diagnoses,2018,South Carolina,45,55+,All races/ethnicities,Female,28,3.3,"860,127"
HIV diagnoses,2018,South Carolina,45,45-54,All races/ethnicities,Female,30,8.9,"335,279"
HIV diagnoses,2018,South Carolina,45,35-44,All races/ethnicities,Female,38,12.1,"314,748"
HIV diagnoses,2018,South Carolina,45,25-34,All races/ethnicities,Female,47,13.7,"342,282"
HIV diagnoses,2018,South Carolina,45,13-24,All races/ethnicities,Female,18,4.7,"380,523"
HIV diagnoses,2018,South Carolina,45,55+,All races/ethnicities,Male,44,6.1,"719,442"
HIV diagnoses,2018,South Carolina,45,45-54,All races/ethnicities,Male,71,22.7,"312,457"
HIV diagnoses,2018,South Carolina,45,35-44,All races/ethnicities,Male,94,31.5,"298,014"
HIV diagnoses,2018,South Carolina,45,25-34,All races/ethnicities,Male,213,63.9,"333,134"
HIV diagnoses,2018,South Carolina,45,13-24,All races/ethnicities,Male,143,35.7,"400,343"
Gonorrhea,2021,South Dakota,46,55+,All races/ethnicities,Female,8,5.7,"139,781"
Gonorrhea,2021,South Dakota,46,45-54,All races/ethnicities,Female,52,114.1,"45,593"
Gonorrhea,2021,South Dakota,46,35-44,All races/ethnicities,Female,341,638.7,"53,392"
Gonorrhea,2021,South Dakota,46,25-34,All races/ethnicities,Female,756,1392,"54,312"
Gonorrhea,2021,South Dakota,46,13-24,All races/ethnicities,Female,683,967,"70,632"
Gonorrhea,2021,South Dakota,46,55+,All races/ethnicities,Male,38,28.7,"132,634"
Gonorrhea,2021,South Dakota,46,45-54,All races/ethnicities,Male,104,212.7,"48,899"
Gonorrhea,2021,South Dakota,46,35-44,All races/ethnicities,Male,323,554.5,"58,255"
Gonorrhea,2021,South Dakota,46,25-34,All races/ethnicities,Male,534,907.3,"58,859"
Gonorrhea,2021,South Dakota,46,13-24,All races/ethnicities,Male,415,549.5,"75,517"
Gonorrhea,2020 (COVID-19 Pandemic),South Dakota,46,55+,All races/ethnicities,Female,5,3.6,"138,212"
Gonorrhea,2020 (COVID-19 Pandemic),South Dakota,46,45-54,All races/ethnicities,Female,30,65.8,"45,614"
Gonorrhea,2020 (COVID-19 Pandemic),South Dakota,46,35-44,All races/ethnicities,Female,178,342.2,"52,023"
Gonorrhea,2020 (COVID-19 Pandemic),South Dakota,46,25-34,All races/ethnicities,Female,518,958.1,"54,063"
Gonorrhea,2020 (COVID-19 Pandemic),South Dakota,46,13-24,All races/ethnicities,Female,543,782.7,"69,371"
Gonorrhea,2020 (COVID-19 Pandemic),South Dakota,46,55+,All races/ethnicities,Male,35,26.8,"130,739"
Gonorrhea,2020 (COVID-19 Pandemic),South Dakota,46,45-54,All races/ethnicities,Male,68,139.6,"48,696"
Gonorrhea,2020 (COVID-19 Pandemic),South Dakota,46,35-44,All races/ethnicities,Male,240,422,"56,870"
Gonorrhea,2020 (COVID-19 Pandemic),South Dakota,46,25-34,All races/ethnicities,Male,435,741.1,"58,700"
Gonorrhea,2020 (COVID-19 Pandemic),South Dakota,46,13-24,All races/ethnicities,Male,364,491.8,"74,012"
Gonorrhea,2019,South Dakota,46,55+,All races/ethnicities,Female,11,7.8,"140,218"
Gonorrhea,2019,South Dakota,46,45-54,All races/ethnicities,Female,25,53.7,"46,562"
Gonorrhea,2019,South Dakota,46,35-44,All races/ethnicities,Female,154,301.6,"51,054"
Gonorrhea,2019,South Dakota,46,25-34,All races/ethnicities,Female,518,946.6,"54,725"
Gonorrhea,2019,South Dakota,46,13-24,All races/ethnicities,Female,512,753,"67,993"
Gonorrhea,2019,South Dakota,46,55+,All races/ethnicities,Male,27,20.9,"129,151"
Gonorrhea,2019,South Dakota,46,45-54,All races/ethnicities,Male,62,128.4,"48,303"
Gonorrhea,2019,South Dakota,46,35-44,All races/ethnicities,Male,175,319.3,"54,810"
Gonorrhea,2019,South Dakota,46,25-34,All races/ethnicities,Male,367,608.2,"60,339"
Gonorrhea,2019,South Dakota,46,13-24,All races/ethnicities,Male,315,434,"72,580"
Gonorrhea,2018,South Dakota,46,55+,All races/ethnicities,Female,4,2.9,"137,376"
Gonorrhea,2018,South Dakota,46,45-54,All races/ethnicities,Female,12,25.2,"47,625"
Gonorrhea,2018,South Dakota,46,35-44,All races/ethnicities,Female,120,240.2,"49,956"
Gonorrhea,2018,South Dakota,46,25-34,All races/ethnicities,Female,353,644.5,"54,773"
Gonorrhea,2018,South Dakota,46,13-24,All races/ethnicities,Female,485,714.3,"67,898"
Gonorrhea,2018,South Dakota,46,55+,All races/ethnicities,Male,18,14.3,"126,115"
Gonorrhea,2018,South Dakota,46,45-54,All races/ethnicities,Male,38,77.2,"49,234"
Gonorrhea,2018,South Dakota,46,35-44,All races/ethnicities,Male,120,224.3,"53,499"
Gonorrhea,2018,South Dakota,46,25-34,All races/ethnicities,Male,295,487.2,"60,544"
Gonorrhea,2018,South Dakota,46,13-24,All races/ethnicities,Male,244,336.4,"72,522"
Chlamydia,2021,South Dakota,46,55+,All races/ethnicities,Female,5,3.6,"139,781"
Chlamydia,2021,South Dakota,46,45-54,All races/ethnicities,Female,46,100.9,"45,593"
Chlamydia,2021,South Dakota,46,35-44,All races/ethnicities,Female,266,498.2,"53,392"
Chlamydia,2021,South Dakota,46,25-34,All races/ethnicities,Female,942,1734.4,"54,312"
Chlamydia,2021,South Dakota,46,13-24,All races/ethnicities,Female,"2,052",2905.2,"70,632"
Chlamydia,2021,South Dakota,46,55+,All races/ethnicities,Male,21,15.8,"132,634"
Chlamydia,2021,South Dakota,46,45-54,All races/ethnicities,Male,47,96.1,"48,899"
Chlamydia,2021,South Dakota,46,35-44,All races/ethnicities,Male,183,314.1,"58,255"
Chlamydia,2021,South Dakota,46,25-34,All races/ethnicities,Male,503,854.6,"58,859"
Chlamydia,2021,South Dakota,46,13-24,All races/ethnicities,Male,784,1038.2,"75,517"
Chlamydia,2020 (COVID-19 Pandemic),South Dakota,46,55+,All races/ethnicities,Female,3,2.2,"138,212"
Chlamydia,2020 (COVID-19 Pandemic),South Dakota,46,45-54,All races/ethnicities,Female,26,57,"45,614"
Chlamydia,2020 (COVID-19 Pandemic),South Dakota,46,35-44,All races/ethnicities,Female,175,336.4,"52,023"
Chlamydia,2020 (COVID-19 Pandemic),South Dakota,46,25-34,All races/ethnicities,Female,737,1363.2,"54,063"
Chlamydia,2020 (COVID-19 Pandemic),South Dakota,46,13-24,All races/ethnicities,Female,"1,846",2661.1,"69,371"
Chlamydia,2020 (COVID-19 Pandemic),South Dakota,46,55+,All races/ethnicities,Male,16,12.2,"130,739"
Chlamydia,2020 (COVID-19 Pandemic),South Dakota,46,45-54,All races/ethnicities,Male,27,55.4,"48,696"
Chlamydia,2020 (COVID-19 Pandemic),South Dakota,46,35-44,All races/ethnicities,Male,126,221.6,"56,870"
Chlamydia,2020 (COVID-19 Pandemic),South Dakota,46,25-34,All races/ethnicities,Male,381,649.1,"58,700"
Chlamydia,2020 (COVID-19 Pandemic),South Dakota,46,13-24,All races/ethnicities,Male,699,944.4,"74,012"
Chlamydia,2019,South Dakota,46,55+,All races/ethnicities,Female,7,5,"140,218"
Chlamydia,2019,South Dakota,46,45-54,All races/ethnicities,Female,23,49.4,"46,562"
Chlamydia,2019,South Dakota,46,35-44,All races/ethnicities,Female,213,417.2,"51,054"
Chlamydia,2019,South Dakota,46,25-34,All races/ethnicities,Female,903,1650.1,"54,725"
Chlamydia,2019,South Dakota,46,13-24,All races/ethnicities,Female,"2,049",3013.5,"67,993"
Chlamydia,2019,South Dakota,46,55+,All races/ethnicities,Male,18,13.9,"129,151"
Chlamydia,2019,South Dakota,46,45-54,All races/ethnicities,Male,29,60,"48,303"
Chlamydia,2019,South Dakota,46,35-44,All races/ethnicities,Male,122,222.6,"54,810"
Chlamydia,2019,South Dakota,46,25-34,All races/ethnicities,Male,446,739.2,"60,339"
Chlamydia,2019,South Dakota,46,13-24,All races/ethnicities,Male,731,1007.2,"72,580"
Chlamydia,2018,South Dakota,46,55+,All races/ethnicities,Female,5,3.6,"137,376"
Chlamydia,2018,South Dakota,46,45-54,All races/ethnicities,Female,38,79.8,"47,625"
Chlamydia,2018,South Dakota,46,35-44,All races/ethnicities,Female,169,338.3,"49,956"
Chlamydia,2018,South Dakota,46,25-34,All races/ethnicities,Female,799,1458.7,"54,773"
Chlamydia,2018,South Dakota,46,13-24,All races/ethnicities,Female,"1,994",2936.8,"67,898"
Chlamydia,2018,South Dakota,46,55+,All races/ethnicities,Male,19,15.1,"126,115"
Chlamydia,2018,South Dakota,46,45-54,All races/ethnicities,Male,42,85.3,"49,234"
Chlamydia,2018,South Dakota,46,35-44,All races/ethnicities,Male,130,243,"53,499"
Chlamydia,2018,South Dakota,46,25-34,All races/ethnicities,Male,471,777.9,"60,544"
Chlamydia,2018,South Dakota,46,13-24,All races/ethnicities,Male,761,1049.3,"72,522"
HIV diagnoses,2021,South Dakota,46,55+,All races/ethnicities,Female,0,0,"139,781"
HIV diagnoses,2021,South Dakota,46,45-54,All races/ethnicities,Female,2,4.4,"45,593"
HIV diagnoses,2021,South Dakota,46,35-44,All races/ethnicities,Female,3,5.6,"53,392"
HIV diagnoses,2021,South Dakota,46,25-34,All races/ethnicities,Female,1,1.8,"54,312"
HIV diagnoses,2021,South Dakota,46,13-24,All races/ethnicities,Female,0,0,"70,632"
HIV diagnoses,2021,South Dakota,46,55+,All races/ethnicities,Male,3,2.3,"132,634"
HIV diagnoses,2021,South Dakota,46,45-54,All races/ethnicities,Male,2,4.1,"48,899"
HIV diagnoses,2021,South Dakota,46,35-44,All races/ethnicities,Male,8,13.7,"58,255"
HIV diagnoses,2021,South Dakota,46,25-34,All races/ethnicities,Male,8,13.6,"58,859"
HIV diagnoses,2021,South Dakota,46,13-24,All races/ethnicities,Male,4,5.3,"75,517"
HIV diagnoses,2020 (COVID-19 Pandemic),South Dakota,46,55+,All races/ethnicities,Female,2,1.4,"138,212"
HIV diagnoses,2020 (COVID-19 Pandemic),South Dakota,46,45-54,All races/ethnicities,Female,0,0,"45,614"
HIV diagnoses,2020 (COVID-19 Pandemic),South Dakota,46,35-44,All races/ethnicities,Female,2,3.8,"52,023"
HIV diagnoses,2020 (COVID-19 Pandemic),South Dakota,46,25-34,All races/ethnicities,Female,4,7.4,"54,063"
HIV diagnoses,2020 (COVID-19 Pandemic),South Dakota,46,13-24,All races/ethnicities,Female,0,0,"69,371"
HIV diagnoses,2020 (COVID-19 Pandemic),South Dakota,46,55+,All races/ethnicities,Male,1,0.8,"130,739"
HIV diagnoses,2020 (COVID-19 Pandemic),South Dakota,46,45-54,All races/ethnicities,Male,4,8.2,"48,696"
HIV diagnoses,2020 (COVID-19 Pandemic),South Dakota,46,35-44,All races/ethnicities,Male,4,7,"56,870"
HIV diagnoses,2020 (COVID-19 Pandemic),South Dakota,46,25-34,All races/ethnicities,Male,11,18.7,"58,700"
HIV diagnoses,2020 (COVID-19 Pandemic),South Dakota,46,13-24,All races/ethnicities,Male,6,8.1,"74,012"
HIV diagnoses,2019,South Dakota,46,55+,All races/ethnicities,Female,0,0,"140,243"
HIV diagnoses,2019,South Dakota,46,45-54,All races/ethnicities,Female,1,2.1,"46,556"
HIV diagnoses,2019,South Dakota,46,35-44,All races/ethnicities,Female,5,9.8,"51,237"
HIV diagnoses,2019,South Dakota,46,25-34,All races/ethnicities,Female,2,3.6,"55,131"
HIV diagnoses,2019,South Dakota,46,13-24,All races/ethnicities,Female,1,1.5,"68,608"
HIV diagnoses,2019,South Dakota,46,55+,All races/ethnicities,Male,2,1.6,"129,007"
HIV diagnoses,2019,South Dakota,46,45-54,All races/ethnicities,Male,4,8.3,"48,320"
HIV diagnoses,2019,South Dakota,46,35-44,All races/ethnicities,Male,6,10.9,"54,907"
HIV diagnoses,2019,South Dakota,46,25-34,All races/ethnicities,Male,9,14.8,"60,623"
HIV diagnoses,2019,South Dakota,46,13-24,All races/ethnicities,Male,4,5.5,"73,164"
HIV diagnoses,2018,South Dakota,46,55+,All races/ethnicities,Female,0,0,"137,305"
HIV diagnoses,2018,South Dakota,46,45-54,All races/ethnicities,Female,1,2.1,"47,624"
HIV diagnoses,2018,South Dakota,46,35-44,All races/ethnicities,Female,1,2,"50,042"
HIV diagnoses,2018,South Dakota,46,25-34,All races/ethnicities,Female,1,1.8,"54,897"
HIV diagnoses,2018,South Dakota,46,13-24,All races/ethnicities,Female,1,1.5,"68,097"
HIV diagnoses,2018,South Dakota,46,55+,All races/ethnicities,Male,8,6.3,"125,999"
HIV diagnoses,2018,South Dakota,46,45-54,All races/ethnicities,Male,3,6.1,"49,254"
HIV diagnoses,2018,South Dakota,46,35-44,All races/ethnicities,Male,5,9.3,"53,533"
HIV diagnoses,2018,South Dakota,46,25-34,All races/ethnicities,Male,7,11.6,"60,480"
HIV diagnoses,2018,South Dakota,46,13-24,All races/ethnicities,Male,2,2.7,"72,790"
Gonorrhea,2021,Tennessee,47,55+,All races/ethnicities,Female,49,4.3,"1,126,475"
Gonorrhea,2021,Tennessee,47,45-54,All races/ethnicities,Female,188,42.7,"440,262"
Gonorrhea,2021,Tennessee,47,35-44,All races/ethnicities,Female,867,194.6,"445,584"
Gonorrhea,2021,Tennessee,47,25-34,All races/ethnicities,Female,"2,663",549.8,"484,357"
Gonorrhea,2021,Tennessee,47,13-24,All races/ethnicities,Female,"4,710",891.1,"528,538"
Gonorrhea,2021,Tennessee,47,55+,All races/ethnicities,Male,361,37.1,"972,681"
Gonorrhea,2021,Tennessee,47,45-54,All races/ethnicities,Male,571,132.2,"431,831"
Gonorrhea,2021,Tennessee,47,35-44,All races/ethnicities,Male,"1,441",329.3,"437,562"
Gonorrhea,2021,Tennessee,47,25-34,All races/ethnicities,Male,"4,016",838.9,"478,710"
Gonorrhea,2021,Tennessee,47,13-24,All races/ethnicities,Male,"3,891",714.6,"544,534"
Gonorrhea,2020 (COVID-19 Pandemic),Tennessee,47,55+,All races/ethnicities,Female,53,4.8,"1,109,029"
Gonorrhea,2020 (COVID-19 Pandemic),Tennessee,47,45-54,All races/ethnicities,Female,176,39.8,"442,761"
Gonorrhea,2020 (COVID-19 Pandemic),Tennessee,47,35-44,All races/ethnicities,Female,737,168,"438,607"
Gonorrhea,2020 (COVID-19 Pandemic),Tennessee,47,25-34,All races/ethnicities,Female,"2,658",554.6,"479,246"
Gonorrhea,2020 (COVID-19 Pandemic),Tennessee,47,13-24,All races/ethnicities,Female,"4,973",952.1,"522,344"
Gonorrhea,2020 (COVID-19 Pandemic),Tennessee,47,55+,All races/ethnicities,Male,270,28.2,"957,967"
Gonorrhea,2020 (COVID-19 Pandemic),Tennessee,47,45-54,All races/ethnicities,Male,553,127.2,"434,912"
Gonorrhea,2020 (COVID-19 Pandemic),Tennessee,47,35-44,All races/ethnicities,Male,"1,443",334.5,"431,345"
Gonorrhea,2020 (COVID-19 Pandemic),Tennessee,47,25-34,All races/ethnicities,Male,"3,855",814.3,"473,408"
Gonorrhea,2020 (COVID-19 Pandemic),Tennessee,47,13-24,All races/ethnicities,Male,"3,722",691.2,"538,461"
Gonorrhea,2019,Tennessee,47,55+,All races/ethnicities,Female,43,3.9,"1,105,432"
Gonorrhea,2019,Tennessee,47,45-54,All races/ethnicities,Female,156,35.1,"444,374"
Gonorrhea,2019,Tennessee,47,35-44,All races/ethnicities,Female,645,150,"430,125"
Gonorrhea,2019,Tennessee,47,25-34,All races/ethnicities,Female,"2,253",473.2,"476,089"
Gonorrhea,2019,Tennessee,47,13-24,All races/ethnicities,Female,"4,476",874,"512,101"
Gonorrhea,2019,Tennessee,47,55+,All races/ethnicities,Male,228,24.4,"932,658"
Gonorrhea,2019,Tennessee,47,45-54,All races/ethnicities,Male,480,112.4,"426,905"
Gonorrhea,2019,Tennessee,47,35-44,All races/ethnicities,Male,"1,208",289.3,"417,533"
Gonorrhea,2019,Tennessee,47,25-34,All races/ethnicities,Male,"3,183",672.1,"473,567"
Gonorrhea,2019,Tennessee,47,13-24,All races/ethnicities,Male,"3,337",630.3,"529,426"
Gonorrhea,2018,Tennessee,47,55+,All races/ethnicities,Female,46,4.3,"1,081,264"
Gonorrhea,2018,Tennessee,47,45-54,All races/ethnicities,Female,131,29.1,"450,203"
Gonorrhea,2018,Tennessee,47,35-44,All races/ethnicities,Female,486,114.1,"425,871"
Gonorrhea,2018,Tennessee,47,25-34,All races/ethnicities,Female,"1,986",424,"468,354"
Gonorrhea,2018,Tennessee,47,13-24,All races/ethnicities,Female,"4,015",784.2,"511,970"
Gonorrhea,2018,Tennessee,47,55+,All races/ethnicities,Male,254,27.9,"911,432"
Gonorrhea,2018,Tennessee,47,45-54,All races/ethnicities,Male,445,102.9,"432,620"
Gonorrhea,2018,Tennessee,47,35-44,All races/ethnicities,Male,"1,005",242.3,"414,729"
Gonorrhea,2018,Tennessee,47,25-34,All races/ethnicities,Male,"2,936",631.9,"464,596"
Gonorrhea,2018,Tennessee,47,13-24,All races/ethnicities,Male,"3,305",624.1,"529,575"
Chlamydia,2021,Tennessee,47,55+,All races/ethnicities,Female,85,7.5,"1,126,475"
Chlamydia,2021,Tennessee,47,45-54,All races/ethnicities,Female,249,56.6,"440,262"
Chlamydia,2021,Tennessee,47,35-44,All races/ethnicities,Female,"1,202",269.8,"445,584"
Chlamydia,2021,Tennessee,47,25-34,All races/ethnicities,Female,"6,420",1325.5,"484,357"
Chlamydia,2021,Tennessee,47,13-24,All races/ethnicities,Female,"17,362",3284.9,"528,538"
Chlamydia,2021,Tennessee,47,55+,All races/ethnicities,Male,213,21.9,"972,681"
Chlamydia,2021,Tennessee,47,45-54,All races/ethnicities,Male,382,88.5,"431,831"
Chlamydia,2021,Tennessee,47,35-44,All races/ethnicities,Male,"1,312",299.8,"437,562"
Chlamydia,2021,Tennessee,47,25-34,All races/ethnicities,Male,"4,627",966.6,"478,710"
Chlamydia,2021,Tennessee,47,13-24,All races/ethnicities,Male,"7,336",1347.2,"544,534"
Chlamydia,2020 (COVID-19 Pandemic),Tennessee,47,55+,All races/ethnicities,Female,80,7.2,"1,109,029"
Chlamydia,2020 (COVID-19 Pandemic),Tennessee,47,45-54,All races/ethnicities,Female,209,47.2,"442,761"
Chlamydia,2020 (COVID-19 Pandemic),Tennessee,47,35-44,All races/ethnicities,Female,"1,019",232.3,"438,607"
Chlamydia,2020 (COVID-19 Pandemic),Tennessee,47,25-34,All races/ethnicities,Female,"6,159",1285.1,"479,246"
Chlamydia,2020 (COVID-19 Pandemic),Tennessee,47,13-24,All races/ethnicities,Female,"17,476",3345.7,"522,344"
Chlamydia,2020 (COVID-19 Pandemic),Tennessee,47,55+,All races/ethnicities,Male,169,17.6,"957,967"
Chlamydia,2020 (COVID-19 Pandemic),Tennessee,47,45-54,All races/ethnicities,Male,357,82.1,"434,912"
Chlamydia,2020 (COVID-19 Pandemic),Tennessee,47,35-44,All races/ethnicities,Male,"1,119",259.4,"431,345"
Chlamydia,2020 (COVID-19 Pandemic),Tennessee,47,25-34,All races/ethnicities,Male,"4,314",911.3,"473,408"
Chlamydia,2020 (COVID-19 Pandemic),Tennessee,47,13-24,All races/ethnicities,Male,"6,967",1293.9,"538,461"
Chlamydia,2019,Tennessee,47,55+,All races/ethnicities,Female,80,7.2,"1,105,432"
Chlamydia,2019,Tennessee,47,45-54,All races/ethnicities,Female,221,49.7,"444,374"
Chlamydia,2019,Tennessee,47,35-44,All races/ethnicities,Female,"1,116",259.5,"430,125"
Chlamydia,2019,Tennessee,47,25-34,All races/ethnicities,Female,"6,383",1340.7,"476,089"
Chlamydia,2019,Tennessee,47,13-24,All races/ethnicities,Female,"19,124",3734.4,"512,101"
Chlamydia,2019,Tennessee,47,55+,All races/ethnicities,Male,165,17.7,"932,658"
Chlamydia,2019,Tennessee,47,45-54,All races/ethnicities,Male,362,84.8,"426,905"
Chlamydia,2019,Tennessee,47,35-44,All races/ethnicities,Male,"1,201",287.6,"417,533"
Chlamydia,2019,Tennessee,47,25-34,All races/ethnicities,Male,"4,545",959.7,"473,567"
Chlamydia,2019,Tennessee,47,13-24,All races/ethnicities,Male,"7,844",1481.6,"529,426"
Chlamydia,2018,Tennessee,47,55+,All races/ethnicities,Female,82,7.6,"1,081,264"
Chlamydia,2018,Tennessee,47,45-54,All races/ethnicities,Female,186,41.3,"450,203"
Chlamydia,2018,Tennessee,47,35-44,All races/ethnicities,Female,"1,022",240,"425,871"
Chlamydia,2018,Tennessee,47,25-34,All races/ethnicities,Female,"5,890",1257.6,"468,354"
Chlamydia,2018,Tennessee,47,13-24,All races/ethnicities,Female,"17,949",3505.9,"511,970"
Chlamydia,2018,Tennessee,47,55+,All races/ethnicities,Male,126,13.8,"911,432"
Chlamydia,2018,Tennessee,47,45-54,All races/ethnicities,Male,334,77.2,"432,620"
Chlamydia,2018,Tennessee,47,35-44,All races/ethnicities,Male,996,240.2,"414,729"
Chlamydia,2018,Tennessee,47,25-34,All races/ethnicities,Male,"4,221",908.5,"464,596"
Chlamydia,2018,Tennessee,47,13-24,All races/ethnicities,Male,"7,374",1392.4,"529,575"
HIV diagnoses,2021,Tennessee,47,55+,All races/ethnicities,Female,24,2.1,"1,126,475"
HIV diagnoses,2021,Tennessee,47,45-54,All races/ethnicities,Female,26,5.9,"440,262"
HIV diagnoses,2021,Tennessee,47,35-44,All races/ethnicities,Female,26,5.8,"445,584"
HIV diagnoses,2021,Tennessee,47,25-34,All races/ethnicities,Female,57,11.8,"484,357"
HIV diagnoses,2021,Tennessee,47,13-24,All races/ethnicities,Female,28,5.3,"528,538"
HIV diagnoses,2021,Tennessee,47,55+,All races/ethnicities,Male,47,4.8,"972,681"
HIV diagnoses,2021,Tennessee,47,45-54,All races/ethnicities,Male,58,13.4,"431,831"
HIV diagnoses,2021,Tennessee,47,35-44,All races/ethnicities,Male,144,32.9,"437,562"
HIV diagnoses,2021,Tennessee,47,25-34,All races/ethnicities,Male,234,48.9,"478,710"
HIV diagnoses,2021,Tennessee,47,13-24,All races/ethnicities,Male,187,34.3,"544,534"
HIV diagnoses,2020 (COVID-19 Pandemic),Tennessee,47,55+,All races/ethnicities,Female,11,1,"1,109,029"
HIV diagnoses,2020 (COVID-19 Pandemic),Tennessee,47,45-54,All races/ethnicities,Female,14,3.2,"442,761"
HIV diagnoses,2020 (COVID-19 Pandemic),Tennessee,47,35-44,All races/ethnicities,Female,21,4.8,"438,607"
HIV diagnoses,2020 (COVID-19 Pandemic),Tennessee,47,25-34,All races/ethnicities,Female,40,8.3,"479,246"
HIV diagnoses,2020 (COVID-19 Pandemic),Tennessee,47,13-24,All races/ethnicities,Female,18,3.4,"522,344"
HIV diagnoses,2020 (COVID-19 Pandemic),Tennessee,47,55+,All races/ethnicities,Male,40,4.2,"957,967"
HIV diagnoses,2020 (COVID-19 Pandemic),Tennessee,47,45-54,All races/ethnicities,Male,48,11,"434,912"
HIV diagnoses,2020 (COVID-19 Pandemic),Tennessee,47,35-44,All races/ethnicities,Male,110,25.5,"431,345"
HIV diagnoses,2020 (COVID-19 Pandemic),Tennessee,47,25-34,All races/ethnicities,Male,202,42.7,"473,408"
HIV diagnoses,2020 (COVID-19 Pandemic),Tennessee,47,13-24,All races/ethnicities,Male,142,26.4,"538,461"
HIV diagnoses,2019,Tennessee,47,55+,All races/ethnicities,Female,22,2,"1,105,410"
HIV diagnoses,2019,Tennessee,47,45-54,All races/ethnicities,Female,24,5.4,"444,198"
HIV diagnoses,2019,Tennessee,47,35-44,All races/ethnicities,Female,38,8.8,"430,293"
HIV diagnoses,2019,Tennessee,47,25-34,All races/ethnicities,Female,39,8.2,"476,257"
HIV diagnoses,2019,Tennessee,47,13-24,All races/ethnicities,Female,23,4.5,"512,823"
HIV diagnoses,2019,Tennessee,47,55+,All races/ethnicities,Male,55,5.9,"932,521"
HIV diagnoses,2019,Tennessee,47,45-54,All races/ethnicities,Male,83,19.4,"426,927"
HIV diagnoses,2019,Tennessee,47,35-44,All races/ethnicities,Male,99,23.7,"417,373"
HIV diagnoses,2019,Tennessee,47,25-34,All races/ethnicities,Male,242,51.1,"473,746"
HIV diagnoses,2019,Tennessee,47,13-24,All races/ethnicities,Male,143,27,"529,180"
HIV diagnoses,2018,Tennessee,47,55+,All races/ethnicities,Female,21,1.9,"1,081,542"
HIV diagnoses,2018,Tennessee,47,45-54,All races/ethnicities,Female,21,4.7,"450,343"
HIV diagnoses,2018,Tennessee,47,35-44,All races/ethnicities,Female,28,6.6,"426,398"
HIV diagnoses,2018,Tennessee,47,25-34,All races/ethnicities,Female,46,9.8,"469,426"
HIV diagnoses,2018,Tennessee,47,13-24,All races/ethnicities,Female,19,3.7,"513,194"
HIV diagnoses,2018,Tennessee,47,55+,All races/ethnicities,Male,44,4.8,"911,487"
HIV diagnoses,2018,Tennessee,47,45-54,All races/ethnicities,Male,65,15,"432,845"
HIV diagnoses,2018,Tennessee,47,35-44,All races/ethnicities,Male,100,24.1,"415,043"
HIV diagnoses,2018,Tennessee,47,25-34,All races/ethnicities,Male,245,52.6,"465,511"
HIV diagnoses,2018,Tennessee,47,13-24,All races/ethnicities,Male,151,28.5,"530,021"
Gonorrhea,2021,Texas,48,55+,All races/ethnicities,Female,179,4.7,"3,804,537"
Gonorrhea,2021,Texas,48,45-54,All races/ethnicities,Female,710,39.3,"1,808,747"
Gonorrhea,2021,Texas,48,35-44,All races/ethnicities,Female,"2,664",131,"2,033,400"
Gonorrhea,2021,Texas,48,25-34,All races/ethnicities,Female,"8,020",382.8,"2,095,171"
Gonorrhea,2021,Texas,48,13-24,All races/ethnicities,Female,"15,173",615.3,"2,466,127"
Gonorrhea,2021,Texas,48,55+,All races/ethnicities,Male,"1,002",29.5,"3,392,043"
Gonorrhea,2021,Texas,48,45-54,All races/ethnicities,Male,"1,953",107.4,"1,818,322"
Gonorrhea,2021,Texas,48,35-44,All races/ethnicities,Male,"5,692",272.8,"2,086,816"
Gonorrhea,2021,Texas,48,25-34,All races/ethnicities,Male,"14,464",668.8,"2,162,765"
Gonorrhea,2021,Texas,48,13-24,All races/ethnicities,Male,"14,072",544.9,"2,582,324"
Gonorrhea,2020 (COVID-19 Pandemic),Texas,48,55+,All races/ethnicities,Female,168,4.5,"3,730,149"
Gonorrhea,2020 (COVID-19 Pandemic),Texas,48,45-54,All races/ethnicities,Female,554,30.9,"1,791,876"
Gonorrhea,2020 (COVID-19 Pandemic),Texas,48,35-44,All races/ethnicities,Female,"2,219",111.2,"1,995,719"
Gonorrhea,2020 (COVID-19 Pandemic),Texas,48,25-34,All races/ethnicities,Female,"7,004",336.6,"2,080,539"
Gonorrhea,2020 (COVID-19 Pandemic),Texas,48,13-24,All races/ethnicities,Female,"14,857",612,"2,427,718"
Gonorrhea,2020 (COVID-19 Pandemic),Texas,48,55+,All races/ethnicities,Male,843,25.4,"3,323,870"
Gonorrhea,2020 (COVID-19 Pandemic),Texas,48,45-54,All races/ethnicities,Male,"1,686",93.5,"1,803,903"
Gonorrhea,2020 (COVID-19 Pandemic),Texas,48,35-44,All races/ethnicities,Male,"4,653",227.4,"2,046,021"
Gonorrhea,2020 (COVID-19 Pandemic),Texas,48,25-34,All races/ethnicities,Male,"12,347",574.3,"2,149,753"
Gonorrhea,2020 (COVID-19 Pandemic),Texas,48,13-24,All races/ethnicities,Male,"13,376",525.7,"2,544,492"
Gonorrhea,2019,Texas,48,55+,All races/ethnicities,Female,142,3.8,"3,748,739"
Gonorrhea,2019,Texas,48,45-54,All races/ethnicities,Female,402,22.4,"1,791,308"
Gonorrhea,2019,Texas,48,35-44,All races/ethnicities,Female,"1,503",76.5,"1,963,511"
Gonorrhea,2019,Texas,48,25-34,All races/ethnicities,Female,"5,068",241.7,"2,096,638"
Gonorrhea,2019,Texas,48,13-24,All races/ethnicities,Female,"11,020",461.5,"2,387,935"
Gonorrhea,2019,Texas,48,55+,All races/ethnicities,Male,664,20.4,"3,260,732"
Gonorrhea,2019,Texas,48,45-54,All races/ethnicities,Male,"1,434",81.3,"1,762,790"
Gonorrhea,2019,Texas,48,35-44,All races/ethnicities,Male,"3,483",176,"1,978,928"
Gonorrhea,2019,Texas,48,25-34,All races/ethnicities,Male,"9,790",449.1,"2,180,125"
Gonorrhea,2019,Texas,48,13-24,All races/ethnicities,Male,"10,372",413.7,"2,506,829"
Gonorrhea,2018,Texas,48,55+,All races/ethnicities,Female,119,3.3,"3,649,886"
Gonorrhea,2018,Texas,48,45-54,All races/ethnicities,Female,411,23,"1,786,486"
Gonorrhea,2018,Texas,48,35-44,All races/ethnicities,Female,"1,542",79.8,"1,931,913"
Gonorrhea,2018,Texas,48,25-34,All races/ethnicities,Female,"5,498",265.2,"2,073,122"
Gonorrhea,2018,Texas,48,13-24,All races/ethnicities,Female,"12,367",522.7,"2,366,058"
Gonorrhea,2018,Texas,48,55+,All races/ethnicities,Male,689,21.7,"3,169,856"
Gonorrhea,2018,Texas,48,45-54,All races/ethnicities,Male,"1,401",79.7,"1,758,364"
Gonorrhea,2018,Texas,48,35-44,All races/ethnicities,Male,"3,443",177.3,"1,941,748"
Gonorrhea,2018,Texas,48,25-34,All races/ethnicities,Male,"10,266",477,"2,152,067"
Gonorrhea,2018,Texas,48,13-24,All races/ethnicities,Male,"11,293",454.1,"2,486,701"
Chlamydia,2021,Texas,48,55+,All races/ethnicities,Female,393,10.3,"3,804,537"
Chlamydia,2021,Texas,48,45-54,All races/ethnicities,Female,"1,385",76.6,"1,808,747"
Chlamydia,2021,Texas,48,35-44,All races/ethnicities,Female,"5,648",277.8,"2,033,400"
Chlamydia,2021,Texas,48,25-34,All races/ethnicities,Female,"25,325",1208.7,"2,095,171"
Chlamydia,2021,Texas,48,13-24,All races/ethnicities,Female,"64,983",2635,"2,466,127"
Chlamydia,2021,Texas,48,55+,All races/ethnicities,Male,790,23.3,"3,392,043"
Chlamydia,2021,Texas,48,45-54,All races/ethnicities,Male,"1,796",98.8,"1,818,322"
Chlamydia,2021,Texas,48,35-44,All races/ethnicities,Male,"5,603",268.5,"2,086,816"
Chlamydia,2021,Texas,48,25-34,All races/ethnicities,Male,"17,669",817,"2,162,765"
Chlamydia,2021,Texas,48,13-24,All races/ethnicities,Male,"24,409",945.2,"2,582,324"
Chlamydia,2020 (COVID-19 Pandemic),Texas,48,55+,All races/ethnicities,Female,300,8,"3,730,149"
Chlamydia,2020 (COVID-19 Pandemic),Texas,48,45-54,All races/ethnicities,Female,"1,068",59.6,"1,791,876"
Chlamydia,2020 (COVID-19 Pandemic),Texas,48,35-44,All races/ethnicities,Female,"4,592",230.1,"1,995,719"
Chlamydia,2020 (COVID-19 Pandemic),Texas,48,25-34,All races/ethnicities,Female,"22,277",1070.7,"2,080,539"
Chlamydia,2020 (COVID-19 Pandemic),Texas,48,13-24,All races/ethnicities,Female,"62,359",2568.6,"2,427,718"
Chlamydia,2020 (COVID-19 Pandemic),Texas,48,55+,All races/ethnicities,Male,558,16.8,"3,323,870"
Chlamydia,2020 (COVID-19 Pandemic),Texas,48,45-54,All races/ethnicities,Male,"1,392",77.2,"1,803,903"
Chlamydia,2020 (COVID-19 Pandemic),Texas,48,35-44,All races/ethnicities,Male,"4,198",205.2,"2,046,021"
Chlamydia,2020 (COVID-19 Pandemic),Texas,48,25-34,All races/ethnicities,Male,"14,675",682.6,"2,149,753"
Chlamydia,2020 (COVID-19 Pandemic),Texas,48,13-24,All races/ethnicities,Male,"22,373",879.3,"2,544,492"
Chlamydia,2019,Texas,48,55+,All races/ethnicities,Female,350,9.3,"3,748,739"
Chlamydia,2019,Texas,48,45-54,All races/ethnicities,Female,"1,090",60.8,"1,791,308"
Chlamydia,2019,Texas,48,35-44,All races/ethnicities,Female,"4,460",227.1,"1,963,511"
Chlamydia,2019,Texas,48,25-34,All races/ethnicities,Female,"20,753",989.8,"2,096,638"
Chlamydia,2019,Texas,48,13-24,All races/ethnicities,Female,"59,413",2488,"2,387,935"
Chlamydia,2019,Texas,48,55+,All races/ethnicities,Male,540,16.6,"3,260,732"
Chlamydia,2019,Texas,48,45-54,All races/ethnicities,Male,"1,386",78.6,"1,762,790"
Chlamydia,2019,Texas,48,35-44,All races/ethnicities,Male,"4,017",203,"1,978,928"
Chlamydia,2019,Texas,48,25-34,All races/ethnicities,Male,"14,219",652.2,"2,180,125"
Chlamydia,2019,Texas,48,13-24,All races/ethnicities,Male,"22,108",881.9,"2,506,829"
Chlamydia,2018,Texas,48,55+,All races/ethnicities,Female,367,10.1,"3,649,886"
Chlamydia,2018,Texas,48,45-54,All races/ethnicities,Female,"1,152",64.5,"1,786,486"
Chlamydia,2018,Texas,48,35-44,All races/ethnicities,Female,"4,910",254.2,"1,931,913"
Chlamydia,2018,Texas,48,25-34,All races/ethnicities,Female,"24,074",1161.2,"2,073,122"
Chlamydia,2018,Texas,48,13-24,All races/ethnicities,Female,"69,792",2949.7,"2,366,058"
Chlamydia,2018,Texas,48,55+,All races/ethnicities,Male,618,19.5,"3,169,856"
Chlamydia,2018,Texas,48,45-54,All races/ethnicities,Male,"1,452",82.6,"1,758,364"
Chlamydia,2018,Texas,48,35-44,All races/ethnicities,Male,"4,161",214.3,"1,941,748"
Chlamydia,2018,Texas,48,25-34,All races/ethnicities,Male,"14,874",691.1,"2,152,067"
Chlamydia,2018,Texas,48,13-24,All races/ethnicities,Male,"24,288",976.7,"2,486,701"
HIV diagnoses,2021,Texas,48,55+,All races/ethnicities,Female,95,2.5,"3,804,537"
HIV diagnoses,2021,Texas,48,45-54,All races/ethnicities,Female,120,6.6,"1,808,747"
HIV diagnoses,2021,Texas,48,35-44,All races/ethnicities,Female,209,10.3,"2,033,400"
HIV diagnoses,2021,Texas,48,25-34,All races/ethnicities,Female,214,10.2,"2,095,171"
HIV diagnoses,2021,Texas,48,13-24,All races/ethnicities,Female,112,4.5,"2,466,127"
HIV diagnoses,2021,Texas,48,55+,All races/ethnicities,Male,263,7.8,"3,392,043"
HIV diagnoses,2021,Texas,48,45-54,All races/ethnicities,Male,372,20.5,"1,818,322"
HIV diagnoses,2021,Texas,48,35-44,All races/ethnicities,Male,689,33,"2,086,816"
HIV diagnoses,2021,Texas,48,25-34,All races/ethnicities,Male,"1,461",67.6,"2,162,765"
HIV diagnoses,2021,Texas,48,13-24,All races/ethnicities,Male,828,32.1,"2,582,324"
HIV diagnoses,2020 (COVID-19 Pandemic),Texas,48,55+,All races/ethnicities,Female,69,1.8,"3,730,149"
HIV diagnoses,2020 (COVID-19 Pandemic),Texas,48,45-54,All races/ethnicities,Female,111,6.2,"1,791,876"
HIV diagnoses,2020 (COVID-19 Pandemic),Texas,48,35-44,All races/ethnicities,Female,148,7.4,"1,995,719"
HIV diagnoses,2020 (COVID-19 Pandemic),Texas,48,25-34,All races/ethnicities,Female,172,8.3,"2,080,539"
HIV diagnoses,2020 (COVID-19 Pandemic),Texas,48,13-24,All races/ethnicities,Female,95,3.9,"2,427,718"
HIV diagnoses,2020 (COVID-19 Pandemic),Texas,48,55+,All races/ethnicities,Male,226,6.8,"3,323,870"
HIV diagnoses,2020 (COVID-19 Pandemic),Texas,48,45-54,All races/ethnicities,Male,328,18.2,"1,803,903"
HIV diagnoses,2020 (COVID-19 Pandemic),Texas,48,35-44,All races/ethnicities,Male,513,25.1,"2,046,021"
HIV diagnoses,2020 (COVID-19 Pandemic),Texas,48,25-34,All races/ethnicities,Male,"1,194",55.5,"2,149,753"
HIV diagnoses,2020 (COVID-19 Pandemic),Texas,48,13-24,All races/ethnicities,Male,740,29.1,"2,544,492"
HIV diagnoses,2019,Texas,48,55+,All races/ethnicities,Female,93,2.5,"3,741,880"
HIV diagnoses,2019,Texas,48,45-54,All races/ethnicities,Female,143,8,"1,788,876"
HIV diagnoses,2019,Texas,48,35-44,All races/ethnicities,Female,203,10.3,"1,964,188"
HIV diagnoses,2019,Texas,48,25-34,All races/ethnicities,Female,220,10.5,"2,097,909"
HIV diagnoses,2019,Texas,48,13-24,All races/ethnicities,Female,126,5.3,"2,389,784"
HIV diagnoses,2019,Texas,48,55+,All races/ethnicities,Male,282,8.7,"3,253,944"
HIV diagnoses,2019,Texas,48,45-54,All races/ethnicities,Male,377,21.4,"1,759,743"
HIV diagnoses,2019,Texas,48,35-44,All races/ethnicities,Male,640,32.4,"1,977,575"
HIV diagnoses,2019,Texas,48,25-34,All races/ethnicities,Male,"1,360",62.3,"2,181,310"
HIV diagnoses,2019,Texas,48,13-24,All races/ethnicities,Male,906,36.1,"2,507,959"
HIV diagnoses,2018,Texas,48,55+,All races/ethnicities,Female,103,2.8,"3,646,855"
HIV diagnoses,2018,Texas,48,45-54,All races/ethnicities,Female,145,8.1,"1,784,257"
HIV diagnoses,2018,Texas,48,35-44,All races/ethnicities,Female,181,9.4,"1,931,972"
HIV diagnoses,2018,Texas,48,25-34,All races/ethnicities,Female,226,10.9,"2,074,016"
HIV diagnoses,2018,Texas,48,13-24,All races/ethnicities,Female,122,5.2,"2,366,843"
HIV diagnoses,2018,Texas,48,55+,All races/ethnicities,Male,243,7.7,"3,166,546"
HIV diagnoses,2018,Texas,48,45-54,All races/ethnicities,Male,439,25,"1,756,084"
HIV diagnoses,2018,Texas,48,35-44,All races/ethnicities,Male,659,34,"1,940,267"
HIV diagnoses,2018,Texas,48,25-34,All races/ethnicities,Male,"1,426",66.2,"2,152,835"
HIV diagnoses,2018,Texas,48,13-24,All races/ethnicities,Male,885,35.6,"2,487,127"
Gonorrhea,2021,Utah,49,55+,All races/ethnicities,Female,17,4.7,"361,170"
Gonorrhea,2021,Utah,49,45-54,All races/ethnicities,Female,68,39.1,"173,951"
Gonorrhea,2021,Utah,49,35-44,All races/ethnicities,Female,194,85.2,"227,667"
Gonorrhea,2021,Utah,49,25-34,All races/ethnicities,Female,404,169.3,"238,624"
Gonorrhea,2021,Utah,49,13-24,All races/ethnicities,Female,546,168.7,"323,716"
Gonorrhea,2021,Utah,49,55+,All races/ethnicities,Male,115,33.9,"338,966"
Gonorrhea,2021,Utah,49,45-54,All races/ethnicities,Male,249,136,"183,087"
Gonorrhea,2021,Utah,49,35-44,All races/ethnicities,Male,490,205.8,"238,041"
Gonorrhea,2021,Utah,49,25-34,All races/ethnicities,Male,973,389.1,"250,064"
Gonorrhea,2021,Utah,49,13-24,All races/ethnicities,Male,562,165.3,"339,907"
Gonorrhea,2020 (COVID-19 Pandemic),Utah,49,55+,All races/ethnicities,Female,11,3.1,"353,223"
Gonorrhea,2020 (COVID-19 Pandemic),Utah,49,45-54,All races/ethnicities,Female,63,37.6,"167,704"
Gonorrhea,2020 (COVID-19 Pandemic),Utah,49,35-44,All races/ethnicities,Female,174,77.6,"224,127"
Gonorrhea,2020 (COVID-19 Pandemic),Utah,49,25-34,All races/ethnicities,Female,381,163.2,"233,476"
Gonorrhea,2020 (COVID-19 Pandemic),Utah,49,13-24,All races/ethnicities,Female,558,176.8,"315,655"
Gonorrhea,2020 (COVID-19 Pandemic),Utah,49,55+,All races/ethnicities,Male,75,22.7,"330,573"
Gonorrhea,2020 (COVID-19 Pandemic),Utah,49,45-54,All races/ethnicities,Male,141,79.8,"176,648"
Gonorrhea,2020 (COVID-19 Pandemic),Utah,49,35-44,All races/ethnicities,Male,391,166.3,"235,067"
Gonorrhea,2020 (COVID-19 Pandemic),Utah,49,25-34,All races/ethnicities,Male,762,313.3,"243,209"
Gonorrhea,2020 (COVID-19 Pandemic),Utah,49,13-24,All races/ethnicities,Male,555,167.6,"331,242"
Gonorrhea,2019,Utah,49,55+,All races/ethnicities,Female,7,2,"349,889"
Gonorrhea,2019,Utah,49,45-54,All races/ethnicities,Female,59,36.4,"161,996"
Gonorrhea,2019,Utah,49,35-44,All races/ethnicities,Female,130,59.6,"218,028"
Gonorrhea,2019,Utah,49,25-34,All races/ethnicities,Female,370,160.3,"230,851"
Gonorrhea,2019,Utah,49,13-24,All races/ethnicities,Female,448,146.8,"305,194"
Gonorrhea,2019,Utah,49,55+,All races/ethnicities,Male,72,22.6,"319,117"
Gonorrhea,2019,Utah,49,45-54,All races/ethnicities,Male,136,81.7,"166,434"
Gonorrhea,2019,Utah,49,35-44,All races/ethnicities,Male,363,161,"225,425"
Gonorrhea,2019,Utah,49,25-34,All races/ethnicities,Male,789,327.4,"240,955"
Gonorrhea,2019,Utah,49,13-24,All races/ethnicities,Male,511,159.7,"319,966"
Gonorrhea,2018,Utah,49,55+,All races/ethnicities,Female,8,2.4,"339,779"
Gonorrhea,2018,Utah,49,45-54,All races/ethnicities,Female,30,18.9,"158,963"
Gonorrhea,2018,Utah,49,35-44,All races/ethnicities,Female,155,72.6,"213,474"
Gonorrhea,2018,Utah,49,25-34,All races/ethnicities,Female,320,140.7,"227,420"
Gonorrhea,2018,Utah,49,13-24,All races/ethnicities,Female,427,142.6,"299,353"
Gonorrhea,2018,Utah,49,55+,All races/ethnicities,Male,74,23.9,"309,747"
Gonorrhea,2018,Utah,49,45-54,All races/ethnicities,Male,151,92.8,"162,713"
Gonorrhea,2018,Utah,49,35-44,All races/ethnicities,Male,372,168.3,"221,041"
Gonorrhea,2018,Utah,49,25-34,All races/ethnicities,Male,764,323,"236,541"
Gonorrhea,2018,Utah,49,13-24,All races/ethnicities,Male,592,188.9,"313,423"
Chlamydia,2021,Utah,49,55+,All races/ethnicities,Female,24,6.6,"361,170"
Chlamydia,2021,Utah,49,45-54,All races/ethnicities,Female,114,65.5,"173,951"
Chlamydia,2021,Utah,49,35-44,All races/ethnicities,Female,488,214.3,"227,667"
Chlamydia,2021,Utah,49,25-34,All races/ethnicities,Female,"1,742",730,"238,624"
Chlamydia,2021,Utah,49,13-24,All races/ethnicities,Female,"4,630",1430.3,"323,716"
Chlamydia,2021,Utah,49,55+,All races/ethnicities,Male,70,20.7,"338,966"
Chlamydia,2021,Utah,49,45-54,All races/ethnicities,Male,176,96.1,"183,087"
Chlamydia,2021,Utah,49,35-44,All races/ethnicities,Male,544,228.5,"238,041"
Chlamydia,2021,Utah,49,25-34,All races/ethnicities,Male,"1,542",616.6,"250,064"
Chlamydia,2021,Utah,49,13-24,All races/ethnicities,Male,"1,883",554,"339,907"
Chlamydia,2020 (COVID-19 Pandemic),Utah,49,55+,All races/ethnicities,Female,18,5.1,"353,223"
Chlamydia,2020 (COVID-19 Pandemic),Utah,49,45-54,All races/ethnicities,Female,81,48.3,"167,704"
Chlamydia,2020 (COVID-19 Pandemic),Utah,49,35-44,All races/ethnicities,Female,453,202.1,"224,127"
Chlamydia,2020 (COVID-19 Pandemic),Utah,49,25-34,All races/ethnicities,Female,"1,546",662.2,"233,476"
Chlamydia,2020 (COVID-19 Pandemic),Utah,49,13-24,All races/ethnicities,Female,"4,504",1426.9,"315,655"
Chlamydia,2020 (COVID-19 Pandemic),Utah,49,55+,All races/ethnicities,Male,63,19.1,"330,573"
Chlamydia,2020 (COVID-19 Pandemic),Utah,49,45-54,All races/ethnicities,Male,174,98.5,"176,648"
Chlamydia,2020 (COVID-19 Pandemic),Utah,49,35-44,All races/ethnicities,Male,510,217,"235,067"
Chlamydia,2020 (COVID-19 Pandemic),Utah,49,25-34,All races/ethnicities,Male,"1,360",559.2,"243,209"
Chlamydia,2020 (COVID-19 Pandemic),Utah,49,13-24,All races/ethnicities,Male,"1,751",528.6,"331,242"
Chlamydia,2019,Utah,49,55+,All races/ethnicities,Female,24,6.9,"349,889"
Chlamydia,2019,Utah,49,45-54,All races/ethnicities,Female,104,64.2,"161,996"
Chlamydia,2019,Utah,49,35-44,All races/ethnicities,Female,464,212.8,"218,028"
Chlamydia,2019,Utah,49,25-34,All races/ethnicities,Female,"1,629",705.6,"230,851"
Chlamydia,2019,Utah,49,13-24,All races/ethnicities,Female,"4,734",1551.1,"305,194"
Chlamydia,2019,Utah,49,55+,All races/ethnicities,Male,83,26,"319,117"
Chlamydia,2019,Utah,49,45-54,All races/ethnicities,Male,155,93.1,"166,434"
Chlamydia,2019,Utah,49,35-44,All races/ethnicities,Male,551,244.4,"225,425"
Chlamydia,2019,Utah,49,25-34,All races/ethnicities,Male,"1,477",613,"240,955"
Chlamydia,2019,Utah,49,13-24,All races/ethnicities,Male,"1,849",577.9,"319,966"
Chlamydia,2018,Utah,49,55+,All races/ethnicities,Female,18,5.3,"339,779"
Chlamydia,2018,Utah,49,45-54,All races/ethnicities,Female,85,53.5,"158,963"
Chlamydia,2018,Utah,49,35-44,All races/ethnicities,Female,407,190.7,"213,474"
Chlamydia,2018,Utah,49,25-34,All races/ethnicities,Female,"1,609",707.5,"227,420"
Chlamydia,2018,Utah,49,13-24,All races/ethnicities,Female,"4,687",1565.7,"299,353"
Chlamydia,2018,Utah,49,55+,All races/ethnicities,Male,67,21.6,"309,747"
Chlamydia,2018,Utah,49,45-54,All races/ethnicities,Male,157,96.5,"162,713"
Chlamydia,2018,Utah,49,35-44,All races/ethnicities,Male,442,200,"221,041"
Chlamydia,2018,Utah,49,25-34,All races/ethnicities,Male,"1,332",563.1,"236,541"
Chlamydia,2018,Utah,49,13-24,All races/ethnicities,Male,"1,733",552.9,"313,423"
HIV diagnoses,2021,Utah,49,55+,All races/ethnicities,Female,2,0.6,"361,170"
HIV diagnoses,2021,Utah,49,45-54,All races/ethnicities,Female,2,1.1,"173,951"
HIV diagnoses,2021,Utah,49,35-44,All races/ethnicities,Female,2,0.9,"227,667"
HIV diagnoses,2021,Utah,49,25-34,All races/ethnicities,Female,3,1.3,"238,624"
HIV diagnoses,2021,Utah,49,13-24,All races/ethnicities,Female,1,0.3,"323,716"
HIV diagnoses,2021,Utah,49,55+,All races/ethnicities,Male,9,2.7,"338,966"
HIV diagnoses,2021,Utah,49,45-54,All races/ethnicities,Male,16,8.7,"183,087"
HIV diagnoses,2021,Utah,49,35-44,All races/ethnicities,Male,14,5.9,"238,041"
HIV diagnoses,2021,Utah,49,25-34,All races/ethnicities,Male,59,23.6,"250,064"
HIV diagnoses,2021,Utah,49,13-24,All races/ethnicities,Male,25,7.4,"339,907"
HIV diagnoses,2020 (COVID-19 Pandemic),Utah,49,55+,All races/ethnicities,Female,2,0.6,"353,223"
HIV diagnoses,2020 (COVID-19 Pandemic),Utah,49,45-54,All races/ethnicities,Female,1,0.6,"167,704"
HIV diagnoses,2020 (COVID-19 Pandemic),Utah,49,35-44,All races/ethnicities,Female,3,1.3,"224,127"
HIV diagnoses,2020 (COVID-19 Pandemic),Utah,49,25-34,All races/ethnicities,Female,4,1.7,"233,476"
HIV diagnoses,2020 (COVID-19 Pandemic),Utah,49,13-24,All races/ethnicities,Female,3,1,"315,655"
HIV diagnoses,2020 (COVID-19 Pandemic),Utah,49,55+,All races/ethnicities,Male,7,2.1,"330,573"
HIV diagnoses,2020 (COVID-19 Pandemic),Utah,49,45-54,All races/ethnicities,Male,14,7.9,"176,648"
HIV diagnoses,2020 (COVID-19 Pandemic),Utah,49,35-44,All races/ethnicities,Male,31,13.2,"235,067"
HIV diagnoses,2020 (COVID-19 Pandemic),Utah,49,25-34,All races/ethnicities,Male,47,19.3,"243,209"
HIV diagnoses,2020 (COVID-19 Pandemic),Utah,49,13-24,All races/ethnicities,Male,21,6.3,"331,242"
HIV diagnoses,2019,Utah,49,55+,All races/ethnicities,Female,1,0.3,"349,028"
HIV diagnoses,2019,Utah,49,45-54,All races/ethnicities,Female,3,1.9,"161,739"
HIV diagnoses,2019,Utah,49,35-44,All races/ethnicities,Female,1,0.5,"218,093"
HIV diagnoses,2019,Utah,49,25-34,All races/ethnicities,Female,3,1.3,"230,779"
HIV diagnoses,2019,Utah,49,13-24,All races/ethnicities,Female,3,1,"305,764"
HIV diagnoses,2019,Utah,49,55+,All races/ethnicities,Male,6,1.9,"318,665"
HIV diagnoses,2019,Utah,49,45-54,All races/ethnicities,Male,13,7.8,"166,341"
HIV diagnoses,2019,Utah,49,35-44,All races/ethnicities,Male,28,12.4,"225,634"
HIV diagnoses,2019,Utah,49,25-34,All races/ethnicities,Male,41,17,"241,082"
HIV diagnoses,2019,Utah,49,13-24,All races/ethnicities,Male,36,11.3,"319,635"
HIV diagnoses,2018,Utah,49,55+,All races/ethnicities,Female,0,0,"339,331"
HIV diagnoses,2018,Utah,49,45-54,All races/ethnicities,Female,3,1.9,"158,850"
HIV diagnoses,2018,Utah,49,35-44,All races/ethnicities,Female,1,0.5,"213,683"
HIV diagnoses,2018,Utah,49,25-34,All races/ethnicities,Female,3,1.3,"227,666"
HIV diagnoses,2018,Utah,49,13-24,All races/ethnicities,Female,3,1,"300,066"
HIV diagnoses,2018,Utah,49,55+,All races/ethnicities,Male,10,3.2,"309,678"
HIV diagnoses,2018,Utah,49,45-54,All races/ethnicities,Male,13,8,"162,752"
HIV diagnoses,2018,Utah,49,35-44,All races/ethnicities,Male,19,8.6,"221,370"
HIV diagnoses,2018,Utah,49,25-34,All races/ethnicities,Male,45,19,"236,947"
HIV diagnoses,2018,Utah,49,13-24,All races/ethnicities,Male,24,7.7,"313,618"
Gonorrhea,2021,Vermont,50,55+,All races/ethnicities,Female,1,0.8,"119,885"
Gonorrhea,2021,Vermont,50,45-54,All races/ethnicities,Female,5,12.9,"38,848"
Gonorrhea,2021,Vermont,50,35-44,All races/ethnicities,Female,9,23.1,"38,944"
Gonorrhea,2021,Vermont,50,25-34,All races/ethnicities,Female,19,49.8,"38,146"
Gonorrhea,2021,Vermont,50,13-24,All races/ethnicities,Female,20,40.1,"49,931"
Gonorrhea,2021,Vermont,50,55+,All races/ethnicities,Male,5,4.6,"109,552"
Gonorrhea,2021,Vermont,50,45-54,All races/ethnicities,Male,6,15.4,"38,874"
Gonorrhea,2021,Vermont,50,35-44,All races/ethnicities,Male,11,28.5,"38,638"
Gonorrhea,2021,Vermont,50,25-34,All races/ethnicities,Male,33,83.5,"39,513"
Gonorrhea,2021,Vermont,50,13-24,All races/ethnicities,Male,27,51.2,"52,714"
Gonorrhea,2020 (COVID-19 Pandemic),Vermont,50,55+,All races/ethnicities,Female,0,0,"118,428"
Gonorrhea,2020 (COVID-19 Pandemic),Vermont,50,45-54,All races/ethnicities,Female,3,7.6,"39,541"
Gonorrhea,2020 (COVID-19 Pandemic),Vermont,50,35-44,All races/ethnicities,Female,6,15.8,"37,875"
Gonorrhea,2020 (COVID-19 Pandemic),Vermont,50,25-34,All races/ethnicities,Female,22,58.7,"37,504"
Gonorrhea,2020 (COVID-19 Pandemic),Vermont,50,13-24,All races/ethnicities,Female,35,70,"50,004"
Gonorrhea,2020 (COVID-19 Pandemic),Vermont,50,55+,All races/ethnicities,Male,3,2.8,"108,332"
Gonorrhea,2020 (COVID-19 Pandemic),Vermont,50,45-54,All races/ethnicities,Male,2,5.1,"39,587"
Gonorrhea,2020 (COVID-19 Pandemic),Vermont,50,35-44,All races/ethnicities,Male,10,26.6,"37,554"
Gonorrhea,2020 (COVID-19 Pandemic),Vermont,50,25-34,All races/ethnicities,Male,35,89.9,"38,941"
Gonorrhea,2020 (COVID-19 Pandemic),Vermont,50,13-24,All races/ethnicities,Male,23,43.5,"52,915"
Gonorrhea,2019,Vermont,50,55+,All races/ethnicities,Female,2,1.7,"116,433"
Gonorrhea,2019,Vermont,50,45-54,All races/ethnicities,Female,1,2.5,"39,541"
Gonorrhea,2019,Vermont,50,35-44,All races/ethnicities,Female,7,19.4,"36,052"
Gonorrhea,2019,Vermont,50,25-34,All races/ethnicities,Female,16,44,"36,360"
Gonorrhea,2019,Vermont,50,13-24,All races/ethnicities,Female,39,80.2,"48,624"
Gonorrhea,2019,Vermont,50,55+,All races/ethnicities,Male,5,4.8,"103,985"
Gonorrhea,2019,Vermont,50,45-54,All races/ethnicities,Male,7,18.2,"38,510"
Gonorrhea,2019,Vermont,50,35-44,All races/ethnicities,Male,9,25.6,"35,215"
Gonorrhea,2019,Vermont,50,25-34,All races/ethnicities,Male,53,139.3,"38,048"
Gonorrhea,2019,Vermont,50,13-24,All races/ethnicities,Male,36,70,"51,408"
Gonorrhea,2018,Vermont,50,55+,All races/ethnicities,Female,2,1.7,"114,807"
Gonorrhea,2018,Vermont,50,45-54,All races/ethnicities,Female,2,4.9,"40,997"
Gonorrhea,2018,Vermont,50,35-44,All races/ethnicities,Female,15,42.1,"35,671"
Gonorrhea,2018,Vermont,50,25-34,All races/ethnicities,Female,54,149.3,"36,169"
Gonorrhea,2018,Vermont,50,13-24,All races/ethnicities,Female,67,136.2,"49,182"
Gonorrhea,2018,Vermont,50,55+,All races/ethnicities,Male,9,8.8,"102,391"
Gonorrhea,2018,Vermont,50,45-54,All races/ethnicities,Male,15,37.7,"39,748"
Gonorrhea,2018,Vermont,50,35-44,All races/ethnicities,Male,20,57.3,"34,889"
Gonorrhea,2018,Vermont,50,25-34,All races/ethnicities,Male,48,127.1,"37,770"
Gonorrhea,2018,Vermont,50,13-24,All races/ethnicities,Male,34,65.6,"51,863"
Chlamydia,2021,Vermont,50,55+,All races/ethnicities,Female,3,2.5,"119,885"
Chlamydia,2021,Vermont,50,45-54,All races/ethnicities,Female,8,20.6,"38,848"
Chlamydia,2021,Vermont,50,35-44,All races/ethnicities,Female,26,66.8,"38,944"
Chlamydia,2021,Vermont,50,25-34,All races/ethnicities,Female,164,429.9,"38,146"
Chlamydia,2021,Vermont,50,13-24,All races/ethnicities,Female,422,845.2,"49,931"
Chlamydia,2021,Vermont,50,55+,All races/ethnicities,Male,11,10,"109,552"
Chlamydia,2021,Vermont,50,45-54,All races/ethnicities,Male,7,18,"38,874"
Chlamydia,2021,Vermont,50,35-44,All races/ethnicities,Male,33,85.4,"38,638"
Chlamydia,2021,Vermont,50,25-34,All races/ethnicities,Male,94,237.9,"39,513"
Chlamydia,2021,Vermont,50,13-24,All races/ethnicities,Male,140,265.6,"52,714"
Chlamydia,2020 (COVID-19 Pandemic),Vermont,50,55+,All races/ethnicities,Female,2,1.7,"118,428"
Chlamydia,2020 (COVID-19 Pandemic),Vermont,50,45-54,All races/ethnicities,Female,12,30.3,"39,541"
Chlamydia,2020 (COVID-19 Pandemic),Vermont,50,35-44,All races/ethnicities,Female,43,113.5,"37,875"
Chlamydia,2020 (COVID-19 Pandemic),Vermont,50,25-34,All races/ethnicities,Female,145,386.6,"37,504"
Chlamydia,2020 (COVID-19 Pandemic),Vermont,50,13-24,All races/ethnicities,Female,525,1049.9,"50,004"
Chlamydia,2020 (COVID-19 Pandemic),Vermont,50,55+,All races/ethnicities,Male,6,5.5,"108,332"
Chlamydia,2020 (COVID-19 Pandemic),Vermont,50,45-54,All races/ethnicities,Male,17,42.9,"39,587"
Chlamydia,2020 (COVID-19 Pandemic),Vermont,50,35-44,All races/ethnicities,Male,41,109.2,"37,554"
Chlamydia,2020 (COVID-19 Pandemic),Vermont,50,25-34,All races/ethnicities,Male,114,292.8,"38,941"
Chlamydia,2020 (COVID-19 Pandemic),Vermont,50,13-24,All races/ethnicities,Male,209,395,"52,915"
Chlamydia,2019,Vermont,50,55+,All races/ethnicities,Female,5,4.3,"116,433"
Chlamydia,2019,Vermont,50,45-54,All races/ethnicities,Female,17,43,"39,541"
Chlamydia,2019,Vermont,50,35-44,All races/ethnicities,Female,53,147,"36,052"
Chlamydia,2019,Vermont,50,25-34,All races/ethnicities,Female,238,654.6,"36,360"
Chlamydia,2019,Vermont,50,13-24,All races/ethnicities,Female,Data suppressed,Data suppressed,"48,624"
Chlamydia,2019,Vermont,50,55+,All races/ethnicities,Male,8,7.7,"103,985"
Chlamydia,2019,Vermont,50,45-54,All races/ethnicities,Male,21,54.5,"38,510"
Chlamydia,2019,Vermont,50,35-44,All races/ethnicities,Male,41,116.4,"35,215"
Chlamydia,2019,Vermont,50,25-34,All races/ethnicities,Male,184,483.6,"38,048"
Chlamydia,2019,Vermont,50,13-24,All races/ethnicities,Male,Data suppressed,Data suppressed,"51,408"
Chlamydia,2018,Vermont,50,55+,All races/ethnicities,Female,3,2.6,"114,807"
Chlamydia,2018,Vermont,50,45-54,All races/ethnicities,Female,21,51.2,"40,997"
Chlamydia,2018,Vermont,50,35-44,All races/ethnicities,Female,43,120.5,"35,671"
Chlamydia,2018,Vermont,50,25-34,All races/ethnicities,Female,294,812.9,"36,169"
Chlamydia,2018,Vermont,50,13-24,All races/ethnicities,Female,809,1644.9,"49,182"
Chlamydia,2018,Vermont,50,55+,All races/ethnicities,Male,8,7.8,"102,391"
Chlamydia,2018,Vermont,50,45-54,All races/ethnicities,Male,22,55.3,"39,748"
Chlamydia,2018,Vermont,50,35-44,All races/ethnicities,Male,40,114.6,"34,889"
Chlamydia,2018,Vermont,50,25-34,All races/ethnicities,Male,192,508.3,"37,770"
Chlamydia,2018,Vermont,50,13-24,All races/ethnicities,Male,264,509,"51,863"
HIV diagnoses,2021,Vermont,50,55+,All races/ethnicities,Female,0,0,"119,885"
HIV diagnoses,2021,Vermont,50,45-54,All races/ethnicities,Female,1,2.6,"38,848"
HIV diagnoses,2021,Vermont,50,35-44,All races/ethnicities,Female,0,0,"38,944"
HIV diagnoses,2021,Vermont,50,25-34,All races/ethnicities,Female,0,0,"38,146"
HIV diagnoses,2021,Vermont,50,13-24,All races/ethnicities,Female,0,0,"49,931"
HIV diagnoses,2021,Vermont,50,55+,All races/ethnicities,Male,1,0.9,"109,552"
HIV diagnoses,2021,Vermont,50,45-54,All races/ethnicities,Male,3,7.7,"38,874"
HIV diagnoses,2021,Vermont,50,35-44,All races/ethnicities,Male,2,5.2,"38,638"
HIV diagnoses,2021,Vermont,50,25-34,All races/ethnicities,Male,3,7.6,"39,513"
HIV diagnoses,2021,Vermont,50,13-24,All races/ethnicities,Male,2,3.8,"52,714"
HIV diagnoses,2020 (COVID-19 Pandemic),Vermont,50,55+,All races/ethnicities,Female,1,0.8,"118,428"
HIV diagnoses,2020 (COVID-19 Pandemic),Vermont,50,45-54,All races/ethnicities,Female,0,0,"39,541"
HIV diagnoses,2020 (COVID-19 Pandemic),Vermont,50,35-44,All races/ethnicities,Female,0,0,"37,875"
HIV diagnoses,2020 (COVID-19 Pandemic),Vermont,50,25-34,All races/ethnicities,Female,2,5.3,"37,504"
HIV diagnoses,2020 (COVID-19 Pandemic),Vermont,50,13-24,All races/ethnicities,Female,0,0,"50,004"
HIV diagnoses,2020 (COVID-19 Pandemic),Vermont,50,55+,All races/ethnicities,Male,2,1.8,"108,332"
HIV diagnoses,2020 (COVID-19 Pandemic),Vermont,50,45-54,All races/ethnicities,Male,0,0,"39,587"
HIV diagnoses,2020 (COVID-19 Pandemic),Vermont,50,35-44,All races/ethnicities,Male,5,13.3,"37,554"
HIV diagnoses,2020 (COVID-19 Pandemic),Vermont,50,25-34,All races/ethnicities,Male,3,7.7,"38,941"
HIV diagnoses,2020 (COVID-19 Pandemic),Vermont,50,13-24,All races/ethnicities,Male,0,0,"52,915"
HIV diagnoses,2019,Vermont,50,55+,All races/ethnicities,Female,1,0.9,"116,183"
HIV diagnoses,2019,Vermont,50,45-54,All races/ethnicities,Female,0,0,"39,506"
HIV diagnoses,2019,Vermont,50,35-44,All races/ethnicities,Female,0,0,"36,106"
HIV diagnoses,2019,Vermont,50,25-34,All races/ethnicities,Female,0,0,"36,554"
HIV diagnoses,2019,Vermont,50,13-24,All races/ethnicities,Female,0,0,"48,694"
HIV diagnoses,2019,Vermont,50,55+,All races/ethnicities,Male,1,1,"103,725"
HIV diagnoses,2019,Vermont,50,45-54,All races/ethnicities,Male,2,5.2,"38,469"
HIV diagnoses,2019,Vermont,50,35-44,All races/ethnicities,Male,3,8.5,"35,277"
HIV diagnoses,2019,Vermont,50,25-34,All races/ethnicities,Male,2,5.2,"38,126"
HIV diagnoses,2019,Vermont,50,13-24,All races/ethnicities,Male,2,3.9,"51,546"
HIV diagnoses,2018,Vermont,50,55+,All races/ethnicities,Female,0,0,"114,806"
HIV diagnoses,2018,Vermont,50,45-54,All races/ethnicities,Female,1,2.4,"40,988"
HIV diagnoses,2018,Vermont,50,35-44,All races/ethnicities,Female,2,5.6,"35,723"
HIV diagnoses,2018,Vermont,50,25-34,All races/ethnicities,Female,0,0,"36,343"
HIV diagnoses,2018,Vermont,50,13-24,All races/ethnicities,Female,0,0,"49,215"
HIV diagnoses,2018,Vermont,50,55+,All races/ethnicities,Male,3,2.9,"102,341"
HIV diagnoses,2018,Vermont,50,45-54,All races/ethnicities,Male,2,5,"39,718"
HIV diagnoses,2018,Vermont,50,35-44,All races/ethnicities,Male,3,8.6,"34,974"
HIV diagnoses,2018,Vermont,50,25-34,All races/ethnicities,Male,4,10.6,"37,842"
HIV diagnoses,2018,Vermont,50,13-24,All races/ethnicities,Male,3,5.8,"51,895"
Gonorrhea,2021,Virginia,51,55+,All races/ethnicities,Female,76,5.6,"1,350,849"
Gonorrhea,2021,Virginia,51,45-54,All races/ethnicities,Female,177,32.4,"546,032"
Gonorrhea,2021,Virginia,51,35-44,All races/ethnicities,Female,738,127.7,"578,051"
Gonorrhea,2021,Virginia,51,25-34,All races/ethnicities,Female,"2,389",410.2,"582,450"
Gonorrhea,2021,Virginia,51,13-24,All races/ethnicities,Female,"3,050",463.2,"658,520"
Gonorrhea,2021,Virginia,51,55+,All races/ethnicities,Male,346,29.3,"1,181,643"
Gonorrhea,2021,Virginia,51,45-54,All races/ethnicities,Male,520,96.2,"540,280"
Gonorrhea,2021,Virginia,51,35-44,All races/ethnicities,Male,"1,377",236.7,"581,709"
Gonorrhea,2021,Virginia,51,25-34,All races/ethnicities,Male,"3,380",566.5,"596,595"
Gonorrhea,2021,Virginia,51,13-24,All races/ethnicities,Male,"2,218",318.8,"695,814"
Gonorrhea,2020 (COVID-19 Pandemic),Virginia,51,55+,All races/ethnicities,Female,65,4.9,"1,334,560"
Gonorrhea,2020 (COVID-19 Pandemic),Virginia,51,45-54,All races/ethnicities,Female,187,33.8,"553,782"
Gonorrhea,2020 (COVID-19 Pandemic),Virginia,51,35-44,All races/ethnicities,Female,722,126.3,"571,459"
Gonorrhea,2020 (COVID-19 Pandemic),Virginia,51,25-34,All races/ethnicities,Female,"2,601",444.6,"584,978"
Gonorrhea,2020 (COVID-19 Pandemic),Virginia,51,13-24,All races/ethnicities,Female,"3,228",492.1,"656,023"
Gonorrhea,2020 (COVID-19 Pandemic),Virginia,51,55+,All races/ethnicities,Male,355,30.4,"1,167,600"
Gonorrhea,2020 (COVID-19 Pandemic),Virginia,51,45-54,All races/ethnicities,Male,480,87.5,"548,373"
Gonorrhea,2020 (COVID-19 Pandemic),Virginia,51,35-44,All races/ethnicities,Male,"1,370",238.4,"574,578"
Gonorrhea,2020 (COVID-19 Pandemic),Virginia,51,25-34,All races/ethnicities,Male,"3,600",601.2,"598,786"
Gonorrhea,2020 (COVID-19 Pandemic),Virginia,51,13-24,All races/ethnicities,Male,"2,547",367.5,"693,011"
Gonorrhea,2019,Virginia,51,55+,All races/ethnicities,Female,40,3,"1,333,765"
Gonorrhea,2019,Virginia,51,45-54,All races/ethnicities,Female,109,19.5,"559,957"
Gonorrhea,2019,Virginia,51,35-44,All races/ethnicities,Female,505,90.4,"558,642"
Gonorrhea,2019,Virginia,51,25-34,All races/ethnicities,Female,"2,007",342.2,"586,490"
Gonorrhea,2019,Virginia,51,13-24,All races/ethnicities,Female,"3,356",520.8,"644,371"
Gonorrhea,2019,Virginia,51,55+,All races/ethnicities,Male,308,27,"1,139,558"
Gonorrhea,2019,Virginia,51,45-54,All races/ethnicities,Male,448,82.9,"540,317"
Gonorrhea,2019,Virginia,51,35-44,All races/ethnicities,Male,"1,154",208.4,"553,854"
Gonorrhea,2019,Virginia,51,25-34,All races/ethnicities,Male,"3,221",533.4,"603,891"
Gonorrhea,2019,Virginia,51,13-24,All races/ethnicities,Male,"2,656",390.7,"679,779"
Gonorrhea,2018,Virginia,51,55+,All races/ethnicities,Female,46,3.5,"1,305,510"
Gonorrhea,2018,Virginia,51,45-54,All races/ethnicities,Female,81,14.1,"572,891"
Gonorrhea,2018,Virginia,51,35-44,All races/ethnicities,Female,429,77.5,"553,498"
Gonorrhea,2018,Virginia,51,25-34,All races/ethnicities,Female,"1,803",308.1,"585,284"
Gonorrhea,2018,Virginia,51,13-24,All races/ethnicities,Female,"2,845",439.9,"646,712"
Gonorrhea,2018,Virginia,51,55+,All races/ethnicities,Male,254,22.8,"1,115,062"
Gonorrhea,2018,Virginia,51,45-54,All races/ethnicities,Male,428,77.6,"551,379"
Gonorrhea,2018,Virginia,51,35-44,All races/ethnicities,Male,918,167.3,"548,557"
Gonorrhea,2018,Virginia,51,25-34,All races/ethnicities,Male,"2,741",456.2,"600,842"
Gonorrhea,2018,Virginia,51,13-24,All races/ethnicities,Male,"2,180",319.8,"681,591"
Chlamydia,2021,Virginia,51,55+,All races/ethnicities,Female,111,8.2,"1,350,849"
Chlamydia,2021,Virginia,51,45-54,All races/ethnicities,Female,370,67.8,"546,032"
Chlamydia,2021,Virginia,51,35-44,All races/ethnicities,Female,"1,629",281.8,"578,051"
Chlamydia,2021,Virginia,51,25-34,All races/ethnicities,Female,"8,207",1409,"582,450"
Chlamydia,2021,Virginia,51,13-24,All races/ethnicities,Female,"15,900",2414.5,"658,520"
Chlamydia,2021,Virginia,51,55+,All races/ethnicities,Male,254,21.5,"1,181,643"
Chlamydia,2021,Virginia,51,45-54,All races/ethnicities,Male,470,87,"540,280"
Chlamydia,2021,Virginia,51,35-44,All races/ethnicities,Male,"1,589",273.2,"581,709"
Chlamydia,2021,Virginia,51,25-34,All races/ethnicities,Male,"5,614",941,"596,595"
Chlamydia,2021,Virginia,51,13-24,All races/ethnicities,Male,"6,204",891.6,"695,814"
Chlamydia,2020 (COVID-19 Pandemic),Virginia,51,55+,All races/ethnicities,Female,93,7,"1,334,560"
Chlamydia,2020 (COVID-19 Pandemic),Virginia,51,45-54,All races/ethnicities,Female,279,50.4,"553,782"
Chlamydia,2020 (COVID-19 Pandemic),Virginia,51,35-44,All races/ethnicities,Female,"1,550",271.2,"571,459"
Chlamydia,2020 (COVID-19 Pandemic),Virginia,51,25-34,All races/ethnicities,Female,"8,072",1379.9,"584,978"
Chlamydia,2020 (COVID-19 Pandemic),Virginia,51,13-24,All races/ethnicities,Female,"16,692",2544.4,"656,023"
Chlamydia,2020 (COVID-19 Pandemic),Virginia,51,55+,All races/ethnicities,Male,193,16.5,"1,167,600"
Chlamydia,2020 (COVID-19 Pandemic),Virginia,51,45-54,All races/ethnicities,Male,443,80.8,"548,373"
Chlamydia,2020 (COVID-19 Pandemic),Virginia,51,35-44,All races/ethnicities,Male,"1,435",249.7,"574,578"
Chlamydia,2020 (COVID-19 Pandemic),Virginia,51,25-34,All races/ethnicities,Male,"5,482",915.5,"598,786"
Chlamydia,2020 (COVID-19 Pandemic),Virginia,51,13-24,All races/ethnicities,Male,"6,551",945.3,"693,011"
Chlamydia,2019,Virginia,51,55+,All races/ethnicities,Female,119,8.9,"1,333,765"
Chlamydia,2019,Virginia,51,45-54,All races/ethnicities,Female,331,59.1,"559,957"
Chlamydia,2019,Virginia,51,35-44,All races/ethnicities,Female,"1,587",284.1,"558,642"
Chlamydia,2019,Virginia,51,25-34,All races/ethnicities,Female,"8,575",1462.1,"586,490"
Chlamydia,2019,Virginia,51,13-24,All races/ethnicities,Female,"20,328",3154.7,"644,371"
Chlamydia,2019,Virginia,51,55+,All races/ethnicities,Male,232,20.4,"1,139,558"
Chlamydia,2019,Virginia,51,45-54,All races/ethnicities,Male,484,89.6,"540,317"
Chlamydia,2019,Virginia,51,35-44,All races/ethnicities,Male,"1,642",296.5,"553,854"
Chlamydia,2019,Virginia,51,25-34,All races/ethnicities,Male,"6,333",1048.7,"603,891"
Chlamydia,2019,Virginia,51,13-24,All races/ethnicities,Male,"8,482",1247.8,"679,779"
Chlamydia,2018,Virginia,51,55+,All races/ethnicities,Female,108,8.3,"1,305,510"
Chlamydia,2018,Virginia,51,45-54,All races/ethnicities,Female,259,45.2,"572,891"
Chlamydia,2018,Virginia,51,35-44,All races/ethnicities,Female,"1,313",237.2,"553,498"
Chlamydia,2018,Virginia,51,25-34,All races/ethnicities,Female,"7,760",1325.9,"585,284"
Chlamydia,2018,Virginia,51,13-24,All races/ethnicities,Female,"18,388",2843.3,"646,712"
Chlamydia,2018,Virginia,51,55+,All races/ethnicities,Male,198,17.8,"1,115,062"
Chlamydia,2018,Virginia,51,45-54,All races/ethnicities,Male,460,83.4,"551,379"
Chlamydia,2018,Virginia,51,35-44,All races/ethnicities,Male,"1,337",243.7,"548,557"
Chlamydia,2018,Virginia,51,25-34,All races/ethnicities,Male,"5,487",913.2,"600,842"
Chlamydia,2018,Virginia,51,13-24,All races/ethnicities,Male,"7,418",1088.3,"681,591"
HIV diagnoses,2021,Virginia,51,55+,All races/ethnicities,Female,26,1.9,"1,350,849"
HIV diagnoses,2021,Virginia,51,45-54,All races/ethnicities,Female,20,3.7,"546,032"
HIV diagnoses,2021,Virginia,51,35-44,All races/ethnicities,Female,45,7.8,"578,051"
HIV diagnoses,2021,Virginia,51,25-34,All races/ethnicities,Female,45,7.7,"582,450"
HIV diagnoses,2021,Virginia,51,13-24,All races/ethnicities,Female,21,3.2,"658,520"
HIV diagnoses,2021,Virginia,51,55+,All races/ethnicities,Male,49,4.1,"1,181,643"
HIV diagnoses,2021,Virginia,51,45-54,All races/ethnicities,Male,57,10.6,"540,280"
HIV diagnoses,2021,Virginia,51,35-44,All races/ethnicities,Male,114,19.6,"581,709"
HIV diagnoses,2021,Virginia,51,25-34,All races/ethnicities,Male,264,44.3,"596,595"
HIV diagnoses,2021,Virginia,51,13-24,All races/ethnicities,Male,151,21.7,"695,814"
HIV diagnoses,2020 (COVID-19 Pandemic),Virginia,51,55+,All races/ethnicities,Female,13,1,"1,334,560"
HIV diagnoses,2020 (COVID-19 Pandemic),Virginia,51,45-54,All races/ethnicities,Female,25,4.5,"553,782"
HIV diagnoses,2020 (COVID-19 Pandemic),Virginia,51,35-44,All races/ethnicities,Female,26,4.5,"571,459"
HIV diagnoses,2020 (COVID-19 Pandemic),Virginia,51,25-34,All races/ethnicities,Female,27,4.6,"584,978"
HIV diagnoses,2020 (COVID-19 Pandemic),Virginia,51,13-24,All races/ethnicities,Female,21,3.2,"656,023"
HIV diagnoses,2020 (COVID-19 Pandemic),Virginia,51,55+,All races/ethnicities,Male,52,4.5,"1,167,600"
HIV diagnoses,2020 (COVID-19 Pandemic),Virginia,51,45-54,All races/ethnicities,Male,40,7.3,"548,373"
HIV diagnoses,2020 (COVID-19 Pandemic),Virginia,51,35-44,All races/ethnicities,Male,85,14.8,"574,578"
HIV diagnoses,2020 (COVID-19 Pandemic),Virginia,51,25-34,All races/ethnicities,Male,206,34.4,"598,786"
HIV diagnoses,2020 (COVID-19 Pandemic),Virginia,51,13-24,All races/ethnicities,Male,123,17.7,"693,011"
HIV diagnoses,2019,Virginia,51,55+,All races/ethnicities,Female,25,1.9,"1,334,231"
HIV diagnoses,2019,Virginia,51,45-54,All races/ethnicities,Female,24,4.3,"560,483"
HIV diagnoses,2019,Virginia,51,35-44,All races/ethnicities,Female,42,7.5,"560,160"
HIV diagnoses,2019,Virginia,51,25-34,All races/ethnicities,Female,52,8.8,"588,950"
HIV diagnoses,2019,Virginia,51,13-24,All races/ethnicities,Female,17,2.6,"646,845"
HIV diagnoses,2019,Virginia,51,55+,All races/ethnicities,Male,59,5.2,"1,140,324"
HIV diagnoses,2019,Virginia,51,45-54,All races/ethnicities,Male,76,14,"541,026"
HIV diagnoses,2019,Virginia,51,35-44,All races/ethnicities,Male,123,22.2,"554,871"
HIV diagnoses,2019,Virginia,51,25-34,All races/ethnicities,Male,265,43.7,"606,133"
HIV diagnoses,2019,Virginia,51,13-24,All races/ethnicities,Male,149,21.8,"682,817"
HIV diagnoses,2018,Virginia,51,55+,All races/ethnicities,Female,27,2.1,"1,305,961"
HIV diagnoses,2018,Virginia,51,45-54,All races/ethnicities,Female,31,5.4,"573,078"
HIV diagnoses,2018,Virginia,51,35-44,All races/ethnicities,Female,48,8.7,"554,255"
HIV diagnoses,2018,Virginia,51,25-34,All races/ethnicities,Female,42,7.2,"586,387"
HIV diagnoses,2018,Virginia,51,13-24,All races/ethnicities,Female,27,4.2,"647,431"
HIV diagnoses,2018,Virginia,51,55+,All races/ethnicities,Male,64,5.7,"1,115,770"
HIV diagnoses,2018,Virginia,51,45-54,All races/ethnicities,Male,72,13,"551,760"
HIV diagnoses,2018,Virginia,51,35-44,All races/ethnicities,Male,115,21,"548,911"
HIV diagnoses,2018,Virginia,51,25-34,All races/ethnicities,Male,268,44.6,"601,488"
HIV diagnoses,2018,Virginia,51,13-24,All races/ethnicities,Male,169,24.8,"682,589"
Gonorrhea,2021,Washington,53,55+,All races/ethnicities,Female,74,6.4,"1,155,336"
Gonorrhea,2021,Washington,53,45-54,All races/ethnicities,Female,235,51.4,"457,592"
Gonorrhea,2021,Washington,53,35-44,All races/ethnicities,Female,731,137.3,"532,219"
Gonorrhea,2021,Washington,53,25-34,All races/ethnicities,Female,"1,472",261.1,"563,746"
Gonorrhea,2021,Washington,53,13-24,All races/ethnicities,Female,"1,595",290.2,"549,597"
Gonorrhea,2021,Washington,53,55+,All races/ethnicities,Male,324,30.8,"1,053,068"
Gonorrhea,2021,Washington,53,45-54,All races/ethnicities,Male,678,142.7,"475,111"
Gonorrhea,2021,Washington,53,35-44,All races/ethnicities,Male,"1,645",292.1,"563,085"
Gonorrhea,2021,Washington,53,25-34,All races/ethnicities,Male,"2,859",469,"609,639"
Gonorrhea,2021,Washington,53,13-24,All races/ethnicities,Male,"1,537",262.4,"585,705"
Gonorrhea,2020 (COVID-19 Pandemic),Washington,53,55+,All races/ethnicities,Female,59,5.2,"1,143,190"
Gonorrhea,2020 (COVID-19 Pandemic),Washington,53,45-54,All races/ethnicities,Female,218,47.5,"458,860"
Gonorrhea,2020 (COVID-19 Pandemic),Washington,53,35-44,All races/ethnicities,Female,745,142.7,"522,019"
Gonorrhea,2020 (COVID-19 Pandemic),Washington,53,25-34,All races/ethnicities,Female,"1,564",276.6,"565,516"
Gonorrhea,2020 (COVID-19 Pandemic),Washington,53,13-24,All races/ethnicities,Female,"1,855",338.3,"548,327"
Gonorrhea,2020 (COVID-19 Pandemic),Washington,53,55+,All races/ethnicities,Male,329,31.6,"1,042,002"
Gonorrhea,2020 (COVID-19 Pandemic),Washington,53,45-54,All races/ethnicities,Male,642,134.7,"476,460"
Gonorrhea,2020 (COVID-19 Pandemic),Washington,53,35-44,All races/ethnicities,Male,"1,634",296.5,"551,095"
Gonorrhea,2020 (COVID-19 Pandemic),Washington,53,25-34,All races/ethnicities,Male,"2,927",479.9,"609,894"
Gonorrhea,2020 (COVID-19 Pandemic),Washington,53,13-24,All races/ethnicities,Male,"1,634",279.5,"584,672"
Gonorrhea,2019,Washington,53,55+,All races/ethnicities,Female,60,5.2,"1,147,412"
Gonorrhea,2019,Washington,53,45-54,All races/ethnicities,Female,211,45.9,"459,316"
Gonorrhea,2019,Washington,53,35-44,All races/ethnicities,Female,628,124.3,"505,087"
Gonorrhea,2019,Washington,53,25-34,All races/ethnicities,Female,"1,522",269.9,"563,850"
Gonorrhea,2019,Washington,53,13-24,All races/ethnicities,Female,"1,757",326.6,"537,978"
Gonorrhea,2019,Washington,53,55+,All races/ethnicities,Male,336,32.9,"1,021,919"
Gonorrhea,2019,Washington,53,45-54,All races/ethnicities,Male,780,167.9,"464,461"
Gonorrhea,2019,Washington,53,35-44,All races/ethnicities,Male,"1,605",306.9,"523,054"
Gonorrhea,2019,Washington,53,25-34,All races/ethnicities,Male,"3,154",518.6,"608,225"
Gonorrhea,2019,Washington,53,13-24,All races/ethnicities,Male,"1,670",290.3,"575,218"
Gonorrhea,2018,Washington,53,55+,All races/ethnicities,Female,52,4.6,"1,122,832"
Gonorrhea,2018,Washington,53,45-54,All races/ethnicities,Female,167,36,"463,915"
Gonorrhea,2018,Washington,53,35-44,All races/ethnicities,Female,573,116.3,"492,619"
Gonorrhea,2018,Washington,53,25-34,All races/ethnicities,Female,"1,447",260.7,"554,951"
Gonorrhea,2018,Washington,53,13-24,All races/ethnicities,Female,"1,678",312.7,"536,602"
Gonorrhea,2018,Washington,53,55+,All races/ethnicities,Male,355,35.5,"999,868"
Gonorrhea,2018,Washington,53,45-54,All races/ethnicities,Male,744,158.8,"468,532"
Gonorrhea,2018,Washington,53,35-44,All races/ethnicities,Male,"1,514",297.4,"509,013"
Gonorrhea,2018,Washington,53,25-34,All races/ethnicities,Male,"2,971",498,"596,555"
Gonorrhea,2018,Washington,53,13-24,All races/ethnicities,Male,"1,692",295.2,"573,075"
Chlamydia,2021,Washington,53,55+,All races/ethnicities,Female,105,9.1,"1,155,336"
Chlamydia,2021,Washington,53,45-54,All races/ethnicities,Female,385,84.1,"457,592"
Chlamydia,2021,Washington,53,35-44,All races/ethnicities,Female,"1,319",247.8,"532,219"
Chlamydia,2021,Washington,53,25-34,All races/ethnicities,Female,"5,032",892.6,"563,746"
Chlamydia,2021,Washington,53,13-24,All races/ethnicities,Female,"11,694",2127.7,"549,597"
Chlamydia,2021,Washington,53,55+,All races/ethnicities,Male,297,28.2,"1,053,068"
Chlamydia,2021,Washington,53,45-54,All races/ethnicities,Male,588,123.8,"475,111"
Chlamydia,2021,Washington,53,35-44,All races/ethnicities,Male,"1,547",274.7,"563,085"
Chlamydia,2021,Washington,53,25-34,All races/ethnicities,Male,"3,969",651,"609,639"
Chlamydia,2021,Washington,53,13-24,All races/ethnicities,Male,"4,572",780.6,"585,705"
Chlamydia,2020 (COVID-19 Pandemic),Washington,53,55+,All races/ethnicities,Female,90,7.9,"1,143,190"
Chlamydia,2020 (COVID-19 Pandemic),Washington,53,45-54,All races/ethnicities,Female,346,75.4,"458,860"
Chlamydia,2020 (COVID-19 Pandemic),Washington,53,35-44,All races/ethnicities,Female,"1,248",239.1,"522,019"
Chlamydia,2020 (COVID-19 Pandemic),Washington,53,25-34,All races/ethnicities,Female,"5,222",923.4,"565,516"
Chlamydia,2020 (COVID-19 Pandemic),Washington,53,13-24,All races/ethnicities,Female,"12,547",2288.2,"548,327"
Chlamydia,2020 (COVID-19 Pandemic),Washington,53,55+,All races/ethnicities,Male,276,26.5,"1,042,002"
Chlamydia,2020 (COVID-19 Pandemic),Washington,53,45-54,All races/ethnicities,Male,569,119.4,"476,460"
Chlamydia,2020 (COVID-19 Pandemic),Washington,53,35-44,All races/ethnicities,Male,"1,600",290.3,"551,095"
Chlamydia,2020 (COVID-19 Pandemic),Washington,53,25-34,All races/ethnicities,Male,"4,212",690.6,"609,894"
Chlamydia,2020 (COVID-19 Pandemic),Washington,53,13-24,All races/ethnicities,Male,"4,832",826.4,"584,672"
Chlamydia,2019,Washington,53,55+,All races/ethnicities,Female,104,9.1,"1,147,412"
Chlamydia,2019,Washington,53,45-54,All races/ethnicities,Female,416,90.6,"459,316"
Chlamydia,2019,Washington,53,35-44,All races/ethnicities,Female,"1,521",301.1,"505,087"
Chlamydia,2019,Washington,53,25-34,All races/ethnicities,Female,"6,062",1075.1,"563,850"
Chlamydia,2019,Washington,53,13-24,All races/ethnicities,Female,"15,173",2820.4,"537,978"
Chlamydia,2019,Washington,53,55+,All races/ethnicities,Male,374,36.6,"1,021,919"
Chlamydia,2019,Washington,53,45-54,All races/ethnicities,Male,866,186.5,"464,461"
Chlamydia,2019,Washington,53,35-44,All races/ethnicities,Male,"1,957",374.1,"523,054"
Chlamydia,2019,Washington,53,25-34,All races/ethnicities,Male,"5,181",851.8,"608,225"
Chlamydia,2019,Washington,53,13-24,All races/ethnicities,Male,"5,944",1033.3,"575,218"
Chlamydia,2018,Washington,53,55+,All races/ethnicities,Female,99,8.8,"1,122,832"
Chlamydia,2018,Washington,53,45-54,All races/ethnicities,Female,353,76.1,"463,915"
Chlamydia,2018,Washington,53,35-44,All races/ethnicities,Female,"1,340",272,"492,619"
Chlamydia,2018,Washington,53,25-34,All races/ethnicities,Female,"5,464",984.6,"554,951"
Chlamydia,2018,Washington,53,13-24,All races/ethnicities,Female,"14,159",2638.6,"536,602"
Chlamydia,2018,Washington,53,55+,All races/ethnicities,Male,315,31.5,"999,868"
Chlamydia,2018,Washington,53,45-54,All races/ethnicities,Male,795,169.7,"468,532"
Chlamydia,2018,Washington,53,35-44,All races/ethnicities,Male,"1,746",343,"509,013"
Chlamydia,2018,Washington,53,25-34,All races/ethnicities,Male,"4,753",796.7,"596,555"
Chlamydia,2018,Washington,53,13-24,All races/ethnicities,Male,"5,388",940.2,"573,075"
HIV diagnoses,2021,Washington,53,55+,All races/ethnicities,Female,12,1,"1,155,336"
HIV diagnoses,2021,Washington,53,45-54,All races/ethnicities,Female,20,4.4,"457,592"
HIV diagnoses,2021,Washington,53,35-44,All races/ethnicities,Female,18,3.4,"532,219"
HIV diagnoses,2021,Washington,53,25-34,All races/ethnicities,Female,25,4.4,"563,746"
HIV diagnoses,2021,Washington,53,13-24,All races/ethnicities,Female,9,1.6,"549,597"
HIV diagnoses,2021,Washington,53,55+,All races/ethnicities,Male,37,3.5,"1,053,068"
HIV diagnoses,2021,Washington,53,45-54,All races/ethnicities,Male,65,13.7,"475,111"
HIV diagnoses,2021,Washington,53,35-44,All races/ethnicities,Male,92,16.3,"563,085"
HIV diagnoses,2021,Washington,53,25-34,All races/ethnicities,Male,138,22.6,"609,639"
HIV diagnoses,2021,Washington,53,13-24,All races/ethnicities,Male,45,7.7,"585,705"
HIV diagnoses,2020 (COVID-19 Pandemic),Washington,53,55+,All races/ethnicities,Female,17,1.5,"1,143,190"
HIV diagnoses,2020 (COVID-19 Pandemic),Washington,53,45-54,All races/ethnicities,Female,14,3.1,"458,860"
HIV diagnoses,2020 (COVID-19 Pandemic),Washington,53,35-44,All races/ethnicities,Female,22,4.2,"522,019"
HIV diagnoses,2020 (COVID-19 Pandemic),Washington,53,25-34,All races/ethnicities,Female,18,3.2,"565,516"
HIV diagnoses,2020 (COVID-19 Pandemic),Washington,53,13-24,All races/ethnicities,Female,2,0.4,"548,327"
HIV diagnoses,2020 (COVID-19 Pandemic),Washington,53,55+,All races/ethnicities,Male,40,3.8,"1,042,002"
HIV diagnoses,2020 (COVID-19 Pandemic),Washington,53,45-54,All races/ethnicities,Male,42,8.8,"476,460"
HIV diagnoses,2020 (COVID-19 Pandemic),Washington,53,35-44,All races/ethnicities,Male,78,14.2,"551,095"
HIV diagnoses,2020 (COVID-19 Pandemic),Washington,53,25-34,All races/ethnicities,Male,128,21,"609,894"
HIV diagnoses,2020 (COVID-19 Pandemic),Washington,53,13-24,All races/ethnicities,Male,56,9.6,"584,672"
HIV diagnoses,2019,Washington,53,55+,All races/ethnicities,Female,15,1.3,"1,145,454"
HIV diagnoses,2019,Washington,53,45-54,All races/ethnicities,Female,25,5.4,"458,789"
HIV diagnoses,2019,Washington,53,35-44,All races/ethnicities,Female,30,5.9,"505,749"
HIV diagnoses,2019,Washington,53,25-34,All races/ethnicities,Female,14,2.5,"564,383"
HIV diagnoses,2019,Washington,53,13-24,All races/ethnicities,Female,7,1.3,"538,786"
HIV diagnoses,2019,Washington,53,55+,All races/ethnicities,Male,41,4,"1,020,375"
HIV diagnoses,2019,Washington,53,45-54,All races/ethnicities,Male,51,11,"464,625"
HIV diagnoses,2019,Washington,53,35-44,All races/ethnicities,Male,74,14.1,"524,025"
HIV diagnoses,2019,Washington,53,25-34,All races/ethnicities,Male,168,27.6,"609,518"
HIV diagnoses,2019,Washington,53,13-24,All races/ethnicities,Male,55,9.6,"575,303"
HIV diagnoses,2018,Washington,53,55+,All races/ethnicities,Female,37,3.3,"1,122,139"
HIV diagnoses,2018,Washington,53,45-54,All races/ethnicities,Female,32,6.9,"463,715"
HIV diagnoses,2018,Washington,53,35-44,All races/ethnicities,Female,34,6.9,"493,189"
HIV diagnoses,2018,Washington,53,25-34,All races/ethnicities,Female,19,3.4,"555,864"
HIV diagnoses,2018,Washington,53,13-24,All races/ethnicities,Female,11,2,"537,298"
HIV diagnoses,2018,Washington,53,55+,All races/ethnicities,Male,32,3.2,"999,286"
HIV diagnoses,2018,Washington,53,45-54,All races/ethnicities,Male,50,10.7,"468,624"
HIV diagnoses,2018,Washington,53,35-44,All races/ethnicities,Male,90,17.7,"509,906"
HIV diagnoses,2018,Washington,53,25-34,All races/ethnicities,Male,141,23.6,"597,656"
HIV diagnoses,2018,Washington,53,13-24,All races/ethnicities,Male,51,8.9,"573,034"
Gonorrhea,2021,West Virginia,54,55+,All races/ethnicities,Female,4,1.2,"325,256"
Gonorrhea,2021,West Virginia,54,45-54,All races/ethnicities,Female,21,18.9,"111,212"
Gonorrhea,2021,West Virginia,54,35-44,All races/ethnicities,Female,108,102.4,"105,477"
Gonorrhea,2021,West Virginia,54,25-34,All races/ethnicities,Female,276,267.1,"103,330"
Gonorrhea,2021,West Virginia,54,13-24,All races/ethnicities,Female,Data suppressed,Data suppressed,"126,638"
Gonorrhea,2021,West Virginia,54,55+,All races/ethnicities,Male,36,12.3,"292,958"
Gonorrhea,2021,West Virginia,54,45-54,All races/ethnicities,Male,79,69.2,"114,212"
Gonorrhea,2021,West Virginia,54,35-44,All races/ethnicities,Male,207,190.6,"108,577"
Gonorrhea,2021,West Virginia,54,25-34,All races/ethnicities,Male,311,284,"109,506"
Gonorrhea,2021,West Virginia,54,13-24,All races/ethnicities,Male,Data suppressed,Data suppressed,"135,380"
Gonorrhea,2020 (COVID-19 Pandemic),West Virginia,54,55+,All races/ethnicities,Female,9,2.8,"325,450"
Gonorrhea,2020 (COVID-19 Pandemic),West Virginia,54,45-54,All races/ethnicities,Female,29,25.8,"112,581"
Gonorrhea,2020 (COVID-19 Pandemic),West Virginia,54,35-44,All races/ethnicities,Female,103,97.2,"105,974"
Gonorrhea,2020 (COVID-19 Pandemic),West Virginia,54,25-34,All races/ethnicities,Female,316,306.3,"103,177"
Gonorrhea,2020 (COVID-19 Pandemic),West Virginia,54,13-24,All races/ethnicities,Female,Data suppressed,Data suppressed,"126,141"
Gonorrhea,2020 (COVID-19 Pandemic),West Virginia,54,55+,All races/ethnicities,Male,40,13.7,"292,886"
Gonorrhea,2020 (COVID-19 Pandemic),West Virginia,54,45-54,All races/ethnicities,Male,90,77.6,"115,943"
Gonorrhea,2020 (COVID-19 Pandemic),West Virginia,54,35-44,All races/ethnicities,Male,183,168,"108,935"
Gonorrhea,2020 (COVID-19 Pandemic),West Virginia,54,25-34,All races/ethnicities,Male,342,313.3,"109,175"
Gonorrhea,2020 (COVID-19 Pandemic),West Virginia,54,13-24,All races/ethnicities,Male,Data suppressed,Data suppressed,"134,688"
Gonorrhea,2019,West Virginia,54,55+,All races/ethnicities,Female,4,1.2,"330,690"
Gonorrhea,2019,West Virginia,54,45-54,All races/ethnicities,Female,31,27.1,"114,241"
Gonorrhea,2019,West Virginia,54,35-44,All races/ethnicities,Female,120,112.9,"106,301"
Gonorrhea,2019,West Virginia,54,25-34,All races/ethnicities,Female,310,298.5,"103,862"
Gonorrhea,2019,West Virginia,54,13-24,All races/ethnicities,Female,369,295.5,"124,886"
Gonorrhea,2019,West Virginia,54,55+,All races/ethnicities,Male,43,14.8,"291,047"
Gonorrhea,2019,West Virginia,54,45-54,All races/ethnicities,Male,92,80,"115,010"
Gonorrhea,2019,West Virginia,54,35-44,All races/ethnicities,Male,207,192.6,"107,501"
Gonorrhea,2019,West Virginia,54,25-34,All races/ethnicities,Male,371,336.8,"110,142"
Gonorrhea,2019,West Virginia,54,13-24,All races/ethnicities,Male,220,165,"133,313"
Gonorrhea,2018,West Virginia,54,55+,All races/ethnicities,Female,5,1.5,"328,909"
Gonorrhea,2018,West Virginia,54,45-54,All races/ethnicities,Female,11,9.4,"116,941"
Gonorrhea,2018,West Virginia,54,35-44,All races/ethnicities,Female,63,58.5,"107,744"
Gonorrhea,2018,West Virginia,54,25-34,All races/ethnicities,Female,207,198,"104,563"
Gonorrhea,2018,West Virginia,54,13-24,All races/ethnicities,Female,254,201,"126,386"
Gonorrhea,2018,West Virginia,54,55+,All races/ethnicities,Male,25,8.6,"289,290"
Gonorrhea,2018,West Virginia,54,45-54,All races/ethnicities,Male,35,29.8,"117,355"
Gonorrhea,2018,West Virginia,54,35-44,All races/ethnicities,Male,89,81.8,"108,788"
Gonorrhea,2018,West Virginia,54,25-34,All races/ethnicities,Male,237,214.9,"110,298"
Gonorrhea,2018,West Virginia,54,13-24,All races/ethnicities,Male,214,158.8,"134,734"
Chlamydia,2021,West Virginia,54,55+,All races/ethnicities,Female,12,3.7,"325,256"
Chlamydia,2021,West Virginia,54,45-54,All races/ethnicities,Female,45,40.5,"111,212"
Chlamydia,2021,West Virginia,54,35-44,All races/ethnicities,Female,162,153.6,"105,477"
Chlamydia,2021,West Virginia,54,25-34,All races/ethnicities,Female,785,759.7,"103,330"
Chlamydia,2021,West Virginia,54,13-24,All races/ethnicities,Female,"2,612",2062.6,"126,638"
Chlamydia,2021,West Virginia,54,55+,All races/ethnicities,Male,23,7.9,"292,958"
Chlamydia,2021,West Virginia,54,45-54,All races/ethnicities,Male,53,46.4,"114,212"
Chlamydia,2021,West Virginia,54,35-44,All races/ethnicities,Male,166,152.9,"108,577"
Chlamydia,2021,West Virginia,54,25-34,All races/ethnicities,Male,496,452.9,"109,506"
Chlamydia,2021,West Virginia,54,13-24,All races/ethnicities,Male,866,639.7,"135,380"
Chlamydia,2020 (COVID-19 Pandemic),West Virginia,54,55+,All races/ethnicities,Female,3,0.9,"325,450"
Chlamydia,2020 (COVID-19 Pandemic),West Virginia,54,45-54,All races/ethnicities,Female,51,45.3,"112,581"
Chlamydia,2020 (COVID-19 Pandemic),West Virginia,54,35-44,All races/ethnicities,Female,174,164.2,"105,974"
Chlamydia,2020 (COVID-19 Pandemic),West Virginia,54,25-34,All races/ethnicities,Female,836,810.3,"103,177"
Chlamydia,2020 (COVID-19 Pandemic),West Virginia,54,13-24,All races/ethnicities,Female,"2,657",2106.4,"126,141"
Chlamydia,2020 (COVID-19 Pandemic),West Virginia,54,55+,All races/ethnicities,Male,18,6.1,"292,886"
Chlamydia,2020 (COVID-19 Pandemic),West Virginia,54,45-54,All races/ethnicities,Male,48,41.4,"115,943"
Chlamydia,2020 (COVID-19 Pandemic),West Virginia,54,35-44,All races/ethnicities,Male,184,168.9,"108,935"
Chlamydia,2020 (COVID-19 Pandemic),West Virginia,54,25-34,All races/ethnicities,Male,523,479,"109,175"
Chlamydia,2020 (COVID-19 Pandemic),West Virginia,54,13-24,All races/ethnicities,Male,931,691.2,"134,688"
Chlamydia,2019,West Virginia,54,55+,All races/ethnicities,Female,9,2.7,"330,690"
Chlamydia,2019,West Virginia,54,45-54,All races/ethnicities,Female,30,26.3,"114,241"
Chlamydia,2019,West Virginia,54,35-44,All races/ethnicities,Female,172,161.8,"106,301"
Chlamydia,2019,West Virginia,54,25-34,All races/ethnicities,Female,757,728.9,"103,862"
Chlamydia,2019,West Virginia,54,13-24,All races/ethnicities,Female,"2,591",2074.7,"124,886"
Chlamydia,2019,West Virginia,54,55+,All races/ethnicities,Male,24,8.2,"291,047"
Chlamydia,2019,West Virginia,54,45-54,All races/ethnicities,Male,58,50.4,"115,010"
Chlamydia,2019,West Virginia,54,35-44,All races/ethnicities,Male,172,160,"107,501"
Chlamydia,2019,West Virginia,54,25-34,All races/ethnicities,Male,548,497.5,"110,142"
Chlamydia,2019,West Virginia,54,13-24,All races/ethnicities,Male,977,732.9,"133,313"
Chlamydia,2018,West Virginia,54,55+,All races/ethnicities,Female,8,2.4,"328,909"
Chlamydia,2018,West Virginia,54,45-54,All races/ethnicities,Female,19,16.2,"116,941"
Chlamydia,2018,West Virginia,54,35-44,All races/ethnicities,Female,87,80.7,"107,744"
Chlamydia,2018,West Virginia,54,25-34,All races/ethnicities,Female,498,476.3,"104,563"
Chlamydia,2018,West Virginia,54,13-24,All races/ethnicities,Female,"1,761",1393.4,"126,386"
Chlamydia,2018,West Virginia,54,55+,All races/ethnicities,Male,11,3.8,"289,290"
Chlamydia,2018,West Virginia,54,45-54,All races/ethnicities,Male,21,17.9,"117,355"
Chlamydia,2018,West Virginia,54,35-44,All races/ethnicities,Male,81,74.5,"108,788"
Chlamydia,2018,West Virginia,54,25-34,All races/ethnicities,Male,392,355.4,"110,298"
Chlamydia,2018,West Virginia,54,13-24,All races/ethnicities,Male,719,533.6,"134,734"
HIV diagnoses,2021,West Virginia,54,55+,All races/ethnicities,Female,1,0.3,"325,256"
HIV diagnoses,2021,West Virginia,54,45-54,All races/ethnicities,Female,8,7.2,"111,212"
HIV diagnoses,2021,West Virginia,54,35-44,All races/ethnicities,Female,11,10.4,"105,477"
HIV diagnoses,2021,West Virginia,54,25-34,All races/ethnicities,Female,26,25.2,"103,330"
HIV diagnoses,2021,West Virginia,54,13-24,All races/ethnicities,Female,5,3.9,"126,638"
HIV diagnoses,2021,West Virginia,54,55+,All races/ethnicities,Male,13,4.4,"292,958"
HIV diagnoses,2021,West Virginia,54,45-54,All races/ethnicities,Male,11,9.6,"114,212"
HIV diagnoses,2021,West Virginia,54,35-44,All races/ethnicities,Male,34,31.3,"108,577"
HIV diagnoses,2021,West Virginia,54,25-34,All races/ethnicities,Male,34,31,"109,506"
HIV diagnoses,2021,West Virginia,54,13-24,All races/ethnicities,Male,6,4.4,"135,380"
HIV diagnoses,2020 (COVID-19 Pandemic),West Virginia,54,55+,All races/ethnicities,Female,2,0.6,"325,450"
HIV diagnoses,2020 (COVID-19 Pandemic),West Virginia,54,45-54,All races/ethnicities,Female,8,7.1,"112,581"
HIV diagnoses,2020 (COVID-19 Pandemic),West Virginia,54,35-44,All races/ethnicities,Female,16,15.1,"105,974"
HIV diagnoses,2020 (COVID-19 Pandemic),West Virginia,54,25-34,All races/ethnicities,Female,24,23.3,"103,177"
HIV diagnoses,2020 (COVID-19 Pandemic),West Virginia,54,13-24,All races/ethnicities,Female,1,0.8,"126,141"
HIV diagnoses,2020 (COVID-19 Pandemic),West Virginia,54,55+,All races/ethnicities,Male,4,1.4,"292,886"
HIV diagnoses,2020 (COVID-19 Pandemic),West Virginia,54,45-54,All races/ethnicities,Male,11,9.5,"115,943"
HIV diagnoses,2020 (COVID-19 Pandemic),West Virginia,54,35-44,All races/ethnicities,Male,35,32.1,"108,935"
HIV diagnoses,2020 (COVID-19 Pandemic),West Virginia,54,25-34,All races/ethnicities,Male,36,33,"109,175"
HIV diagnoses,2020 (COVID-19 Pandemic),West Virginia,54,13-24,All races/ethnicities,Male,3,2.2,"134,688"
HIV diagnoses,2019,West Virginia,54,55+,All races/ethnicities,Female,3,0.9,"331,089"
HIV diagnoses,2019,West Virginia,54,45-54,All races/ethnicities,Female,7,6.1,"114,284"
HIV diagnoses,2019,West Virginia,54,35-44,All races/ethnicities,Female,16,15,"106,474"
HIV diagnoses,2019,West Virginia,54,25-34,All races/ethnicities,Female,24,23,"104,282"
HIV diagnoses,2019,West Virginia,54,13-24,All races/ethnicities,Female,5,4,"125,256"
HIV diagnoses,2019,West Virginia,54,55+,All races/ethnicities,Male,10,3.4,"290,965"
HIV diagnoses,2019,West Virginia,54,45-54,All races/ethnicities,Male,15,13,"115,022"
HIV diagnoses,2019,West Virginia,54,35-44,All races/ethnicities,Male,21,19.5,"107,657"
HIV diagnoses,2019,West Virginia,54,25-34,All races/ethnicities,Male,35,31.6,"110,673"
HIV diagnoses,2019,West Virginia,54,13-24,All races/ethnicities,Male,19,14.2,"133,708"
HIV diagnoses,2018,West Virginia,54,55+,All races/ethnicities,Female,1,0.3,"329,035"
HIV diagnoses,2018,West Virginia,54,45-54,All races/ethnicities,Female,7,6,"117,013"
HIV diagnoses,2018,West Virginia,54,35-44,All races/ethnicities,Female,10,9.3,"107,817"
HIV diagnoses,2018,West Virginia,54,25-34,All races/ethnicities,Female,6,5.7,"104,803"
HIV diagnoses,2018,West Virginia,54,13-24,All races/ethnicities,Female,1,0.8,"126,551"
HIV diagnoses,2018,West Virginia,54,55+,All races/ethnicities,Male,2,0.7,"289,140"
HIV diagnoses,2018,West Virginia,54,45-54,All races/ethnicities,Male,8,6.8,"117,445"
HIV diagnoses,2018,West Virginia,54,35-44,All races/ethnicities,Male,16,14.7,"108,847"
HIV diagnoses,2018,West Virginia,54,25-34,All races/ethnicities,Male,28,25.3,"110,617"
HIV diagnoses,2018,West Virginia,54,13-24,All races/ethnicities,Male,14,10.4,"134,781"
Gonorrhea,2021,Wisconsin,55,55+,All races/ethnicities,Female,38,3.9,"980,235"
Gonorrhea,2021,Wisconsin,55,45-54,All races/ethnicities,Female,119,34.5,"344,491"
Gonorrhea,2021,Wisconsin,55,35-44,All races/ethnicities,Female,493,134.8,"365,841"
Gonorrhea,2021,Wisconsin,55,25-34,All races/ethnicities,Female,"1,537",427.8,"359,261"
Gonorrhea,2021,Wisconsin,55,13-24,All races/ethnicities,Female,"2,796",608.4,"459,541"
Gonorrhea,2021,Wisconsin,55,55+,All races/ethnicities,Male,228,25.1,"906,579"
Gonorrhea,2021,Wisconsin,55,45-54,All races/ethnicities,Male,356,99.8,"356,671"
Gonorrhea,2021,Wisconsin,55,35-44,All races/ethnicities,Male,801,210.8,"380,041"
Gonorrhea,2021,Wisconsin,55,25-34,All races/ethnicities,Male,"1,900",502.3,"378,296"
Gonorrhea,2021,Wisconsin,55,13-24,All races/ethnicities,Male,"2,155",450.7,"478,110"
Gonorrhea,2020 (COVID-19 Pandemic),Wisconsin,55,55+,All races/ethnicities,Female,31,3.2,"969,304"
Gonorrhea,2020 (COVID-19 Pandemic),Wisconsin,55,45-54,All races/ethnicities,Female,94,26.8,"351,213"
Gonorrhea,2020 (COVID-19 Pandemic),Wisconsin,55,35-44,All races/ethnicities,Female,452,124.9,"361,847"
Gonorrhea,2020 (COVID-19 Pandemic),Wisconsin,55,25-34,All races/ethnicities,Female,"1,616",449,"359,935"
Gonorrhea,2020 (COVID-19 Pandemic),Wisconsin,55,13-24,All races/ethnicities,Female,"2,713",592.8,"457,649"
Gonorrhea,2020 (COVID-19 Pandemic),Wisconsin,55,55+,All races/ethnicities,Male,188,21,"895,860"
Gonorrhea,2020 (COVID-19 Pandemic),Wisconsin,55,45-54,All races/ethnicities,Male,338,93.1,"363,205"
Gonorrhea,2020 (COVID-19 Pandemic),Wisconsin,55,35-44,All races/ethnicities,Male,788,209.6,"375,980"
Gonorrhea,2020 (COVID-19 Pandemic),Wisconsin,55,25-34,All races/ethnicities,Male,"2,057",543.6,"378,371"
Gonorrhea,2020 (COVID-19 Pandemic),Wisconsin,55,13-24,All races/ethnicities,Male,"2,020",424.6,"475,700"
Gonorrhea,2019,Wisconsin,55,55+,All races/ethnicities,Female,33,3.4,"968,466"
Gonorrhea,2019,Wisconsin,55,45-54,All races/ethnicities,Female,106,29.7,"356,522"
Gonorrhea,2019,Wisconsin,55,35-44,All races/ethnicities,Female,349,99,"352,372"
Gonorrhea,2019,Wisconsin,55,25-34,All races/ethnicities,Female,"1,210",335.4,"360,715"
Gonorrhea,2019,Wisconsin,55,13-24,All races/ethnicities,Female,"2,439",543.7,"448,585"
Gonorrhea,2019,Wisconsin,55,55+,All races/ethnicities,Male,213,24.4,"871,795"
Gonorrhea,2019,Wisconsin,55,45-54,All races/ethnicities,Male,353,98.4,"358,687"
Gonorrhea,2019,Wisconsin,55,35-44,All races/ethnicities,Male,683,189.4,"360,703"
Gonorrhea,2019,Wisconsin,55,25-34,All races/ethnicities,Male,"1,683",442.3,"380,507"
Gonorrhea,2019,Wisconsin,55,13-24,All races/ethnicities,Male,"1,761",377,"467,149"
Gonorrhea,2018,Wisconsin,55,55+,All races/ethnicities,Female,20,2.1,"950,045"
Gonorrhea,2018,Wisconsin,55,45-54,All races/ethnicities,Female,82,22.3,"367,577"
Gonorrhea,2018,Wisconsin,55,35-44,All races/ethnicities,Female,273,78.5,"347,748"
Gonorrhea,2018,Wisconsin,55,25-34,All races/ethnicities,Female,"1,117",311.1,"359,078"
Gonorrhea,2018,Wisconsin,55,13-24,All races/ethnicities,Female,"2,167",479.7,"451,720"
Gonorrhea,2018,Wisconsin,55,55+,All races/ethnicities,Male,189,22.1,"853,832"
Gonorrhea,2018,Wisconsin,55,45-54,All races/ethnicities,Male,295,79.9,"369,218"
Gonorrhea,2018,Wisconsin,55,35-44,All races/ethnicities,Male,530,148.7,"356,401"
Gonorrhea,2018,Wisconsin,55,25-34,All races/ethnicities,Male,"1,444",382.3,"377,755"
Gonorrhea,2018,Wisconsin,55,13-24,All races/ethnicities,Male,"1,744",371.6,"469,384"
Chlamydia,2021,Wisconsin,55,55+,All races/ethnicities,Female,48,4.9,"980,235"
Chlamydia,2021,Wisconsin,55,45-54,All races/ethnicities,Female,182,52.8,"344,491"
Chlamydia,2021,Wisconsin,55,35-44,All races/ethnicities,Female,946,258.6,"365,841"
Chlamydia,2021,Wisconsin,55,25-34,All races/ethnicities,Female,"4,766",1326.6,"359,261"
Chlamydia,2021,Wisconsin,55,13-24,All races/ethnicities,Female,"12,659",2754.7,"459,541"
Chlamydia,2021,Wisconsin,55,55+,All races/ethnicities,Male,141,15.6,"906,579"
Chlamydia,2021,Wisconsin,55,45-54,All races/ethnicities,Male,274,76.8,"356,671"
Chlamydia,2021,Wisconsin,55,35-44,All races/ethnicities,Male,855,225,"380,041"
Chlamydia,2021,Wisconsin,55,25-34,All races/ethnicities,Male,"2,943",778,"378,296"
Chlamydia,2021,Wisconsin,55,13-24,All races/ethnicities,Male,"4,977",1041,"478,110"
Chlamydia,2020 (COVID-19 Pandemic),Wisconsin,55,55+,All races/ethnicities,Female,55,5.7,"969,304"
Chlamydia,2020 (COVID-19 Pandemic),Wisconsin,55,45-54,All races/ethnicities,Female,140,39.9,"351,213"
Chlamydia,2020 (COVID-19 Pandemic),Wisconsin,55,35-44,All races/ethnicities,Female,907,250.7,"361,847"
Chlamydia,2020 (COVID-19 Pandemic),Wisconsin,55,25-34,All races/ethnicities,Female,"4,255",1182.2,"359,935"
Chlamydia,2020 (COVID-19 Pandemic),Wisconsin,55,13-24,All races/ethnicities,Female,"12,643",2762.6,"457,649"
Chlamydia,2020 (COVID-19 Pandemic),Wisconsin,55,55+,All races/ethnicities,Male,115,12.8,"895,860"
Chlamydia,2020 (COVID-19 Pandemic),Wisconsin,55,45-54,All races/ethnicities,Male,238,65.5,"363,205"
Chlamydia,2020 (COVID-19 Pandemic),Wisconsin,55,35-44,All races/ethnicities,Male,796,211.7,"375,980"
Chlamydia,2020 (COVID-19 Pandemic),Wisconsin,55,25-34,All races/ethnicities,Male,"2,714",717.3,"378,371"
Chlamydia,2020 (COVID-19 Pandemic),Wisconsin,55,13-24,All races/ethnicities,Male,"4,623",971.8,"475,700"
Chlamydia,2019,Wisconsin,55,55+,All races/ethnicities,Female,58,6,"968,466"
Chlamydia,2019,Wisconsin,55,45-54,All races/ethnicities,Female,178,49.9,"356,522"
Chlamydia,2019,Wisconsin,55,35-44,All races/ethnicities,Female,938,266.2,"352,372"
Chlamydia,2019,Wisconsin,55,25-34,All races/ethnicities,Female,"4,554",1262.5,"360,715"
Chlamydia,2019,Wisconsin,55,13-24,All races/ethnicities,Female,"13,629",3038.2,"448,585"
Chlamydia,2019,Wisconsin,55,55+,All races/ethnicities,Male,134,15.4,"871,795"
Chlamydia,2019,Wisconsin,55,45-54,All races/ethnicities,Male,280,78.1,"358,687"
Chlamydia,2019,Wisconsin,55,35-44,All races/ethnicities,Male,849,235.4,"360,703"
Chlamydia,2019,Wisconsin,55,25-34,All races/ethnicities,Male,"3,037",798.1,"380,507"
Chlamydia,2019,Wisconsin,55,13-24,All races/ethnicities,Male,"5,380",1151.7,"467,149"
Chlamydia,2018,Wisconsin,55,55+,All races/ethnicities,Female,43,4.5,"950,045"
Chlamydia,2018,Wisconsin,55,45-54,All races/ethnicities,Female,157,42.7,"367,577"
Chlamydia,2018,Wisconsin,55,35-44,All races/ethnicities,Female,830,238.7,"347,748"
Chlamydia,2018,Wisconsin,55,25-34,All races/ethnicities,Female,"4,507",1255.2,"359,078"
Chlamydia,2018,Wisconsin,55,13-24,All races/ethnicities,Female,"13,059",2891,"451,720"
Chlamydia,2018,Wisconsin,55,55+,All races/ethnicities,Male,105,12.3,"853,832"
Chlamydia,2018,Wisconsin,55,45-54,All races/ethnicities,Male,269,72.9,"369,218"
Chlamydia,2018,Wisconsin,55,35-44,All races/ethnicities,Male,750,210.4,"356,401"
Chlamydia,2018,Wisconsin,55,25-34,All races/ethnicities,Male,"3,030",802.1,"377,755"
Chlamydia,2018,Wisconsin,55,13-24,All races/ethnicities,Male,"5,223",1112.7,"469,384"
HIV diagnoses,2021,Wisconsin,55,55+,All races/ethnicities,Female,5,0.5,"980,235"
HIV diagnoses,2021,Wisconsin,55,45-54,All races/ethnicities,Female,10,2.9,"344,491"
HIV diagnoses,2021,Wisconsin,55,35-44,All races/ethnicities,Female,6,1.6,"365,841"
HIV diagnoses,2021,Wisconsin,55,25-34,All races/ethnicities,Female,15,4.2,"359,261"
HIV diagnoses,2021,Wisconsin,55,13-24,All races/ethnicities,Female,6,1.3,"459,541"
HIV diagnoses,2021,Wisconsin,55,55+,All races/ethnicities,Male,15,1.7,"906,579"
HIV diagnoses,2021,Wisconsin,55,45-54,All races/ethnicities,Male,22,6.2,"356,671"
HIV diagnoses,2021,Wisconsin,55,35-44,All races/ethnicities,Male,39,10.3,"380,041"
HIV diagnoses,2021,Wisconsin,55,25-34,All races/ethnicities,Male,89,23.5,"378,296"
HIV diagnoses,2021,Wisconsin,55,13-24,All races/ethnicities,Male,46,9.6,"478,110"
HIV diagnoses,2020 (COVID-19 Pandemic),Wisconsin,55,55+,All races/ethnicities,Female,10,1,"969,304"
HIV diagnoses,2020 (COVID-19 Pandemic),Wisconsin,55,45-54,All races/ethnicities,Female,5,1.4,"351,213"
HIV diagnoses,2020 (COVID-19 Pandemic),Wisconsin,55,35-44,All races/ethnicities,Female,11,3,"361,847"
HIV diagnoses,2020 (COVID-19 Pandemic),Wisconsin,55,25-34,All races/ethnicities,Female,13,3.6,"359,935"
HIV diagnoses,2020 (COVID-19 Pandemic),Wisconsin,55,13-24,All races/ethnicities,Female,4,0.9,"457,649"
HIV diagnoses,2020 (COVID-19 Pandemic),Wisconsin,55,55+,All races/ethnicities,Male,10,1.1,"895,860"
HIV diagnoses,2020 (COVID-19 Pandemic),Wisconsin,55,45-54,All races/ethnicities,Male,14,3.9,"363,205"
HIV diagnoses,2020 (COVID-19 Pandemic),Wisconsin,55,35-44,All races/ethnicities,Male,36,9.6,"375,980"
HIV diagnoses,2020 (COVID-19 Pandemic),Wisconsin,55,25-34,All races/ethnicities,Male,72,19,"378,371"
HIV diagnoses,2020 (COVID-19 Pandemic),Wisconsin,55,13-24,All races/ethnicities,Male,38,8,"475,700"
HIV diagnoses,2019,Wisconsin,55,55+,All races/ethnicities,Female,4,0.4,"966,988"
HIV diagnoses,2019,Wisconsin,55,45-54,All races/ethnicities,Female,8,2.2,"356,367"
HIV diagnoses,2019,Wisconsin,55,35-44,All races/ethnicities,Female,14,4,"352,622"
HIV diagnoses,2019,Wisconsin,55,25-34,All races/ethnicities,Female,9,2.5,"361,590"
HIV diagnoses,2019,Wisconsin,55,13-24,All races/ethnicities,Female,8,1.8,"449,442"
HIV diagnoses,2019,Wisconsin,55,55+,All races/ethnicities,Male,16,1.8,"871,107"
HIV diagnoses,2019,Wisconsin,55,45-54,All races/ethnicities,Male,19,5.3,"358,778"
HIV diagnoses,2019,Wisconsin,55,35-44,All races/ethnicities,Male,31,8.6,"361,110"
HIV diagnoses,2019,Wisconsin,55,25-34,All races/ethnicities,Male,62,16.3,"381,073"
HIV diagnoses,2019,Wisconsin,55,13-24,All races/ethnicities,Male,40,8.6,"467,803"
HIV diagnoses,2018,Wisconsin,55,55+,All races/ethnicities,Female,5,0.5,"949,271"
HIV diagnoses,2018,Wisconsin,55,45-54,All races/ethnicities,Female,5,1.4,"367,534"
HIV diagnoses,2018,Wisconsin,55,35-44,All races/ethnicities,Female,2,0.6,"347,855"
HIV diagnoses,2018,Wisconsin,55,25-34,All races/ethnicities,Female,11,3.1,"359,647"
HIV diagnoses,2018,Wisconsin,55,13-24,All races/ethnicities,Female,3,0.7,"452,269"
HIV diagnoses,2018,Wisconsin,55,55+,All races/ethnicities,Male,17,2,"853,539"
HIV diagnoses,2018,Wisconsin,55,45-54,All races/ethnicities,Male,25,6.8,"369,228"
HIV diagnoses,2018,Wisconsin,55,35-44,All races/ethnicities,Male,31,8.7,"356,635"
HIV diagnoses,2018,Wisconsin,55,25-34,All races/ethnicities,Male,64,16.9,"378,236"
HIV diagnoses,2018,Wisconsin,55,13-24,All races/ethnicities,Male,43,9.2,"469,822"
Gonorrhea,2021,Wyoming,56,55+,All races/ethnicities,Female,3,3.3,"90,517"
Gonorrhea,2021,Wyoming,56,45-54,All races/ethnicities,Female,6,19.5,"30,789"
Gonorrhea,2021,Wyoming,56,35-44,All races/ethnicities,Female,39,105.6,"36,946"
Gonorrhea,2021,Wyoming,56,25-34,All races/ethnicities,Female,96,271,"35,429"
Gonorrhea,2021,Wyoming,56,13-24,All races/ethnicities,Female,Data suppressed,Data suppressed,"44,177"
Gonorrhea,2021,Wyoming,56,55+,All races/ethnicities,Male,9,10.1,"88,828"
Gonorrhea,2021,Wyoming,56,45-54,All races/ethnicities,Male,13,38.7,"33,566"
Gonorrhea,2021,Wyoming,56,35-44,All races/ethnicities,Male,59,147.6,"39,986"
Gonorrhea,2021,Wyoming,56,25-34,All races/ethnicities,Male,100,262.2,"38,137"
Gonorrhea,2021,Wyoming,56,13-24,All races/ethnicities,Male,Data suppressed,Data suppressed,"48,299"
Gonorrhea,2020 (COVID-19 Pandemic),Wyoming,56,55+,All races/ethnicities,Female,1,1.1,"89,498"
Gonorrhea,2020 (COVID-19 Pandemic),Wyoming,56,45-54,All races/ethnicities,Female,8,26.1,"30,667"
Gonorrhea,2020 (COVID-19 Pandemic),Wyoming,56,35-44,All races/ethnicities,Female,31,85.6,"36,228"
Gonorrhea,2020 (COVID-19 Pandemic),Wyoming,56,25-34,All races/ethnicities,Female,55,153.8,"35,760"
Gonorrhea,2020 (COVID-19 Pandemic),Wyoming,56,13-24,All races/ethnicities,Female,Data suppressed,Data suppressed,"43,446"
Gonorrhea,2020 (COVID-19 Pandemic),Wyoming,56,55+,All races/ethnicities,Male,4,4.5,"88,024"
Gonorrhea,2020 (COVID-19 Pandemic),Wyoming,56,45-54,All races/ethnicities,Male,10,30,"33,379"
Gonorrhea,2020 (COVID-19 Pandemic),Wyoming,56,35-44,All races/ethnicities,Male,38,96.3,"39,453"
Gonorrhea,2020 (COVID-19 Pandemic),Wyoming,56,25-34,All races/ethnicities,Male,84,217,"38,713"
Gonorrhea,2020 (COVID-19 Pandemic),Wyoming,56,13-24,All races/ethnicities,Male,Data suppressed,Data suppressed,"47,765"
Gonorrhea,2019,Wyoming,56,55+,All races/ethnicities,Female,1,1.1,"90,862"
Gonorrhea,2019,Wyoming,56,45-54,All races/ethnicities,Female,11,35.4,"31,049"
Gonorrhea,2019,Wyoming,56,35-44,All races/ethnicities,Female,26,72.6,"35,803"
Gonorrhea,2019,Wyoming,56,25-34,All races/ethnicities,Female,85,231.2,"36,758"
Gonorrhea,2019,Wyoming,56,13-24,All races/ethnicities,Female,87,202.4,"42,980"
Gonorrhea,2019,Wyoming,56,55+,All races/ethnicities,Male,3,3.4,"87,071"
Gonorrhea,2019,Wyoming,56,45-54,All races/ethnicities,Male,16,48.8,"32,804"
Gonorrhea,2019,Wyoming,56,35-44,All races/ethnicities,Male,49,127.3,"38,482"
Gonorrhea,2019,Wyoming,56,25-34,All races/ethnicities,Male,109,274.7,"39,675"
Gonorrhea,2019,Wyoming,56,13-24,All races/ethnicities,Male,61,129.2,"47,214"
Gonorrhea,2018,Wyoming,56,55+,All races/ethnicities,Female,0,0,"89,358"
Gonorrhea,2018,Wyoming,56,45-54,All races/ethnicities,Female,0,0,"31,574"
Gonorrhea,2018,Wyoming,56,35-44,All races/ethnicities,Female,16,45.7,"35,021"
Gonorrhea,2018,Wyoming,56,25-34,All races/ethnicities,Female,60,160.7,"37,341"
Gonorrhea,2018,Wyoming,56,13-24,All races/ethnicities,Female,82,191.6,"42,800"
Gonorrhea,2018,Wyoming,56,55+,All races/ethnicities,Male,3,3.5,"85,838"
Gonorrhea,2018,Wyoming,56,45-54,All races/ethnicities,Male,7,21.1,"33,222"
Gonorrhea,2018,Wyoming,56,35-44,All races/ethnicities,Male,25,66.3,"37,715"
Gonorrhea,2018,Wyoming,56,25-34,All races/ethnicities,Male,73,180.8,"40,379"
Gonorrhea,2018,Wyoming,56,13-24,All races/ethnicities,Male,45,96,"46,877"
Chlamydia,2021,Wyoming,56,55+,All races/ethnicities,Female,1,1.1,"90,517"
Chlamydia,2021,Wyoming,56,45-54,All races/ethnicities,Female,10,32.5,"30,789"
Chlamydia,2021,Wyoming,56,35-44,All races/ethnicities,Female,50,135.3,"36,946"
Chlamydia,2021,Wyoming,56,25-34,All races/ethnicities,Female,319,900.4,"35,429"
Chlamydia,2021,Wyoming,56,13-24,All races/ethnicities,Female,988,2236.5,"44,177"
Chlamydia,2021,Wyoming,56,55+,All races/ethnicities,Male,11,12.4,"88,828"
Chlamydia,2021,Wyoming,56,45-54,All races/ethnicities,Male,19,56.6,"33,566"
Chlamydia,2021,Wyoming,56,35-44,All races/ethnicities,Male,67,167.6,"39,986"
Chlamydia,2021,Wyoming,56,25-34,All races/ethnicities,Male,206,540.2,"38,137"
Chlamydia,2021,Wyoming,56,13-24,All races/ethnicities,Male,396,819.9,"48,299"
Chlamydia,2020 (COVID-19 Pandemic),Wyoming,56,55+,All races/ethnicities,Female,3,3.4,"89,498"
Chlamydia,2020 (COVID-19 Pandemic),Wyoming,56,45-54,All races/ethnicities,Female,15,48.9,"30,667"
Chlamydia,2020 (COVID-19 Pandemic),Wyoming,56,35-44,All races/ethnicities,Female,53,146.3,"36,228"
Chlamydia,2020 (COVID-19 Pandemic),Wyoming,56,25-34,All races/ethnicities,Female,294,822.1,"35,760"
Chlamydia,2020 (COVID-19 Pandemic),Wyoming,56,13-24,All races/ethnicities,Female,958,2205,"43,446"
Chlamydia,2020 (COVID-19 Pandemic),Wyoming,56,55+,All races/ethnicities,Male,10,11.4,"88,024"
Chlamydia,2020 (COVID-19 Pandemic),Wyoming,56,45-54,All races/ethnicities,Male,12,36,"33,379"
Chlamydia,2020 (COVID-19 Pandemic),Wyoming,56,35-44,All races/ethnicities,Male,52,131.8,"39,453"
Chlamydia,2020 (COVID-19 Pandemic),Wyoming,56,25-34,All races/ethnicities,Male,220,568.3,"38,713"
Chlamydia,2020 (COVID-19 Pandemic),Wyoming,56,13-24,All races/ethnicities,Male,334,699.3,"47,765"
Chlamydia,2019,Wyoming,56,55+,All races/ethnicities,Female,1,1.1,"90,862"
Chlamydia,2019,Wyoming,56,45-54,All races/ethnicities,Female,17,54.8,"31,049"
Chlamydia,2019,Wyoming,56,35-44,All races/ethnicities,Female,64,178.8,"35,803"
Chlamydia,2019,Wyoming,56,25-34,All races/ethnicities,Female,315,857,"36,758"
Chlamydia,2019,Wyoming,56,13-24,All races/ethnicities,Female,Data suppressed,Data suppressed,"42,980"
Chlamydia,2019,Wyoming,56,55+,All races/ethnicities,Male,9,10.3,"87,071"
Chlamydia,2019,Wyoming,56,45-54,All races/ethnicities,Male,15,45.7,"32,804"
Chlamydia,2019,Wyoming,56,35-44,All races/ethnicities,Male,63,163.7,"38,482"
Chlamydia,2019,Wyoming,56,25-34,All races/ethnicities,Male,247,622.6,"39,675"
Chlamydia,2019,Wyoming,56,13-24,All races/ethnicities,Male,Data suppressed,Data suppressed,"47,214"
Chlamydia,2018,Wyoming,56,55+,All races/ethnicities,Female,1,1.1,"89,358"
Chlamydia,2018,Wyoming,56,45-54,All races/ethnicities,Female,15,47.5,"31,574"
Chlamydia,2018,Wyoming,56,35-44,All races/ethnicities,Female,55,157,"35,021"
Chlamydia,2018,Wyoming,56,25-34,All races/ethnicities,Female,281,752.5,"37,341"
Chlamydia,2018,Wyoming,56,13-24,All races/ethnicities,Female,"1,068",2495.3,"42,800"
Chlamydia,2018,Wyoming,56,55+,All races/ethnicities,Male,1,1.2,"85,838"
Chlamydia,2018,Wyoming,56,45-54,All races/ethnicities,Male,8,24.1,"33,222"
Chlamydia,2018,Wyoming,56,35-44,All races/ethnicities,Male,46,122,"37,715"
Chlamydia,2018,Wyoming,56,25-34,All races/ethnicities,Male,237,586.9,"40,379"
Chlamydia,2018,Wyoming,56,13-24,All races/ethnicities,Male,455,970.6,"46,877"
HIV diagnoses,2021,Wyoming,56,55+,All races/ethnicities,Female,0,0,"90,517"
HIV diagnoses,2021,Wyoming,56,45-54,All races/ethnicities,Female,0,0,"30,789"
HIV diagnoses,2021,Wyoming,56,35-44,All races/ethnicities,Female,0,0,"36,946"
HIV diagnoses,2021,Wyoming,56,25-34,All races/ethnicities,Female,0,0,"35,429"
HIV diagnoses,2021,Wyoming,56,13-24,All races/ethnicities,Female,1,2.3,"44,177"
HIV diagnoses,2021,Wyoming,56,55+,All races/ethnicities,Male,0,0,"88,828"
HIV diagnoses,2021,Wyoming,56,45-54,All races/ethnicities,Male,0,0,"33,566"
HIV diagnoses,2021,Wyoming,56,35-44,All races/ethnicities,Male,1,2.5,"39,986"
HIV diagnoses,2021,Wyoming,56,25-34,All races/ethnicities,Male,5,13.1,"38,137"
HIV diagnoses,2021,Wyoming,56,13-24,All races/ethnicities,Male,0,0,"48,299"
HIV diagnoses,2020 (COVID-19 Pandemic),Wyoming,56,55+,All races/ethnicities,Female,0,0,"89,498"
HIV diagnoses,2020 (COVID-19 Pandemic),Wyoming,56,45-54,All races/ethnicities,Female,1,3.3,"30,667"
HIV diagnoses,2020 (COVID-19 Pandemic),Wyoming,56,35-44,All races/ethnicities,Female,1,2.8,"36,228"
HIV diagnoses,2020 (COVID-19 Pandemic),Wyoming,56,25-34,All races/ethnicities,Female,0,0,"35,760"
HIV diagnoses,2020 (COVID-19 Pandemic),Wyoming,56,13-24,All races/ethnicities,Female,0,0,"43,446"
HIV diagnoses,2020 (COVID-19 Pandemic),Wyoming,56,55+,All races/ethnicities,Male,1,1.1,"88,024"
HIV diagnoses,2020 (COVID-19 Pandemic),Wyoming,56,45-54,All races/ethnicities,Male,1,3,"33,379"
HIV diagnoses,2020 (COVID-19 Pandemic),Wyoming,56,35-44,All races/ethnicities,Male,5,12.7,"39,453"
HIV diagnoses,2020 (COVID-19 Pandemic),Wyoming,56,25-34,All races/ethnicities,Male,5,12.9,"38,713"
HIV diagnoses,2020 (COVID-19 Pandemic),Wyoming,56,13-24,All races/ethnicities,Male,0,0,"47,765"
HIV diagnoses,2019,Wyoming,56,55+,All races/ethnicities,Female,0,0,"91,195"
HIV diagnoses,2019,Wyoming,56,45-54,All races/ethnicities,Female,0,0,"31,052"
HIV diagnoses,2019,Wyoming,56,35-44,All races/ethnicities,Female,1,2.8,"35,834"
HIV diagnoses,2019,Wyoming,56,25-34,All races/ethnicities,Female,0,0,"36,876"
HIV diagnoses,2019,Wyoming,56,13-24,All races/ethnicities,Female,0,0,"42,941"
HIV diagnoses,2019,Wyoming,56,55+,All races/ethnicities,Male,0,0,"87,565"
HIV diagnoses,2019,Wyoming,56,45-54,All races/ethnicities,Male,2,6.1,"32,883"
HIV diagnoses,2019,Wyoming,56,35-44,All races/ethnicities,Male,5,12.9,"38,631"
HIV diagnoses,2019,Wyoming,56,25-34,All races/ethnicities,Male,4,10,"40,101"
HIV diagnoses,2019,Wyoming,56,13-24,All races/ethnicities,Male,1,2.1,"47,211"
HIV diagnoses,2018,Wyoming,56,55+,All races/ethnicities,Female,0,0,"89,598"
HIV diagnoses,2018,Wyoming,56,45-54,All races/ethnicities,Female,0,0,"31,559"
HIV diagnoses,2018,Wyoming,56,35-44,All races/ethnicities,Female,0,0,"35,065"
HIV diagnoses,2018,Wyoming,56,25-34,All races/ethnicities,Female,1,2.7,"37,478"
HIV diagnoses,2018,Wyoming,56,13-24,All races/ethnicities,Female,0,0,"42,888"
HIV diagnoses,2018,Wyoming,56,55+,All races/ethnicities,Male,0,0,"86,111"
HIV diagnoses,2018,Wyoming,56,45-54,All races/ethnicities,Male,1,3,"33,274"
HIV diagnoses,2018,Wyoming,56,35-44,All races/ethnicities,Male,2,5.3,"37,854"
HIV diagnoses,2018,Wyoming,56,25-34,All races/ethnicities,Male,8,19.7,"40,695"
HIV diagnoses,2018,Wyoming,56,13-24,All races/ethnicities,Male,0,0,"46,994"
Gonorrhea,2021,American Samoa,60,55+,All races/ethnicities,Female,0,0,"4,241"
Gonorrhea,2021,American Samoa,60,45-54,All races/ethnicities,Female,1,36.5,"2,736"
Gonorrhea,2021,American Samoa,60,35-44,All races/ethnicities,Female,0,0,"2,546"
Gonorrhea,2021,American Samoa,60,25-34,All races/ethnicities,Female,0,0,"3,608"
Gonorrhea,2021,American Samoa,60,13-24,All races/ethnicities,Female,Data not available,Data not available,"4,875"
Gonorrhea,2021,American Samoa,60,55+,All races/ethnicities,Male,0,0,"3,895"
Gonorrhea,2021,American Samoa,60,45-54,All races/ethnicities,Male,0,0,"2,805"
Gonorrhea,2021,American Samoa,60,35-44,All races/ethnicities,Male,0,0,"2,484"
Gonorrhea,2021,American Samoa,60,25-34,All races/ethnicities,Male,1,30,"3,333"
Gonorrhea,2021,American Samoa,60,13-24,All races/ethnicities,Male,Data not available,Data not available,"4,982"
Gonorrhea,2020 (COVID-19 Pandemic),American Samoa,60,55+,All races/ethnicities,Female,0,0,"4,133"
Gonorrhea,2020 (COVID-19 Pandemic),American Samoa,60,45-54,All races/ethnicities,Female,0,0,"2,842"
Gonorrhea,2020 (COVID-19 Pandemic),American Samoa,60,35-44,All races/ethnicities,Female,0,0,"2,596"
Gonorrhea,2020 (COVID-19 Pandemic),American Samoa,60,25-34,All races/ethnicities,Female,3,83.3,"3,600"
Gonorrhea,2020 (COVID-19 Pandemic),American Samoa,60,13-24,All races/ethnicities,Female,Data not available,Data not available,"5,105"
Gonorrhea,2020 (COVID-19 Pandemic),American Samoa,60,55+,All races/ethnicities,Male,0,0,"3,812"
Gonorrhea,2020 (COVID-19 Pandemic),American Samoa,60,45-54,All races/ethnicities,Male,0,0,"2,877"
Gonorrhea,2020 (COVID-19 Pandemic),American Samoa,60,35-44,All races/ethnicities,Male,1,38.8,"2,577"
Gonorrhea,2020 (COVID-19 Pandemic),American Samoa,60,25-34,All races/ethnicities,Male,4,119.6,"3,344"
Gonorrhea,2020 (COVID-19 Pandemic),American Samoa,60,13-24,All races/ethnicities,Male,Data not available,Data not available,"5,197"
Gonorrhea,2019,American Samoa,60,55+,All races/ethnicities,Female,0,0,"4,020"
Gonorrhea,2019,American Samoa,60,45-54,All races/ethnicities,Female,0,0,"2,937"
Gonorrhea,2019,American Samoa,60,35-44,All races/ethnicities,Female,0,0,"2,664"
Gonorrhea,2019,American Samoa,60,25-34,All races/ethnicities,Female,1,28.1,"3,554"
Gonorrhea,2019,American Samoa,60,13-24,All races/ethnicities,Female,Data not available,Data not available,"5,371"
Gonorrhea,2019,American Samoa,60,55+,All races/ethnicities,Male,0,0,"3,735"
Gonorrhea,2019,American Samoa,60,45-54,All races/ethnicities,Male,0,0,"2,945"
Gonorrhea,2019,American Samoa,60,35-44,All races/ethnicities,Male,0,0,"2,669"
Gonorrhea,2019,American Samoa,60,25-34,All races/ethnicities,Male,4,120.6,"3,318"
Gonorrhea,2019,American Samoa,60,13-24,All races/ethnicities,Male,Data not available,Data not available,"5,454"
Gonorrhea,2018,American Samoa,60,55+,All races/ethnicities,Female,0,0,"3,998"
Gonorrhea,2018,American Samoa,60,45-54,All races/ethnicities,Female,0,0,"3,072"
Gonorrhea,2018,American Samoa,60,35-44,All races/ethnicities,Female,0,0,"2,789"
Gonorrhea,2018,American Samoa,60,25-34,All races/ethnicities,Female,1,27.9,"3,581"
Gonorrhea,2018,American Samoa,60,13-24,All races/ethnicities,Female,Data not available,Data not available,"5,779"
Gonorrhea,2018,American Samoa,60,55+,All races/ethnicities,Male,0,0,"3,730"
Gonorrhea,2018,American Samoa,60,45-54,All races/ethnicities,Male,0,0,"3,050"
Gonorrhea,2018,American Samoa,60,35-44,All races/ethnicities,Male,0,0,"2,814"
Gonorrhea,2018,American Samoa,60,25-34,All races/ethnicities,Male,3,88.5,"3,391"
Gonorrhea,2018,American Samoa,60,13-24,All races/ethnicities,Male,Data not available,Data not available,"5,868"
Chlamydia,2021,American Samoa,60,55+,All races/ethnicities,Female,0,0,"4,241"
Chlamydia,2021,American Samoa,60,45-54,All races/ethnicities,Female,1,36.5,"2,736"
Chlamydia,2021,American Samoa,60,35-44,All races/ethnicities,Female,2,78.6,"2,546"
Chlamydia,2021,American Samoa,60,25-34,All races/ethnicities,Female,14,388,"3,608"
Chlamydia,2021,American Samoa,60,13-24,All races/ethnicities,Female,Data not available,Data not available,"4,875"
Chlamydia,2021,American Samoa,60,55+,All races/ethnicities,Male,0,0,"3,895"
Chlamydia,2021,American Samoa,60,45-54,All races/ethnicities,Male,0,0,"2,805"
Chlamydia,2021,American Samoa,60,35-44,All races/ethnicities,Male,2,80.5,"2,484"
Chlamydia,2021,American Samoa,60,25-34,All races/ethnicities,Male,8,240,"3,333"
Chlamydia,2021,American Samoa,60,13-24,All races/ethnicities,Male,Data not available,Data not available,"4,982"
Chlamydia,2020 (COVID-19 Pandemic),American Samoa,60,55+,All races/ethnicities,Female,0,0,"4,133"
Chlamydia,2020 (COVID-19 Pandemic),American Samoa,60,45-54,All races/ethnicities,Female,0,0,"2,842"
Chlamydia,2020 (COVID-19 Pandemic),American Samoa,60,35-44,All races/ethnicities,Female,5,192.6,"2,596"
Chlamydia,2020 (COVID-19 Pandemic),American Samoa,60,25-34,All races/ethnicities,Female,36,1000,"3,600"
Chlamydia,2020 (COVID-19 Pandemic),American Samoa,60,13-24,All races/ethnicities,Female,Data not available,Data not available,"5,105"
Chlamydia,2020 (COVID-19 Pandemic),American Samoa,60,55+,All races/ethnicities,Male,0,0,"3,812"
Chlamydia,2020 (COVID-19 Pandemic),American Samoa,60,45-54,All races/ethnicities,Male,0,0,"2,877"
Chlamydia,2020 (COVID-19 Pandemic),American Samoa,60,35-44,All races/ethnicities,Male,6,232.8,"2,577"
Chlamydia,2020 (COVID-19 Pandemic),American Samoa,60,25-34,All races/ethnicities,Male,18,538.3,"3,344"
Chlamydia,2020 (COVID-19 Pandemic),American Samoa,60,13-24,All races/ethnicities,Male,Data not available,Data not available,"5,197"
Chlamydia,2019,American Samoa,60,55+,All races/ethnicities,Female,0,0,"4,020"
Chlamydia,2019,American Samoa,60,45-54,All races/ethnicities,Female,0,0,"2,937"
Chlamydia,2019,American Samoa,60,35-44,All races/ethnicities,Female,6,225.2,"2,664"
Chlamydia,2019,American Samoa,60,25-34,All races/ethnicities,Female,28,787.8,"3,554"
Chlamydia,2019,American Samoa,60,13-24,All races/ethnicities,Female,Data not available,Data not available,"5,371"
Chlamydia,2019,American Samoa,60,55+,All races/ethnicities,Male,0,0,"3,735"
Chlamydia,2019,American Samoa,60,45-54,All races/ethnicities,Male,0,0,"2,945"
Chlamydia,2019,American Samoa,60,35-44,All races/ethnicities,Male,0,0,"2,669"
Chlamydia,2019,American Samoa,60,25-34,All races/ethnicities,Male,0,0,"3,318"
Chlamydia,2019,American Samoa,60,13-24,All races/ethnicities,Male,Data not available,Data not available,"5,454"
Chlamydia,2018,American Samoa,60,55+,All races/ethnicities,Female,1,25,"3,998"
Chlamydia,2018,American Samoa,60,45-54,All races/ethnicities,Female,0,0,"3,072"
Chlamydia,2018,American Samoa,60,35-44,All races/ethnicities,Female,4,143.4,"2,789"
Chlamydia,2018,American Samoa,60,25-34,All races/ethnicities,Female,25,698.1,"3,581"
Chlamydia,2018,American Samoa,60,13-24,All races/ethnicities,Female,Data not available,Data not available,"5,779"
Chlamydia,2018,American Samoa,60,55+,All races/ethnicities,Male,0,0,"3,730"
Chlamydia,2018,American Samoa,60,45-54,All races/ethnicities,Male,0,0,"3,050"
Chlamydia,2018,American Samoa,60,35-44,All races/ethnicities,Male,0,0,"2,814"
Chlamydia,2018,American Samoa,60,25-34,All races/ethnicities,Male,1,29.5,"3,391"
Chlamydia,2018,American Samoa,60,13-24,All races/ethnicities,Male,Data not available,Data not available,"5,868"
HIV diagnoses,2021,American Samoa,60,55+,All races/ethnicities,Female,Data not available,Data not available,NA
HIV diagnoses,2021,American Samoa,60,45-54,All races/ethnicities,Female,Data not available,Data not available,NA
HIV diagnoses,2021,American Samoa,60,35-44,All races/ethnicities,Female,Data not available,Data not available,NA
HIV diagnoses,2021,American Samoa,60,25-34,All races/ethnicities,Female,Data not available,Data not available,NA
HIV diagnoses,2021,American Samoa,60,13-24,All races/ethnicities,Female,Data not available,Data not available,NA
HIV diagnoses,2021,American Samoa,60,55+,All races/ethnicities,Male,Data not available,Data not available,NA
HIV diagnoses,2021,American Samoa,60,45-54,All races/ethnicities,Male,Data not available,Data not available,NA
HIV diagnoses,2021,American Samoa,60,35-44,All races/ethnicities,Male,Data not available,Data not available,NA
HIV diagnoses,2021,American Samoa,60,25-34,All races/ethnicities,Male,Data not available,Data not available,NA
HIV diagnoses,2021,American Samoa,60,13-24,All races/ethnicities,Male,Data not available,Data not available,NA
HIV diagnoses,2020 (COVID-19 Pandemic),American Samoa,60,55+,All races/ethnicities,Female,Data not available,Data not available,NA
HIV diagnoses,2020 (COVID-19 Pandemic),American Samoa,60,45-54,All races/ethnicities,Female,Data not available,Data not available,NA
HIV diagnoses,2020 (COVID-19 Pandemic),American Samoa,60,35-44,All races/ethnicities,Female,Data not available,Data not available,NA
HIV diagnoses,2020 (COVID-19 Pandemic),American Samoa,60,25-34,All races/ethnicities,Female,Data not available,Data not available,NA
HIV diagnoses,2020 (COVID-19 Pandemic),American Samoa,60,13-24,All races/ethnicities,Female,Data not available,Data not available,NA
HIV diagnoses,2020 (COVID-19 Pandemic),American Samoa,60,55+,All races/ethnicities,Male,Data not available,Data not available,NA
HIV diagnoses,2020 (COVID-19 Pandemic),American Samoa,60,45-54,All races/ethnicities,Male,Data not available,Data not available,NA
HIV diagnoses,2020 (COVID-19 Pandemic),American Samoa,60,35-44,All races/ethnicities,Male,Data not available,Data not available,NA
HIV diagnoses,2020 (COVID-19 Pandemic),American Samoa,60,25-34,All races/ethnicities,Male,Data not available,Data not available,NA
HIV diagnoses,2020 (COVID-19 Pandemic),American Samoa,60,13-24,All races/ethnicities,Male,Data not available,Data not available,NA
HIV diagnoses,2019,American Samoa,60,55+,All races/ethnicities,Female,Data not available,Data not available,NA
HIV diagnoses,2019,American Samoa,60,45-54,All races/ethnicities,Female,Data not available,Data not available,NA
HIV diagnoses,2019,American Samoa,60,35-44,All races/ethnicities,Female,Data not available,Data not available,NA
HIV diagnoses,2019,American Samoa,60,25-34,All races/ethnicities,Female,Data not available,Data not available,NA
HIV diagnoses,2019,American Samoa,60,13-24,All races/ethnicities,Female,Data not available,Data not available,NA
HIV diagnoses,2019,American Samoa,60,55+,All races/ethnicities,Male,Data not available,Data not available,NA
HIV diagnoses,2019,American Samoa,60,45-54,All races/ethnicities,Male,Data not available,Data not available,NA
HIV diagnoses,2019,American Samoa,60,35-44,All races/ethnicities,Male,Data not available,Data not available,NA
HIV diagnoses,2019,American Samoa,60,25-34,All races/ethnicities,Male,Data not available,Data not available,NA
HIV diagnoses,2019,American Samoa,60,13-24,All races/ethnicities,Male,Data not available,Data not available,NA
HIV diagnoses,2018,American Samoa,60,55+,All races/ethnicities,Female,Data not available,Data not available,NA
HIV diagnoses,2018,American Samoa,60,45-54,All races/ethnicities,Female,Data not available,Data not available,NA
HIV diagnoses,2018,American Samoa,60,35-44,All races/ethnicities,Female,Data not available,Data not available,NA
HIV diagnoses,2018,American Samoa,60,25-34,All races/ethnicities,Female,Data not available,Data not available,NA
HIV diagnoses,2018,American Samoa,60,13-24,All races/ethnicities,Female,Data not available,Data not available,NA
HIV diagnoses,2018,American Samoa,60,55+,All races/ethnicities,Male,Data not available,Data not available,NA
HIV diagnoses,2018,American Samoa,60,45-54,All races/ethnicities,Male,Data not available,Data not available,NA
HIV diagnoses,2018,American Samoa,60,35-44,All races/ethnicities,Male,Data not available,Data not available,NA
HIV diagnoses,2018,American Samoa,60,25-34,All races/ethnicities,Male,Data not available,Data not available,NA
HIV diagnoses,2018,American Samoa,60,13-24,All races/ethnicities,Male,Data not available,Data not available,NA
Gonorrhea,2021,Guam,66,55+,All races/ethnicities,Female,0,0,"17,643"
Gonorrhea,2021,Guam,66,45-54,All races/ethnicities,Female,9,95.5,"9,423"
Gonorrhea,2021,Guam,66,35-44,All races/ethnicities,Female,13,144.5,"8,998"
Gonorrhea,2021,Guam,66,25-34,All races/ethnicities,Female,41,363.1,"11,292"
Gonorrhea,2021,Guam,66,13-24,All races/ethnicities,Female,Data not available,Data not available,"15,267"
Gonorrhea,2021,Guam,66,55+,All races/ethnicities,Male,2,11.7,"17,028"
Gonorrhea,2021,Guam,66,45-54,All races/ethnicities,Male,12,120.2,"9,980"
Gonorrhea,2021,Guam,66,35-44,All races/ethnicities,Male,20,215.6,"9,278"
Gonorrhea,2021,Guam,66,25-34,All races/ethnicities,Male,42,335.3,"12,527"
Gonorrhea,2021,Guam,66,13-24,All races/ethnicities,Male,Data not available,Data not available,"17,488"
Gonorrhea,2020 (COVID-19 Pandemic),Guam,66,55+,All races/ethnicities,Female,0,0,"17,185"
Gonorrhea,2020 (COVID-19 Pandemic),Guam,66,45-54,All races/ethnicities,Female,2,20.6,"9,689"
Gonorrhea,2020 (COVID-19 Pandemic),Guam,66,35-44,All races/ethnicities,Female,19,211.7,"8,976"
Gonorrhea,2020 (COVID-19 Pandemic),Guam,66,25-34,All races/ethnicities,Female,41,365.6,"11,215"
Gonorrhea,2020 (COVID-19 Pandemic),Guam,66,13-24,All races/ethnicities,Female,Data not available,Data not available,"15,291"
Gonorrhea,2020 (COVID-19 Pandemic),Guam,66,55+,All races/ethnicities,Male,5,30.2,"16,575"
Gonorrhea,2020 (COVID-19 Pandemic),Guam,66,45-54,All races/ethnicities,Male,5,48.8,"10,248"
Gonorrhea,2020 (COVID-19 Pandemic),Guam,66,35-44,All races/ethnicities,Male,17,183.6,"9,259"
Gonorrhea,2020 (COVID-19 Pandemic),Guam,66,25-34,All races/ethnicities,Male,41,331,"12,387"
Gonorrhea,2020 (COVID-19 Pandemic),Guam,66,13-24,All races/ethnicities,Male,Data not available,Data not available,"17,490"
Gonorrhea,2019,Guam,66,55+,All races/ethnicities,Female,3,18,"16,705"
Gonorrhea,2019,Guam,66,45-54,All races/ethnicities,Female,9,90.7,"9,921"
Gonorrhea,2019,Guam,66,35-44,All races/ethnicities,Female,18,199.5,"9,023"
Gonorrhea,2019,Guam,66,25-34,All races/ethnicities,Female,58,523.3,"11,083"
Gonorrhea,2019,Guam,66,13-24,All races/ethnicities,Female,Data not available,Data not available,"15,372"
Gonorrhea,2019,Guam,66,55+,All races/ethnicities,Male,5,31.1,"16,088"
Gonorrhea,2019,Guam,66,45-54,All races/ethnicities,Male,13,123.5,"10,525"
Gonorrhea,2019,Guam,66,35-44,All races/ethnicities,Male,27,290.4,"9,297"
Gonorrhea,2019,Guam,66,25-34,All races/ethnicities,Male,60,492.1,"12,193"
Gonorrhea,2019,Guam,66,13-24,All races/ethnicities,Male,Data not available,Data not available,"17,530"
Gonorrhea,2018,Guam,66,55+,All races/ethnicities,Female,0,0,"16,213"
Gonorrhea,2018,Guam,66,45-54,All races/ethnicities,Female,3,29.8,"10,074"
Gonorrhea,2018,Guam,66,35-44,All races/ethnicities,Female,19,206.2,"9,216"
Gonorrhea,2018,Guam,66,25-34,All races/ethnicities,Female,55,503.8,"10,917"
Gonorrhea,2018,Guam,66,13-24,All races/ethnicities,Female,Data not available,Data not available,"15,498"
Gonorrhea,2018,Guam,66,55+,All races/ethnicities,Male,3,19.3,"15,574"
Gonorrhea,2018,Guam,66,45-54,All races/ethnicities,Male,6,55.4,"10,826"
Gonorrhea,2018,Guam,66,35-44,All races/ethnicities,Male,18,192,"9,373"
Gonorrhea,2018,Guam,66,25-34,All races/ethnicities,Male,46,384.3,"11,971"
Gonorrhea,2018,Guam,66,13-24,All races/ethnicities,Male,Data not available,Data not available,"17,633"
Chlamydia,2021,Guam,66,55+,All races/ethnicities,Female,1,5.7,"17,643"
Chlamydia,2021,Guam,66,45-54,All races/ethnicities,Female,13,138,"9,423"
Chlamydia,2021,Guam,66,35-44,All races/ethnicities,Female,53,589,"8,998"
Chlamydia,2021,Guam,66,25-34,All races/ethnicities,Female,222,1966,"11,292"
Chlamydia,2021,Guam,66,13-24,All races/ethnicities,Female,Data not available,Data not available,"15,267"
Chlamydia,2021,Guam,66,55+,All races/ethnicities,Male,3,17.6,"17,028"
Chlamydia,2021,Guam,66,45-54,All races/ethnicities,Male,12,120.2,"9,980"
Chlamydia,2021,Guam,66,35-44,All races/ethnicities,Male,17,183.2,"9,278"
Chlamydia,2021,Guam,66,25-34,All races/ethnicities,Male,74,590.7,"12,527"
Chlamydia,2021,Guam,66,13-24,All races/ethnicities,Male,Data not available,Data not available,"17,488"
Chlamydia,2020 (COVID-19 Pandemic),Guam,66,55+,All races/ethnicities,Female,3,17.5,"17,185"
Chlamydia,2020 (COVID-19 Pandemic),Guam,66,45-54,All races/ethnicities,Female,12,123.9,"9,689"
Chlamydia,2020 (COVID-19 Pandemic),Guam,66,35-44,All races/ethnicities,Female,57,635,"8,976"
Chlamydia,2020 (COVID-19 Pandemic),Guam,66,25-34,All races/ethnicities,Female,249,2220.2,"11,215"
Chlamydia,2020 (COVID-19 Pandemic),Guam,66,13-24,All races/ethnicities,Female,Data not available,Data not available,"15,291"
Chlamydia,2020 (COVID-19 Pandemic),Guam,66,55+,All races/ethnicities,Male,4,24.1,"16,575"
Chlamydia,2020 (COVID-19 Pandemic),Guam,66,45-54,All races/ethnicities,Male,4,39,"10,248"
Chlamydia,2020 (COVID-19 Pandemic),Guam,66,35-44,All races/ethnicities,Male,19,205.2,"9,259"
Chlamydia,2020 (COVID-19 Pandemic),Guam,66,25-34,All races/ethnicities,Male,80,645.8,"12,387"
Chlamydia,2020 (COVID-19 Pandemic),Guam,66,13-24,All races/ethnicities,Male,Data not available,Data not available,"17,490"
Chlamydia,2019,Guam,66,55+,All races/ethnicities,Female,10,59.9,"16,705"
Chlamydia,2019,Guam,66,45-54,All races/ethnicities,Female,17,171.4,"9,921"
Chlamydia,2019,Guam,66,35-44,All races/ethnicities,Female,75,831.2,"9,023"
Chlamydia,2019,Guam,66,25-34,All races/ethnicities,Female,289,2607.6,"11,083"
Chlamydia,2019,Guam,66,13-24,All races/ethnicities,Female,Data not available,Data not available,"15,372"
Chlamydia,2019,Guam,66,55+,All races/ethnicities,Male,8,49.7,"16,088"
Chlamydia,2019,Guam,66,45-54,All races/ethnicities,Male,28,266,"10,525"
Chlamydia,2019,Guam,66,35-44,All races/ethnicities,Male,39,419.5,"9,297"
Chlamydia,2019,Guam,66,25-34,All races/ethnicities,Male,135,1107.2,"12,193"
Chlamydia,2019,Guam,66,13-24,All races/ethnicities,Male,Data not available,Data not available,"17,530"
Chlamydia,2018,Guam,66,55+,All races/ethnicities,Female,1,6.2,"16,213"
Chlamydia,2018,Guam,66,45-54,All races/ethnicities,Female,12,119.1,"10,074"
Chlamydia,2018,Guam,66,35-44,All races/ethnicities,Female,41,444.9,"9,216"
Chlamydia,2018,Guam,66,25-34,All races/ethnicities,Female,235,2152.6,"10,917"
Chlamydia,2018,Guam,66,13-24,All races/ethnicities,Female,Data not available,Data not available,"15,498"
Chlamydia,2018,Guam,66,55+,All races/ethnicities,Male,3,19.3,"15,574"
Chlamydia,2018,Guam,66,45-54,All races/ethnicities,Male,9,83.1,"10,826"
Chlamydia,2018,Guam,66,35-44,All races/ethnicities,Male,26,277.4,"9,373"
Chlamydia,2018,Guam,66,25-34,All races/ethnicities,Male,97,810.3,"11,971"
Chlamydia,2018,Guam,66,13-24,All races/ethnicities,Male,Data not available,Data not available,"17,633"
HIV diagnoses,2021,Guam,66,55+,All races/ethnicities,Female,Data not available,Data not available,NA
HIV diagnoses,2021,Guam,66,45-54,All races/ethnicities,Female,Data not available,Data not available,NA
HIV diagnoses,2021,Guam,66,35-44,All races/ethnicities,Female,Data not available,Data not available,NA
HIV diagnoses,2021,Guam,66,25-34,All races/ethnicities,Female,Data not available,Data not available,NA
HIV diagnoses,2021,Guam,66,13-24,All races/ethnicities,Female,Data not available,Data not available,NA
HIV diagnoses,2021,Guam,66,55+,All races/ethnicities,Male,Data not available,Data not available,NA
HIV diagnoses,2021,Guam,66,45-54,All races/ethnicities,Male,Data not available,Data not available,NA
HIV diagnoses,2021,Guam,66,35-44,All races/ethnicities,Male,Data not available,Data not available,NA
HIV diagnoses,2021,Guam,66,25-34,All races/ethnicities,Male,Data not available,Data not available,NA
HIV diagnoses,2021,Guam,66,13-24,All races/ethnicities,Male,Data not available,Data not available,NA
HIV diagnoses,2020 (COVID-19 Pandemic),Guam,66,55+,All races/ethnicities,Female,Data not available,Data not available,NA
HIV diagnoses,2020 (COVID-19 Pandemic),Guam,66,45-54,All races/ethnicities,Female,Data not available,Data not available,NA
HIV diagnoses,2020 (COVID-19 Pandemic),Guam,66,35-44,All races/ethnicities,Female,Data not available,Data not available,NA
HIV diagnoses,2020 (COVID-19 Pandemic),Guam,66,25-34,All races/ethnicities,Female,Data not available,Data not available,NA
HIV diagnoses,2020 (COVID-19 Pandemic),Guam,66,13-24,All races/ethnicities,Female,Data not available,Data not available,NA
HIV diagnoses,2020 (COVID-19 Pandemic),Guam,66,55+,All races/ethnicities,Male,Data not available,Data not available,NA
HIV diagnoses,2020 (COVID-19 Pandemic),Guam,66,45-54,All races/ethnicities,Male,Data not available,Data not available,NA
HIV diagnoses,2020 (COVID-19 Pandemic),Guam,66,35-44,All races/ethnicities,Male,Data not available,Data not available,NA
HIV diagnoses,2020 (COVID-19 Pandemic),Guam,66,25-34,All races/ethnicities,Male,Data not available,Data not available,NA
HIV diagnoses,2020 (COVID-19 Pandemic),Guam,66,13-24,All races/ethnicities,Male,Data not available,Data not available,NA
HIV diagnoses,2019,Guam,66,55+,All races/ethnicities,Female,Data not available,Data not available,NA
HIV diagnoses,2019,Guam,66,45-54,All races/ethnicities,Female,Data not available,Data not available,NA
HIV diagnoses,2019,Guam,66,35-44,All races/ethnicities,Female,Data not available,Data not available,NA
HIV diagnoses,2019,Guam,66,25-34,All races/ethnicities,Female,Data not available,Data not available,NA
HIV diagnoses,2019,Guam,66,13-24,All races/ethnicities,Female,Data not available,Data not available,NA
HIV diagnoses,2019,Guam,66,55+,All races/ethnicities,Male,Data not available,Data not available,NA
HIV diagnoses,2019,Guam,66,45-54,All races/ethnicities,Male,Data not available,Data not available,NA
HIV diagnoses,2019,Guam,66,35-44,All races/ethnicities,Male,Data not available,Data not available,NA
HIV diagnoses,2019,Guam,66,25-34,All races/ethnicities,Male,Data not available,Data not available,NA
HIV diagnoses,2019,Guam,66,13-24,All races/ethnicities,Male,Data not available,Data not available,NA
HIV diagnoses,2018,Guam,66,55+,All races/ethnicities,Female,Data not available,Data not available,NA
HIV diagnoses,2018,Guam,66,45-54,All races/ethnicities,Female,Data not available,Data not available,NA
HIV diagnoses,2018,Guam,66,35-44,All races/ethnicities,Female,Data not available,Data not available,NA
HIV diagnoses,2018,Guam,66,25-34,All races/ethnicities,Female,Data not available,Data not available,NA
HIV diagnoses,2018,Guam,66,13-24,All races/ethnicities,Female,Data not available,Data not available,NA
HIV diagnoses,2018,Guam,66,55+,All races/ethnicities,Male,Data not available,Data not available,NA
HIV diagnoses,2018,Guam,66,45-54,All races/ethnicities,Male,Data not available,Data not available,NA
HIV diagnoses,2018,Guam,66,35-44,All races/ethnicities,Male,Data not available,Data not available,NA
HIV diagnoses,2018,Guam,66,25-34,All races/ethnicities,Male,Data not available,Data not available,NA
HIV diagnoses,2018,Guam,66,13-24,All races/ethnicities,Male,Data not available,Data not available,NA
Gonorrhea,2021,Northern Mariana Islands,69,55+,All races/ethnicities,Female,0,0,"5,327"
Gonorrhea,2021,Northern Mariana Islands,69,45-54,All races/ethnicities,Female,0,0,"4,091"
Gonorrhea,2021,Northern Mariana Islands,69,35-44,All races/ethnicities,Female,0,0,"2,518"
Gonorrhea,2021,Northern Mariana Islands,69,25-34,All races/ethnicities,Female,2,77.4,"2,585"
Gonorrhea,2021,Northern Mariana Islands,69,13-24,All races/ethnicities,Female,Data not available,Data not available,"5,006"
Gonorrhea,2021,Northern Mariana Islands,69,55+,All races/ethnicities,Male,0,0,"6,215"
Gonorrhea,2021,Northern Mariana Islands,69,45-54,All races/ethnicities,Male,0,0,"4,343"
Gonorrhea,2021,Northern Mariana Islands,69,35-44,All races/ethnicities,Male,0,0,"2,388"
Gonorrhea,2021,Northern Mariana Islands,69,25-34,All races/ethnicities,Male,4,130.4,"3,067"
Gonorrhea,2021,Northern Mariana Islands,69,13-24,All races/ethnicities,Male,Data not available,Data not available,"5,881"
Gonorrhea,2020 (COVID-19 Pandemic),Northern Mariana Islands,69,55+,All races/ethnicities,Female,0,0,"5,071"
Gonorrhea,2020 (COVID-19 Pandemic),Northern Mariana Islands,69,45-54,All races/ethnicities,Female,0,0,"4,291"
Gonorrhea,2020 (COVID-19 Pandemic),Northern Mariana Islands,69,35-44,All races/ethnicities,Female,0,0,"2,658"
Gonorrhea,2020 (COVID-19 Pandemic),Northern Mariana Islands,69,25-34,All races/ethnicities,Female,1,40.9,"2,446"
Gonorrhea,2020 (COVID-19 Pandemic),Northern Mariana Islands,69,13-24,All races/ethnicities,Female,Data not available,Data not available,"4,927"
Gonorrhea,2020 (COVID-19 Pandemic),Northern Mariana Islands,69,55+,All races/ethnicities,Male,0,0,"5,974"
Gonorrhea,2020 (COVID-19 Pandemic),Northern Mariana Islands,69,45-54,All races/ethnicities,Male,0,0,"4,541"
Gonorrhea,2020 (COVID-19 Pandemic),Northern Mariana Islands,69,35-44,All races/ethnicities,Male,0,0,"2,570"
Gonorrhea,2020 (COVID-19 Pandemic),Northern Mariana Islands,69,25-34,All races/ethnicities,Male,1,34.5,"2,902"
Gonorrhea,2020 (COVID-19 Pandemic),Northern Mariana Islands,69,13-24,All races/ethnicities,Male,Data not available,Data not available,"5,787"
Gonorrhea,2019,Northern Mariana Islands,69,55+,All races/ethnicities,Female,0,0,"4,789"
Gonorrhea,2019,Northern Mariana Islands,69,45-54,All races/ethnicities,Female,0,0,"4,481"
Gonorrhea,2019,Northern Mariana Islands,69,35-44,All races/ethnicities,Female,1,35.8,"2,790"
Gonorrhea,2019,Northern Mariana Islands,69,25-34,All races/ethnicities,Female,6,254,"2,362"
Gonorrhea,2019,Northern Mariana Islands,69,13-24,All races/ethnicities,Female,Data not available,Data not available,"4,821"
Gonorrhea,2019,Northern Mariana Islands,69,55+,All races/ethnicities,Male,0,0,"5,688"
Gonorrhea,2019,Northern Mariana Islands,69,45-54,All races/ethnicities,Male,1,20.8,"4,800"
Gonorrhea,2019,Northern Mariana Islands,69,35-44,All races/ethnicities,Male,0,0,"2,739"
Gonorrhea,2019,Northern Mariana Islands,69,25-34,All races/ethnicities,Male,4,144,"2,778"
Gonorrhea,2019,Northern Mariana Islands,69,13-24,All races/ethnicities,Male,Data not available,Data not available,"5,620"
Gonorrhea,2018,Northern Mariana Islands,69,55+,All races/ethnicities,Female,0,0,"4,495"
Gonorrhea,2018,Northern Mariana Islands,69,45-54,All races/ethnicities,Female,0,0,"4,624"
Gonorrhea,2018,Northern Mariana Islands,69,35-44,All races/ethnicities,Female,0,0,"2,913"
Gonorrhea,2018,Northern Mariana Islands,69,25-34,All races/ethnicities,Female,6,264.6,"2,268"
Gonorrhea,2018,Northern Mariana Islands,69,13-24,All races/ethnicities,Female,Data not available,Data not available,"4,711"
Gonorrhea,2018,Northern Mariana Islands,69,55+,All races/ethnicities,Male,0,0,"5,373"
Gonorrhea,2018,Northern Mariana Islands,69,45-54,All races/ethnicities,Male,0,0,"4,971"
Gonorrhea,2018,Northern Mariana Islands,69,35-44,All races/ethnicities,Male,4,136.1,"2,940"
Gonorrhea,2018,Northern Mariana Islands,69,25-34,All races/ethnicities,Male,6,227.8,"2,634"
Gonorrhea,2018,Northern Mariana Islands,69,13-24,All races/ethnicities,Male,Data not available,Data not available,"5,465"
Chlamydia,2021,Northern Mariana Islands,69,55+,All races/ethnicities,Female,1,18.8,"5,327"
Chlamydia,2021,Northern Mariana Islands,69,45-54,All races/ethnicities,Female,7,171.1,"4,091"
Chlamydia,2021,Northern Mariana Islands,69,35-44,All races/ethnicities,Female,17,675.1,"2,518"
Chlamydia,2021,Northern Mariana Islands,69,25-34,All races/ethnicities,Female,62,2398.5,"2,585"
Chlamydia,2021,Northern Mariana Islands,69,13-24,All races/ethnicities,Female,Data not available,Data not available,"5,006"
Chlamydia,2021,Northern Mariana Islands,69,55+,All races/ethnicities,Male,1,16.1,"6,215"
Chlamydia,2021,Northern Mariana Islands,69,45-54,All races/ethnicities,Male,2,46.1,"4,343"
Chlamydia,2021,Northern Mariana Islands,69,35-44,All races/ethnicities,Male,6,251.3,"2,388"
Chlamydia,2021,Northern Mariana Islands,69,25-34,All races/ethnicities,Male,19,619.5,"3,067"
Chlamydia,2021,Northern Mariana Islands,69,13-24,All races/ethnicities,Male,Data not available,Data not available,"5,881"
Chlamydia,2020 (COVID-19 Pandemic),Northern Mariana Islands,69,55+,All races/ethnicities,Female,0,0,"5,071"
Chlamydia,2020 (COVID-19 Pandemic),Northern Mariana Islands,69,45-54,All races/ethnicities,Female,1,23.3,"4,291"
Chlamydia,2020 (COVID-19 Pandemic),Northern Mariana Islands,69,35-44,All races/ethnicities,Female,12,451.5,"2,658"
Chlamydia,2020 (COVID-19 Pandemic),Northern Mariana Islands,69,25-34,All races/ethnicities,Female,56,2289.5,"2,446"
Chlamydia,2020 (COVID-19 Pandemic),Northern Mariana Islands,69,13-24,All races/ethnicities,Female,Data not available,Data not available,"4,927"
Chlamydia,2020 (COVID-19 Pandemic),Northern Mariana Islands,69,55+,All races/ethnicities,Male,1,16.7,"5,974"
Chlamydia,2020 (COVID-19 Pandemic),Northern Mariana Islands,69,45-54,All races/ethnicities,Male,1,22,"4,541"
Chlamydia,2020 (COVID-19 Pandemic),Northern Mariana Islands,69,35-44,All races/ethnicities,Male,5,194.6,"2,570"
Chlamydia,2020 (COVID-19 Pandemic),Northern Mariana Islands,69,25-34,All races/ethnicities,Male,15,516.9,"2,902"
Chlamydia,2020 (COVID-19 Pandemic),Northern Mariana Islands,69,13-24,All races/ethnicities,Male,Data not available,Data not available,"5,787"
Chlamydia,2019,Northern Mariana Islands,69,55+,All races/ethnicities,Female,0,0,"4,789"
Chlamydia,2019,Northern Mariana Islands,69,45-54,All races/ethnicities,Female,2,44.6,"4,481"
Chlamydia,2019,Northern Mariana Islands,69,35-44,All races/ethnicities,Female,16,573.5,"2,790"
Chlamydia,2019,Northern Mariana Islands,69,25-34,All races/ethnicities,Female,79,3344.6,"2,362"
Chlamydia,2019,Northern Mariana Islands,69,13-24,All races/ethnicities,Female,Data not available,Data not available,"4,821"
Chlamydia,2019,Northern Mariana Islands,69,55+,All races/ethnicities,Male,0,0,"5,688"
Chlamydia,2019,Northern Mariana Islands,69,45-54,All races/ethnicities,Male,1,20.8,"4,800"
Chlamydia,2019,Northern Mariana Islands,69,35-44,All races/ethnicities,Male,2,73,"2,739"
Chlamydia,2019,Northern Mariana Islands,69,25-34,All races/ethnicities,Male,23,827.9,"2,778"
Chlamydia,2019,Northern Mariana Islands,69,13-24,All races/ethnicities,Male,Data not available,Data not available,"5,620"
Chlamydia,2018,Northern Mariana Islands,69,55+,All races/ethnicities,Female,0,0,"4,495"
Chlamydia,2018,Northern Mariana Islands,69,45-54,All races/ethnicities,Female,0,0,"4,624"
Chlamydia,2018,Northern Mariana Islands,69,35-44,All races/ethnicities,Female,11,377.6,"2,913"
Chlamydia,2018,Northern Mariana Islands,69,25-34,All races/ethnicities,Female,69,3042.3,"2,268"
Chlamydia,2018,Northern Mariana Islands,69,13-24,All races/ethnicities,Female,Data not available,Data not available,"4,711"
Chlamydia,2018,Northern Mariana Islands,69,55+,All races/ethnicities,Male,0,0,"5,373"
Chlamydia,2018,Northern Mariana Islands,69,45-54,All races/ethnicities,Male,0,0,"4,971"
Chlamydia,2018,Northern Mariana Islands,69,35-44,All races/ethnicities,Male,7,238.1,"2,940"
Chlamydia,2018,Northern Mariana Islands,69,25-34,All races/ethnicities,Male,17,645.4,"2,634"
Chlamydia,2018,Northern Mariana Islands,69,13-24,All races/ethnicities,Male,Data not available,Data not available,"5,465"
HIV diagnoses,2021,Northern Mariana Islands,69,55+,All races/ethnicities,Female,Data not available,Data not available,NA
HIV diagnoses,2021,Northern Mariana Islands,69,45-54,All races/ethnicities,Female,Data not available,Data not available,NA
HIV diagnoses,2021,Northern Mariana Islands,69,35-44,All races/ethnicities,Female,Data not available,Data not available,NA
HIV diagnoses,2021,Northern Mariana Islands,69,25-34,All races/ethnicities,Female,Data not available,Data not available,NA
HIV diagnoses,2021,Northern Mariana Islands,69,13-24,All races/ethnicities,Female,Data not available,Data not available,NA
HIV diagnoses,2021,Northern Mariana Islands,69,55+,All races/ethnicities,Male,Data not available,Data not available,NA
HIV diagnoses,2021,Northern Mariana Islands,69,45-54,All races/ethnicities,Male,Data not available,Data not available,NA
HIV diagnoses,2021,Northern Mariana Islands,69,35-44,All races/ethnicities,Male,Data not available,Data not available,NA
HIV diagnoses,2021,Northern Mariana Islands,69,25-34,All races/ethnicities,Male,Data not available,Data not available,NA
HIV diagnoses,2021,Northern Mariana Islands,69,13-24,All races/ethnicities,Male,Data not available,Data not available,NA
HIV diagnoses,2020 (COVID-19 Pandemic),Northern Mariana Islands,69,55+,All races/ethnicities,Female,Data not available,Data not available,NA
HIV diagnoses,2020 (COVID-19 Pandemic),Northern Mariana Islands,69,45-54,All races/ethnicities,Female,Data not available,Data not available,NA
HIV diagnoses,2020 (COVID-19 Pandemic),Northern Mariana Islands,69,35-44,All races/ethnicities,Female,Data not available,Data not available,NA
HIV diagnoses,2020 (COVID-19 Pandemic),Northern Mariana Islands,69,25-34,All races/ethnicities,Female,Data not available,Data not available,NA
HIV diagnoses,2020 (COVID-19 Pandemic),Northern Mariana Islands,69,13-24,All races/ethnicities,Female,Data not available,Data not available,NA
HIV diagnoses,2020 (COVID-19 Pandemic),Northern Mariana Islands,69,55+,All races/ethnicities,Male,Data not available,Data not available,NA
HIV diagnoses,2020 (COVID-19 Pandemic),Northern Mariana Islands,69,45-54,All races/ethnicities,Male,Data not available,Data not available,NA
HIV diagnoses,2020 (COVID-19 Pandemic),Northern Mariana Islands,69,35-44,All races/ethnicities,Male,Data not available,Data not available,NA
HIV diagnoses,2020 (COVID-19 Pandemic),Northern Mariana Islands,69,25-34,All races/ethnicities,Male,Data not available,Data not available,NA
HIV diagnoses,2020 (COVID-19 Pandemic),Northern Mariana Islands,69,13-24,All races/ethnicities,Male,Data not available,Data not available,NA
HIV diagnoses,2019,Northern Mariana Islands,69,55+,All races/ethnicities,Female,Data not available,Data not available,NA
HIV diagnoses,2019,Northern Mariana Islands,69,45-54,All races/ethnicities,Female,Data not available,Data not available,NA
HIV diagnoses,2019,Northern Mariana Islands,69,35-44,All races/ethnicities,Female,Data not available,Data not available,NA
HIV diagnoses,2019,Northern Mariana Islands,69,25-34,All races/ethnicities,Female,Data not available,Data not available,NA
HIV diagnoses,2019,Northern Mariana Islands,69,13-24,All races/ethnicities,Female,Data not available,Data not available,NA
HIV diagnoses,2019,Northern Mariana Islands,69,55+,All races/ethnicities,Male,Data not available,Data not available,NA
HIV diagnoses,2019,Northern Mariana Islands,69,45-54,All races/ethnicities,Male,Data not available,Data not available,NA
HIV diagnoses,2019,Northern Mariana Islands,69,35-44,All races/ethnicities,Male,Data not available,Data not available,NA
HIV diagnoses,2019,Northern Mariana Islands,69,25-34,All races/ethnicities,Male,Data not available,Data not available,NA
HIV diagnoses,2019,Northern Mariana Islands,69,13-24,All races/ethnicities,Male,Data not available,Data not available,NA
HIV diagnoses,2018,Northern Mariana Islands,69,55+,All races/ethnicities,Female,Data not available,Data not available,NA
HIV diagnoses,2018,Northern Mariana Islands,69,45-54,All races/ethnicities,Female,Data not available,Data not available,NA
HIV diagnoses,2018,Northern Mariana Islands,69,35-44,All races/ethnicities,Female,Data not available,Data not available,NA
HIV diagnoses,2018,Northern Mariana Islands,69,25-34,All races/ethnicities,Female,Data not available,Data not available,NA
HIV diagnoses,2018,Northern Mariana Islands,69,13-24,All races/ethnicities,Female,Data not available,Data not available,NA
HIV diagnoses,2018,Northern Mariana Islands,69,55+,All races/ethnicities,Male,Data not available,Data not available,NA
HIV diagnoses,2018,Northern Mariana Islands,69,45-54,All races/ethnicities,Male,Data not available,Data not available,NA
HIV diagnoses,2018,Northern Mariana Islands,69,35-44,All races/ethnicities,Male,Data not available,Data not available,NA
HIV diagnoses,2018,Northern Mariana Islands,69,25-34,All races/ethnicities,Male,Data not available,Data not available,NA
HIV diagnoses,2018,Northern Mariana Islands,69,13-24,All races/ethnicities,Male,Data not available,Data not available,NA
Gonorrhea,2021,Puerto Rico,72,55+,All races/ethnicities,Female,5,0.8,"660,512"
Gonorrhea,2021,Puerto Rico,72,45-54,All races/ethnicities,Female,13,5.9,"220,601"
Gonorrhea,2021,Puerto Rico,72,35-44,All races/ethnicities,Female,41,20,"204,719"
Gonorrhea,2021,Puerto Rico,72,25-34,All races/ethnicities,Female,167,76.8,"217,421"
Gonorrhea,2021,Puerto Rico,72,13-24,All races/ethnicities,Female,248,103.1,"240,518"
Gonorrhea,2021,Puerto Rico,72,55+,All races/ethnicities,Male,11,2.1,"522,114"
Gonorrhea,2021,Puerto Rico,72,45-54,All races/ethnicities,Male,16,8.1,"196,498"
Gonorrhea,2021,Puerto Rico,72,35-44,All races/ethnicities,Male,62,34,"182,478"
Gonorrhea,2021,Puerto Rico,72,25-34,All races/ethnicities,Male,238,111.1,"214,229"
Gonorrhea,2021,Puerto Rico,72,13-24,All races/ethnicities,Male,210,84.4,"248,735"
Gonorrhea,2020 (COVID-19 Pandemic),Puerto Rico,72,55+,All races/ethnicities,Female,1,0.2,"650,328"
Gonorrhea,2020 (COVID-19 Pandemic),Puerto Rico,72,45-54,All races/ethnicities,Female,3,1.3,"223,927"
Gonorrhea,2020 (COVID-19 Pandemic),Puerto Rico,72,35-44,All races/ethnicities,Female,12,5.8,"207,891"
Gonorrhea,2020 (COVID-19 Pandemic),Puerto Rico,72,25-34,All races/ethnicities,Female,30,14,"214,654"
Gonorrhea,2020 (COVID-19 Pandemic),Puerto Rico,72,13-24,All races/ethnicities,Female,82,33.5,"245,094"
Gonorrhea,2020 (COVID-19 Pandemic),Puerto Rico,72,55+,All races/ethnicities,Male,5,1,"516,694"
Gonorrhea,2020 (COVID-19 Pandemic),Puerto Rico,72,45-54,All races/ethnicities,Male,9,4.5,"199,215"
Gonorrhea,2020 (COVID-19 Pandemic),Puerto Rico,72,35-44,All races/ethnicities,Male,33,17.8,"185,595"
Gonorrhea,2020 (COVID-19 Pandemic),Puerto Rico,72,25-34,All races/ethnicities,Male,104,49.6,"209,801"
Gonorrhea,2020 (COVID-19 Pandemic),Puerto Rico,72,13-24,All races/ethnicities,Male,110,43.3,"253,815"
Gonorrhea,2019,Puerto Rico,72,55+,All races/ethnicities,Female,3,0.5,"616,740"
Gonorrhea,2019,Puerto Rico,72,45-54,All races/ethnicities,Female,3,1.4,"220,336"
Gonorrhea,2019,Puerto Rico,72,35-44,All races/ethnicities,Female,14,6.8,"204,960"
Gonorrhea,2019,Puerto Rico,72,25-34,All races/ethnicities,Female,62,30.1,"205,653"
Gonorrhea,2019,Puerto Rico,72,13-24,All races/ethnicities,Female,Data suppressed,Data suppressed,"242,279"
Gonorrhea,2019,Puerto Rico,72,55+,All races/ethnicities,Male,6,1.2,"491,342"
Gonorrhea,2019,Puerto Rico,72,45-54,All races/ethnicities,Male,19,9.7,"195,719"
Gonorrhea,2019,Puerto Rico,72,35-44,All races/ethnicities,Male,34,18.5,"183,423"
Gonorrhea,2019,Puerto Rico,72,25-34,All races/ethnicities,Male,129,64.7,"199,513"
Gonorrhea,2019,Puerto Rico,72,13-24,All races/ethnicities,Male,Data suppressed,Data suppressed,"251,709"
Gonorrhea,2018,Puerto Rico,72,55+,All races/ethnicities,Female,1,0.2,"603,960"
Gonorrhea,2018,Puerto Rico,72,45-54,All races/ethnicities,Female,2,0.9,"223,762"
Gonorrhea,2018,Puerto Rico,72,35-44,All races/ethnicities,Female,9,4.3,"207,008"
Gonorrhea,2018,Puerto Rico,72,25-34,All races/ethnicities,Female,67,33.3,"201,375"
Gonorrhea,2018,Puerto Rico,72,13-24,All races/ethnicities,Female,158,64.5,"245,110"
Gonorrhea,2018,Puerto Rico,72,55+,All races/ethnicities,Male,9,1.9,"483,741"
Gonorrhea,2018,Puerto Rico,72,45-54,All races/ethnicities,Male,13,6.5,"198,552"
Gonorrhea,2018,Puerto Rico,72,35-44,All races/ethnicities,Male,37,19.9,"185,527"
Gonorrhea,2018,Puerto Rico,72,25-34,All races/ethnicities,Male,113,58.4,"193,367"
Gonorrhea,2018,Puerto Rico,72,13-24,All races/ethnicities,Male,146,57.4,"254,150"
Chlamydia,2021,Puerto Rico,72,55+,All races/ethnicities,Female,39,5.9,"660,512"
Chlamydia,2021,Puerto Rico,72,45-54,All races/ethnicities,Female,89,40.3,"220,601"
Chlamydia,2021,Puerto Rico,72,35-44,All races/ethnicities,Female,270,131.9,"204,719"
Chlamydia,2021,Puerto Rico,72,25-34,All races/ethnicities,Female,"1,245",572.6,"217,421"
Chlamydia,2021,Puerto Rico,72,13-24,All races/ethnicities,Female,"2,077",863.6,"240,518"
Chlamydia,2021,Puerto Rico,72,55+,All races/ethnicities,Male,35,6.7,"522,114"
Chlamydia,2021,Puerto Rico,72,45-54,All races/ethnicities,Male,55,28,"196,498"
Chlamydia,2021,Puerto Rico,72,35-44,All races/ethnicities,Male,116,63.6,"182,478"
Chlamydia,2021,Puerto Rico,72,25-34,All races/ethnicities,Male,442,206.3,"214,229"
Chlamydia,2021,Puerto Rico,72,13-24,All races/ethnicities,Male,420,168.9,"248,735"
Chlamydia,2020 (COVID-19 Pandemic),Puerto Rico,72,55+,All races/ethnicities,Female,21,3.2,"650,328"
Chlamydia,2020 (COVID-19 Pandemic),Puerto Rico,72,45-54,All races/ethnicities,Female,43,19.2,"223,927"
Chlamydia,2020 (COVID-19 Pandemic),Puerto Rico,72,35-44,All races/ethnicities,Female,205,98.6,"207,891"
Chlamydia,2020 (COVID-19 Pandemic),Puerto Rico,72,25-34,All races/ethnicities,Female,987,459.8,"214,654"
Chlamydia,2020 (COVID-19 Pandemic),Puerto Rico,72,13-24,All races/ethnicities,Female,"1,849",754.4,"245,094"
Chlamydia,2020 (COVID-19 Pandemic),Puerto Rico,72,55+,All races/ethnicities,Male,38,7.4,"516,694"
Chlamydia,2020 (COVID-19 Pandemic),Puerto Rico,72,45-54,All races/ethnicities,Male,48,24.1,"199,215"
Chlamydia,2020 (COVID-19 Pandemic),Puerto Rico,72,35-44,All races/ethnicities,Male,98,52.8,"185,595"
Chlamydia,2020 (COVID-19 Pandemic),Puerto Rico,72,25-34,All races/ethnicities,Male,336,160.2,"209,801"
Chlamydia,2020 (COVID-19 Pandemic),Puerto Rico,72,13-24,All races/ethnicities,Male,363,143,"253,815"
Chlamydia,2019,Puerto Rico,72,55+,All races/ethnicities,Female,33,5.4,"616,740"
Chlamydia,2019,Puerto Rico,72,45-54,All races/ethnicities,Female,67,30.4,"220,336"
Chlamydia,2019,Puerto Rico,72,35-44,All races/ethnicities,Female,225,109.8,"204,960"
Chlamydia,2019,Puerto Rico,72,25-34,All races/ethnicities,Female,"1,077",523.7,"205,653"
Chlamydia,2019,Puerto Rico,72,13-24,All races/ethnicities,Female,"2,290",945.2,"242,279"
Chlamydia,2019,Puerto Rico,72,55+,All races/ethnicities,Male,32,6.5,"491,342"
Chlamydia,2019,Puerto Rico,72,45-54,All races/ethnicities,Male,42,21.5,"195,719"
Chlamydia,2019,Puerto Rico,72,35-44,All races/ethnicities,Male,108,58.9,"183,423"
Chlamydia,2019,Puerto Rico,72,25-34,All races/ethnicities,Male,407,204,"199,513"
Chlamydia,2019,Puerto Rico,72,13-24,All races/ethnicities,Male,528,209.8,"251,709"
Chlamydia,2018,Puerto Rico,72,55+,All races/ethnicities,Female,42,7,"603,960"
Chlamydia,2018,Puerto Rico,72,45-54,All races/ethnicities,Female,56,25,"223,762"
Chlamydia,2018,Puerto Rico,72,35-44,All races/ethnicities,Female,298,144,"207,008"
Chlamydia,2018,Puerto Rico,72,25-34,All races/ethnicities,Female,"1,412",701.2,"201,375"
Chlamydia,2018,Puerto Rico,72,13-24,All races/ethnicities,Female,"2,882",1175.8,"245,110"
Chlamydia,2018,Puerto Rico,72,55+,All races/ethnicities,Male,47,9.7,"483,741"
Chlamydia,2018,Puerto Rico,72,45-54,All races/ethnicities,Male,53,26.7,"198,552"
Chlamydia,2018,Puerto Rico,72,35-44,All races/ethnicities,Male,151,81.4,"185,527"
Chlamydia,2018,Puerto Rico,72,25-34,All races/ethnicities,Male,431,222.9,"193,367"
Chlamydia,2018,Puerto Rico,72,13-24,All races/ethnicities,Male,556,218.8,"254,150"
HIV diagnoses,2021,Puerto Rico,72,55+,All races/ethnicities,Female,19,2.9,"660,512"
HIV diagnoses,2021,Puerto Rico,72,45-54,All races/ethnicities,Female,17,7.7,"220,601"
HIV diagnoses,2021,Puerto Rico,72,35-44,All races/ethnicities,Female,26,12.7,"204,719"
HIV diagnoses,2021,Puerto Rico,72,25-34,All races/ethnicities,Female,8,3.7,"217,421"
HIV diagnoses,2021,Puerto Rico,72,13-24,All races/ethnicities,Female,11,4.6,"240,518"
HIV diagnoses,2021,Puerto Rico,72,55+,All races/ethnicities,Male,46,8.8,"522,114"
HIV diagnoses,2021,Puerto Rico,72,45-54,All races/ethnicities,Male,57,29,"196,498"
HIV diagnoses,2021,Puerto Rico,72,35-44,All races/ethnicities,Male,65,35.6,"182,478"
HIV diagnoses,2021,Puerto Rico,72,25-34,All races/ethnicities,Male,113,52.7,"214,229"
HIV diagnoses,2021,Puerto Rico,72,13-24,All races/ethnicities,Male,48,19.3,"248,735"
HIV diagnoses,2020 (COVID-19 Pandemic),Puerto Rico,72,55+,All races/ethnicities,Female,15,2.3,"650,328"
HIV diagnoses,2020 (COVID-19 Pandemic),Puerto Rico,72,45-54,All races/ethnicities,Female,10,4.5,"223,927"
HIV diagnoses,2020 (COVID-19 Pandemic),Puerto Rico,72,35-44,All races/ethnicities,Female,9,4.3,"207,891"
HIV diagnoses,2020 (COVID-19 Pandemic),Puerto Rico,72,25-34,All races/ethnicities,Female,5,2.3,"214,654"
HIV diagnoses,2020 (COVID-19 Pandemic),Puerto Rico,72,13-24,All races/ethnicities,Female,5,2,"245,094"
HIV diagnoses,2020 (COVID-19 Pandemic),Puerto Rico,72,55+,All races/ethnicities,Male,39,7.5,"516,694"
HIV diagnoses,2020 (COVID-19 Pandemic),Puerto Rico,72,45-54,All races/ethnicities,Male,42,21.1,"199,215"
HIV diagnoses,2020 (COVID-19 Pandemic),Puerto Rico,72,35-44,All races/ethnicities,Male,56,30.2,"185,595"
HIV diagnoses,2020 (COVID-19 Pandemic),Puerto Rico,72,25-34,All races/ethnicities,Male,74,35.3,"209,801"
HIV diagnoses,2020 (COVID-19 Pandemic),Puerto Rico,72,13-24,All races/ethnicities,Male,45,17.7,"253,815"
HIV diagnoses,2019,Puerto Rico,72,55+,All races/ethnicities,Female,24,3.9,"616,680"
HIV diagnoses,2019,Puerto Rico,72,45-54,All races/ethnicities,Female,17,7.7,"220,345"
HIV diagnoses,2019,Puerto Rico,72,35-44,All races/ethnicities,Female,16,7.8,"204,948"
HIV diagnoses,2019,Puerto Rico,72,25-34,All races/ethnicities,Female,14,6.8,"205,658"
HIV diagnoses,2019,Puerto Rico,72,13-24,All races/ethnicities,Female,4,1.7,"242,266"
HIV diagnoses,2019,Puerto Rico,72,55+,All races/ethnicities,Male,62,12.6,"491,233"
HIV diagnoses,2019,Puerto Rico,72,45-54,All races/ethnicities,Male,48,24.5,"195,678"
HIV diagnoses,2019,Puerto Rico,72,35-44,All races/ethnicities,Male,56,30.5,"183,418"
HIV diagnoses,2019,Puerto Rico,72,25-34,All races/ethnicities,Male,97,48.6,"199,513"
HIV diagnoses,2019,Puerto Rico,72,13-24,All races/ethnicities,Male,58,23,"251,717"
HIV diagnoses,2018,Puerto Rico,72,55+,All races/ethnicities,Female,18,3,"603,956"
HIV diagnoses,2018,Puerto Rico,72,45-54,All races/ethnicities,Female,24,10.7,"223,760"
HIV diagnoses,2018,Puerto Rico,72,35-44,All races/ethnicities,Female,12,5.8,"207,009"
HIV diagnoses,2018,Puerto Rico,72,25-34,All races/ethnicities,Female,13,6.5,"201,376"
HIV diagnoses,2018,Puerto Rico,72,13-24,All races/ethnicities,Female,11,4.5,"245,110"
HIV diagnoses,2018,Puerto Rico,72,55+,All races/ethnicities,Male,46,9.5,"483,735"
HIV diagnoses,2018,Puerto Rico,72,45-54,All races/ethnicities,Male,65,32.7,"198,553"
HIV diagnoses,2018,Puerto Rico,72,35-44,All races/ethnicities,Male,62,33.4,"185,525"
HIV diagnoses,2018,Puerto Rico,72,25-34,All races/ethnicities,Male,115,59.5,"193,365"
HIV diagnoses,2018,Puerto Rico,72,13-24,All races/ethnicities,Male,71,27.9,"254,150"
Gonorrhea,2021,U.S. Virgin Islands,78,55+,All races/ethnicities,Female,0,0,"19,421"
Gonorrhea,2021,U.S. Virgin Islands,78,45-54,All races/ethnicities,Female,0,0,"7,205"
Gonorrhea,2021,U.S. Virgin Islands,78,35-44,All races/ethnicities,Female,4,59.4,"6,734"
Gonorrhea,2021,U.S. Virgin Islands,78,25-34,All races/ethnicities,Female,11,171.8,"6,403"
Gonorrhea,2021,U.S. Virgin Islands,78,13-24,All races/ethnicities,Female,Data not available,Data not available,"6,955"
Gonorrhea,2021,U.S. Virgin Islands,78,55+,All races/ethnicities,Male,1,6,"16,646"
Gonorrhea,2021,U.S. Virgin Islands,78,45-54,All races/ethnicities,Male,1,15.4,"6,489"
Gonorrhea,2021,U.S. Virgin Islands,78,35-44,All races/ethnicities,Male,5,83.1,"6,016"
Gonorrhea,2021,U.S. Virgin Islands,78,25-34,All races/ethnicities,Male,12,224.8,"5,339"
Gonorrhea,2021,U.S. Virgin Islands,78,13-24,All races/ethnicities,Male,Data not available,Data not available,"6,674"
Gonorrhea,2020 (COVID-19 Pandemic),U.S. Virgin Islands,78,55+,All races/ethnicities,Female,0,0,"19,140"
Gonorrhea,2020 (COVID-19 Pandemic),U.S. Virgin Islands,78,45-54,All races/ethnicities,Female,0,0,"7,379"
Gonorrhea,2020 (COVID-19 Pandemic),U.S. Virgin Islands,78,35-44,All races/ethnicities,Female,1,15.1,"6,635"
Gonorrhea,2020 (COVID-19 Pandemic),U.S. Virgin Islands,78,25-34,All races/ethnicities,Female,13,198.3,"6,557"
Gonorrhea,2020 (COVID-19 Pandemic),U.S. Virgin Islands,78,13-24,All races/ethnicities,Female,Data not available,Data not available,"6,955"
Gonorrhea,2020 (COVID-19 Pandemic),U.S. Virgin Islands,78,55+,All races/ethnicities,Male,1,6.1,"16,404"
Gonorrhea,2020 (COVID-19 Pandemic),U.S. Virgin Islands,78,45-54,All races/ethnicities,Male,1,15,"6,680"
Gonorrhea,2020 (COVID-19 Pandemic),U.S. Virgin Islands,78,35-44,All races/ethnicities,Male,2,34,"5,887"
Gonorrhea,2020 (COVID-19 Pandemic),U.S. Virgin Islands,78,25-34,All races/ethnicities,Male,17,307.8,"5,523"
Gonorrhea,2020 (COVID-19 Pandemic),U.S. Virgin Islands,78,13-24,All races/ethnicities,Male,Data not available,Data not available,"6,685"
Gonorrhea,2019,U.S. Virgin Islands,78,55+,All races/ethnicities,Female,0,0,"18,792"
Gonorrhea,2019,U.S. Virgin Islands,78,45-54,All races/ethnicities,Female,1,13.2,"7,554"
Gonorrhea,2019,U.S. Virgin Islands,78,35-44,All races/ethnicities,Female,3,45.8,"6,548"
Gonorrhea,2019,U.S. Virgin Islands,78,25-34,All races/ethnicities,Female,2,30,"6,674"
Gonorrhea,2019,U.S. Virgin Islands,78,13-24,All races/ethnicities,Female,Data not available,Data not available,"7,098"
Gonorrhea,2019,U.S. Virgin Islands,78,55+,All races/ethnicities,Male,0,0,"16,150"
Gonorrhea,2019,U.S. Virgin Islands,78,45-54,All races/ethnicities,Male,0,0,"6,888"
Gonorrhea,2019,U.S. Virgin Islands,78,35-44,All races/ethnicities,Male,5,87.4,"5,721"
Gonorrhea,2019,U.S. Virgin Islands,78,25-34,All races/ethnicities,Male,4,70.7,"5,660"
Gonorrhea,2019,U.S. Virgin Islands,78,13-24,All races/ethnicities,Male,Data not available,Data not available,"6,833"
Gonorrhea,2018,U.S. Virgin Islands,78,55+,All races/ethnicities,Female,Data not available,Data not available,"18,393"
Gonorrhea,2018,U.S. Virgin Islands,78,45-54,All races/ethnicities,Female,Data not available,Data not available,"7,751"
Gonorrhea,2018,U.S. Virgin Islands,78,35-44,All races/ethnicities,Female,Data not available,Data not available,"6,380"
Gonorrhea,2018,U.S. Virgin Islands,78,25-34,All races/ethnicities,Female,Data not available,Data not available,"6,856"
Gonorrhea,2018,U.S. Virgin Islands,78,13-24,All races/ethnicities,Female,Data not available,Data not available,"7,298"
Gonorrhea,2018,U.S. Virgin Islands,78,55+,All races/ethnicities,Male,Data not available,Data not available,"15,841"
Gonorrhea,2018,U.S. Virgin Islands,78,45-54,All races/ethnicities,Male,Data not available,Data not available,"7,059"
Gonorrhea,2018,U.S. Virgin Islands,78,35-44,All races/ethnicities,Male,Data not available,Data not available,"5,610"
Gonorrhea,2018,U.S. Virgin Islands,78,25-34,All races/ethnicities,Male,Data not available,Data not available,"5,785"
Gonorrhea,2018,U.S. Virgin Islands,78,13-24,All races/ethnicities,Male,Data not available,Data not available,"7,040"
Chlamydia,2021,U.S. Virgin Islands,78,55+,All races/ethnicities,Female,4,20.6,"19,421"
Chlamydia,2021,U.S. Virgin Islands,78,45-54,All races/ethnicities,Female,9,124.9,"7,205"
Chlamydia,2021,U.S. Virgin Islands,78,35-44,All races/ethnicities,Female,26,386.1,"6,734"
Chlamydia,2021,U.S. Virgin Islands,78,25-34,All races/ethnicities,Female,154,2405.1,"6,403"
Chlamydia,2021,U.S. Virgin Islands,78,13-24,All races/ethnicities,Female,Data not available,Data not available,"6,955"
Chlamydia,2021,U.S. Virgin Islands,78,55+,All races/ethnicities,Male,5,30,"16,646"
Chlamydia,2021,U.S. Virgin Islands,78,45-54,All races/ethnicities,Male,8,123.3,"6,489"
Chlamydia,2021,U.S. Virgin Islands,78,35-44,All races/ethnicities,Male,17,282.6,"6,016"
Chlamydia,2021,U.S. Virgin Islands,78,25-34,All races/ethnicities,Male,64,1198.7,"5,339"
Chlamydia,2021,U.S. Virgin Islands,78,13-24,All races/ethnicities,Male,Data not available,Data not available,"6,674"
Chlamydia,2020 (COVID-19 Pandemic),U.S. Virgin Islands,78,55+,All races/ethnicities,Female,4,20.9,"19,140"
Chlamydia,2020 (COVID-19 Pandemic),U.S. Virgin Islands,78,45-54,All races/ethnicities,Female,3,40.7,"7,379"
Chlamydia,2020 (COVID-19 Pandemic),U.S. Virgin Islands,78,35-44,All races/ethnicities,Female,25,376.8,"6,635"
Chlamydia,2020 (COVID-19 Pandemic),U.S. Virgin Islands,78,25-34,All races/ethnicities,Female,85,1296.3,"6,557"
Chlamydia,2020 (COVID-19 Pandemic),U.S. Virgin Islands,78,13-24,All races/ethnicities,Female,Data not available,Data not available,"6,955"
Chlamydia,2020 (COVID-19 Pandemic),U.S. Virgin Islands,78,55+,All races/ethnicities,Male,3,18.3,"16,404"
Chlamydia,2020 (COVID-19 Pandemic),U.S. Virgin Islands,78,45-54,All races/ethnicities,Male,3,44.9,"6,680"
Chlamydia,2020 (COVID-19 Pandemic),U.S. Virgin Islands,78,35-44,All races/ethnicities,Male,7,118.9,"5,887"
Chlamydia,2020 (COVID-19 Pandemic),U.S. Virgin Islands,78,25-34,All races/ethnicities,Male,35,633.7,"5,523"
Chlamydia,2020 (COVID-19 Pandemic),U.S. Virgin Islands,78,13-24,All races/ethnicities,Male,Data not available,Data not available,"6,685"
Chlamydia,2019,U.S. Virgin Islands,78,55+,All races/ethnicities,Female,3,16,"18,792"
Chlamydia,2019,U.S. Virgin Islands,78,45-54,All races/ethnicities,Female,6,79.4,"7,554"
Chlamydia,2019,U.S. Virgin Islands,78,35-44,All races/ethnicities,Female,9,137.4,"6,548"
Chlamydia,2019,U.S. Virgin Islands,78,25-34,All races/ethnicities,Female,53,794.1,"6,674"
Chlamydia,2019,U.S. Virgin Islands,78,13-24,All races/ethnicities,Female,Data not available,Data not available,"7,098"
Chlamydia,2019,U.S. Virgin Islands,78,55+,All races/ethnicities,Male,3,18.6,"16,150"
Chlamydia,2019,U.S. Virgin Islands,78,45-54,All races/ethnicities,Male,3,43.6,"6,888"
Chlamydia,2019,U.S. Virgin Islands,78,35-44,All races/ethnicities,Male,12,209.8,"5,721"
Chlamydia,2019,U.S. Virgin Islands,78,25-34,All races/ethnicities,Male,43,759.7,"5,660"
Chlamydia,2019,U.S. Virgin Islands,78,13-24,All races/ethnicities,Male,Data not available,Data not available,"6,833"
Chlamydia,2018,U.S. Virgin Islands,78,55+,All races/ethnicities,Female,Data not available,Data not available,"18,393"
Chlamydia,2018,U.S. Virgin Islands,78,45-54,All races/ethnicities,Female,Data not available,Data not available,"7,751"
Chlamydia,2018,U.S. Virgin Islands,78,35-44,All races/ethnicities,Female,Data not available,Data not available,"6,380"
Chlamydia,2018,U.S. Virgin Islands,78,25-34,All races/ethnicities,Female,Data not available,Data not available,"6,856"
Chlamydia,2018,U.S. Virgin Islands,78,13-24,All races/ethnicities,Female,Data not available,Data not available,"7,298"
Chlamydia,2018,U.S. Virgin Islands,78,55+,All races/ethnicities,Male,Data not available,Data not available,"15,841"
Chlamydia,2018,U.S. Virgin Islands,78,45-54,All races/ethnicities,Male,Data not available,Data not available,"7,059"
Chlamydia,2018,U.S. Virgin Islands,78,35-44,All races/ethnicities,Male,Data not available,Data not available,"5,610"
Chlamydia,2018,U.S. Virgin Islands,78,25-34,All races/ethnicities,Male,Data not available,Data not available,"5,785"
Chlamydia,2018,U.S. Virgin Islands,78,13-24,All races/ethnicities,Male,Data not available,Data not available,"7,040"
HIV diagnoses,2021,U.S. Virgin Islands,78,55+,All races/ethnicities,Female,Data not available,Data not available,NA
HIV diagnoses,2021,U.S. Virgin Islands,78,45-54,All races/ethnicities,Female,Data not available,Data not available,NA
HIV diagnoses,2021,U.S. Virgin Islands,78,35-44,All races/ethnicities,Female,Data not available,Data not available,NA
HIV diagnoses,2021,U.S. Virgin Islands,78,25-34,All races/ethnicities,Female,Data not available,Data not available,NA
HIV diagnoses,2021,U.S. Virgin Islands,78,13-24,All races/ethnicities,Female,Data not available,Data not available,NA
HIV diagnoses,2021,U.S. Virgin Islands,78,55+,All races/ethnicities,Male,Data not available,Data not available,NA
HIV diagnoses,2021,U.S. Virgin Islands,78,45-54,All races/ethnicities,Male,Data not available,Data not available,NA
HIV diagnoses,2021,U.S. Virgin Islands,78,35-44,All races/ethnicities,Male,Data not available,Data not available,NA
HIV diagnoses,2021,U.S. Virgin Islands,78,25-34,All races/ethnicities,Male,Data not available,Data not available,NA
HIV diagnoses,2021,U.S. Virgin Islands,78,13-24,All races/ethnicities,Male,Data not available,Data not available,NA
HIV diagnoses,2020 (COVID-19 Pandemic),U.S. Virgin Islands,78,55+,All races/ethnicities,Female,Data not available,Data not available,NA
HIV diagnoses,2020 (COVID-19 Pandemic),U.S. Virgin Islands,78,45-54,All races/ethnicities,Female,Data not available,Data not available,NA
HIV diagnoses,2020 (COVID-19 Pandemic),U.S. Virgin Islands,78,35-44,All races/ethnicities,Female,Data not available,Data not available,NA
HIV diagnoses,2020 (COVID-19 Pandemic),U.S. Virgin Islands,78,25-34,All races/ethnicities,Female,Data not available,Data not available,NA
HIV diagnoses,2020 (COVID-19 Pandemic),U.S. Virgin Islands,78,13-24,All races/ethnicities,Female,Data not available,Data not available,NA
HIV diagnoses,2020 (COVID-19 Pandemic),U.S. Virgin Islands,78,55+,All races/ethnicities,Male,Data not available,Data not available,NA
HIV diagnoses,2020 (COVID-19 Pandemic),U.S. Virgin Islands,78,45-54,All races/ethnicities,Male,Data not available,Data not available,NA
HIV diagnoses,2020 (COVID-19 Pandemic),U.S. Virgin Islands,78,35-44,All races/ethnicities,Male,Data not available,Data not available,NA
HIV diagnoses,2020 (COVID-19 Pandemic),U.S. Virgin Islands,78,25-34,All races/ethnicities,Male,Data not available,Data not available,NA
HIV diagnoses,2020 (COVID-19 Pandemic),U.S. Virgin Islands,78,13-24,All races/ethnicities,Male,Data not available,Data not available,NA
HIV diagnoses,2019,U.S. Virgin Islands,78,55+,All races/ethnicities,Female,Data not available,Data not available,NA
HIV diagnoses,2019,U.S. Virgin Islands,78,45-54,All races/ethnicities,Female,Data not available,Data not available,NA
HIV diagnoses,2019,U.S. Virgin Islands,78,35-44,All races/ethnicities,Female,Data not available,Data not available,NA
HIV diagnoses,2019,U.S. Virgin Islands,78,25-34,All races/ethnicities,Female,Data not available,Data not available,NA
HIV diagnoses,2019,U.S. Virgin Islands,78,13-24,All races/ethnicities,Female,Data not available,Data not available,NA
HIV diagnoses,2019,U.S. Virgin Islands,78,55+,All races/ethnicities,Male,Data not available,Data not available,NA
HIV diagnoses,2019,U.S. Virgin Islands,78,45-54,All races/ethnicities,Male,Data not available,Data not available,NA
HIV diagnoses,2019,U.S. Virgin Islands,78,35-44,All races/ethnicities,Male,Data not available,Data not available,NA
HIV diagnoses,2019,U.S. Virgin Islands,78,25-34,All races/ethnicities,Male,Data not available,Data not available,NA
HIV diagnoses,2019,U.S. Virgin Islands,78,13-24,All races/ethnicities,Male,Data not available,Data not available,NA
HIV diagnoses,2018,U.S. Virgin Islands,78,55+,All races/ethnicities,Female,Data not available,Data not available,NA
HIV diagnoses,2018,U.S. Virgin Islands,78,45-54,All races/ethnicities,Female,Data not available,Data not available,NA
HIV diagnoses,2018,U.S. Virgin Islands,78,35-44,All races/ethnicities,Female,Data not available,Data not available,NA
HIV diagnoses,2018,U.S. Virgin Islands,78,25-34,All races/ethnicities,Female,Data not available,Data not available,NA
HIV diagnoses,2018,U.S. Virgin Islands,78,13-24,All races/ethnicities,Female,Data not available,Data not available,NA
HIV diagnoses,2018,U.S. Virgin Islands,78,55+,All races/ethnicities,Male,Data not available,Data not available,NA
HIV diagnoses,2018,U.S. Virgin Islands,78,45-54,All races/ethnicities,Male,Data not available,Data not available,NA
HIV diagnoses,2018,U.S. Virgin Islands,78,35-44,All races/ethnicities,Male,Data not available,Data not available,NA
HIV diagnoses,2018,U.S. Virgin Islands,78,25-34,All races/ethnicities,Male,Data not available,Data not available,NA
HIV diagnoses,2018,U.S. Virgin Islands,78,13-24,All races/ethnicities,Male,Data not available,Data not available,NA