"Date Printed: Friday, January 14, 2022 2:53:39 PM"
Title: Congenital Syphilis | 2000 | 2001 | 2002 | 2003 | 2004 | 2005 | 2006 | 2007 | 2008 | 2009 | 2010 | 2011 | 2012 | 2013 | 2014 | 2015 | 2016 | 2017 | 2018 | 2019 | Alabama | Alaska | American Samoa | Arizona | Arkansas | California | Colorado | Connecticut | Delaware | District of Columbia | Florida | Georgia | Guam | Hawaii | Idaho | Illinois | Indiana | Iowa | Kansas | Kentucky | Louisiana | Maine | Maryland | Massachusetts | Michigan | Minnesota | Mississippi | Missouri | Montana | Nebraska | Nevada | New Hampshire | New Jersey | New Mexico | New York | North Carolina | North Dakota | Northern Mariana Islands | Ohio | Oklahoma | Oregon | Pennsylvania | Puerto Rico | Rhode Island | South Carolina | South Dakota | Tennessee | Texas | U.S. Virgin Islands | Utah | Vermont | Virginia | Washington | West Virginia | Wisconsin | Wyoming | All races/ethnicities | Both sexes | All age groups

NA - Not applicable


Indicator,Year,Geography,FIPS,Age Group,Race/Ethnicity,Sex,Cases,Rate per 100000,Population
"Congenital Syphilis","2019","Alabama","01","All age groups","All races/ethnicities","Both sexes","15","25.6","NA"
"Congenital Syphilis","2018","Alabama","01","All age groups","All races/ethnicities","Both sexes","7","12.1","NA"
"Congenital Syphilis","2017","Alabama","01","All age groups","All races/ethnicities","Both sexes","6","10.2","NA"
"Congenital Syphilis","2016","Alabama","01","All age groups","All races/ethnicities","Both sexes","4","6.8","NA"
"Congenital Syphilis","2015","Alabama","01","All age groups","All races/ethnicities","Both sexes","3","5.0","NA"
"Congenital Syphilis","2014","Alabama","01","All age groups","All races/ethnicities","Both sexes","3","5.0","NA"
"Congenital Syphilis","2013","Alabama","01","All age groups","All races/ethnicities","Both sexes","2","3.4","NA"
"Congenital Syphilis","2012","Alabama","01","All age groups","All races/ethnicities","Both sexes","4","6.8","NA"
"Congenital Syphilis","2011","Alabama","01","All age groups","All races/ethnicities","Both sexes","10","16.8","NA"
"Congenital Syphilis","2010","Alabama","01","All age groups","All races/ethnicities","Both sexes","9","15.0","NA"
"Congenital Syphilis","2009","Alabama","01","All age groups","All races/ethnicities","Both sexes","13","20.8","NA"
"Congenital Syphilis","2008","Alabama","01","All age groups","All races/ethnicities","Both sexes","12","18.6","NA"
"Congenital Syphilis","2007","Alabama","01","All age groups","All races/ethnicities","Both sexes","9","13.9","NA"
"Congenital Syphilis","2006","Alabama","01","All age groups","All races/ethnicities","Both sexes","9","14.2","NA"
"Congenital Syphilis","2005","Alabama","01","All age groups","All races/ethnicities","Both sexes","5","8.3","NA"
"Congenital Syphilis","2004","Alabama","01","All age groups","All races/ethnicities","Both sexes","11","18.5","NA"
"Congenital Syphilis","2003","Alabama","01","All age groups","All races/ethnicities","Both sexes","4","6.7","NA"
"Congenital Syphilis","2002","Alabama","01","All age groups","All races/ethnicities","Both sexes","6","10.2","NA"
"Congenital Syphilis","2001","Alabama","01","All age groups","All races/ethnicities","Both sexes","10","16.5","NA"
"Congenital Syphilis","2000","Alabama","01","All age groups","All races/ethnicities","Both sexes","8","12.6","NA"
"Congenital Syphilis","2019","Alaska","02","All age groups","All races/ethnicities","Both sexes","0","0.0","NA"
"Congenital Syphilis","2018","Alaska","02","All age groups","All races/ethnicities","Both sexes","1","9.9","NA"
"Congenital Syphilis","2017","Alaska","02","All age groups","All races/ethnicities","Both sexes","0","0.0","NA"
"Congenital Syphilis","2016","Alaska","02","All age groups","All races/ethnicities","Both sexes","0","0.0","NA"
"Congenital Syphilis","2015","Alaska","02","All age groups","All races/ethnicities","Both sexes","0","0.0","NA"
"Congenital Syphilis","2014","Alaska","02","All age groups","All races/ethnicities","Both sexes","0","0.0","NA"
"Congenital Syphilis","2013","Alaska","02","All age groups","All races/ethnicities","Both sexes","1","8.7","NA"
"Congenital Syphilis","2012","Alaska","02","All age groups","All races/ethnicities","Both sexes","1","8.9","NA"
"Congenital Syphilis","2011","Alaska","02","All age groups","All races/ethnicities","Both sexes","0","0.0","NA"
"Congenital Syphilis","2010","Alaska","02","All age groups","All races/ethnicities","Both sexes","0","0.0","NA"
"Congenital Syphilis","2009","Alaska","02","All age groups","All races/ethnicities","Both sexes","0","0.0","NA"
"Congenital Syphilis","2008","Alaska","02","All age groups","All races/ethnicities","Both sexes","0","0.0","NA"
"Congenital Syphilis","2007","Alaska","02","All age groups","All races/ethnicities","Both sexes","0","0.0","NA"
"Congenital Syphilis","2006","Alaska","02","All age groups","All races/ethnicities","Both sexes","0","0.0","NA"
"Congenital Syphilis","2005","Alaska","02","All age groups","All races/ethnicities","Both sexes","0","0.0","NA"
"Congenital Syphilis","2004","Alaska","02","All age groups","All races/ethnicities","Both sexes","0","0.0","NA"
"Congenital Syphilis","2003","Alaska","02","All age groups","All races/ethnicities","Both sexes","0","0.0","NA"
"Congenital Syphilis","2002","Alaska","02","All age groups","All races/ethnicities","Both sexes","0","0.0","NA"
"Congenital Syphilis","2001","Alaska","02","All age groups","All races/ethnicities","Both sexes","0","0.0","NA"
"Congenital Syphilis","2000","Alaska","02","All age groups","All races/ethnicities","Both sexes","0","0.0","NA"
"Congenital Syphilis","2019","Arizona","04","All age groups","All races/ethnicities","Both sexes","109","137.3","NA"
"Congenital Syphilis","2018","Arizona","04","All age groups","All races/ethnicities","Both sexes","61","75.6","NA"
"Congenital Syphilis","2017","Arizona","04","All age groups","All races/ethnicities","Both sexes","32","39.1","NA"
"Congenital Syphilis","2016","Arizona","04","All age groups","All races/ethnicities","Both sexes","17","20.1","NA"
"Congenital Syphilis","2015","Arizona","04","All age groups","All races/ethnicities","Both sexes","14","16.4","NA"
"Congenital Syphilis","2014","Arizona","04","All age groups","All races/ethnicities","Both sexes","13","15.0","NA"
"Congenital Syphilis","2013","Arizona","04","All age groups","All races/ethnicities","Both sexes","14","16.4","NA"
"Congenital Syphilis","2012","Arizona","04","All age groups","All races/ethnicities","Both sexes","14","16.2","NA"
"Congenital Syphilis","2011","Arizona","04","All age groups","All races/ethnicities","Both sexes","15","17.5","NA"
"Congenital Syphilis","2010","Arizona","04","All age groups","All races/ethnicities","Both sexes","16","18.3","NA"
"Congenital Syphilis","2009","Arizona","04","All age groups","All races/ethnicities","Both sexes","28","30.2","NA"
"Congenital Syphilis","2008","Arizona","04","All age groups","All races/ethnicities","Both sexes","30","30.2","NA"
"Congenital Syphilis","2007","Arizona","04","All age groups","All races/ethnicities","Both sexes","30","29.1","NA"
"Congenital Syphilis","2006","Arizona","04","All age groups","All races/ethnicities","Both sexes","16","15.6","NA"
"Congenital Syphilis","2005","Arizona","04","All age groups","All races/ethnicities","Both sexes","28","29.1","NA"
"Congenital Syphilis","2004","Arizona","04","All age groups","All races/ethnicities","Both sexes","26","27.8","NA"
"Congenital Syphilis","2003","Arizona","04","All age groups","All races/ethnicities","Both sexes","29","31.9","NA"
"Congenital Syphilis","2002","Arizona","04","All age groups","All races/ethnicities","Both sexes","20","22.8","NA"
"Congenital Syphilis","2001","Arizona","04","All age groups","All races/ethnicities","Both sexes","31","36.2","NA"
"Congenital Syphilis","2000","Arizona","04","All age groups","All races/ethnicities","Both sexes","27","31.7","NA"
"Congenital Syphilis","2019","Arkansas","05","All age groups","All races/ethnicities","Both sexes","21","57.4","NA"
"Congenital Syphilis","2018","Arkansas","05","All age groups","All races/ethnicities","Both sexes","25","67.5","NA"
"Congenital Syphilis","2017","Arkansas","05","All age groups","All races/ethnicities","Both sexes","8","21.3","NA"
"Congenital Syphilis","2016","Arkansas","05","All age groups","All races/ethnicities","Both sexes","6","15.7","NA"
"Congenital Syphilis","2015","Arkansas","05","All age groups","All races/ethnicities","Both sexes","5","12.9","NA"
"Congenital Syphilis","2014","Arkansas","05","All age groups","All races/ethnicities","Both sexes","7","18.2","NA"
"Congenital Syphilis","2013","Arkansas","05","All age groups","All races/ethnicities","Both sexes","12","31.7","NA"
"Congenital Syphilis","2012","Arkansas","05","All age groups","All races/ethnicities","Both sexes","11","28.7","NA"
"Congenital Syphilis","2011","Arkansas","05","All age groups","All races/ethnicities","Both sexes","15","38.7","NA"
"Congenital Syphilis","2010","Arkansas","05","All age groups","All races/ethnicities","Both sexes","11","28.5","NA"
"Congenital Syphilis","2009","Arkansas","05","All age groups","All races/ethnicities","Both sexes","10","25.1","NA"
"Congenital Syphilis","2008","Arkansas","05","All age groups","All races/ethnicities","Both sexes","9","22.1","NA"
"Congenital Syphilis","2007","Arkansas","05","All age groups","All races/ethnicities","Both sexes","12","29.0","NA"
"Congenital Syphilis","2006","Arkansas","05","All age groups","All races/ethnicities","Both sexes","10","24.4","NA"
"Congenital Syphilis","2005","Arkansas","05","All age groups","All races/ethnicities","Both sexes","7","17.9","NA"
"Congenital Syphilis","2004","Arkansas","05","All age groups","All races/ethnicities","Both sexes","4","10.4","NA"
"Congenital Syphilis","2003","Arkansas","05","All age groups","All races/ethnicities","Both sexes","2","5.3","NA"
"Congenital Syphilis","2002","Arkansas","05","All age groups","All races/ethnicities","Both sexes","10","26.7","NA"
"Congenital Syphilis","2001","Arkansas","05","All age groups","All races/ethnicities","Both sexes","6","16.2","NA"
"Congenital Syphilis","2000","Arkansas","05","All age groups","All races/ethnicities","Both sexes","15","39.7","NA"
"Congenital Syphilis","2019","California","06","All age groups","All races/ethnicities","Both sexes","445","99.7","NA"
"Congenital Syphilis","2018","California","06","All age groups","All races/ethnicities","Both sexes","329","72.3","NA"
"Congenital Syphilis","2017","California","06","All age groups","All races/ethnicities","Both sexes","281","59.6","NA"
"Congenital Syphilis","2016","California","06","All age groups","All races/ethnicities","Both sexes","207","42.3","NA"
"Congenital Syphilis","2015","California","06","All age groups","All races/ethnicities","Both sexes","140","28.5","NA"
"Congenital Syphilis","2014","California","06","All age groups","All races/ethnicities","Both sexes","102","20.3","NA"
"Congenital Syphilis","2013","California","06","All age groups","All races/ethnicities","Both sexes","58","11.7","NA"
"Congenital Syphilis","2012","California","06","All age groups","All races/ethnicities","Both sexes","35","6.9","NA"
"Congenital Syphilis","2011","California","06","All age groups","All races/ethnicities","Both sexes","40","8.0","NA"
"Congenital Syphilis","2010","California","06","All age groups","All races/ethnicities","Both sexes","39","7.6","NA"
"Congenital Syphilis","2009","California","06","All age groups","All races/ethnicities","Both sexes","63","12.0","NA"
"Congenital Syphilis","2008","California","06","All age groups","All races/ethnicities","Both sexes","64","11.6","NA"
"Congenital Syphilis","2007","California","06","All age groups","All races/ethnicities","Both sexes","87","15.4","NA"
"Congenital Syphilis","2006","California","06","All age groups","All races/ethnicities","Both sexes","69","12.3","NA"
"Congenital Syphilis","2005","California","06","All age groups","All races/ethnicities","Both sexes","75","13.7","NA"
"Congenital Syphilis","2004","California","06","All age groups","All races/ethnicities","Both sexes","68","12.5","NA"
"Congenital Syphilis","2003","California","06","All age groups","All races/ethnicities","Both sexes","64","11.8","NA"
"Congenital Syphilis","2002","California","06","All age groups","All races/ethnicities","Both sexes","61","11.5","NA"
"Congenital Syphilis","2001","California","06","All age groups","All races/ethnicities","Both sexes","63","11.9","NA"
"Congenital Syphilis","2000","California","06","All age groups","All races/ethnicities","Both sexes","86","16.2","NA"
"Congenital Syphilis","2019","Colorado","08","All age groups","All races/ethnicities","Both sexes","10","15.9","NA"
"Congenital Syphilis","2018","Colorado","08","All age groups","All races/ethnicities","Both sexes","8","12.7","NA"
"Congenital Syphilis","2017","Colorado","08","All age groups","All races/ethnicities","Both sexes","4","6.2","NA"
"Congenital Syphilis","2016","Colorado","08","All age groups","All races/ethnicities","Both sexes","4","6.0","NA"
"Congenital Syphilis","2015","Colorado","08","All age groups","All races/ethnicities","Both sexes","0","0.0","NA"
"Congenital Syphilis","2014","Colorado","08","All age groups","All races/ethnicities","Both sexes","0","0.0","NA"
"Congenital Syphilis","2013","Colorado","08","All age groups","All races/ethnicities","Both sexes","0","0.0","NA"
"Congenital Syphilis","2012","Colorado","08","All age groups","All races/ethnicities","Both sexes","0","0.0","NA"
"Congenital Syphilis","2011","Colorado","08","All age groups","All races/ethnicities","Both sexes","0","0.0","NA"
"Congenital Syphilis","2010","Colorado","08","All age groups","All races/ethnicities","Both sexes","0","0.0","NA"
"Congenital Syphilis","2009","Colorado","08","All age groups","All races/ethnicities","Both sexes","0","0.0","NA"
"Congenital Syphilis","2008","Colorado","08","All age groups","All races/ethnicities","Both sexes","0","0.0","NA"
"Congenital Syphilis","2007","Colorado","08","All age groups","All races/ethnicities","Both sexes","2","2.8","NA"
"Congenital Syphilis","2006","Colorado","08","All age groups","All races/ethnicities","Both sexes","2","2.8","NA"
"Congenital Syphilis","2005","Colorado","08","All age groups","All races/ethnicities","Both sexes","1","1.5","NA"
"Congenital Syphilis","2004","Colorado","08","All age groups","All races/ethnicities","Both sexes","2","2.9","NA"
"Congenital Syphilis","2003","Colorado","08","All age groups","All races/ethnicities","Both sexes","3","4.3","NA"
"Congenital Syphilis","2002","Colorado","08","All age groups","All races/ethnicities","Both sexes","2","2.9","NA"
"Congenital Syphilis","2001","Colorado","08","All age groups","All races/ethnicities","Both sexes","1","1.5","NA"
"Congenital Syphilis","2000","Colorado","08","All age groups","All races/ethnicities","Both sexes","0","0.0","NA"
"Congenital Syphilis","2019","Connecticut","09","All age groups","All races/ethnicities","Both sexes","3","8.8","NA"
"Congenital Syphilis","2018","Connecticut","09","All age groups","All races/ethnicities","Both sexes","2","5.8","NA"
"Congenital Syphilis","2017","Connecticut","09","All age groups","All races/ethnicities","Both sexes","0","0.0","NA"
"Congenital Syphilis","2016","Connecticut","09","All age groups","All races/ethnicities","Both sexes","0","0.0","NA"
"Congenital Syphilis","2015","Connecticut","09","All age groups","All races/ethnicities","Both sexes","1","2.8","NA"
"Congenital Syphilis","2014","Connecticut","09","All age groups","All races/ethnicities","Both sexes","0","0.0","NA"
"Congenital Syphilis","2013","Connecticut","09","All age groups","All races/ethnicities","Both sexes","0","0.0","NA"
"Congenital Syphilis","2012","Connecticut","09","All age groups","All races/ethnicities","Both sexes","0","0.0","NA"
"Congenital Syphilis","2011","Connecticut","09","All age groups","All races/ethnicities","Both sexes","0","0.0","NA"
"Congenital Syphilis","2010","Connecticut","09","All age groups","All races/ethnicities","Both sexes","2","5.3","NA"
"Congenital Syphilis","2009","Connecticut","09","All age groups","All races/ethnicities","Both sexes","2","5.1","NA"
"Congenital Syphilis","2008","Connecticut","09","All age groups","All races/ethnicities","Both sexes","2","5.0","NA"
"Congenital Syphilis","2007","Connecticut","09","All age groups","All races/ethnicities","Both sexes","2","4.8","NA"
"Congenital Syphilis","2006","Connecticut","09","All age groups","All races/ethnicities","Both sexes","0","0.0","NA"
"Congenital Syphilis","2005","Connecticut","09","All age groups","All races/ethnicities","Both sexes","1","2.4","NA"
"Congenital Syphilis","2004","Connecticut","09","All age groups","All races/ethnicities","Both sexes","0","0.0","NA"
"Congenital Syphilis","2003","Connecticut","09","All age groups","All races/ethnicities","Both sexes","1","2.3","NA"
"Congenital Syphilis","2002","Connecticut","09","All age groups","All races/ethnicities","Both sexes","0","0.0","NA"
"Congenital Syphilis","2001","Connecticut","09","All age groups","All races/ethnicities","Both sexes","2","4.7","NA"
"Congenital Syphilis","2000","Connecticut","09","All age groups","All races/ethnicities","Both sexes","1","2.3","NA"
"Congenital Syphilis","2019","Delaware","10","All age groups","All races/ethnicities","Both sexes","2","18.9","NA"
"Congenital Syphilis","2018","Delaware","10","All age groups","All races/ethnicities","Both sexes","0","0.0","NA"
"Congenital Syphilis","2017","Delaware","10","All age groups","All races/ethnicities","Both sexes","0","0.0","NA"
"Congenital Syphilis","2016","Delaware","10","All age groups","All races/ethnicities","Both sexes","0","0.0","NA"
"Congenital Syphilis","2015","Delaware","10","All age groups","All races/ethnicities","Both sexes","1","9.0","NA"
"Congenital Syphilis","2014","Delaware","10","All age groups","All races/ethnicities","Both sexes","0","0.0","NA"
"Congenital Syphilis","2013","Delaware","10","All age groups","All races/ethnicities","Both sexes","1","9.2","NA"
"Congenital Syphilis","2012","Delaware","10","All age groups","All races/ethnicities","Both sexes","1","9.1","NA"
"Congenital Syphilis","2011","Delaware","10","All age groups","All races/ethnicities","Both sexes","0","0.0","NA"
"Congenital Syphilis","2010","Delaware","10","All age groups","All races/ethnicities","Both sexes","2","17.6","NA"
"Congenital Syphilis","2009","Delaware","10","All age groups","All races/ethnicities","Both sexes","1","8.7","NA"
"Congenital Syphilis","2008","Delaware","10","All age groups","All races/ethnicities","Both sexes","1","8.3","NA"
"Congenital Syphilis","2007","Delaware","10","All age groups","All races/ethnicities","Both sexes","0","0.0","NA"
"Congenital Syphilis","2006","Delaware","10","All age groups","All races/ethnicities","Both sexes","0","0.0","NA"
"Congenital Syphilis","2005","Delaware","10","All age groups","All races/ethnicities","Both sexes","0","0.0","NA"
"Congenital Syphilis","2004","Delaware","10","All age groups","All races/ethnicities","Both sexes","1","8.8","NA"
"Congenital Syphilis","2003","Delaware","10","All age groups","All races/ethnicities","Both sexes","0","0.0","NA"
"Congenital Syphilis","2002","Delaware","10","All age groups","All races/ethnicities","Both sexes","0","0.0","NA"
"Congenital Syphilis","2001","Delaware","10","All age groups","All races/ethnicities","Both sexes","0","0.0","NA"
"Congenital Syphilis","2000","Delaware","10","All age groups","All races/ethnicities","Both sexes","0","0.0","NA"
"Congenital Syphilis","2019","District of Columbia","11","All age groups","All races/ethnicities","Both sexes","1","11.0","NA"
"Congenital Syphilis","2018","District of Columbia","11","All age groups","All races/ethnicities","Both sexes","1","10.9","NA"
"Congenital Syphilis","2017","District of Columbia","11","All age groups","All races/ethnicities","Both sexes","0","0.0","NA"
"Congenital Syphilis","2016","District of Columbia","11","All age groups","All races/ethnicities","Both sexes","1","10.1","NA"
"Congenital Syphilis","2015","District of Columbia","11","All age groups","All races/ethnicities","Both sexes","1","10.4","NA"
"Congenital Syphilis","2014","District of Columbia","11","All age groups","All races/ethnicities","Both sexes","0","0.0","NA"
"Congenital Syphilis","2013","District of Columbia","11","All age groups","All races/ethnicities","Both sexes","2","21.5","NA"
"Congenital Syphilis","2012","District of Columbia","11","All age groups","All races/ethnicities","Both sexes","0","0.0","NA"
"Congenital Syphilis","2011","District of Columbia","11","All age groups","All races/ethnicities","Both sexes","1","10.8","NA"
"Congenital Syphilis","2010","District of Columbia","11","All age groups","All races/ethnicities","Both sexes","1","10.9","NA"
"Congenital Syphilis","2009","District of Columbia","11","All age groups","All races/ethnicities","Both sexes","0","0.0","NA"
"Congenital Syphilis","2008","District of Columbia","11","All age groups","All races/ethnicities","Both sexes","0","0.0","NA"
"Congenital Syphilis","2007","District of Columbia","11","All age groups","All races/ethnicities","Both sexes","1","11.3","NA"
"Congenital Syphilis","2006","District of Columbia","11","All age groups","All races/ethnicities","Both sexes","1","11.7","NA"
"Congenital Syphilis","2005","District of Columbia","11","All age groups","All races/ethnicities","Both sexes","0","0.0","NA"
"Congenital Syphilis","2004","District of Columbia","11","All age groups","All races/ethnicities","Both sexes","1","12.6","NA"
"Congenital Syphilis","2003","District of Columbia","11","All age groups","All races/ethnicities","Both sexes","1","13.1","NA"
"Congenital Syphilis","2002","District of Columbia","11","All age groups","All races/ethnicities","Both sexes","1","13.3","NA"
"Congenital Syphilis","2001","District of Columbia","11","All age groups","All races/ethnicities","Both sexes","2","26.2","NA"
"Congenital Syphilis","2000","District of Columbia","11","All age groups","All races/ethnicities","Both sexes","4","52.2","NA"
"Congenital Syphilis","2019","Florida","12","All age groups","All races/ethnicities","Both sexes","145","65.9","NA"
"Congenital Syphilis","2018","Florida","12","All age groups","All races/ethnicities","Both sexes","109","49.2","NA"
"Congenital Syphilis","2017","Florida","12","All age groups","All races/ethnicities","Both sexes","99","44.3","NA"
"Congenital Syphilis","2016","Florida","12","All age groups","All races/ethnicities","Both sexes","61","27.1","NA"
"Congenital Syphilis","2015","Florida","12","All age groups","All races/ethnicities","Both sexes","40","17.8","NA"
"Congenital Syphilis","2014","Florida","12","All age groups","All races/ethnicities","Both sexes","48","21.8","NA"
"Congenital Syphilis","2013","Florida","12","All age groups","All races/ethnicities","Both sexes","35","16.2","NA"
"Congenital Syphilis","2012","Florida","12","All age groups","All races/ethnicities","Both sexes","37","17.4","NA"
"Congenital Syphilis","2011","Florida","12","All age groups","All races/ethnicities","Both sexes","33","15.5","NA"
"Congenital Syphilis","2010","Florida","12","All age groups","All races/ethnicities","Both sexes","20","9.3","NA"
"Congenital Syphilis","2009","Florida","12","All age groups","All races/ethnicities","Both sexes","18","8.1","NA"
"Congenital Syphilis","2008","Florida","12","All age groups","All races/ethnicities","Both sexes","17","7.3","NA"
"Congenital Syphilis","2007","Florida","12","All age groups","All races/ethnicities","Both sexes","20","8.4","NA"
"Congenital Syphilis","2006","Florida","12","All age groups","All races/ethnicities","Both sexes","21","8.9","NA"
"Congenital Syphilis","2005","Florida","12","All age groups","All races/ethnicities","Both sexes","16","7.1","NA"
"Congenital Syphilis","2004","Florida","12","All age groups","All races/ethnicities","Both sexes","16","7.3","NA"
"Congenital Syphilis","2003","Florida","12","All age groups","All races/ethnicities","Both sexes","27","12.7","NA"
"Congenital Syphilis","2002","Florida","12","All age groups","All races/ethnicities","Both sexes","28","13.6","NA"
"Congenital Syphilis","2001","Florida","12","All age groups","All races/ethnicities","Both sexes","38","18.5","NA"
"Congenital Syphilis","2000","Florida","12","All age groups","All races/ethnicities","Both sexes","42","20.6","NA"
"Congenital Syphilis","2019","Georgia","13","All age groups","All races/ethnicities","Both sexes","52","41.1","NA"
"Congenital Syphilis","2018","Georgia","13","All age groups","All races/ethnicities","Both sexes","31","24.6","NA"
"Congenital Syphilis","2017","Georgia","13","All age groups","All races/ethnicities","Both sexes","23","17.8","NA"
"Congenital Syphilis","2016","Georgia","13","All age groups","All races/ethnicities","Both sexes","21","16.1","NA"
"Congenital Syphilis","2015","Georgia","13","All age groups","All races/ethnicities","Both sexes","21","16.0","NA"
"Congenital Syphilis","2014","Georgia","13","All age groups","All races/ethnicities","Both sexes","17","13.0","NA"
"Congenital Syphilis","2013","Georgia","13","All age groups","All races/ethnicities","Both sexes","20","15.5","NA"
"Congenital Syphilis","2012","Georgia","13","All age groups","All races/ethnicities","Both sexes","16","12.3","NA"
"Congenital Syphilis","2011","Georgia","13","All age groups","All races/ethnicities","Both sexes","10","7.6","NA"
"Congenital Syphilis","2010","Georgia","13","All age groups","All races/ethnicities","Both sexes","18","13.4","NA"
"Congenital Syphilis","2009","Georgia","13","All age groups","All races/ethnicities","Both sexes","14","9.9","NA"
"Congenital Syphilis","2008","Georgia","13","All age groups","All races/ethnicities","Both sexes","11","7.5","NA"
"Congenital Syphilis","2007","Georgia","13","All age groups","All races/ethnicities","Both sexes","9","6.0","NA"
"Congenital Syphilis","2006","Georgia","13","All age groups","All races/ethnicities","Both sexes","9","6.1","NA"
"Congenital Syphilis","2005","Georgia","13","All age groups","All races/ethnicities","Both sexes","1","0.7","NA"
"Congenital Syphilis","2004","Georgia","13","All age groups","All races/ethnicities","Both sexes","6","4.3","NA"
"Congenital Syphilis","2003","Georgia","13","All age groups","All races/ethnicities","Both sexes","11","8.1","NA"
"Congenital Syphilis","2002","Georgia","13","All age groups","All races/ethnicities","Both sexes","13","9.8","NA"
"Congenital Syphilis","2001","Georgia","13","All age groups","All races/ethnicities","Both sexes","21","15.7","NA"
"Congenital Syphilis","2000","Georgia","13","All age groups","All races/ethnicities","Both sexes","22","16.6","NA"
"Congenital Syphilis","2019","Hawaii","15","All age groups","All races/ethnicities","Both sexes","3","17.9","NA"
"Congenital Syphilis","2018","Hawaii","15","All age groups","All races/ethnicities","Both sexes","4","23.6","NA"
"Congenital Syphilis","2017","Hawaii","15","All age groups","All races/ethnicities","Both sexes","3","17.1","NA"
"Congenital Syphilis","2016","Hawaii","15","All age groups","All races/ethnicities","Both sexes","1","5.5","NA"
"Congenital Syphilis","2015","Hawaii","15","All age groups","All races/ethnicities","Both sexes","2","10.9","NA"
"Congenital Syphilis","2014","Hawaii","15","All age groups","All races/ethnicities","Both sexes","0","0.0","NA"
"Congenital Syphilis","2013","Hawaii","15","All age groups","All races/ethnicities","Both sexes","0","0.0","NA"
"Congenital Syphilis","2012","Hawaii","15","All age groups","All races/ethnicities","Both sexes","0","0.0","NA"
"Congenital Syphilis","2011","Hawaii","15","All age groups","All races/ethnicities","Both sexes","0","0.0","NA"
"Congenital Syphilis","2010","Hawaii","15","All age groups","All races/ethnicities","Both sexes","0","0.0","NA"
"Congenital Syphilis","2009","Hawaii","15","All age groups","All races/ethnicities","Both sexes","1","5.3","NA"
"Congenital Syphilis","2008","Hawaii","15","All age groups","All races/ethnicities","Both sexes","0","0.0","NA"
"Congenital Syphilis","2007","Hawaii","15","All age groups","All races/ethnicities","Both sexes","0","0.0","NA"
"Congenital Syphilis","2006","Hawaii","15","All age groups","All races/ethnicities","Both sexes","0","0.0","NA"
"Congenital Syphilis","2005","Hawaii","15","All age groups","All races/ethnicities","Both sexes","0","0.0","NA"
"Congenital Syphilis","2004","Hawaii","15","All age groups","All races/ethnicities","Both sexes","0","0.0","NA"
"Congenital Syphilis","2003","Hawaii","15","All age groups","All races/ethnicities","Both sexes","2","11.0","NA"
"Congenital Syphilis","2002","Hawaii","15","All age groups","All races/ethnicities","Both sexes","0","0.0","NA"
"Congenital Syphilis","2001","Hawaii","15","All age groups","All races/ethnicities","Both sexes","0","0.0","NA"
"Congenital Syphilis","2000","Hawaii","15","All age groups","All races/ethnicities","Both sexes","0","0.0","NA"
"Congenital Syphilis","2019","Idaho","16","All age groups","All races/ethnicities","Both sexes","1","4.5","NA"
"Congenital Syphilis","2018","Idaho","16","All age groups","All races/ethnicities","Both sexes","1","4.7","NA"
"Congenital Syphilis","2017","Idaho","16","All age groups","All races/ethnicities","Both sexes","0","0.0","NA"
"Congenital Syphilis","2016","Idaho","16","All age groups","All races/ethnicities","Both sexes","0","0.0","NA"
"Congenital Syphilis","2015","Idaho","16","All age groups","All races/ethnicities","Both sexes","0","0.0","NA"
"Congenital Syphilis","2014","Idaho","16","All age groups","All races/ethnicities","Both sexes","0","0.0","NA"
"Congenital Syphilis","2013","Idaho","16","All age groups","All races/ethnicities","Both sexes","0","0.0","NA"
"Congenital Syphilis","2012","Idaho","16","All age groups","All races/ethnicities","Both sexes","1","4.4","NA"
"Congenital Syphilis","2011","Idaho","16","All age groups","All races/ethnicities","Both sexes","0","0.0","NA"
"Congenital Syphilis","2010","Idaho","16","All age groups","All races/ethnicities","Both sexes","1","4.3","NA"
"Congenital Syphilis","2009","Idaho","16","All age groups","All races/ethnicities","Both sexes","1","4.2","NA"
"Congenital Syphilis","2008","Idaho","16","All age groups","All races/ethnicities","Both sexes","0","0.0","NA"
"Congenital Syphilis","2007","Idaho","16","All age groups","All races/ethnicities","Both sexes","0","0.0","NA"
"Congenital Syphilis","2006","Idaho","16","All age groups","All races/ethnicities","Both sexes","0","0.0","NA"
"Congenital Syphilis","2005","Idaho","16","All age groups","All races/ethnicities","Both sexes","0","0.0","NA"
"Congenital Syphilis","2004","Idaho","16","All age groups","All races/ethnicities","Both sexes","3","13.3","NA"
"Congenital Syphilis","2003","Idaho","16","All age groups","All races/ethnicities","Both sexes","4","18.3","NA"
"Congenital Syphilis","2002","Idaho","16","All age groups","All races/ethnicities","Both sexes","0","0.0","NA"
"Congenital Syphilis","2001","Idaho","16","All age groups","All races/ethnicities","Both sexes","0","0.0","NA"
"Congenital Syphilis","2000","Idaho","16","All age groups","All races/ethnicities","Both sexes","0","0.0","NA"
"Congenital Syphilis","2019","Illinois","17","All age groups","All races/ethnicities","Both sexes","32","22.8","NA"
"Congenital Syphilis","2018","Illinois","17","All age groups","All races/ethnicities","Both sexes","30","20.7","NA"
"Congenital Syphilis","2017","Illinois","17","All age groups","All races/ethnicities","Both sexes","22","14.7","NA"
"Congenital Syphilis","2016","Illinois","17","All age groups","All races/ethnicities","Both sexes","18","11.7","NA"
"Congenital Syphilis","2015","Illinois","17","All age groups","All races/ethnicities","Both sexes","31","19.6","NA"
"Congenital Syphilis","2014","Illinois","17","All age groups","All races/ethnicities","Both sexes","27","17.0","NA"
"Congenital Syphilis","2013","Illinois","17","All age groups","All races/ethnicities","Both sexes","23","14.7","NA"
"Congenital Syphilis","2012","Illinois","17","All age groups","All races/ethnicities","Both sexes","28","17.6","NA"
"Congenital Syphilis","2011","Illinois","17","All age groups","All races/ethnicities","Both sexes","18","11.2","NA"
"Congenital Syphilis","2010","Illinois","17","All age groups","All races/ethnicities","Both sexes","27","16.3","NA"
"Congenital Syphilis","2009","Illinois","17","All age groups","All races/ethnicities","Both sexes","16","9.3","NA"
"Congenital Syphilis","2008","Illinois","17","All age groups","All races/ethnicities","Both sexes","20","11.3","NA"
"Congenital Syphilis","2007","Illinois","17","All age groups","All races/ethnicities","Both sexes","10","5.5","NA"
"Congenital Syphilis","2006","Illinois","17","All age groups","All races/ethnicities","Both sexes","15","8.3","NA"
"Congenital Syphilis","2005","Illinois","17","All age groups","All races/ethnicities","Both sexes","23","12.8","NA"
"Congenital Syphilis","2004","Illinois","17","All age groups","All races/ethnicities","Both sexes","26","14.4","NA"
"Congenital Syphilis","2003","Illinois","17","All age groups","All races/ethnicities","Both sexes","20","11.0","NA"
"Congenital Syphilis","2002","Illinois","17","All age groups","All races/ethnicities","Both sexes","40","22.1","NA"
"Congenital Syphilis","2001","Illinois","17","All age groups","All races/ethnicities","Both sexes","47","25.5","NA"
"Congenital Syphilis","2000","Illinois","17","All age groups","All races/ethnicities","Both sexes","50","27.0","NA"
"Congenital Syphilis","2019","Indiana","18","All age groups","All races/ethnicities","Both sexes","13","16.1","NA"
"Congenital Syphilis","2018","Indiana","18","All age groups","All races/ethnicities","Both sexes","1","1.2","NA"
"Congenital Syphilis","2017","Indiana","18","All age groups","All races/ethnicities","Both sexes","8","9.7","NA"
"Congenital Syphilis","2016","Indiana","18","All age groups","All races/ethnicities","Both sexes","8","9.6","NA"
"Congenital Syphilis","2015","Indiana","18","All age groups","All races/ethnicities","Both sexes","5","5.9","NA"
"Congenital Syphilis","2014","Indiana","18","All age groups","All races/ethnicities","Both sexes","8","9.5","NA"
"Congenital Syphilis","2013","Indiana","18","All age groups","All races/ethnicities","Both sexes","0","0.0","NA"
"Congenital Syphilis","2012","Indiana","18","All age groups","All races/ethnicities","Both sexes","0","0.0","NA"
"Congenital Syphilis","2011","Indiana","18","All age groups","All races/ethnicities","Both sexes","0","0.0","NA"
"Congenital Syphilis","2010","Indiana","18","All age groups","All races/ethnicities","Both sexes","0","0.0","NA"
"Congenital Syphilis","2009","Indiana","18","All age groups","All races/ethnicities","Both sexes","1","1.2","NA"
"Congenital Syphilis","2008","Indiana","18","All age groups","All races/ethnicities","Both sexes","0","0.0","NA"
"Congenital Syphilis","2007","Indiana","18","All age groups","All races/ethnicities","Both sexes","2","2.2","NA"
"Congenital Syphilis","2006","Indiana","18","All age groups","All races/ethnicities","Both sexes","0","0.0","NA"
"Congenital Syphilis","2005","Indiana","18","All age groups","All races/ethnicities","Both sexes","2","2.3","NA"
"Congenital Syphilis","2004","Indiana","18","All age groups","All races/ethnicities","Both sexes","4","4.6","NA"
"Congenital Syphilis","2003","Indiana","18","All age groups","All races/ethnicities","Both sexes","7","8.1","NA"
"Congenital Syphilis","2002","Indiana","18","All age groups","All races/ethnicities","Both sexes","9","10.6","NA"
"Congenital Syphilis","2001","Indiana","18","All age groups","All races/ethnicities","Both sexes","13","15.0","NA"
"Congenital Syphilis","2000","Indiana","18","All age groups","All races/ethnicities","Both sexes","4","4.6","NA"
"Congenital Syphilis","2019","Iowa","19","All age groups","All races/ethnicities","Both sexes","1","2.7","NA"
"Congenital Syphilis","2018","Iowa","19","All age groups","All races/ethnicities","Both sexes","3","7.9","NA"
"Congenital Syphilis","2017","Iowa","19","All age groups","All races/ethnicities","Both sexes","2","5.2","NA"
"Congenital Syphilis","2016","Iowa","19","All age groups","All races/ethnicities","Both sexes","1","2.5","NA"
"Congenital Syphilis","2015","Iowa","19","All age groups","All races/ethnicities","Both sexes","0","0.0","NA"
"Congenital Syphilis","2014","Iowa","19","All age groups","All races/ethnicities","Both sexes","1","2.5","NA"
"Congenital Syphilis","2013","Iowa","19","All age groups","All races/ethnicities","Both sexes","0","0.0","NA"
"Congenital Syphilis","2012","Iowa","19","All age groups","All races/ethnicities","Both sexes","0","0.0","NA"
"Congenital Syphilis","2011","Iowa","19","All age groups","All races/ethnicities","Both sexes","0","0.0","NA"
"Congenital Syphilis","2010","Iowa","19","All age groups","All races/ethnicities","Both sexes","0","0.0","NA"
"Congenital Syphilis","2009","Iowa","19","All age groups","All races/ethnicities","Both sexes","0","0.0","NA"
"Congenital Syphilis","2008","Iowa","19","All age groups","All races/ethnicities","Both sexes","0","0.0","NA"
"Congenital Syphilis","2007","Iowa","19","All age groups","All races/ethnicities","Both sexes","1","2.4","NA"
"Congenital Syphilis","2006","Iowa","19","All age groups","All races/ethnicities","Both sexes","0","0.0","NA"
"Congenital Syphilis","2005","Iowa","19","All age groups","All races/ethnicities","Both sexes","0","0.0","NA"
"Congenital Syphilis","2004","Iowa","19","All age groups","All races/ethnicities","Both sexes","0","0.0","NA"
"Congenital Syphilis","2003","Iowa","19","All age groups","All races/ethnicities","Both sexes","0","0.0","NA"
"Congenital Syphilis","2002","Iowa","19","All age groups","All races/ethnicities","Both sexes","0","0.0","NA"
"Congenital Syphilis","2001","Iowa","19","All age groups","All races/ethnicities","Both sexes","0","0.0","NA"
"Congenital Syphilis","2000","Iowa","19","All age groups","All races/ethnicities","Both sexes","0","0.0","NA"
"Congenital Syphilis","2019","Kansas","20","All age groups","All races/ethnicities","Both sexes","9","25.4","NA"
"Congenital Syphilis","2018","Kansas","20","All age groups","All races/ethnicities","Both sexes","8","22.1","NA"
"Congenital Syphilis","2017","Kansas","20","All age groups","All races/ethnicities","Both sexes","1","2.7","NA"
"Congenital Syphilis","2016","Kansas","20","All age groups","All races/ethnicities","Both sexes","2","5.3","NA"
"Congenital Syphilis","2015","Kansas","20","All age groups","All races/ethnicities","Both sexes","0","0.0","NA"
"Congenital Syphilis","2014","Kansas","20","All age groups","All races/ethnicities","Both sexes","0","0.0","NA"
"Congenital Syphilis","2013","Kansas","20","All age groups","All races/ethnicities","Both sexes","0","0.0","NA"
"Congenital Syphilis","2012","Kansas","20","All age groups","All races/ethnicities","Both sexes","0","0.0","NA"
"Congenital Syphilis","2011","Kansas","20","All age groups","All races/ethnicities","Both sexes","0","0.0","NA"
"Congenital Syphilis","2010","Kansas","20","All age groups","All races/ethnicities","Both sexes","0","0.0","NA"
"Congenital Syphilis","2009","Kansas","20","All age groups","All races/ethnicities","Both sexes","3","7.2","NA"
"Congenital Syphilis","2008","Kansas","20","All age groups","All races/ethnicities","Both sexes","0","0.0","NA"
"Congenital Syphilis","2007","Kansas","20","All age groups","All races/ethnicities","Both sexes","0","0.0","NA"
"Congenital Syphilis","2006","Kansas","20","All age groups","All races/ethnicities","Both sexes","1","2.4","NA"
"Congenital Syphilis","2005","Kansas","20","All age groups","All races/ethnicities","Both sexes","0","0.0","NA"
"Congenital Syphilis","2004","Kansas","20","All age groups","All races/ethnicities","Both sexes","2","5.0","NA"
"Congenital Syphilis","2003","Kansas","20","All age groups","All races/ethnicities","Both sexes","1","2.5","NA"
"Congenital Syphilis","2002","Kansas","20","All age groups","All races/ethnicities","Both sexes","0","0.0","NA"
"Congenital Syphilis","2001","Kansas","20","All age groups","All races/ethnicities","Both sexes","2","5.1","NA"
"Congenital Syphilis","2000","Kansas","20","All age groups","All races/ethnicities","Both sexes","2","5.0","NA"
"Congenital Syphilis","2019","Kentucky","21","All age groups","All races/ethnicities","Both sexes","9","17.0","NA"
"Congenital Syphilis","2018","Kentucky","21","All age groups","All races/ethnicities","Both sexes","9","16.7","NA"
"Congenital Syphilis","2017","Kentucky","21","All age groups","All races/ethnicities","Both sexes","6","11.0","NA"
"Congenital Syphilis","2016","Kentucky","21","All age groups","All races/ethnicities","Both sexes","5","9.0","NA"
"Congenital Syphilis","2015","Kentucky","21","All age groups","All races/ethnicities","Both sexes","1","1.8","NA"
"Congenital Syphilis","2014","Kentucky","21","All age groups","All races/ethnicities","Both sexes","3","5.3","NA"
"Congenital Syphilis","2013","Kentucky","21","All age groups","All races/ethnicities","Both sexes","4","7.2","NA"
"Congenital Syphilis","2012","Kentucky","21","All age groups","All races/ethnicities","Both sexes","2","3.6","NA"
"Congenital Syphilis","2011","Kentucky","21","All age groups","All races/ethnicities","Both sexes","2","3.6","NA"
"Congenital Syphilis","2010","Kentucky","21","All age groups","All races/ethnicities","Both sexes","0","0.0","NA"
"Congenital Syphilis","2009","Kentucky","21","All age groups","All races/ethnicities","Both sexes","2","3.5","NA"
"Congenital Syphilis","2008","Kentucky","21","All age groups","All races/ethnicities","Both sexes","1","1.7","NA"
"Congenital Syphilis","2007","Kentucky","21","All age groups","All races/ethnicities","Both sexes","0","0.0","NA"
"Congenital Syphilis","2006","Kentucky","21","All age groups","All races/ethnicities","Both sexes","1","1.7","NA"
"Congenital Syphilis","2005","Kentucky","21","All age groups","All races/ethnicities","Both sexes","0","0.0","NA"
"Congenital Syphilis","2004","Kentucky","21","All age groups","All races/ethnicities","Both sexes","1","1.8","NA"
"Congenital Syphilis","2003","Kentucky","21","All age groups","All races/ethnicities","Both sexes","1","1.8","NA"
"Congenital Syphilis","2002","Kentucky","21","All age groups","All races/ethnicities","Both sexes","3","5.5","NA"
"Congenital Syphilis","2001","Kentucky","21","All age groups","All races/ethnicities","Both sexes","1","1.8","NA"
"Congenital Syphilis","2000","Kentucky","21","All age groups","All races/ethnicities","Both sexes","3","5.4","NA"
"Congenital Syphilis","2019","Louisiana","22","All age groups","All races/ethnicities","Both sexes","68","115.4","NA"
"Congenital Syphilis","2018","Louisiana","22","All age groups","All races/ethnicities","Both sexes","43","72.1","NA"
"Congenital Syphilis","2017","Louisiana","22","All age groups","All races/ethnicities","Both sexes","57","93.4","NA"
"Congenital Syphilis","2016","Louisiana","22","All age groups","All races/ethnicities","Both sexes","47","74.4","NA"
"Congenital Syphilis","2015","Louisiana","22","All age groups","All races/ethnicities","Both sexes","54","83.5","NA"
"Congenital Syphilis","2014","Louisiana","22","All age groups","All races/ethnicities","Both sexes","46","71.3","NA"
"Congenital Syphilis","2013","Louisiana","22","All age groups","All races/ethnicities","Both sexes","40","63.3","NA"
"Congenital Syphilis","2012","Louisiana","22","All age groups","All races/ethnicities","Both sexes","33","52.7","NA"
"Congenital Syphilis","2011","Louisiana","22","All age groups","All races/ethnicities","Both sexes","18","29.1","NA"
"Congenital Syphilis","2010","Louisiana","22","All age groups","All races/ethnicities","Both sexes","33","52.9","NA"
"Congenital Syphilis","2009","Louisiana","22","All age groups","All races/ethnicities","Both sexes","11","16.9","NA"
"Congenital Syphilis","2008","Louisiana","22","All age groups","All races/ethnicities","Both sexes","23","35.2","NA"
"Congenital Syphilis","2007","Louisiana","22","All age groups","All races/ethnicities","Both sexes","37","55.8","NA"
"Congenital Syphilis","2006","Louisiana","22","All age groups","All races/ethnicities","Both sexes","16","25.2","NA"
"Congenital Syphilis","2005","Louisiana","22","All age groups","All races/ethnicities","Both sexes","13","21.3","NA"
"Congenital Syphilis","2004","Louisiana","22","All age groups","All races/ethnicities","Both sexes","19","29.1","NA"
"Congenital Syphilis","2003","Louisiana","22","All age groups","All races/ethnicities","Both sexes","6","9.2","NA"
"Congenital Syphilis","2002","Louisiana","22","All age groups","All races/ethnicities","Both sexes","2","3.1","NA"
"Congenital Syphilis","2001","Louisiana","22","All age groups","All races/ethnicities","Both sexes","0","0.0","NA"
"Congenital Syphilis","2000","Louisiana","22","All age groups","All races/ethnicities","Both sexes","7","10.3","NA"
"Congenital Syphilis","2019","Maine","23","All age groups","All races/ethnicities","Both sexes","0","0.0","NA"
"Congenital Syphilis","2018","Maine","23","All age groups","All races/ethnicities","Both sexes","0","0.0","NA"
"Congenital Syphilis","2017","Maine","23","All age groups","All races/ethnicities","Both sexes","0","0.0","NA"
"Congenital Syphilis","2016","Maine","23","All age groups","All races/ethnicities","Both sexes","0","0.0","NA"
"Congenital Syphilis","2015","Maine","23","All age groups","All races/ethnicities","Both sexes","0","0.0","NA"
"Congenital Syphilis","2014","Maine","23","All age groups","All races/ethnicities","Both sexes","0","0.0","NA"
"Congenital Syphilis","2013","Maine","23","All age groups","All races/ethnicities","Both sexes","0","0.0","NA"
"Congenital Syphilis","2012","Maine","23","All age groups","All races/ethnicities","Both sexes","0","0.0","NA"
"Congenital Syphilis","2011","Maine","23","All age groups","All races/ethnicities","Both sexes","0","0.0","NA"
"Congenital Syphilis","2010","Maine","23","All age groups","All races/ethnicities","Both sexes","0","0.0","NA"
"Congenital Syphilis","2009","Maine","23","All age groups","All races/ethnicities","Both sexes","0","0.0","NA"
"Congenital Syphilis","2008","Maine","23","All age groups","All races/ethnicities","Both sexes","0","0.0","NA"
"Congenital Syphilis","2007","Maine","23","All age groups","All races/ethnicities","Both sexes","0","0.0","NA"
"Congenital Syphilis","2006","Maine","23","All age groups","All races/ethnicities","Both sexes","0","0.0","NA"
"Congenital Syphilis","2005","Maine","23","All age groups","All races/ethnicities","Both sexes","0","0.0","NA"
"Congenital Syphilis","2004","Maine","23","All age groups","All races/ethnicities","Both sexes","0","0.0","NA"
"Congenital Syphilis","2003","Maine","23","All age groups","All races/ethnicities","Both sexes","0","0.0","NA"
"Congenital Syphilis","2002","Maine","23","All age groups","All races/ethnicities","Both sexes","0","0.0","NA"
"Congenital Syphilis","2001","Maine","23","All age groups","All races/ethnicities","Both sexes","0","0.0","NA"
"Congenital Syphilis","2000","Maine","23","All age groups","All races/ethnicities","Both sexes","0","0.0","NA"
"Congenital Syphilis","2019","Maryland","24","All age groups","All races/ethnicities","Both sexes","31","44.2","NA"
"Congenital Syphilis","2018","Maryland","24","All age groups","All races/ethnicities","Both sexes","29","40.8","NA"
"Congenital Syphilis","2017","Maryland","24","All age groups","All races/ethnicities","Both sexes","20","27.9","NA"
"Congenital Syphilis","2016","Maryland","24","All age groups","All races/ethnicities","Both sexes","16","21.9","NA"
"Congenital Syphilis","2015","Maryland","24","All age groups","All races/ethnicities","Both sexes","18","24.5","NA"
"Congenital Syphilis","2014","Maryland","24","All age groups","All races/ethnicities","Both sexes","16","21.6","NA"
"Congenital Syphilis","2013","Maryland","24","All age groups","All races/ethnicities","Both sexes","14","19.5","NA"
"Congenital Syphilis","2012","Maryland","24","All age groups","All races/ethnicities","Both sexes","12","16.5","NA"
"Congenital Syphilis","2011","Maryland","24","All age groups","All races/ethnicities","Both sexes","24","32.8","NA"
"Congenital Syphilis","2010","Maryland","24","All age groups","All races/ethnicities","Both sexes","22","29.8","NA"
"Congenital Syphilis","2009","Maryland","24","All age groups","All races/ethnicities","Both sexes","31","41.3","NA"
"Congenital Syphilis","2008","Maryland","24","All age groups","All races/ethnicities","Both sexes","23","29.8","NA"
"Congenital Syphilis","2007","Maryland","24","All age groups","All races/ethnicities","Both sexes","24","30.7","NA"
"Congenital Syphilis","2006","Maryland","24","All age groups","All races/ethnicities","Both sexes","19","24.5","NA"
"Congenital Syphilis","2005","Maryland","24","All age groups","All races/ethnicities","Both sexes","16","21.3","NA"
"Congenital Syphilis","2004","Maryland","24","All age groups","All races/ethnicities","Both sexes","10","13.4","NA"
"Congenital Syphilis","2003","Maryland","24","All age groups","All races/ethnicities","Both sexes","9","12.0","NA"
"Congenital Syphilis","2002","Maryland","24","All age groups","All races/ethnicities","Both sexes","19","25.9","NA"
"Congenital Syphilis","2001","Maryland","24","All age groups","All races/ethnicities","Both sexes","5","6.8","NA"
"Congenital Syphilis","2000","Maryland","24","All age groups","All races/ethnicities","Both sexes","16","21.5","NA"
"Congenital Syphilis","2019","Massachusetts","25","All age groups","All races/ethnicities","Both sexes","9","13.0","NA"
"Congenital Syphilis","2018","Massachusetts","25","All age groups","All races/ethnicities","Both sexes","0","0.0","NA"
"Congenital Syphilis","2017","Massachusetts","25","All age groups","All races/ethnicities","Both sexes","0","0.0","NA"
"Congenital Syphilis","2016","Massachusetts","25","All age groups","All races/ethnicities","Both sexes","3","4.2","NA"
"Congenital Syphilis","2015","Massachusetts","25","All age groups","All races/ethnicities","Both sexes","4","5.6","NA"
"Congenital Syphilis","2014","Massachusetts","25","All age groups","All races/ethnicities","Both sexes","3","4.2","NA"
"Congenital Syphilis","2013","Massachusetts","25","All age groups","All races/ethnicities","Both sexes","4","5.6","NA"
"Congenital Syphilis","2012","Massachusetts","25","All age groups","All races/ethnicities","Both sexes","1","1.4","NA"
"Congenital Syphilis","2011","Massachusetts","25","All age groups","All races/ethnicities","Both sexes","0","0.0","NA"
"Congenital Syphilis","2010","Massachusetts","25","All age groups","All races/ethnicities","Both sexes","1","1.4","NA"
"Congenital Syphilis","2009","Massachusetts","25","All age groups","All races/ethnicities","Both sexes","0","0.0","NA"
"Congenital Syphilis","2008","Massachusetts","25","All age groups","All races/ethnicities","Both sexes","0","0.0","NA"
"Congenital Syphilis","2007","Massachusetts","25","All age groups","All races/ethnicities","Both sexes","0","0.0","NA"
"Congenital Syphilis","2006","Massachusetts","25","All age groups","All races/ethnicities","Both sexes","0","0.0","NA"
"Congenital Syphilis","2005","Massachusetts","25","All age groups","All races/ethnicities","Both sexes","0","0.0","NA"
"Congenital Syphilis","2004","Massachusetts","25","All age groups","All races/ethnicities","Both sexes","0","0.0","NA"
"Congenital Syphilis","2003","Massachusetts","25","All age groups","All races/ethnicities","Both sexes","0","0.0","NA"
"Congenital Syphilis","2002","Massachusetts","25","All age groups","All races/ethnicities","Both sexes","1","1.2","NA"
"Congenital Syphilis","2001","Massachusetts","25","All age groups","All races/ethnicities","Both sexes","2","2.5","NA"
"Congenital Syphilis","2000","Massachusetts","25","All age groups","All races/ethnicities","Both sexes","1","1.2","NA"
"Congenital Syphilis","2019","Michigan","26","All age groups","All races/ethnicities","Both sexes","17","15.8","NA"
"Congenital Syphilis","2018","Michigan","26","All age groups","All races/ethnicities","Both sexes","14","12.7","NA"
"Congenital Syphilis","2017","Michigan","26","All age groups","All races/ethnicities","Both sexes","10","9.0","NA"
"Congenital Syphilis","2016","Michigan","26","All age groups","All races/ethnicities","Both sexes","13","11.5","NA"
"Congenital Syphilis","2015","Michigan","26","All age groups","All races/ethnicities","Both sexes","11","9.7","NA"
"Congenital Syphilis","2014","Michigan","26","All age groups","All races/ethnicities","Both sexes","15","13.1","NA"
"Congenital Syphilis","2013","Michigan","26","All age groups","All races/ethnicities","Both sexes","9","7.9","NA"
"Congenital Syphilis","2012","Michigan","26","All age groups","All races/ethnicities","Both sexes","7","6.2","NA"
"Congenital Syphilis","2011","Michigan","26","All age groups","All races/ethnicities","Both sexes","8","7.0","NA"
"Congenital Syphilis","2010","Michigan","26","All age groups","All races/ethnicities","Both sexes","5","4.4","NA"
"Congenital Syphilis","2009","Michigan","26","All age groups","All races/ethnicities","Both sexes","5","4.3","NA"
"Congenital Syphilis","2008","Michigan","26","All age groups","All races/ethnicities","Both sexes","10","8.3","NA"
"Congenital Syphilis","2007","Michigan","26","All age groups","All races/ethnicities","Both sexes","15","12.0","NA"
"Congenital Syphilis","2006","Michigan","26","All age groups","All races/ethnicities","Both sexes","13","10.2","NA"
"Congenital Syphilis","2005","Michigan","26","All age groups","All races/ethnicities","Both sexes","17","13.3","NA"
"Congenital Syphilis","2004","Michigan","26","All age groups","All races/ethnicities","Both sexes","23","17.7","NA"
"Congenital Syphilis","2003","Michigan","26","All age groups","All races/ethnicities","Both sexes","38","29.0","NA"
"Congenital Syphilis","2002","Michigan","26","All age groups","All races/ethnicities","Both sexes","35","26.9","NA"
"Congenital Syphilis","2001","Michigan","26","All age groups","All races/ethnicities","Both sexes","27","20.2","NA"
"Congenital Syphilis","2000","Michigan","26","All age groups","All races/ethnicities","Both sexes","33","24.2","NA"
"Congenital Syphilis","2019","Minnesota","27","All age groups","All races/ethnicities","Both sexes","21","31.8","NA"
"Congenital Syphilis","2018","Minnesota","27","All age groups","All races/ethnicities","Both sexes","10","14.8","NA"
"Congenital Syphilis","2017","Minnesota","27","All age groups","All races/ethnicities","Both sexes","2","2.9","NA"
"Congenital Syphilis","2016","Minnesota","27","All age groups","All races/ethnicities","Both sexes","7","10.0","NA"
"Congenital Syphilis","2015","Minnesota","27","All age groups","All races/ethnicities","Both sexes","2","2.9","NA"
"Congenital Syphilis","2014","Minnesota","27","All age groups","All races/ethnicities","Both sexes","0","0.0","NA"
"Congenital Syphilis","2013","Minnesota","27","All age groups","All races/ethnicities","Both sexes","0","0.0","NA"
"Congenital Syphilis","2012","Minnesota","27","All age groups","All races/ethnicities","Both sexes","1","1.5","NA"
"Congenital Syphilis","2011","Minnesota","27","All age groups","All races/ethnicities","Both sexes","0","0.0","NA"
"Congenital Syphilis","2010","Minnesota","27","All age groups","All races/ethnicities","Both sexes","0","0.0","NA"
"Congenital Syphilis","2009","Minnesota","27","All age groups","All races/ethnicities","Both sexes","1","1.4","NA"
"Congenital Syphilis","2008","Minnesota","27","All age groups","All races/ethnicities","Both sexes","1","1.4","NA"
"Congenital Syphilis","2007","Minnesota","27","All age groups","All races/ethnicities","Both sexes","0","0.0","NA"
"Congenital Syphilis","2006","Minnesota","27","All age groups","All races/ethnicities","Both sexes","1","1.4","NA"
"Congenital Syphilis","2005","Minnesota","27","All age groups","All races/ethnicities","Both sexes","3","4.2","NA"
"Congenital Syphilis","2004","Minnesota","27","All age groups","All races/ethnicities","Both sexes","1","1.4","NA"
"Congenital Syphilis","2003","Minnesota","27","All age groups","All races/ethnicities","Both sexes","0","0.0","NA"
"Congenital Syphilis","2002","Minnesota","27","All age groups","All races/ethnicities","Both sexes","1","1.5","NA"
"Congenital Syphilis","2001","Minnesota","27","All age groups","All races/ethnicities","Both sexes","0","0.0","NA"
"Congenital Syphilis","2000","Minnesota","27","All age groups","All races/ethnicities","Both sexes","0","0.0","NA"
"Congenital Syphilis","2019","Mississippi","28","All age groups","All races/ethnicities","Both sexes","3","8.2","NA"
"Congenital Syphilis","2018","Mississippi","28","All age groups","All races/ethnicities","Both sexes","3","8.1","NA"
"Congenital Syphilis","2017","Mississippi","28","All age groups","All races/ethnicities","Both sexes","1","2.7","NA"
"Congenital Syphilis","2016","Mississippi","28","All age groups","All races/ethnicities","Both sexes","2","5.3","NA"
"Congenital Syphilis","2015","Mississippi","28","All age groups","All races/ethnicities","Both sexes","0","0.0","NA"
"Congenital Syphilis","2014","Mississippi","28","All age groups","All races/ethnicities","Both sexes","1","2.6","NA"
"Congenital Syphilis","2013","Mississippi","28","All age groups","All races/ethnicities","Both sexes","0","0.0","NA"
"Congenital Syphilis","2012","Mississippi","28","All age groups","All races/ethnicities","Both sexes","0","0.0","NA"
"Congenital Syphilis","2011","Mississippi","28","All age groups","All races/ethnicities","Both sexes","6","15.1","NA"
"Congenital Syphilis","2010","Mississippi","28","All age groups","All races/ethnicities","Both sexes","9","22.5","NA"
"Congenital Syphilis","2009","Mississippi","28","All age groups","All races/ethnicities","Both sexes","8","18.6","NA"
"Congenital Syphilis","2008","Mississippi","28","All age groups","All races/ethnicities","Both sexes","9","20.0","NA"
"Congenital Syphilis","2007","Mississippi","28","All age groups","All races/ethnicities","Both sexes","1","2.2","NA"
"Congenital Syphilis","2006","Mississippi","28","All age groups","All races/ethnicities","Both sexes","0","0.0","NA"
"Congenital Syphilis","2005","Mississippi","28","All age groups","All races/ethnicities","Both sexes","0","0.0","NA"
"Congenital Syphilis","2004","Mississippi","28","All age groups","All races/ethnicities","Both sexes","3","7.0","NA"
"Congenital Syphilis","2003","Mississippi","28","All age groups","All races/ethnicities","Both sexes","2","4.7","NA"
"Congenital Syphilis","2002","Mississippi","28","All age groups","All races/ethnicities","Both sexes","6","14.5","NA"
"Congenital Syphilis","2001","Mississippi","28","All age groups","All races/ethnicities","Both sexes","10","23.7","NA"
"Congenital Syphilis","2000","Mississippi","28","All age groups","All races/ethnicities","Both sexes","14","31.8","NA"
"Congenital Syphilis","2019","Missouri","29","All age groups","All races/ethnicities","Both sexes","18","25.0","NA"
"Congenital Syphilis","2018","Missouri","29","All age groups","All races/ethnicities","Both sexes","18","24.6","NA"
"Congenital Syphilis","2017","Missouri","29","All age groups","All races/ethnicities","Both sexes","10","13.7","NA"
"Congenital Syphilis","2016","Missouri","29","All age groups","All races/ethnicities","Both sexes","8","10.7","NA"
"Congenital Syphilis","2015","Missouri","29","All age groups","All races/ethnicities","Both sexes","4","5.3","NA"
"Congenital Syphilis","2014","Missouri","29","All age groups","All races/ethnicities","Both sexes","1","1.3","NA"
"Congenital Syphilis","2013","Missouri","29","All age groups","All races/ethnicities","Both sexes","3","4.0","NA"
"Congenital Syphilis","2012","Missouri","29","All age groups","All races/ethnicities","Both sexes","1","1.3","NA"
"Congenital Syphilis","2011","Missouri","29","All age groups","All races/ethnicities","Both sexes","1","1.3","NA"
"Congenital Syphilis","2010","Missouri","29","All age groups","All races/ethnicities","Both sexes","2","2.6","NA"
"Congenital Syphilis","2009","Missouri","29","All age groups","All races/ethnicities","Both sexes","6","7.6","NA"
"Congenital Syphilis","2008","Missouri","29","All age groups","All races/ethnicities","Both sexes","2","2.5","NA"
"Congenital Syphilis","2007","Missouri","29","All age groups","All races/ethnicities","Both sexes","1","1.2","NA"
"Congenital Syphilis","2006","Missouri","29","All age groups","All races/ethnicities","Both sexes","3","3.7","NA"
"Congenital Syphilis","2005","Missouri","29","All age groups","All races/ethnicities","Both sexes","3","3.8","NA"
"Congenital Syphilis","2004","Missouri","29","All age groups","All races/ethnicities","Both sexes","3","3.9","NA"
"Congenital Syphilis","2003","Missouri","29","All age groups","All races/ethnicities","Both sexes","4","5.2","NA"
"Congenital Syphilis","2002","Missouri","29","All age groups","All races/ethnicities","Both sexes","1","1.3","NA"
"Congenital Syphilis","2001","Missouri","29","All age groups","All races/ethnicities","Both sexes","5","6.6","NA"
"Congenital Syphilis","2000","Missouri","29","All age groups","All races/ethnicities","Both sexes","3","3.9","NA"
"Congenital Syphilis","2019","Montana","30","All age groups","All races/ethnicities","Both sexes","1","9.0","NA"
"Congenital Syphilis","2018","Montana","30","All age groups","All races/ethnicities","Both sexes","0","0.0","NA"
"Congenital Syphilis","2017","Montana","30","All age groups","All races/ethnicities","Both sexes","1","8.5","NA"
"Congenital Syphilis","2016","Montana","30","All age groups","All races/ethnicities","Both sexes","0","0.0","NA"
"Congenital Syphilis","2015","Montana","30","All age groups","All races/ethnicities","Both sexes","0","0.0","NA"
"Congenital Syphilis","2014","Montana","30","All age groups","All races/ethnicities","Both sexes","0","0.0","NA"
"Congenital Syphilis","2013","Montana","30","All age groups","All races/ethnicities","Both sexes","0","0.0","NA"
"Congenital Syphilis","2012","Montana","30","All age groups","All races/ethnicities","Both sexes","0","0.0","NA"
"Congenital Syphilis","2011","Montana","30","All age groups","All races/ethnicities","Both sexes","0","0.0","NA"
"Congenital Syphilis","2010","Montana","30","All age groups","All races/ethnicities","Both sexes","0","0.0","NA"
"Congenital Syphilis","2009","Montana","30","All age groups","All races/ethnicities","Both sexes","0","0.0","NA"
"Congenital Syphilis","2008","Montana","30","All age groups","All races/ethnicities","Both sexes","0","0.0","NA"
"Congenital Syphilis","2007","Montana","30","All age groups","All races/ethnicities","Both sexes","0","0.0","NA"
"Congenital Syphilis","2006","Montana","30","All age groups","All races/ethnicities","Both sexes","0","0.0","NA"
"Congenital Syphilis","2005","Montana","30","All age groups","All races/ethnicities","Both sexes","0","0.0","NA"
"Congenital Syphilis","2004","Montana","30","All age groups","All races/ethnicities","Both sexes","0","0.0","NA"
"Congenital Syphilis","2003","Montana","30","All age groups","All races/ethnicities","Both sexes","0","0.0","NA"
"Congenital Syphilis","2002","Montana","30","All age groups","All races/ethnicities","Both sexes","0","0.0","NA"
"Congenital Syphilis","2001","Montana","30","All age groups","All races/ethnicities","Both sexes","0","0.0","NA"
"Congenital Syphilis","2000","Montana","30","All age groups","All races/ethnicities","Both sexes","0","0.0","NA"
"Congenital Syphilis","2019","Nebraska","31","All age groups","All races/ethnicities","Both sexes","0","0.0","NA"
"Congenital Syphilis","2018","Nebraska","31","All age groups","All races/ethnicities","Both sexes","0","0.0","NA"
"Congenital Syphilis","2017","Nebraska","31","All age groups","All races/ethnicities","Both sexes","1","3.9","NA"
"Congenital Syphilis","2016","Nebraska","31","All age groups","All races/ethnicities","Both sexes","1","3.8","NA"
"Congenital Syphilis","2015","Nebraska","31","All age groups","All races/ethnicities","Both sexes","0","0.0","NA"
"Congenital Syphilis","2014","Nebraska","31","All age groups","All races/ethnicities","Both sexes","1","3.7","NA"
"Congenital Syphilis","2013","Nebraska","31","All age groups","All races/ethnicities","Both sexes","0","0.0","NA"
"Congenital Syphilis","2012","Nebraska","31","All age groups","All races/ethnicities","Both sexes","1","3.9","NA"
"Congenital Syphilis","2011","Nebraska","31","All age groups","All races/ethnicities","Both sexes","0","0.0","NA"
"Congenital Syphilis","2010","Nebraska","31","All age groups","All races/ethnicities","Both sexes","0","0.0","NA"
"Congenital Syphilis","2009","Nebraska","31","All age groups","All races/ethnicities","Both sexes","0","0.0","NA"
"Congenital Syphilis","2008","Nebraska","31","All age groups","All races/ethnicities","Both sexes","0","0.0","NA"
"Congenital Syphilis","2007","Nebraska","31","All age groups","All races/ethnicities","Both sexes","0","0.0","NA"
"Congenital Syphilis","2006","Nebraska","31","All age groups","All races/ethnicities","Both sexes","0","0.0","NA"
"Congenital Syphilis","2005","Nebraska","31","All age groups","All races/ethnicities","Both sexes","0","0.0","NA"
"Congenital Syphilis","2004","Nebraska","31","All age groups","All races/ethnicities","Both sexes","0","0.0","NA"
"Congenital Syphilis","2003","Nebraska","31","All age groups","All races/ethnicities","Both sexes","1","3.9","NA"
"Congenital Syphilis","2002","Nebraska","31","All age groups","All races/ethnicities","Both sexes","0","0.0","NA"
"Congenital Syphilis","2001","Nebraska","31","All age groups","All races/ethnicities","Both sexes","0","0.0","NA"
"Congenital Syphilis","2000","Nebraska","31","All age groups","All races/ethnicities","Both sexes","0","0.0","NA"
"Congenital Syphilis","2019","Nevada","32","All age groups","All races/ethnicities","Both sexes","41","116.9","NA"
"Congenital Syphilis","2018","Nevada","32","All age groups","All races/ethnicities","Both sexes","31","86.9","NA"
"Congenital Syphilis","2017","Nevada","32","All age groups","All races/ethnicities","Both sexes","24","67.1","NA"
"Congenital Syphilis","2016","Nevada","32","All age groups","All races/ethnicities","Both sexes","12","33.1","NA"
"Congenital Syphilis","2015","Nevada","32","All age groups","All races/ethnicities","Both sexes","8","22.0","NA"
"Congenital Syphilis","2014","Nevada","32","All age groups","All races/ethnicities","Both sexes","5","13.9","NA"
"Congenital Syphilis","2013","Nevada","32","All age groups","All races/ethnicities","Both sexes","2","5.7","NA"
"Congenital Syphilis","2012","Nevada","32","All age groups","All races/ethnicities","Both sexes","1","2.9","NA"
"Congenital Syphilis","2011","Nevada","32","All age groups","All races/ethnicities","Both sexes","3","8.5","NA"
"Congenital Syphilis","2010","Nevada","32","All age groups","All races/ethnicities","Both sexes","5","13.9","NA"
"Congenital Syphilis","2009","Nevada","32","All age groups","All races/ethnicities","Both sexes","3","8.0","NA"
"Congenital Syphilis","2008","Nevada","32","All age groups","All races/ethnicities","Both sexes","9","22.8","NA"
"Congenital Syphilis","2007","Nevada","32","All age groups","All races/ethnicities","Both sexes","7","17.0","NA"
"Congenital Syphilis","2006","Nevada","32","All age groups","All races/ethnicities","Both sexes","16","40.0","NA"
"Congenital Syphilis","2005","Nevada","32","All age groups","All races/ethnicities","Both sexes","1","2.7","NA"
"Congenital Syphilis","2004","Nevada","32","All age groups","All races/ethnicities","Both sexes","1","2.8","NA"
"Congenital Syphilis","2003","Nevada","32","All age groups","All races/ethnicities","Both sexes","0","0.0","NA"
"Congenital Syphilis","2002","Nevada","32","All age groups","All races/ethnicities","Both sexes","0","0.0","NA"
"Congenital Syphilis","2001","Nevada","32","All age groups","All races/ethnicities","Both sexes","0","0.0","NA"
"Congenital Syphilis","2000","Nevada","32","All age groups","All races/ethnicities","Both sexes","0","0.0","NA"
"Congenital Syphilis","2019","New Hampshire","33","All age groups","All races/ethnicities","Both sexes","2","16.9","NA"
"Congenital Syphilis","2018","New Hampshire","33","All age groups","All races/ethnicities","Both sexes","1","8.3","NA"
"Congenital Syphilis","2017","New Hampshire","33","All age groups","All races/ethnicities","Both sexes","0","0.0","NA"
"Congenital Syphilis","2016","New Hampshire","33","All age groups","All races/ethnicities","Both sexes","0","0.0","NA"
"Congenital Syphilis","2015","New Hampshire","33","All age groups","All races/ethnicities","Both sexes","0","0.0","NA"
"Congenital Syphilis","2014","New Hampshire","33","All age groups","All races/ethnicities","Both sexes","0","0.0","NA"
"Congenital Syphilis","2013","New Hampshire","33","All age groups","All races/ethnicities","Both sexes","0","0.0","NA"
"Congenital Syphilis","2012","New Hampshire","33","All age groups","All races/ethnicities","Both sexes","1","8.1","NA"
"Congenital Syphilis","2011","New Hampshire","33","All age groups","All races/ethnicities","Both sexes","0","0.0","NA"
"Congenital Syphilis","2010","New Hampshire","33","All age groups","All races/ethnicities","Both sexes","0","0.0","NA"
"Congenital Syphilis","2009","New Hampshire","33","All age groups","All races/ethnicities","Both sexes","0","0.0","NA"
"Congenital Syphilis","2008","New Hampshire","33","All age groups","All races/ethnicities","Both sexes","0","0.0","NA"
"Congenital Syphilis","2007","New Hampshire","33","All age groups","All races/ethnicities","Both sexes","0","0.0","NA"
"Congenital Syphilis","2006","New Hampshire","33","All age groups","All races/ethnicities","Both sexes","0","0.0","NA"
"Congenital Syphilis","2005","New Hampshire","33","All age groups","All races/ethnicities","Both sexes","0","0.0","NA"
"Congenital Syphilis","2004","New Hampshire","33","All age groups","All races/ethnicities","Both sexes","0","0.0","NA"
"Congenital Syphilis","2003","New Hampshire","33","All age groups","All races/ethnicities","Both sexes","0","0.0","NA"
"Congenital Syphilis","2002","New Hampshire","33","All age groups","All races/ethnicities","Both sexes","0","0.0","NA"
"Congenital Syphilis","2001","New Hampshire","33","All age groups","All races/ethnicities","Both sexes","1","6.8","NA"
"Congenital Syphilis","2000","New Hampshire","33","All age groups","All races/ethnicities","Both sexes","0","0.0","NA"
"Congenital Syphilis","2019","New Jersey","34","All age groups","All races/ethnicities","Both sexes","15","15.1","NA"
"Congenital Syphilis","2018","New Jersey","34","All age groups","All races/ethnicities","Both sexes","13","12.8","NA"
"Congenital Syphilis","2017","New Jersey","34","All age groups","All races/ethnicities","Both sexes","14","13.8","NA"
"Congenital Syphilis","2016","New Jersey","34","All age groups","All races/ethnicities","Both sexes","12","11.7","NA"
"Congenital Syphilis","2015","New Jersey","34","All age groups","All races/ethnicities","Both sexes","0","0.0","NA"
"Congenital Syphilis","2014","New Jersey","34","All age groups","All races/ethnicities","Both sexes","0","0.0","NA"
"Congenital Syphilis","2013","New Jersey","34","All age groups","All races/ethnicities","Both sexes","0","0.0","NA"
"Congenital Syphilis","2012","New Jersey","34","All age groups","All races/ethnicities","Both sexes","1","1.0","NA"
"Congenital Syphilis","2011","New Jersey","34","All age groups","All races/ethnicities","Both sexes","5","4.7","NA"
"Congenital Syphilis","2010","New Jersey","34","All age groups","All races/ethnicities","Both sexes","3","2.8","NA"
"Congenital Syphilis","2009","New Jersey","34","All age groups","All races/ethnicities","Both sexes","7","6.3","NA"
"Congenital Syphilis","2008","New Jersey","34","All age groups","All races/ethnicities","Both sexes","4","3.5","NA"
"Congenital Syphilis","2007","New Jersey","34","All age groups","All races/ethnicities","Both sexes","11","9.5","NA"
"Congenital Syphilis","2006","New Jersey","34","All age groups","All races/ethnicities","Both sexes","15","13.0","NA"
"Congenital Syphilis","2005","New Jersey","34","All age groups","All races/ethnicities","Both sexes","16","14.1","NA"
"Congenital Syphilis","2004","New Jersey","34","All age groups","All races/ethnicities","Both sexes","13","11.3","NA"
"Congenital Syphilis","2003","New Jersey","34","All age groups","All races/ethnicities","Both sexes","21","18.0","NA"
"Congenital Syphilis","2002","New Jersey","34","All age groups","All races/ethnicities","Both sexes","36","31.4","NA"
"Congenital Syphilis","2001","New Jersey","34","All age groups","All races/ethnicities","Both sexes","32","27.6","NA"
"Congenital Syphilis","2000","New Jersey","34","All age groups","All races/ethnicities","Both sexes","23","19.9","NA"
"Congenital Syphilis","2019","New Mexico","35","All age groups","All races/ethnicities","Both sexes","28","122.0","NA"
"Congenital Syphilis","2018","New Mexico","35","All age groups","All races/ethnicities","Both sexes","10","43.4","NA"
"Congenital Syphilis","2017","New Mexico","35","All age groups","All races/ethnicities","Both sexes","1","4.2","NA"
"Congenital Syphilis","2016","New Mexico","35","All age groups","All races/ethnicities","Both sexes","3","12.1","NA"
"Congenital Syphilis","2015","New Mexico","35","All age groups","All races/ethnicities","Both sexes","2","7.7","NA"
"Congenital Syphilis","2014","New Mexico","35","All age groups","All races/ethnicities","Both sexes","1","3.8","NA"
"Congenital Syphilis","2013","New Mexico","35","All age groups","All races/ethnicities","Both sexes","2","7.6","NA"
"Congenital Syphilis","2012","New Mexico","35","All age groups","All races/ethnicities","Both sexes","1","3.7","NA"
"Congenital Syphilis","2011","New Mexico","35","All age groups","All races/ethnicities","Both sexes","0","0.0","NA"
"Congenital Syphilis","2010","New Mexico","35","All age groups","All races/ethnicities","Both sexes","0","0.0","NA"
"Congenital Syphilis","2009","New Mexico","35","All age groups","All races/ethnicities","Both sexes","0","0.0","NA"
"Congenital Syphilis","2008","New Mexico","35","All age groups","All races/ethnicities","Both sexes","4","13.3","NA"
"Congenital Syphilis","2007","New Mexico","35","All age groups","All races/ethnicities","Both sexes","6","19.6","NA"
"Congenital Syphilis","2006","New Mexico","35","All age groups","All races/ethnicities","Both sexes","7","23.4","NA"
"Congenital Syphilis","2005","New Mexico","35","All age groups","All races/ethnicities","Both sexes","6","20.8","NA"
"Congenital Syphilis","2004","New Mexico","35","All age groups","All races/ethnicities","Both sexes","3","10.6","NA"
"Congenital Syphilis","2003","New Mexico","35","All age groups","All races/ethnicities","Both sexes","6","21.6","NA"
"Congenital Syphilis","2002","New Mexico","35","All age groups","All races/ethnicities","Both sexes","7","25.2","NA"
"Congenital Syphilis","2001","New Mexico","35","All age groups","All races/ethnicities","Both sexes","5","18.4","NA"
"Congenital Syphilis","2000","New Mexico","35","All age groups","All races/ethnicities","Both sexes","3","11.0","NA"
"Congenital Syphilis","2019","New York","36","All age groups","All races/ethnicities","Both sexes","27","12.2","NA"
"Congenital Syphilis","2018","New York","36","All age groups","All races/ethnicities","Both sexes","28","12.4","NA"
"Congenital Syphilis","2017","New York","36","All age groups","All races/ethnicities","Both sexes","16","7.0","NA"
"Congenital Syphilis","2016","New York","36","All age groups","All races/ethnicities","Both sexes","13","5.5","NA"
"Congenital Syphilis","2015","New York","36","All age groups","All races/ethnicities","Both sexes","12","5.1","NA"
"Congenital Syphilis","2014","New York","36","All age groups","All races/ethnicities","Both sexes","22","9.2","NA"
"Congenital Syphilis","2013","New York","36","All age groups","All races/ethnicities","Both sexes","11","4.6","NA"
"Congenital Syphilis","2012","New York","36","All age groups","All races/ethnicities","Both sexes","8","3.3","NA"
"Congenital Syphilis","2011","New York","36","All age groups","All races/ethnicities","Both sexes","13","5.4","NA"
"Congenital Syphilis","2010","New York","36","All age groups","All races/ethnicities","Both sexes","17","7.0","NA"
"Congenital Syphilis","2009","New York","36","All age groups","All races/ethnicities","Both sexes","15","6.0","NA"
"Congenital Syphilis","2008","New York","36","All age groups","All races/ethnicities","Both sexes","23","9.2","NA"
"Congenital Syphilis","2007","New York","36","All age groups","All races/ethnicities","Both sexes","18","7.1","NA"
"Congenital Syphilis","2006","New York","36","All age groups","All races/ethnicities","Both sexes","24","9.6","NA"
"Congenital Syphilis","2005","New York","36","All age groups","All races/ethnicities","Both sexes","10","4.1","NA"
"Congenital Syphilis","2004","New York","36","All age groups","All races/ethnicities","Both sexes","22","8.8","NA"
"Congenital Syphilis","2003","New York","36","All age groups","All races/ethnicities","Both sexes","42","16.6","NA"
"Congenital Syphilis","2002","New York","36","All age groups","All races/ethnicities","Both sexes","32","12.7","NA"
"Congenital Syphilis","2001","New York","36","All age groups","All races/ethnicities","Both sexes","39","15.4","NA"
"Congenital Syphilis","2000","New York","36","All age groups","All races/ethnicities","Both sexes","41","15.8","NA"
"Congenital Syphilis","2019","North Carolina","37","All age groups","All races/ethnicities","Both sexes","27","22.7","NA"
"Congenital Syphilis","2018","North Carolina","37","All age groups","All races/ethnicities","Both sexes","19","16.0","NA"
"Congenital Syphilis","2017","North Carolina","37","All age groups","All races/ethnicities","Both sexes","25","20.8","NA"
"Congenital Syphilis","2016","North Carolina","37","All age groups","All races/ethnicities","Both sexes","18","14.9","NA"
"Congenital Syphilis","2015","North Carolina","37","All age groups","All races/ethnicities","Both sexes","9","7.4","NA"
"Congenital Syphilis","2014","North Carolina","37","All age groups","All races/ethnicities","Both sexes","6","5.0","NA"
"Congenital Syphilis","2013","North Carolina","37","All age groups","All races/ethnicities","Both sexes","4","3.4","NA"
"Congenital Syphilis","2012","North Carolina","37","All age groups","All races/ethnicities","Both sexes","2","1.7","NA"
"Congenital Syphilis","2011","North Carolina","37","All age groups","All races/ethnicities","Both sexes","6","5.0","NA"
"Congenital Syphilis","2010","North Carolina","37","All age groups","All races/ethnicities","Both sexes","10","8.2","NA"
"Congenital Syphilis","2009","North Carolina","37","All age groups","All races/ethnicities","Both sexes","10","7.9","NA"
"Congenital Syphilis","2008","North Carolina","37","All age groups","All races/ethnicities","Both sexes","11","8.4","NA"
"Congenital Syphilis","2007","North Carolina","37","All age groups","All races/ethnicities","Both sexes","7","5.3","NA"
"Congenital Syphilis","2006","North Carolina","37","All age groups","All races/ethnicities","Both sexes","7","5.5","NA"
"Congenital Syphilis","2005","North Carolina","37","All age groups","All races/ethnicities","Both sexes","11","8.9","NA"
"Congenital Syphilis","2004","North Carolina","37","All age groups","All races/ethnicities","Both sexes","9","7.5","NA"
"Congenital Syphilis","2003","North Carolina","37","All age groups","All races/ethnicities","Both sexes","20","16.9","NA"
"Congenital Syphilis","2002","North Carolina","37","All age groups","All races/ethnicities","Both sexes","16","13.6","NA"
"Congenital Syphilis","2001","North Carolina","37","All age groups","All races/ethnicities","Both sexes","19","16.1","NA"
"Congenital Syphilis","2000","North Carolina","37","All age groups","All races/ethnicities","Both sexes","19","15.8","NA"
"Congenital Syphilis","2019","North Dakota","38","All age groups","All races/ethnicities","Both sexes","0","0.0","NA"
"Congenital Syphilis","2018","North Dakota","38","All age groups","All races/ethnicities","Both sexes","0","0.0","NA"
"Congenital Syphilis","2017","North Dakota","38","All age groups","All races/ethnicities","Both sexes","0","0.0","NA"
"Congenital Syphilis","2016","North Dakota","38","All age groups","All races/ethnicities","Both sexes","0","0.0","NA"
"Congenital Syphilis","2015","North Dakota","38","All age groups","All races/ethnicities","Both sexes","0","0.0","NA"
"Congenital Syphilis","2014","North Dakota","38","All age groups","All races/ethnicities","Both sexes","0","0.0","NA"
"Congenital Syphilis","2013","North Dakota","38","All age groups","All races/ethnicities","Both sexes","0","0.0","NA"
"Congenital Syphilis","2012","North Dakota","38","All age groups","All races/ethnicities","Both sexes","0","0.0","NA"
"Congenital Syphilis","2011","North Dakota","38","All age groups","All races/ethnicities","Both sexes","0","0.0","NA"
"Congenital Syphilis","2010","North Dakota","38","All age groups","All races/ethnicities","Both sexes","0","0.0","NA"
"Congenital Syphilis","2009","North Dakota","38","All age groups","All races/ethnicities","Both sexes","1","11.1","NA"
"Congenital Syphilis","2008","North Dakota","38","All age groups","All races/ethnicities","Both sexes","0","0.0","NA"
"Congenital Syphilis","2007","North Dakota","38","All age groups","All races/ethnicities","Both sexes","0","0.0","NA"
"Congenital Syphilis","2006","North Dakota","38","All age groups","All races/ethnicities","Both sexes","0","0.0","NA"
"Congenital Syphilis","2005","North Dakota","38","All age groups","All races/ethnicities","Both sexes","0","0.0","NA"
"Congenital Syphilis","2004","North Dakota","38","All age groups","All races/ethnicities","Both sexes","0","0.0","NA"
"Congenital Syphilis","2003","North Dakota","38","All age groups","All races/ethnicities","Both sexes","0","0.0","NA"
"Congenital Syphilis","2002","North Dakota","38","All age groups","All races/ethnicities","Both sexes","0","0.0","NA"
"Congenital Syphilis","2001","North Dakota","38","All age groups","All races/ethnicities","Both sexes","0","0.0","NA"
"Congenital Syphilis","2000","North Dakota","38","All age groups","All races/ethnicities","Both sexes","0","0.0","NA"
"Congenital Syphilis","2019","Ohio","39","All age groups","All races/ethnicities","Both sexes","19","14.1","NA"
"Congenital Syphilis","2018","Ohio","39","All age groups","All races/ethnicities","Both sexes","21","15.5","NA"
"Congenital Syphilis","2017","Ohio","39","All age groups","All races/ethnicities","Both sexes","18","13.2","NA"
"Congenital Syphilis","2016","Ohio","39","All age groups","All races/ethnicities","Both sexes","12","8.7","NA"
"Congenital Syphilis","2015","Ohio","39","All age groups","All races/ethnicities","Both sexes","17","12.2","NA"
"Congenital Syphilis","2014","Ohio","39","All age groups","All races/ethnicities","Both sexes","15","10.8","NA"
"Congenital Syphilis","2013","Ohio","39","All age groups","All races/ethnicities","Both sexes","18","13.0","NA"
"Congenital Syphilis","2012","Ohio","39","All age groups","All races/ethnicities","Both sexes","19","13.7","NA"
"Congenital Syphilis","2011","Ohio","39","All age groups","All races/ethnicities","Both sexes","13","9.4","NA"
"Congenital Syphilis","2010","Ohio","39","All age groups","All races/ethnicities","Both sexes","10","7.2","NA"
"Congenital Syphilis","2009","Ohio","39","All age groups","All races/ethnicities","Both sexes","8","5.5","NA"
"Congenital Syphilis","2008","Ohio","39","All age groups","All races/ethnicities","Both sexes","3","2.0","NA"
"Congenital Syphilis","2007","Ohio","39","All age groups","All races/ethnicities","Both sexes","1","0.7","NA"
"Congenital Syphilis","2006","Ohio","39","All age groups","All races/ethnicities","Both sexes","0","0.0","NA"
"Congenital Syphilis","2005","Ohio","39","All age groups","All races/ethnicities","Both sexes","2","1.3","NA"
"Congenital Syphilis","2004","Ohio","39","All age groups","All races/ethnicities","Both sexes","2","1.3","NA"
"Congenital Syphilis","2003","Ohio","39","All age groups","All races/ethnicities","Both sexes","3","2.0","NA"
"Congenital Syphilis","2002","Ohio","39","All age groups","All races/ethnicities","Both sexes","3","2.0","NA"
"Congenital Syphilis","2001","Ohio","39","All age groups","All races/ethnicities","Both sexes","2","1.3","NA"
"Congenital Syphilis","2000","Ohio","39","All age groups","All races/ethnicities","Both sexes","5","3.2","NA"
"Congenital Syphilis","2019","Oklahoma","40","All age groups","All races/ethnicities","Both sexes","43","87.5","NA"
"Congenital Syphilis","2018","Oklahoma","40","All age groups","All races/ethnicities","Both sexes","11","22.1","NA"
"Congenital Syphilis","2017","Oklahoma","40","All age groups","All races/ethnicities","Both sexes","7","13.9","NA"
"Congenital Syphilis","2016","Oklahoma","40","All age groups","All races/ethnicities","Both sexes","3","5.7","NA"
"Congenital Syphilis","2015","Oklahoma","40","All age groups","All races/ethnicities","Both sexes","7","13.2","NA"
"Congenital Syphilis","2014","Oklahoma","40","All age groups","All races/ethnicities","Both sexes","6","11.2","NA"
"Congenital Syphilis","2013","Oklahoma","40","All age groups","All races/ethnicities","Both sexes","0","0.0","NA"
"Congenital Syphilis","2012","Oklahoma","40","All age groups","All races/ethnicities","Both sexes","0","0.0","NA"
"Congenital Syphilis","2011","Oklahoma","40","All age groups","All races/ethnicities","Both sexes","2","3.8","NA"
"Congenital Syphilis","2010","Oklahoma","40","All age groups","All races/ethnicities","Both sexes","0","0.0","NA"
"Congenital Syphilis","2009","Oklahoma","40","All age groups","All races/ethnicities","Both sexes","2","3.7","NA"
"Congenital Syphilis","2008","Oklahoma","40","All age groups","All races/ethnicities","Both sexes","3","5.5","NA"
"Congenital Syphilis","2007","Oklahoma","40","All age groups","All races/ethnicities","Both sexes","3","5.4","NA"
"Congenital Syphilis","2006","Oklahoma","40","All age groups","All races/ethnicities","Both sexes","2","3.7","NA"
"Congenital Syphilis","2005","Oklahoma","40","All age groups","All races/ethnicities","Both sexes","1","1.9","NA"
"Congenital Syphilis","2004","Oklahoma","40","All age groups","All races/ethnicities","Both sexes","2","3.9","NA"
"Congenital Syphilis","2003","Oklahoma","40","All age groups","All races/ethnicities","Both sexes","1","2.0","NA"
"Congenital Syphilis","2002","Oklahoma","40","All age groups","All races/ethnicities","Both sexes","2","4.0","NA"
"Congenital Syphilis","2001","Oklahoma","40","All age groups","All races/ethnicities","Both sexes","5","10.0","NA"
"Congenital Syphilis","2000","Oklahoma","40","All age groups","All races/ethnicities","Both sexes","1","2.0","NA"
"Congenital Syphilis","2019","Oregon","41","All age groups","All races/ethnicities","Both sexes","18","43.0","NA"
"Congenital Syphilis","2018","Oregon","41","All age groups","All races/ethnicities","Both sexes","20","47.4","NA"
"Congenital Syphilis","2017","Oregon","41","All age groups","All races/ethnicities","Both sexes","8","18.3","NA"
"Congenital Syphilis","2016","Oregon","41","All age groups","All races/ethnicities","Both sexes","6","13.2","NA"
"Congenital Syphilis","2015","Oregon","41","All age groups","All races/ethnicities","Both sexes","6","13.1","NA"
"Congenital Syphilis","2014","Oregon","41","All age groups","All races/ethnicities","Both sexes","2","4.4","NA"
"Congenital Syphilis","2013","Oregon","41","All age groups","All races/ethnicities","Both sexes","0","0.0","NA"
"Congenital Syphilis","2012","Oregon","41","All age groups","All races/ethnicities","Both sexes","1","2.2","NA"
"Congenital Syphilis","2011","Oregon","41","All age groups","All races/ethnicities","Both sexes","0","0.0","NA"
"Congenital Syphilis","2010","Oregon","41","All age groups","All races/ethnicities","Both sexes","0","0.0","NA"
"Congenital Syphilis","2009","Oregon","41","All age groups","All races/ethnicities","Both sexes","0","0.0","NA"
"Congenital Syphilis","2008","Oregon","41","All age groups","All races/ethnicities","Both sexes","0","0.0","NA"
"Congenital Syphilis","2007","Oregon","41","All age groups","All races/ethnicities","Both sexes","2","4.1","NA"
"Congenital Syphilis","2006","Oregon","41","All age groups","All races/ethnicities","Both sexes","0","0.0","NA"
"Congenital Syphilis","2005","Oregon","41","All age groups","All races/ethnicities","Both sexes","0","0.0","NA"
"Congenital Syphilis","2004","Oregon","41","All age groups","All races/ethnicities","Both sexes","0","0.0","NA"
"Congenital Syphilis","2003","Oregon","41","All age groups","All races/ethnicities","Both sexes","0","0.0","NA"
"Congenital Syphilis","2002","Oregon","41","All age groups","All races/ethnicities","Both sexes","0","0.0","NA"
"Congenital Syphilis","2001","Oregon","41","All age groups","All races/ethnicities","Both sexes","0","0.0","NA"
"Congenital Syphilis","2000","Oregon","41","All age groups","All races/ethnicities","Both sexes","0","0.0","NA"
"Congenital Syphilis","2019","Pennsylvania","42","All age groups","All races/ethnicities","Both sexes","13","9.7","NA"
"Congenital Syphilis","2018","Pennsylvania","42","All age groups","All races/ethnicities","Both sexes","9","6.6","NA"
"Congenital Syphilis","2017","Pennsylvania","42","All age groups","All races/ethnicities","Both sexes","7","5.1","NA"
"Congenital Syphilis","2016","Pennsylvania","42","All age groups","All races/ethnicities","Both sexes","5","3.6","NA"
"Congenital Syphilis","2015","Pennsylvania","42","All age groups","All races/ethnicities","Both sexes","7","5.0","NA"
"Congenital Syphilis","2014","Pennsylvania","42","All age groups","All races/ethnicities","Both sexes","4","2.8","NA"
"Congenital Syphilis","2013","Pennsylvania","42","All age groups","All races/ethnicities","Both sexes","3","2.1","NA"
"Congenital Syphilis","2012","Pennsylvania","42","All age groups","All races/ethnicities","Both sexes","6","4.2","NA"
"Congenital Syphilis","2011","Pennsylvania","42","All age groups","All races/ethnicities","Both sexes","5","3.5","NA"
"Congenital Syphilis","2010","Pennsylvania","42","All age groups","All races/ethnicities","Both sexes","3","2.1","NA"
"Congenital Syphilis","2009","Pennsylvania","42","All age groups","All races/ethnicities","Both sexes","5","3.4","NA"
"Congenital Syphilis","2008","Pennsylvania","42","All age groups","All races/ethnicities","Both sexes","8","5.4","NA"
"Congenital Syphilis","2007","Pennsylvania","42","All age groups","All races/ethnicities","Both sexes","8","5.3","NA"
"Congenital Syphilis","2006","Pennsylvania","42","All age groups","All races/ethnicities","Both sexes","3","2.0","NA"
"Congenital Syphilis","2005","Pennsylvania","42","All age groups","All races/ethnicities","Both sexes","1","0.7","NA"
"Congenital Syphilis","2004","Pennsylvania","42","All age groups","All races/ethnicities","Both sexes","0","0.0","NA"
"Congenital Syphilis","2003","Pennsylvania","42","All age groups","All races/ethnicities","Both sexes","2","1.4","NA"
"Congenital Syphilis","2002","Pennsylvania","42","All age groups","All races/ethnicities","Both sexes","5","3.5","NA"
"Congenital Syphilis","2001","Pennsylvania","42","All age groups","All races/ethnicities","Both sexes","4","2.8","NA"
"Congenital Syphilis","2000","Pennsylvania","42","All age groups","All races/ethnicities","Both sexes","9","6.2","NA"
"Congenital Syphilis","2019","Rhode Island","44","All age groups","All races/ethnicities","Both sexes","0","0.0","NA"
"Congenital Syphilis","2018","Rhode Island","44","All age groups","All races/ethnicities","Both sexes","0","0.0","NA"
"Congenital Syphilis","2017","Rhode Island","44","All age groups","All races/ethnicities","Both sexes","0","0.0","NA"
"Congenital Syphilis","2016","Rhode Island","44","All age groups","All races/ethnicities","Both sexes","0","0.0","NA"
"Congenital Syphilis","2015","Rhode Island","44","All age groups","All races/ethnicities","Both sexes","0","0.0","NA"
"Congenital Syphilis","2014","Rhode Island","44","All age groups","All races/ethnicities","Both sexes","0","0.0","NA"
"Congenital Syphilis","2013","Rhode Island","44","All age groups","All races/ethnicities","Both sexes","0","0.0","NA"
"Congenital Syphilis","2012","Rhode Island","44","All age groups","All races/ethnicities","Both sexes","0","0.0","NA"
"Congenital Syphilis","2011","Rhode Island","44","All age groups","All races/ethnicities","Both sexes","0","0.0","NA"
"Congenital Syphilis","2010","Rhode Island","44","All age groups","All races/ethnicities","Both sexes","0","0.0","NA"
"Congenital Syphilis","2009","Rhode Island","44","All age groups","All races/ethnicities","Both sexes","1","8.7","NA"
"Congenital Syphilis","2008","Rhode Island","44","All age groups","All races/ethnicities","Both sexes","0","0.0","NA"
"Congenital Syphilis","2007","Rhode Island","44","All age groups","All races/ethnicities","Both sexes","0","0.0","NA"
"Congenital Syphilis","2006","Rhode Island","44","All age groups","All races/ethnicities","Both sexes","0","0.0","NA"
"Congenital Syphilis","2005","Rhode Island","44","All age groups","All races/ethnicities","Both sexes","0","0.0","NA"
"Congenital Syphilis","2004","Rhode Island","44","All age groups","All races/ethnicities","Both sexes","1","7.8","NA"
"Congenital Syphilis","2003","Rhode Island","44","All age groups","All races/ethnicities","Both sexes","0","0.0","NA"
"Congenital Syphilis","2002","Rhode Island","44","All age groups","All races/ethnicities","Both sexes","0","0.0","NA"
"Congenital Syphilis","2001","Rhode Island","44","All age groups","All races/ethnicities","Both sexes","0","0.0","NA"
"Congenital Syphilis","2000","Rhode Island","44","All age groups","All races/ethnicities","Both sexes","0","0.0","NA"
"Congenital Syphilis","2019","South Carolina","45","All age groups","All races/ethnicities","Both sexes","17","29.8","NA"
"Congenital Syphilis","2018","South Carolina","45","All age groups","All races/ethnicities","Both sexes","9","15.9","NA"
"Congenital Syphilis","2017","South Carolina","45","All age groups","All races/ethnicities","Both sexes","8","14.0","NA"
"Congenital Syphilis","2016","South Carolina","45","All age groups","All races/ethnicities","Both sexes","9","15.7","NA"
"Congenital Syphilis","2015","South Carolina","45","All age groups","All races/ethnicities","Both sexes","3","5.2","NA"
"Congenital Syphilis","2014","South Carolina","45","All age groups","All races/ethnicities","Both sexes","5","8.7","NA"
"Congenital Syphilis","2013","South Carolina","45","All age groups","All races/ethnicities","Both sexes","1","1.8","NA"
"Congenital Syphilis","2012","South Carolina","45","All age groups","All races/ethnicities","Both sexes","7","12.2","NA"
"Congenital Syphilis","2011","South Carolina","45","All age groups","All races/ethnicities","Both sexes","0","0.0","NA"
"Congenital Syphilis","2010","South Carolina","45","All age groups","All races/ethnicities","Both sexes","1","1.7","NA"
"Congenital Syphilis","2009","South Carolina","45","All age groups","All races/ethnicities","Both sexes","0","0.0","NA"
"Congenital Syphilis","2008","South Carolina","45","All age groups","All races/ethnicities","Both sexes","2","3.2","NA"
"Congenital Syphilis","2007","South Carolina","45","All age groups","All races/ethnicities","Both sexes","1","1.6","NA"
"Congenital Syphilis","2006","South Carolina","45","All age groups","All races/ethnicities","Both sexes","2","3.2","NA"
"Congenital Syphilis","2005","South Carolina","45","All age groups","All races/ethnicities","Both sexes","4","6.9","NA"
"Congenital Syphilis","2004","South Carolina","45","All age groups","All races/ethnicities","Both sexes","10","17.7","NA"
"Congenital Syphilis","2003","South Carolina","45","All age groups","All races/ethnicities","Both sexes","15","27.0","NA"
"Congenital Syphilis","2002","South Carolina","45","All age groups","All races/ethnicities","Both sexes","15","27.5","NA"
"Congenital Syphilis","2001","South Carolina","45","All age groups","All races/ethnicities","Both sexes","19","34.1","NA"
"Congenital Syphilis","2000","South Carolina","45","All age groups","All races/ethnicities","Both sexes","32","57.0","NA"
"Congenital Syphilis","2019","South Dakota","46","All age groups","All races/ethnicities","Both sexes","2","17.5","NA"
"Congenital Syphilis","2018","South Dakota","46","All age groups","All races/ethnicities","Both sexes","1","8.4","NA"
"Congenital Syphilis","2017","South Dakota","46","All age groups","All races/ethnicities","Both sexes","3","24.7","NA"
"Congenital Syphilis","2016","South Dakota","46","All age groups","All races/ethnicities","Both sexes","2","16.3","NA"
"Congenital Syphilis","2015","South Dakota","46","All age groups","All races/ethnicities","Both sexes","0","0.0","NA"
"Congenital Syphilis","2014","South Dakota","46","All age groups","All races/ethnicities","Both sexes","3","24.4","NA"
"Congenital Syphilis","2013","South Dakota","46","All age groups","All races/ethnicities","Both sexes","0","0.0","NA"
"Congenital Syphilis","2012","South Dakota","46","All age groups","All races/ethnicities","Both sexes","0","0.0","NA"
"Congenital Syphilis","2011","South Dakota","46","All age groups","All races/ethnicities","Both sexes","0","0.0","NA"
"Congenital Syphilis","2010","South Dakota","46","All age groups","All races/ethnicities","Both sexes","0","0.0","NA"
"Congenital Syphilis","2009","South Dakota","46","All age groups","All races/ethnicities","Both sexes","0","0.0","NA"
"Congenital Syphilis","2008","South Dakota","46","All age groups","All races/ethnicities","Both sexes","0","0.0","NA"
"Congenital Syphilis","2007","South Dakota","46","All age groups","All races/ethnicities","Both sexes","0","0.0","NA"
"Congenital Syphilis","2006","South Dakota","46","All age groups","All races/ethnicities","Both sexes","0","0.0","NA"
"Congenital Syphilis","2005","South Dakota","46","All age groups","All races/ethnicities","Both sexes","0","0.0","NA"
"Congenital Syphilis","2004","South Dakota","46","All age groups","All races/ethnicities","Both sexes","0","0.0","NA"
"Congenital Syphilis","2003","South Dakota","46","All age groups","All races/ethnicities","Both sexes","0","0.0","NA"
"Congenital Syphilis","2002","South Dakota","46","All age groups","All races/ethnicities","Both sexes","0","0.0","NA"
"Congenital Syphilis","2001","South Dakota","46","All age groups","All races/ethnicities","Both sexes","0","0.0","NA"
"Congenital Syphilis","2000","South Dakota","46","All age groups","All races/ethnicities","Both sexes","0","0.0","NA"
"Congenital Syphilis","2019","Tennessee","47","All age groups","All races/ethnicities","Both sexes","13","16.2","NA"
"Congenital Syphilis","2018","Tennessee","47","All age groups","All races/ethnicities","Both sexes","13","16.1","NA"
"Congenital Syphilis","2017","Tennessee","47","All age groups","All races/ethnicities","Both sexes","10","12.3","NA"
"Congenital Syphilis","2016","Tennessee","47","All age groups","All races/ethnicities","Both sexes","8","9.9","NA"
"Congenital Syphilis","2015","Tennessee","47","All age groups","All races/ethnicities","Both sexes","5","6.1","NA"
"Congenital Syphilis","2014","Tennessee","47","All age groups","All races/ethnicities","Both sexes","2","2.5","NA"
"Congenital Syphilis","2013","Tennessee","47","All age groups","All races/ethnicities","Both sexes","2","2.5","NA"
"Congenital Syphilis","2012","Tennessee","47","All age groups","All races/ethnicities","Both sexes","2","2.5","NA"
"Congenital Syphilis","2011","Tennessee","47","All age groups","All races/ethnicities","Both sexes","8","10.1","NA"
"Congenital Syphilis","2010","Tennessee","47","All age groups","All races/ethnicities","Both sexes","11","13.8","NA"
"Congenital Syphilis","2009","Tennessee","47","All age groups","All races/ethnicities","Both sexes","13","15.8","NA"
"Congenital Syphilis","2008","Tennessee","47","All age groups","All races/ethnicities","Both sexes","11","12.9","NA"
"Congenital Syphilis","2007","Tennessee","47","All age groups","All races/ethnicities","Both sexes","4","4.6","NA"
"Congenital Syphilis","2006","Tennessee","47","All age groups","All races/ethnicities","Both sexes","6","7.1","NA"
"Congenital Syphilis","2005","Tennessee","47","All age groups","All races/ethnicities","Both sexes","4","4.9","NA"
"Congenital Syphilis","2004","Tennessee","47","All age groups","All races/ethnicities","Both sexes","9","11.3","NA"
"Congenital Syphilis","2003","Tennessee","47","All age groups","All races/ethnicities","Both sexes","7","8.9","NA"
"Congenital Syphilis","2002","Tennessee","47","All age groups","All races/ethnicities","Both sexes","10","12.9","NA"
"Congenital Syphilis","2001","Tennessee","47","All age groups","All races/ethnicities","Both sexes","14","17.9","NA"
"Congenital Syphilis","2000","Tennessee","47","All age groups","All races/ethnicities","Both sexes","25","31.4","NA"
"Congenital Syphilis","2019","Texas","48","All age groups","All races/ethnicities","Both sexes","528","139.8","NA"
"Congenital Syphilis","2018","Texas","48","All age groups","All races/ethnicities","Both sexes","371","98.0","NA"
"Congenital Syphilis","2017","Texas","48","All age groups","All races/ethnicities","Both sexes","179","46.9","NA"
"Congenital Syphilis","2016","Texas","48","All age groups","All races/ethnicities","Both sexes","71","17.8","NA"
"Congenital Syphilis","2015","Texas","48","All age groups","All races/ethnicities","Both sexes","52","12.9","NA"
"Congenital Syphilis","2014","Texas","48","All age groups","All races/ethnicities","Both sexes","75","18.8","NA"
"Congenital Syphilis","2013","Texas","48","All age groups","All races/ethnicities","Both sexes","74","19.1","NA"
"Congenital Syphilis","2012","Texas","48","All age groups","All races/ethnicities","Both sexes","78","20.4","NA"
"Congenital Syphilis","2011","Texas","48","All age groups","All races/ethnicities","Both sexes","99","26.2","NA"
"Congenital Syphilis","2010","Texas","48","All age groups","All races/ethnicities","Both sexes","105","27.2","NA"
"Congenital Syphilis","2009","Texas","48","All age groups","All races/ethnicities","Both sexes","128","31.8","NA"
"Congenital Syphilis","2008","Texas","48","All age groups","All races/ethnicities","Both sexes","127","31.3","NA"
"Congenital Syphilis","2007","Texas","48","All age groups","All races/ethnicities","Both sexes","99","24.3","NA"
"Congenital Syphilis","2006","Texas","48","All age groups","All races/ethnicities","Both sexes","79","19.8","NA"
"Congenital Syphilis","2005","Texas","48","All age groups","All races/ethnicities","Both sexes","67","17.4","NA"
"Congenital Syphilis","2004","Texas","48","All age groups","All races/ethnicities","Both sexes","65","17.0","NA"
"Congenital Syphilis","2003","Texas","48","All age groups","All races/ethnicities","Both sexes","77","20.4","NA"
"Congenital Syphilis","2002","Texas","48","All age groups","All races/ethnicities","Both sexes","72","19.3","NA"
"Congenital Syphilis","2001","Texas","48","All age groups","All races/ethnicities","Both sexes","75","20.5","NA"
"Congenital Syphilis","2000","Texas","48","All age groups","All races/ethnicities","Both sexes","72","19.8","NA"
"Congenital Syphilis","2019","Utah","49","All age groups","All races/ethnicities","Both sexes","4","8.5","NA"
"Congenital Syphilis","2018","Utah","49","All age groups","All races/ethnicities","Both sexes","1","2.1","NA"
"Congenital Syphilis","2017","Utah","49","All age groups","All races/ethnicities","Both sexes","0","0.0","NA"
"Congenital Syphilis","2016","Utah","49","All age groups","All races/ethnicities","Both sexes","0","0.0","NA"
"Congenital Syphilis","2015","Utah","49","All age groups","All races/ethnicities","Both sexes","0","0.0","NA"
"Congenital Syphilis","2014","Utah","49","All age groups","All races/ethnicities","Both sexes","0","0.0","NA"
"Congenital Syphilis","2013","Utah","49","All age groups","All races/ethnicities","Both sexes","0","0.0","NA"
"Congenital Syphilis","2012","Utah","49","All age groups","All races/ethnicities","Both sexes","0","0.0","NA"
"Congenital Syphilis","2011","Utah","49","All age groups","All races/ethnicities","Both sexes","0","0.0","NA"
"Congenital Syphilis","2010","Utah","49","All age groups","All races/ethnicities","Both sexes","1","1.9","NA"
"Congenital Syphilis","2009","Utah","49","All age groups","All races/ethnicities","Both sexes","0","0.0","NA"
"Congenital Syphilis","2008","Utah","49","All age groups","All races/ethnicities","Both sexes","0","0.0","NA"
"Congenital Syphilis","2007","Utah","49","All age groups","All races/ethnicities","Both sexes","0","0.0","NA"
"Congenital Syphilis","2006","Utah","49","All age groups","All races/ethnicities","Both sexes","2","3.7","NA"
"Congenital Syphilis","2005","Utah","49","All age groups","All races/ethnicities","Both sexes","0","0.0","NA"
"Congenital Syphilis","2004","Utah","49","All age groups","All races/ethnicities","Both sexes","1","2.0","NA"
"Congenital Syphilis","2003","Utah","49","All age groups","All races/ethnicities","Both sexes","0","0.0","NA"
"Congenital Syphilis","2002","Utah","49","All age groups","All races/ethnicities","Both sexes","0","0.0","NA"
"Congenital Syphilis","2001","Utah","49","All age groups","All races/ethnicities","Both sexes","0","0.0","NA"
"Congenital Syphilis","2000","Utah","49","All age groups","All races/ethnicities","Both sexes","1","2.1","NA"
"Congenital Syphilis","2019","Vermont","50","All age groups","All races/ethnicities","Both sexes","0","0.0","NA"
"Congenital Syphilis","2018","Vermont","50","All age groups","All races/ethnicities","Both sexes","0","0.0","NA"
"Congenital Syphilis","2017","Vermont","50","All age groups","All races/ethnicities","Both sexes","0","0.0","NA"
"Congenital Syphilis","2016","Vermont","50","All age groups","All races/ethnicities","Both sexes","0","0.0","NA"
"Congenital Syphilis","2015","Vermont","50","All age groups","All races/ethnicities","Both sexes","0","0.0","NA"
"Congenital Syphilis","2014","Vermont","50","All age groups","All races/ethnicities","Both sexes","0","0.0","NA"
"Congenital Syphilis","2013","Vermont","50","All age groups","All races/ethnicities","Both sexes","0","0.0","NA"
"Congenital Syphilis","2012","Vermont","50","All age groups","All races/ethnicities","Both sexes","0","0.0","NA"
"Congenital Syphilis","2011","Vermont","50","All age groups","All races/ethnicities","Both sexes","0","0.0","NA"
"Congenital Syphilis","2010","Vermont","50","All age groups","All races/ethnicities","Both sexes","0","0.0","NA"
"Congenital Syphilis","2009","Vermont","50","All age groups","All races/ethnicities","Both sexes","0","0.0","NA"
"Congenital Syphilis","2008","Vermont","50","All age groups","All races/ethnicities","Both sexes","0","0.0","NA"
"Congenital Syphilis","2007","Vermont","50","All age groups","All races/ethnicities","Both sexes","0","0.0","NA"
"Congenital Syphilis","2006","Vermont","50","All age groups","All races/ethnicities","Both sexes","0","0.0","NA"
"Congenital Syphilis","2005","Vermont","50","All age groups","All races/ethnicities","Both sexes","0","0.0","NA"
"Congenital Syphilis","2004","Vermont","50","All age groups","All races/ethnicities","Both sexes","0","0.0","NA"
"Congenital Syphilis","2003","Vermont","50","All age groups","All races/ethnicities","Both sexes","0","0.0","NA"
"Congenital Syphilis","2002","Vermont","50","All age groups","All races/ethnicities","Both sexes","0","0.0","NA"
"Congenital Syphilis","2001","Vermont","50","All age groups","All races/ethnicities","Both sexes","0","0.0","NA"
"Congenital Syphilis","2000","Vermont","50","All age groups","All races/ethnicities","Both sexes","0","0.0","NA"
"Congenital Syphilis","2019","Virginia","51","All age groups","All races/ethnicities","Both sexes","11","11.3","NA"
"Congenital Syphilis","2018","Virginia","51","All age groups","All races/ethnicities","Both sexes","10","10.0","NA"
"Congenital Syphilis","2017","Virginia","51","All age groups","All races/ethnicities","Both sexes","12","12.0","NA"
"Congenital Syphilis","2016","Virginia","51","All age groups","All races/ethnicities","Both sexes","8","7.8","NA"
"Congenital Syphilis","2015","Virginia","51","All age groups","All races/ethnicities","Both sexes","3","2.9","NA"
"Congenital Syphilis","2014","Virginia","51","All age groups","All races/ethnicities","Both sexes","2","1.9","NA"
"Congenital Syphilis","2013","Virginia","51","All age groups","All races/ethnicities","Both sexes","3","2.9","NA"
"Congenital Syphilis","2012","Virginia","51","All age groups","All races/ethnicities","Both sexes","1","1.0","NA"
"Congenital Syphilis","2011","Virginia","51","All age groups","All races/ethnicities","Both sexes","0","0.0","NA"
"Congenital Syphilis","2010","Virginia","51","All age groups","All races/ethnicities","Both sexes","1","1.0","NA"
"Congenital Syphilis","2009","Virginia","51","All age groups","All races/ethnicities","Both sexes","2","1.9","NA"
"Congenital Syphilis","2008","Virginia","51","All age groups","All races/ethnicities","Both sexes","4","3.7","NA"
"Congenital Syphilis","2007","Virginia","51","All age groups","All races/ethnicities","Both sexes","1","0.9","NA"
"Congenital Syphilis","2006","Virginia","51","All age groups","All races/ethnicities","Both sexes","3","2.8","NA"
"Congenital Syphilis","2005","Virginia","51","All age groups","All races/ethnicities","Both sexes","3","2.9","NA"
"Congenital Syphilis","2004","Virginia","51","All age groups","All races/ethnicities","Both sexes","6","5.8","NA"
"Congenital Syphilis","2003","Virginia","51","All age groups","All races/ethnicities","Both sexes","1","1.0","NA"
"Congenital Syphilis","2002","Virginia","51","All age groups","All races/ethnicities","Both sexes","1","1.0","NA"
"Congenital Syphilis","2001","Virginia","51","All age groups","All races/ethnicities","Both sexes","3","3.0","NA"
"Congenital Syphilis","2000","Virginia","51","All age groups","All races/ethnicities","Both sexes","7","7.1","NA"
"Congenital Syphilis","2019","Washington","53","All age groups","All races/ethnicities","Both sexes","15","17.7","NA"
"Congenital Syphilis","2018","Washington","53","All age groups","All races/ethnicities","Both sexes","6","7.0","NA"
"Congenital Syphilis","2017","Washington","53","All age groups","All races/ethnicities","Both sexes","6","6.9","NA"
"Congenital Syphilis","2016","Washington","53","All age groups","All races/ethnicities","Both sexes","3","3.3","NA"
"Congenital Syphilis","2015","Washington","53","All age groups","All races/ethnicities","Both sexes","5","5.6","NA"
"Congenital Syphilis","2014","Washington","53","All age groups","All races/ethnicities","Both sexes","2","2.3","NA"
"Congenital Syphilis","2013","Washington","53","All age groups","All races/ethnicities","Both sexes","0","0.0","NA"
"Congenital Syphilis","2012","Washington","53","All age groups","All races/ethnicities","Both sexes","0","0.0","NA"
"Congenital Syphilis","2011","Washington","53","All age groups","All races/ethnicities","Both sexes","2","2.3","NA"
"Congenital Syphilis","2010","Washington","53","All age groups","All races/ethnicities","Both sexes","1","1.2","NA"
"Congenital Syphilis","2009","Washington","53","All age groups","All races/ethnicities","Both sexes","1","1.1","NA"
"Congenital Syphilis","2008","Washington","53","All age groups","All races/ethnicities","Both sexes","0","0.0","NA"
"Congenital Syphilis","2007","Washington","53","All age groups","All races/ethnicities","Both sexes","2","2.2","NA"
"Congenital Syphilis","2006","Washington","53","All age groups","All races/ethnicities","Both sexes","0","0.0","NA"
"Congenital Syphilis","2005","Washington","53","All age groups","All races/ethnicities","Both sexes","0","0.0","NA"
"Congenital Syphilis","2004","Washington","53","All age groups","All races/ethnicities","Both sexes","0","0.0","NA"
"Congenital Syphilis","2003","Washington","53","All age groups","All races/ethnicities","Both sexes","0","0.0","NA"
"Congenital Syphilis","2002","Washington","53","All age groups","All races/ethnicities","Both sexes","2","2.5","NA"
"Congenital Syphilis","2001","Washington","53","All age groups","All races/ethnicities","Both sexes","0","0.0","NA"
"Congenital Syphilis","2000","Washington","53","All age groups","All races/ethnicities","Both sexes","0","0.0","NA"
"Congenital Syphilis","2019","West Virginia","54","All age groups","All races/ethnicities","Both sexes","6","33.1","NA"
"Congenital Syphilis","2018","West Virginia","54","All age groups","All races/ethnicities","Both sexes","1","5.5","NA"
"Congenital Syphilis","2017","West Virginia","54","All age groups","All races/ethnicities","Both sexes","3","16.1","NA"
"Congenital Syphilis","2016","West Virginia","54","All age groups","All races/ethnicities","Both sexes","2","10.5","NA"
"Congenital Syphilis","2015","West Virginia","54","All age groups","All races/ethnicities","Both sexes","0","0.0","NA"
"Congenital Syphilis","2014","West Virginia","54","All age groups","All races/ethnicities","Both sexes","0","0.0","NA"
"Congenital Syphilis","2013","West Virginia","54","All age groups","All races/ethnicities","Both sexes","0","0.0","NA"
"Congenital Syphilis","2012","West Virginia","54","All age groups","All races/ethnicities","Both sexes","0","0.0","NA"
"Congenital Syphilis","2011","West Virginia","54","All age groups","All races/ethnicities","Both sexes","0","0.0","NA"
"Congenital Syphilis","2010","West Virginia","54","All age groups","All races/ethnicities","Both sexes","0","0.0","NA"
"Congenital Syphilis","2009","West Virginia","54","All age groups","All races/ethnicities","Both sexes","0","0.0","NA"
"Congenital Syphilis","2008","West Virginia","54","All age groups","All races/ethnicities","Both sexes","1","4.7","NA"
"Congenital Syphilis","2007","West Virginia","54","All age groups","All races/ethnicities","Both sexes","1","4.5","NA"
"Congenital Syphilis","2006","West Virginia","54","All age groups","All races/ethnicities","Both sexes","0","0.0","NA"
"Congenital Syphilis","2005","West Virginia","54","All age groups","All races/ethnicities","Both sexes","0","0.0","NA"
"Congenital Syphilis","2004","West Virginia","54","All age groups","All races/ethnicities","Both sexes","0","0.0","NA"
"Congenital Syphilis","2003","West Virginia","54","All age groups","All races/ethnicities","Both sexes","0","0.0","NA"
"Congenital Syphilis","2002","West Virginia","54","All age groups","All races/ethnicities","Both sexes","0","0.0","NA"
"Congenital Syphilis","2001","West Virginia","54","All age groups","All races/ethnicities","Both sexes","0","0.0","NA"
"Congenital Syphilis","2000","West Virginia","54","All age groups","All races/ethnicities","Both sexes","0","0.0","NA"
"Congenital Syphilis","2019","Wisconsin","55","All age groups","All races/ethnicities","Both sexes","2","3.2","NA"
"Congenital Syphilis","2018","Wisconsin","55","All age groups","All races/ethnicities","Both sexes","1","1.6","NA"
"Congenital Syphilis","2017","Wisconsin","55","All age groups","All races/ethnicities","Both sexes","3","4.6","NA"
"Congenital Syphilis","2016","Wisconsin","55","All age groups","All races/ethnicities","Both sexes","1","1.5","NA"
"Congenital Syphilis","2015","Wisconsin","55","All age groups","All races/ethnicities","Both sexes","0","0.0","NA"
"Congenital Syphilis","2014","Wisconsin","55","All age groups","All races/ethnicities","Both sexes","0","0.0","NA"
"Congenital Syphilis","2013","Wisconsin","55","All age groups","All races/ethnicities","Both sexes","0","0.0","NA"
"Congenital Syphilis","2012","Wisconsin","55","All age groups","All races/ethnicities","Both sexes","0","0.0","NA"
"Congenital Syphilis","2011","Wisconsin","55","All age groups","All races/ethnicities","Both sexes","1","1.5","NA"
"Congenital Syphilis","2010","Wisconsin","55","All age groups","All races/ethnicities","Both sexes","1","1.5","NA"
"Congenital Syphilis","2009","Wisconsin","55","All age groups","All races/ethnicities","Both sexes","0","0.0","NA"
"Congenital Syphilis","2008","Wisconsin","55","All age groups","All races/ethnicities","Both sexes","1","1.4","NA"
"Congenital Syphilis","2007","Wisconsin","55","All age groups","All races/ethnicities","Both sexes","1","1.4","NA"
"Congenital Syphilis","2006","Wisconsin","55","All age groups","All races/ethnicities","Both sexes","0","0.0","NA"
"Congenital Syphilis","2005","Wisconsin","55","All age groups","All races/ethnicities","Both sexes","2","2.8","NA"
"Congenital Syphilis","2004","Wisconsin","55","All age groups","All races/ethnicities","Both sexes","1","1.4","NA"
"Congenital Syphilis","2003","Wisconsin","55","All age groups","All races/ethnicities","Both sexes","0","0.0","NA"
"Congenital Syphilis","2002","Wisconsin","55","All age groups","All races/ethnicities","Both sexes","1","1.5","NA"
"Congenital Syphilis","2001","Wisconsin","55","All age groups","All races/ethnicities","Both sexes","2","2.9","NA"
"Congenital Syphilis","2000","Wisconsin","55","All age groups","All races/ethnicities","Both sexes","4","5.8","NA"
"Congenital Syphilis","2019","Wyoming","56","All age groups","All races/ethnicities","Both sexes","0","0.0","NA"
"Congenital Syphilis","2018","Wyoming","56","All age groups","All races/ethnicities","Both sexes","0","0.0","NA"
"Congenital Syphilis","2017","Wyoming","56","All age groups","All races/ethnicities","Both sexes","0","0.0","NA"
"Congenital Syphilis","2016","Wyoming","56","All age groups","All races/ethnicities","Both sexes","0","0.0","NA"
"Congenital Syphilis","2015","Wyoming","56","All age groups","All races/ethnicities","Both sexes","0","0.0","NA"
"Congenital Syphilis","2014","Wyoming","56","All age groups","All races/ethnicities","Both sexes","0","0.0","NA"
"Congenital Syphilis","2013","Wyoming","56","All age groups","All races/ethnicities","Both sexes","0","0.0","NA"
"Congenital Syphilis","2012","Wyoming","56","All age groups","All races/ethnicities","Both sexes","0","0.0","NA"
"Congenital Syphilis","2011","Wyoming","56","All age groups","All races/ethnicities","Both sexes","0","0.0","NA"
"Congenital Syphilis","2010","Wyoming","56","All age groups","All races/ethnicities","Both sexes","0","0.0","NA"
"Congenital Syphilis","2009","Wyoming","56","All age groups","All races/ethnicities","Both sexes","0","0.0","NA"
"Congenital Syphilis","2008","Wyoming","56","All age groups","All races/ethnicities","Both sexes","0","0.0","NA"
"Congenital Syphilis","2007","Wyoming","56","All age groups","All races/ethnicities","Both sexes","0","0.0","NA"
"Congenital Syphilis","2006","Wyoming","56","All age groups","All races/ethnicities","Both sexes","0","0.0","NA"
"Congenital Syphilis","2005","Wyoming","56","All age groups","All races/ethnicities","Both sexes","0","0.0","NA"
"Congenital Syphilis","2004","Wyoming","56","All age groups","All races/ethnicities","Both sexes","0","0.0","NA"
"Congenital Syphilis","2003","Wyoming","56","All age groups","All races/ethnicities","Both sexes","0","0.0","NA"
"Congenital Syphilis","2002","Wyoming","56","All age groups","All races/ethnicities","Both sexes","0","0.0","NA"
"Congenital Syphilis","2001","Wyoming","56","All age groups","All races/ethnicities","Both sexes","0","0.0","NA"
"Congenital Syphilis","2000","Wyoming","56","All age groups","All races/ethnicities","Both sexes","0","0.0","NA"
"Congenital Syphilis","2019","American Samoa","60","All age groups","All races/ethnicities","Both sexes","0","0.0","NA"
"Congenital Syphilis","2018","American Samoa","60","All age groups","All races/ethnicities","Both sexes","0","0.0","NA"
"Congenital Syphilis","2017","American Samoa","60","All age groups","All races/ethnicities","Both sexes","Data not available","Data not available","NA"
"Congenital Syphilis","2016","American Samoa","60","All age groups","All races/ethnicities","Both sexes","Data not available","Data not available","NA"
"Congenital Syphilis","2015","American Samoa","60","All age groups","All races/ethnicities","Both sexes","Data not available","Data not available","NA"
"Congenital Syphilis","2014","American Samoa","60","All age groups","All races/ethnicities","Both sexes","Data not available","Data not available","NA"
"Congenital Syphilis","2013","American Samoa","60","All age groups","All races/ethnicities","Both sexes","Data not available","Data not available","NA"
"Congenital Syphilis","2012","American Samoa","60","All age groups","All races/ethnicities","Both sexes","Data not available","Data not available","NA"
"Congenital Syphilis","2011","American Samoa","60","All age groups","All races/ethnicities","Both sexes","Data not available","Data not available","NA"
"Congenital Syphilis","2010","American Samoa","60","All age groups","All races/ethnicities","Both sexes","Data not available","Data not available","NA"
"Congenital Syphilis","2009","American Samoa","60","All age groups","All races/ethnicities","Both sexes","Data not available","Data not available","NA"
"Congenital Syphilis","2008","American Samoa","60","All age groups","All races/ethnicities","Both sexes","Data not available","Data not available","NA"
"Congenital Syphilis","2007","American Samoa","60","All age groups","All races/ethnicities","Both sexes","Data not available","Data not available","NA"
"Congenital Syphilis","2006","American Samoa","60","All age groups","All races/ethnicities","Both sexes","Data not available","Data not available","NA"
"Congenital Syphilis","2005","American Samoa","60","All age groups","All races/ethnicities","Both sexes","Data not available","Data not available","NA"
"Congenital Syphilis","2004","American Samoa","60","All age groups","All races/ethnicities","Both sexes","Data not available","Data not available","NA"
"Congenital Syphilis","2003","American Samoa","60","All age groups","All races/ethnicities","Both sexes","Data not available","Data not available","NA"
"Congenital Syphilis","2002","American Samoa","60","All age groups","All races/ethnicities","Both sexes","Data not available","Data not available","NA"
"Congenital Syphilis","2001","American Samoa","60","All age groups","All races/ethnicities","Both sexes","Data not available","Data not available","NA"
"Congenital Syphilis","2000","American Samoa","60","All age groups","All races/ethnicities","Both sexes","Data not available","Data not available","NA"
"Congenital Syphilis","2019","Guam","66","All age groups","All races/ethnicities","Both sexes","0","0.0","NA"
"Congenital Syphilis","2018","Guam","66","All age groups","All races/ethnicities","Both sexes","0","0.0","NA"
"Congenital Syphilis","2017","Guam","66","All age groups","All races/ethnicities","Both sexes","0","0.0","NA"
"Congenital Syphilis","2016","Guam","66","All age groups","All races/ethnicities","Both sexes","0","0.0","NA"
"Congenital Syphilis","2015","Guam","66","All age groups","All races/ethnicities","Both sexes","2","59.4","NA"
"Congenital Syphilis","2014","Guam","66","All age groups","All races/ethnicities","Both sexes","0","0.0","NA"
"Congenital Syphilis","2013","Guam","66","All age groups","All races/ethnicities","Both sexes","1","30.4","NA"
"Congenital Syphilis","2012","Guam","66","All age groups","All races/ethnicities","Both sexes","0","0.0","NA"
"Congenital Syphilis","2011","Guam","66","All age groups","All races/ethnicities","Both sexes","0","0.0","NA"
"Congenital Syphilis","2010","Guam","66","All age groups","All races/ethnicities","Both sexes","0","0.0","NA"
"Congenital Syphilis","2009","Guam","66","All age groups","All races/ethnicities","Both sexes","0","0.0","NA"
"Congenital Syphilis","2008","Guam","66","All age groups","All races/ethnicities","Both sexes","0","0.0","NA"
"Congenital Syphilis","2007","Guam","66","All age groups","All races/ethnicities","Both sexes","2","57.5","NA"
"Congenital Syphilis","2006","Guam","66","All age groups","All races/ethnicities","Both sexes","0","0.0","NA"
"Congenital Syphilis","2005","Guam","66","All age groups","All races/ethnicities","Both sexes","1","31.4","NA"
"Congenital Syphilis","2004","Guam","66","All age groups","All races/ethnicities","Both sexes","0","0.0","NA"
"Congenital Syphilis","2003","Guam","66","All age groups","All races/ethnicities","Both sexes","1","30.5","NA"
"Congenital Syphilis","2002","Guam","66","All age groups","All races/ethnicities","Both sexes","1","31.1","NA"
"Congenital Syphilis","2001","Guam","66","All age groups","All races/ethnicities","Both sexes","1","28.1","NA"
"Congenital Syphilis","2000","Guam","66","All age groups","All races/ethnicities","Both sexes","0","0.0","NA"
"Congenital Syphilis","2019","Northern Mariana Islands","69","All age groups","All races/ethnicities","Both sexes","0","0.0","NA"
"Congenital Syphilis","2018","Northern Mariana Islands","69","All age groups","All races/ethnicities","Both sexes","0","0.0","NA"
"Congenital Syphilis","2017","Northern Mariana Islands","69","All age groups","All races/ethnicities","Both sexes","Data not available","Data not available","NA"
"Congenital Syphilis","2016","Northern Mariana Islands","69","All age groups","All races/ethnicities","Both sexes","Data not available","Data not available","NA"
"Congenital Syphilis","2015","Northern Mariana Islands","69","All age groups","All races/ethnicities","Both sexes","Data not available","Data not available","NA"
"Congenital Syphilis","2014","Northern Mariana Islands","69","All age groups","All races/ethnicities","Both sexes","Data not available","Data not available","NA"
"Congenital Syphilis","2013","Northern Mariana Islands","69","All age groups","All races/ethnicities","Both sexes","Data not available","Data not available","NA"
"Congenital Syphilis","2012","Northern Mariana Islands","69","All age groups","All races/ethnicities","Both sexes","Data not available","Data not available","NA"
"Congenital Syphilis","2011","Northern Mariana Islands","69","All age groups","All races/ethnicities","Both sexes","Data not available","Data not available","NA"
"Congenital Syphilis","2010","Northern Mariana Islands","69","All age groups","All races/ethnicities","Both sexes","Data not available","Data not available","NA"
"Congenital Syphilis","2009","Northern Mariana Islands","69","All age groups","All races/ethnicities","Both sexes","Data not available","Data not available","NA"
"Congenital Syphilis","2008","Northern Mariana Islands","69","All age groups","All races/ethnicities","Both sexes","Data not available","Data not available","NA"
"Congenital Syphilis","2007","Northern Mariana Islands","69","All age groups","All races/ethnicities","Both sexes","Data not available","Data not available","NA"
"Congenital Syphilis","2006","Northern Mariana Islands","69","All age groups","All races/ethnicities","Both sexes","Data not available","Data not available","NA"
"Congenital Syphilis","2005","Northern Mariana Islands","69","All age groups","All races/ethnicities","Both sexes","Data not available","Data not available","NA"
"Congenital Syphilis","2004","Northern Mariana Islands","69","All age groups","All races/ethnicities","Both sexes","Data not available","Data not available","NA"
"Congenital Syphilis","2003","Northern Mariana Islands","69","All age groups","All races/ethnicities","Both sexes","Data not available","Data not available","NA"
"Congenital Syphilis","2002","Northern Mariana Islands","69","All age groups","All races/ethnicities","Both sexes","Data not available","Data not available","NA"
"Congenital Syphilis","2001","Northern Mariana Islands","69","All age groups","All races/ethnicities","Both sexes","Data not available","Data not available","NA"
"Congenital Syphilis","2000","Northern Mariana Islands","69","All age groups","All races/ethnicities","Both sexes","Data not available","Data not available","NA"
"Congenital Syphilis","2019","Puerto Rico","72","All age groups","All races/ethnicities","Both sexes","7","34.4","NA"
"Congenital Syphilis","2018","Puerto Rico","72","All age groups","All races/ethnicities","Both sexes","9","42.0","NA"
"Congenital Syphilis","2017","Puerto Rico","72","All age groups","All races/ethnicities","Both sexes","7","28.8","NA"
"Congenital Syphilis","2016","Puerto Rico","72","All age groups","All races/ethnicities","Both sexes","5","17.7","NA"
"Congenital Syphilis","2015","Puerto Rico","72","All age groups","All races/ethnicities","Both sexes","5","16.0","NA"
"Congenital Syphilis","2014","Puerto Rico","72","All age groups","All races/ethnicities","Both sexes","0","0.0","NA"
"Congenital Syphilis","2013","Puerto Rico","72","All age groups","All races/ethnicities","Both sexes","2","5.5","NA"
"Congenital Syphilis","2012","Puerto Rico","72","All age groups","All races/ethnicities","Both sexes","1","2.6","NA"
"Congenital Syphilis","2011","Puerto Rico","72","All age groups","All races/ethnicities","Both sexes","2","4.9","NA"
"Congenital Syphilis","2010","Puerto Rico","72","All age groups","All races/ethnicities","Both sexes","2","4.7","NA"
"Congenital Syphilis","2009","Puerto Rico","72","All age groups","All races/ethnicities","Both sexes","6","13.4","NA"
"Congenital Syphilis","2008","Puerto Rico","72","All age groups","All races/ethnicities","Both sexes","8","17.5","NA"
"Congenital Syphilis","2007","Puerto Rico","72","All age groups","All races/ethnicities","Both sexes","10","21.4","NA"
"Congenital Syphilis","2006","Puerto Rico","72","All age groups","All races/ethnicities","Both sexes","15","30.9","NA"
"Congenital Syphilis","2005","Puerto Rico","72","All age groups","All races/ethnicities","Both sexes","13","25.7","NA"
"Congenital Syphilis","2004","Puerto Rico","72","All age groups","All races/ethnicities","Both sexes","11","21.5","NA"
"Congenital Syphilis","2003","Puerto Rico","72","All age groups","All races/ethnicities","Both sexes","17","33.5","NA"
"Congenital Syphilis","2002","Puerto Rico","72","All age groups","All races/ethnicities","Both sexes","24","45.5","NA"
"Congenital Syphilis","2001","Puerto Rico","72","All age groups","All races/ethnicities","Both sexes","22","39.4","NA"
"Congenital Syphilis","2000","Puerto Rico","72","All age groups","All races/ethnicities","Both sexes","17","28.7","NA"
"Congenital Syphilis","2019","U.S. Virgin Islands","78","All age groups","All races/ethnicities","Both sexes","0","0.0","NA"
"Congenital Syphilis","2018","U.S. Virgin Islands","78","All age groups","All races/ethnicities","Both sexes","Data not available","Data not available","NA"
"Congenital Syphilis","2017","U.S. Virgin Islands","78","All age groups","All races/ethnicities","Both sexes","0","0.0","NA"
"Congenital Syphilis","2016","U.S. Virgin Islands","78","All age groups","All races/ethnicities","Both sexes","0","0.0","NA"
"Congenital Syphilis","2015","U.S. Virgin Islands","78","All age groups","All races/ethnicities","Both sexes","0","0.0","NA"
"Congenital Syphilis","2014","U.S. Virgin Islands","78","All age groups","All races/ethnicities","Both sexes","0","0.0","NA"
"Congenital Syphilis","2013","U.S. Virgin Islands","78","All age groups","All races/ethnicities","Both sexes","0","0.0","NA"
"Congenital Syphilis","2012","U.S. Virgin Islands","78","All age groups","All races/ethnicities","Both sexes","0","0.0","NA"
"Congenital Syphilis","2011","U.S. Virgin Islands","78","All age groups","All races/ethnicities","Both sexes","0","0.0","NA"
"Congenital Syphilis","2010","U.S. Virgin Islands","78","All age groups","All races/ethnicities","Both sexes","0","0.0","NA"
"Congenital Syphilis","2009","U.S. Virgin Islands","78","All age groups","All races/ethnicities","Both sexes","0","0.0","NA"
"Congenital Syphilis","2008","U.S. Virgin Islands","78","All age groups","All races/ethnicities","Both sexes","0","0.0","NA"
"Congenital Syphilis","2007","U.S. Virgin Islands","78","All age groups","All races/ethnicities","Both sexes","0","0.0","NA"
"Congenital Syphilis","2006","U.S. Virgin Islands","78","All age groups","All races/ethnicities","Both sexes","0","0.0","NA"
"Congenital Syphilis","2005","U.S. Virgin Islands","78","All age groups","All races/ethnicities","Both sexes","0","0.0","NA"
"Congenital Syphilis","2004","U.S. Virgin Islands","78","All age groups","All races/ethnicities","Both sexes","0","0.0","NA"
"Congenital Syphilis","2003","U.S. Virgin Islands","78","All age groups","All races/ethnicities","Both sexes","0","0.0","NA"
"Congenital Syphilis","2002","U.S. Virgin Islands","78","All age groups","All races/ethnicities","Both sexes","0","0.0","NA"
"Congenital Syphilis","2001","U.S. Virgin Islands","78","All age groups","All races/ethnicities","Both sexes","1","59.9","NA"
"Congenital Syphilis","2000","U.S. Virgin Islands","78","All age groups","All races/ethnicities","Both sexes","0","0.0","NA"
