"Date Printed: Tuesday, February 1, 2022 10:37:26 AM"
Title: Chlamydia | Gonorrhea | 2000 | 2001 | 2002 | 2003 | 2004 | 2005 | 2006 | 2007 | 2008 | 2009 | 2010 | 2011 | 2012 | 2013 | 2014 | 2015 | 2016 | 2017 | 2018 | 2019 | Alabama | Alaska | American Samoa | Arizona | Arkansas | California | Colorado | Connecticut | Delaware | District of Columbia | Florida | Georgia | Guam | Hawaii | Idaho | Illinois | Indiana | Iowa | Kansas | Kentucky | Louisiana | Maine | Maryland | Massachusetts | Michigan | Minnesota | Mississippi | Missouri | Montana | Nebraska | Nevada | New Hampshire | New Jersey | New Mexico | New York | North Carolina | North Dakota | Northern Mariana Islands | Ohio | Oklahoma | Oregon | Pennsylvania | Puerto Rico | Rhode Island | South Carolina | South Dakota | Tennessee | Texas | U.S. Virgin Islands | Utah | Vermont | Virginia | Washington | West Virginia | Wisconsin | Wyoming | All races/ethnicities | Female | 15-19 | 20-24

NA - Not applicable


Indicator,Year,Geography,FIPS,Age Group,Race/Ethnicity,Sex,Cases,Rate per 100000,Population
"Gonorrhea","2019","Alabama","01","20-24","All races/ethnicities","Female","2,419","1505.3","160,699"
"Gonorrhea","2019","Alabama","01","15-19","All races/ethnicities","Female","1,832","1185.5","154,529"
"Gonorrhea","2018","Alabama","01","20-24","All races/ethnicities","Female","2,098","1297.4","161,709"
"Gonorrhea","2018","Alabama","01","15-19","All races/ethnicities","Female","1,808","1160.3","155,824"
"Gonorrhea","2017","Alabama","01","20-24","All races/ethnicities","Female","1,964","1204.4","163,072"
"Gonorrhea","2017","Alabama","01","15-19","All races/ethnicities","Female","1,744","1112.4","156,782"
"Gonorrhea","2016","Alabama","01","20-24","All races/ethnicities","Female","1,396","839.6","166,262"
"Gonorrhea","2016","Alabama","01","15-19","All races/ethnicities","Female","968","613.4","157,801"
"Gonorrhea","2015","Alabama","01","20-24","All races/ethnicities","Female","1,435","835.4","171,773"
"Gonorrhea","2015","Alabama","01","15-19","All races/ethnicities","Female","1,008","641.6","157,101"
"Gonorrhea","2014","Alabama","01","20-24","All races/ethnicities","Female","1,652","937.9","176,143"
"Gonorrhea","2014","Alabama","01","15-19","All races/ethnicities","Female","1,155","738.1","156,485"
"Gonorrhea","2013","Alabama","01","20-24","All races/ethnicities","Female","1,805","1014.6","177,905"
"Gonorrhea","2013","Alabama","01","15-19","All races/ethnicities","Female","1,541","977.6","157,626"
"Gonorrhea","2012","Alabama","01","20-24","All races/ethnicities","Female","1,976","1115.8","177,100"
"Gonorrhea","2012","Alabama","01","15-19","All races/ethnicities","Female","1,838","1161.0","158,312"
"Gonorrhea","2011","Alabama","01","20-24","All races/ethnicities","Female","1,939","1115.7","173,800"
"Gonorrhea","2011","Alabama","01","15-19","All races/ethnicities","Female","1,862","1155.0","161,211"
"Gonorrhea","2010","Alabama","01","20-24","All races/ethnicities","Female","1,615","954.8","169,146"
"Gonorrhea","2010","Alabama","01","15-19","All races/ethnicities","Female","1,698","1017.6","166,861"
"Gonorrhea","2009","Alabama","01","20-24","All races/ethnicities","Female","1,587","966.8","164,156"
"Gonorrhea","2009","Alabama","01","15-19","All races/ethnicities","Female","1,591","976.7","162,896"
"Gonorrhea","2008","Alabama","01","20-24","All races/ethnicities","Female","1,964","1212.8","161,943"
"Gonorrhea","2008","Alabama","01","15-19","All races/ethnicities","Female","2,078","1277.7","162,632"
"Gonorrhea","2007","Alabama","01","20-24","All races/ethnicities","Female","2,258","1400.7","161,207"
"Gonorrhea","2007","Alabama","01","15-19","All races/ethnicities","Female","2,095","1301.6","160,952"
"Gonorrhea","2006","Alabama","01","20-24","All races/ethnicities","Female","2,080","1291.6","161,043"
"Gonorrhea","2006","Alabama","01","15-19","All races/ethnicities","Female","2,157","1351.3","159,619"
"Gonorrhea","2005","Alabama","01","20-24","All races/ethnicities","Female","1,553","958.1","162,092"
"Gonorrhea","2005","Alabama","01","15-19","All races/ethnicities","Female","1,573","1000.3","157,253"
"Gonorrhea","2004","Alabama","01","20-24","All races/ethnicities","Female","1,336","822.4","162,454"
"Gonorrhea","2004","Alabama","01","15-19","All races/ethnicities","Female","1,271","816.9","155,584"
"Gonorrhea","2003","Alabama","01","20-24","All races/ethnicities","Female","1,674","1027.6","162,908"
"Gonorrhea","2003","Alabama","01","15-19","All races/ethnicities","Female","1,658","1072.3","154,620"
"Gonorrhea","2002","Alabama","01","20-24","All races/ethnicities","Female","1,850","1143.7","161,761"
"Gonorrhea","2002","Alabama","01","15-19","All races/ethnicities","Female","1,794","1156.8","155,080"
"Gonorrhea","2001","Alabama","01","20-24","All races/ethnicities","Female","2,126","1324.6","160,496"
"Gonorrhea","2001","Alabama","01","15-19","All races/ethnicities","Female","2,047","1302.0","157,225"
"Gonorrhea","2000","Alabama","01","20-24","All races/ethnicities","Female","2,190","1402.2","156,186"
"Gonorrhea","2000","Alabama","01","15-19","All races/ethnicities","Female","2,234","1394.0","160,258"
"Chlamydia","2019","Alabama","01","20-24","All races/ethnicities","Female","8,155","5074.7","160,699"
"Chlamydia","2019","Alabama","01","15-19","All races/ethnicities","Female","7,376","4773.2","154,529"
"Chlamydia","2018","Alabama","01","20-24","All races/ethnicities","Female","7,367","4555.7","161,709"
"Chlamydia","2018","Alabama","01","15-19","All races/ethnicities","Female","7,204","4623.2","155,824"
"Chlamydia","2017","Alabama","01","20-24","All races/ethnicities","Female","8,146","4995.3","163,072"
"Chlamydia","2017","Alabama","01","15-19","All races/ethnicities","Female","7,450","4751.8","156,782"
"Chlamydia","2016","Alabama","01","20-24","All races/ethnicities","Female","6,718","4040.6","166,262"
"Chlamydia","2016","Alabama","01","15-19","All races/ethnicities","Female","5,428","3439.8","157,801"
"Chlamydia","2015","Alabama","01","20-24","All races/ethnicities","Female","7,625","4439.0","171,773"
"Chlamydia","2015","Alabama","01","15-19","All races/ethnicities","Female","6,248","3977.1","157,101"
"Chlamydia","2014","Alabama","01","20-24","All races/ethnicities","Female","8,486","4817.7","176,143"
"Chlamydia","2014","Alabama","01","15-19","All races/ethnicities","Female","7,147","4567.2","156,485"
"Chlamydia","2013","Alabama","01","20-24","All races/ethnicities","Female","8,641","4857.1","177,905"
"Chlamydia","2013","Alabama","01","15-19","All races/ethnicities","Female","7,665","4862.8","157,626"
"Chlamydia","2012","Alabama","01","20-24","All races/ethnicities","Female","8,684","4903.4","177,100"
"Chlamydia","2012","Alabama","01","15-19","All races/ethnicities","Female","8,454","5340.1","158,312"
"Chlamydia","2011","Alabama","01","20-24","All races/ethnicities","Female","8,094","4657.1","173,800"
"Chlamydia","2011","Alabama","01","15-19","All races/ethnicities","Female","8,411","5217.4","161,211"
"Chlamydia","2010","Alabama","01","20-24","All races/ethnicities","Female","7,500","4434.0","169,146"
"Chlamydia","2010","Alabama","01","15-19","All races/ethnicities","Female","8,056","4828.0","166,861"
"Chlamydia","2009","Alabama","01","20-24","All races/ethnicities","Female","7,152","4356.8","164,156"
"Chlamydia","2009","Alabama","01","15-19","All races/ethnicities","Female","7,924","4864.5","162,896"
"Chlamydia","2008","Alabama","01","20-24","All races/ethnicities","Female","6,825","4214.4","161,943"
"Chlamydia","2008","Alabama","01","15-19","All races/ethnicities","Female","7,604","4675.6","162,632"
"Chlamydia","2007","Alabama","01","20-24","All races/ethnicities","Female","7,146","4432.8","161,207"
"Chlamydia","2007","Alabama","01","15-19","All races/ethnicities","Female","7,490","4653.6","160,952"
"Chlamydia","2006","Alabama","01","20-24","All races/ethnicities","Female","6,709","4166.0","161,043"
"Chlamydia","2006","Alabama","01","15-19","All races/ethnicities","Female","7,151","4480.0","159,619"
"Chlamydia","2005","Alabama","01","20-24","All races/ethnicities","Female","5,563","3432.0","162,092"
"Chlamydia","2005","Alabama","01","15-19","All races/ethnicities","Female","5,594","3557.3","157,253"
"Chlamydia","2004","Alabama","01","20-24","All races/ethnicities","Female","4,571","2813.7","162,454"
"Chlamydia","2004","Alabama","01","15-19","All races/ethnicities","Female","4,651","2989.4","155,584"
"Chlamydia","2003","Alabama","01","20-24","All races/ethnicities","Female","5,017","3079.7","162,908"
"Chlamydia","2003","Alabama","01","15-19","All races/ethnicities","Female","5,266","3405.8","154,620"
"Chlamydia","2002","Alabama","01","20-24","All races/ethnicities","Female","5,308","3281.4","161,761"
"Chlamydia","2002","Alabama","01","15-19","All races/ethnicities","Female","5,781","3727.8","155,080"
"Chlamydia","2001","Alabama","01","20-24","All races/ethnicities","Female","5,187","3231.9","160,496"
"Chlamydia","2001","Alabama","01","15-19","All races/ethnicities","Female","5,456","3470.2","157,225"
"Chlamydia","2000","Alabama","01","20-24","All races/ethnicities","Female","5,253","3363.3","156,186"
"Chlamydia","2000","Alabama","01","15-19","All races/ethnicities","Female","5,683","3546.2","160,258"
"Gonorrhea","2019","Alaska","02","20-24","All races/ethnicities","Female","243","1109.4","21,903"
"Gonorrhea","2019","Alaska","02","15-19","All races/ethnicities","Female","146","678.6","21,516"
"Gonorrhea","2018","Alaska","02","20-24","All races/ethnicities","Female","247","1094.7","22,563"
"Gonorrhea","2018","Alaska","02","15-19","All races/ethnicities","Female","153","701.5","21,809"
"Gonorrhea","2017","Alaska","02","20-24","All races/ethnicities","Female","282","1212.2","23,263"
"Gonorrhea","2017","Alaska","02","15-19","All races/ethnicities","Female","136","615.1","22,110"
"Gonorrhea","2016","Alaska","02","20-24","All races/ethnicities","Female","190","781.3","24,318"
"Gonorrhea","2016","Alaska","02","15-19","All races/ethnicities","Female","100","446.6","22,392"
"Gonorrhea","2015","Alaska","02","20-24","All races/ethnicities","Female","184","727.4","25,296"
"Gonorrhea","2015","Alaska","02","15-19","All races/ethnicities","Female","78","348.1","22,405"
"Gonorrhea","2014","Alaska","02","20-24","All races/ethnicities","Female","197","759.1","25,951"
"Gonorrhea","2014","Alaska","02","15-19","All races/ethnicities","Female","87","381.6","22,801"
"Gonorrhea","2013","Alaska","02","20-24","All races/ethnicities","Female","198","745.7","26,551"
"Gonorrhea","2013","Alaska","02","15-19","All races/ethnicities","Female","66","284.9","23,163"
"Gonorrhea","2012","Alaska","02","20-24","All races/ethnicities","Female","131","498.3","26,292"
"Gonorrhea","2012","Alaska","02","15-19","All races/ethnicities","Female","60","254.7","23,556"
"Gonorrhea","2011","Alaska","02","20-24","All races/ethnicities","Female","177","690.1","25,647"
"Gonorrhea","2011","Alaska","02","15-19","All races/ethnicities","Female","100","413.5","24,186"
"Gonorrhea","2010","Alaska","02","20-24","All races/ethnicities","Female","235","941.6","24,958"
"Gonorrhea","2010","Alaska","02","15-19","All races/ethnicities","Female","161","647.8","24,852"
"Gonorrhea","2009","Alaska","02","20-24","All races/ethnicities","Female","177","686.2","25,793"
"Gonorrhea","2009","Alaska","02","15-19","All races/ethnicities","Female","119","485.5","24,513"
"Gonorrhea","2008","Alaska","02","20-24","All races/ethnicities","Female","115","452.7","25,403"
"Gonorrhea","2008","Alaska","02","15-19","All races/ethnicities","Female","80","322.6","24,797"
"Gonorrhea","2007","Alaska","02","20-24","All races/ethnicities","Female","100","389.5","25,672"
"Gonorrhea","2007","Alaska","02","15-19","All races/ethnicities","Female","77","304.1","25,320"
"Gonorrhea","2006","Alaska","02","20-24","All races/ethnicities","Female","106","416.0","25,483"
"Gonorrhea","2006","Alaska","02","15-19","All races/ethnicities","Female","92","357.6","25,729"
"Gonorrhea","2005","Alaska","02","20-24","All races/ethnicities","Female","107","433.6","24,677"
"Gonorrhea","2005","Alaska","02","15-19","All races/ethnicities","Female","85","332.0","25,606"
"Gonorrhea","2004","Alaska","02","20-24","All races/ethnicities","Female","107","450.3","23,764"
"Gonorrhea","2004","Alaska","02","15-19","All races/ethnicities","Female","114","447.6","25,467"
"Gonorrhea","2003","Alaska","02","20-24","All races/ethnicities","Female","121","541.5","22,347"
"Gonorrhea","2003","Alaska","02","15-19","All races/ethnicities","Female","94","370.8","25,351"
"Gonorrhea","2002","Alaska","02","20-24","All races/ethnicities","Female","110","523.6","21,007"
"Gonorrhea","2002","Alaska","02","15-19","All races/ethnicities","Female","109","435.3","25,039"
"Gonorrhea","2001","Alaska","02","20-24","All races/ethnicities","Female","65","327.4","19,852"
"Gonorrhea","2001","Alaska","02","15-19","All races/ethnicities","Female","71","289.3","24,543"
"Gonorrhea","2000","Alaska","02","20-24","All races/ethnicities","Female","53","281.1","18,852"
"Gonorrhea","2000","Alaska","02","15-19","All races/ethnicities","Female","53","223.1","23,756"
"Chlamydia","2019","Alaska","02","20-24","All races/ethnicities","Female","1,258","5743.5","21,903"
"Chlamydia","2019","Alaska","02","15-19","All races/ethnicities","Female","975","4531.5","21,516"
"Chlamydia","2018","Alaska","02","20-24","All races/ethnicities","Female","1,322","5859.1","22,563"
"Chlamydia","2018","Alaska","02","15-19","All races/ethnicities","Female","969","4443.1","21,809"
"Chlamydia","2017","Alaska","02","20-24","All races/ethnicities","Female","1,372","5897.8","23,263"
"Chlamydia","2017","Alaska","02","15-19","All races/ethnicities","Female","950","4296.7","22,110"
"Chlamydia","2016","Alaska","02","20-24","All races/ethnicities","Female","1,308","5378.7","24,318"
"Chlamydia","2016","Alaska","02","15-19","All races/ethnicities","Female","1,023","4568.6","22,392"
"Chlamydia","2015","Alaska","02","20-24","All races/ethnicities","Female","1,355","5356.6","25,296"
"Chlamydia","2015","Alaska","02","15-19","All races/ethnicities","Female","977","4360.6","22,405"
"Chlamydia","2014","Alaska","02","20-24","All races/ethnicities","Female","1,475","5683.8","25,951"
"Chlamydia","2014","Alaska","02","15-19","All races/ethnicities","Female","1,067","4679.6","22,801"
"Chlamydia","2013","Alaska","02","20-24","All races/ethnicities","Female","1,485","5593.0","26,551"
"Chlamydia","2013","Alaska","02","15-19","All races/ethnicities","Female","1,063","4589.2","23,163"
"Chlamydia","2012","Alaska","02","20-24","All races/ethnicities","Female","1,441","5480.8","26,292"
"Chlamydia","2012","Alaska","02","15-19","All races/ethnicities","Female","1,051","4461.7","23,556"
"Chlamydia","2011","Alaska","02","20-24","All races/ethnicities","Female","1,425","5556.2","25,647"
"Chlamydia","2011","Alaska","02","15-19","All races/ethnicities","Female","1,259","5205.5","24,186"
"Chlamydia","2010","Alaska","02","20-24","All races/ethnicities","Female","1,536","6154.3","24,958"
"Chlamydia","2010","Alaska","02","15-19","All races/ethnicities","Female","1,299","5226.9","24,852"
"Chlamydia","2009","Alaska","02","20-24","All races/ethnicities","Female","1,279","4958.7","25,793"
"Chlamydia","2009","Alaska","02","15-19","All races/ethnicities","Female","1,138","4642.4","24,513"
"Chlamydia","2008","Alaska","02","20-24","All races/ethnicities","Female","1,215","4782.9","25,403"
"Chlamydia","2008","Alaska","02","15-19","All races/ethnicities","Female","1,081","4359.4","24,797"
"Chlamydia","2007","Alaska","02","20-24","All races/ethnicities","Female","1,168","4549.7","25,672"
"Chlamydia","2007","Alaska","02","15-19","All races/ethnicities","Female","1,141","4506.3","25,320"
"Chlamydia","2006","Alaska","02","20-24","All races/ethnicities","Female","1,067","4187.1","25,483"
"Chlamydia","2006","Alaska","02","15-19","All races/ethnicities","Female","1,105","4294.8","25,729"
"Chlamydia","2005","Alaska","02","20-24","All races/ethnicities","Female","1,078","4368.4","24,677"
"Chlamydia","2005","Alaska","02","15-19","All races/ethnicities","Female","1,085","4237.3","25,606"
"Chlamydia","2004","Alaska","02","20-24","All races/ethnicities","Female","976","4107.1","23,764"
"Chlamydia","2004","Alaska","02","15-19","All races/ethnicities","Female","1,014","3981.6","25,467"
"Chlamydia","2003","Alaska","02","20-24","All races/ethnicities","Female","965","4318.3","22,347"
"Chlamydia","2003","Alaska","02","15-19","All races/ethnicities","Female","1,051","4145.8","25,351"
"Chlamydia","2002","Alaska","02","20-24","All races/ethnicities","Female","904","4303.3","21,007"
"Chlamydia","2002","Alaska","02","15-19","All races/ethnicities","Female","998","3985.8","25,039"
"Chlamydia","2001","Alaska","02","20-24","All races/ethnicities","Female","627","3158.4","19,852"
"Chlamydia","2001","Alaska","02","15-19","All races/ethnicities","Female","823","3353.3","24,543"
"Chlamydia","2000","Alaska","02","20-24","All races/ethnicities","Female","636","3373.6","18,852"
"Chlamydia","2000","Alaska","02","15-19","All races/ethnicities","Female","757","3186.6","23,756"
"Gonorrhea","2019","Arizona","04","20-24","All races/ethnicities","Female","1,714","717.3","238,938"
"Gonorrhea","2019","Arizona","04","15-19","All races/ethnicities","Female","1,025","439.0","233,494"
"Gonorrhea","2018","Arizona","04","20-24","All races/ethnicities","Female","1,502","636.7","235,895"
"Gonorrhea","2018","Arizona","04","15-19","All races/ethnicities","Female","941","407.0","231,219"
"Gonorrhea","2017","Arizona","04","20-24","All races/ethnicities","Female","1,407","602.7","233,459"
"Gonorrhea","2017","Arizona","04","15-19","All races/ethnicities","Female","1,028","448.8","229,046"
"Gonorrhea","2016","Arizona","04","20-24","All races/ethnicities","Female","1,383","589.6","234,570"
"Gonorrhea","2016","Arizona","04","15-19","All races/ethnicities","Female","868","380.1","228,336"
"Gonorrhea","2015","Arizona","04","20-24","All races/ethnicities","Female","1,141","483.4","236,050"
"Gonorrhea","2015","Arizona","04","15-19","All races/ethnicities","Female","752","334.3","224,929"
"Gonorrhea","2014","Arizona","04","20-24","All races/ethnicities","Female","1,216","512.0","237,521"
"Gonorrhea","2014","Arizona","04","15-19","All races/ethnicities","Female","699","315.2","221,733"
"Gonorrhea","2013","Arizona","04","20-24","All races/ethnicities","Female","1,068","454.9","234,784"
"Gonorrhea","2013","Arizona","04","15-19","All races/ethnicities","Female","724","329.9","219,431"
"Gonorrhea","2012","Arizona","04","20-24","All races/ethnicities","Female","987","428.2","230,481"
"Gonorrhea","2012","Arizona","04","15-19","All races/ethnicities","Female","809","368.9","219,280"
"Gonorrhea","2011","Arizona","04","20-24","All races/ethnicities","Female","803","360.4","222,818"
"Gonorrhea","2011","Arizona","04","15-19","All races/ethnicities","Female","684","310.8","220,110"
"Gonorrhea","2010","Arizona","04","20-24","All races/ethnicities","Female","544","253.1","214,922"
"Gonorrhea","2010","Arizona","04","15-19","All races/ethnicities","Female","524","234.6","223,350"
"Gonorrhea","2009","Arizona","04","20-24","All races/ethnicities","Female","520","251.5","206,779"
"Gonorrhea","2009","Arizona","04","15-19","All races/ethnicities","Female","453","212.2","213,496"
"Gonorrhea","2008","Arizona","04","20-24","All races/ethnicities","Female","548","267.1","205,142"
"Gonorrhea","2008","Arizona","04","15-19","All races/ethnicities","Female","468","220.6","212,148"
"Gonorrhea","2007","Arizona","04","20-24","All races/ethnicities","Female","739","366.6","201,609"
"Gonorrhea","2007","Arizona","04","15-19","All races/ethnicities","Female","710","340.8","208,360"
"Gonorrhea","2006","Arizona","04","20-24","All races/ethnicities","Female","893","449.1","198,846"
"Gonorrhea","2006","Arizona","04","15-19","All races/ethnicities","Female","804","395.8","203,141"
"Gonorrhea","2005","Arizona","04","20-24","All races/ethnicities","Female","744","376.9","197,424"
"Gonorrhea","2005","Arizona","04","15-19","All races/ethnicities","Female","721","366.8","196,551"
"Gonorrhea","2004","Arizona","04","20-24","All races/ethnicities","Female","602","306.1","196,685"
"Gonorrhea","2004","Arizona","04","15-19","All races/ethnicities","Female","530","280.1","189,186"
"Gonorrhea","2003","Arizona","04","20-24","All races/ethnicities","Female","539","276.4","195,012"
"Gonorrhea","2003","Arizona","04","15-19","All races/ethnicities","Female","503","273.9","183,660"
"Gonorrhea","2002","Arizona","04","20-24","All races/ethnicities","Female","531","276.9","191,754"
"Gonorrhea","2002","Arizona","04","15-19","All races/ethnicities","Female","469","261.3","179,498"
"Gonorrhea","2001","Arizona","04","20-24","All races/ethnicities","Female","563","304.5","184,873"
"Gonorrhea","2001","Arizona","04","15-19","All races/ethnicities","Female","535","301.7","177,337"
"Gonorrhea","2000","Arizona","04","20-24","All races/ethnicities","Female","499","287.0","173,843"
"Gonorrhea","2000","Arizona","04","15-19","All races/ethnicities","Female","572","321.0","178,213"
"Chlamydia","2019","Arizona","04","20-24","All races/ethnicities","Female","10,653","4458.5","238,938"
"Chlamydia","2019","Arizona","04","15-19","All races/ethnicities","Female","7,207","3086.6","233,494"
"Chlamydia","2018","Arizona","04","20-24","All races/ethnicities","Female","10,176","4313.8","235,895"
"Chlamydia","2018","Arizona","04","15-19","All races/ethnicities","Female","7,048","3048.2","231,219"
"Chlamydia","2017","Arizona","04","20-24","All races/ethnicities","Female","10,139","4342.9","233,459"
"Chlamydia","2017","Arizona","04","15-19","All races/ethnicities","Female","7,071","3087.2","229,046"
"Chlamydia","2016","Arizona","04","20-24","All races/ethnicities","Female","9,113","3885.0","234,570"
"Chlamydia","2016","Arizona","04","15-19","All races/ethnicities","Female","6,434","2817.8","228,336"
"Chlamydia","2015","Arizona","04","20-24","All races/ethnicities","Female","8,908","3773.8","236,050"
"Chlamydia","2015","Arizona","04","15-19","All races/ethnicities","Female","5,966","2652.4","224,929"
"Chlamydia","2014","Arizona","04","20-24","All races/ethnicities","Female","9,011","3793.8","237,521"
"Chlamydia","2014","Arizona","04","15-19","All races/ethnicities","Female","6,079","2741.6","221,733"
"Chlamydia","2013","Arizona","04","20-24","All races/ethnicities","Female","8,711","3710.2","234,784"
"Chlamydia","2013","Arizona","04","15-19","All races/ethnicities","Female","6,430","2930.3","219,431"
"Chlamydia","2012","Arizona","04","20-24","All races/ethnicities","Female","8,549","3709.2","230,481"
"Chlamydia","2012","Arizona","04","15-19","All races/ethnicities","Female","6,859","3128.0","219,280"
"Chlamydia","2011","Arizona","04","20-24","All races/ethnicities","Female","8,103","3636.6","222,818"
"Chlamydia","2011","Arizona","04","15-19","All races/ethnicities","Female","7,027","3192.5","220,110"
"Chlamydia","2010","Arizona","04","20-24","All races/ethnicities","Female","7,242","3369.6","214,922"
"Chlamydia","2010","Arizona","04","15-19","All races/ethnicities","Female","6,622","2964.9","223,350"
"Chlamydia","2009","Arizona","04","20-24","All races/ethnicities","Female","6,824","3300.1","206,779"
"Chlamydia","2009","Arizona","04","15-19","All races/ethnicities","Female","6,771","3171.5","213,496"
"Chlamydia","2008","Arizona","04","20-24","All races/ethnicities","Female","6,413","3126.1","205,142"
"Chlamydia","2008","Arizona","04","15-19","All races/ethnicities","Female","6,593","3107.7","212,148"
"Chlamydia","2007","Arizona","04","20-24","All races/ethnicities","Female","6,416","3182.4","201,609"
"Chlamydia","2007","Arizona","04","15-19","All races/ethnicities","Female","6,598","3166.6","208,360"
"Chlamydia","2006","Arizona","04","20-24","All races/ethnicities","Female","6,749","3394.1","198,846"
"Chlamydia","2006","Arizona","04","15-19","All races/ethnicities","Female","6,188","3046.2","203,141"
"Chlamydia","2005","Arizona","04","20-24","All races/ethnicities","Female","5,934","3005.7","197,424"
"Chlamydia","2005","Arizona","04","15-19","All races/ethnicities","Female","5,452","2773.8","196,551"
"Chlamydia","2004","Arizona","04","20-24","All races/ethnicities","Female","4,708","2393.7","196,685"
"Chlamydia","2004","Arizona","04","15-19","All races/ethnicities","Female","4,375","2312.5","189,186"
"Chlamydia","2003","Arizona","04","20-24","All races/ethnicities","Female","3,738","1916.8","195,012"
"Chlamydia","2003","Arizona","04","15-19","All races/ethnicities","Female","3,477","1893.2","183,660"
"Chlamydia","2002","Arizona","04","20-24","All races/ethnicities","Female","4,279","2231.5","191,754"
"Chlamydia","2002","Arizona","04","15-19","All races/ethnicities","Female","4,029","2244.6","179,498"
"Chlamydia","2001","Arizona","04","20-24","All races/ethnicities","Female","4,027","2178.3","184,873"
"Chlamydia","2001","Arizona","04","15-19","All races/ethnicities","Female","4,048","2282.7","177,337"
"Chlamydia","2000","Arizona","04","20-24","All races/ethnicities","Female","3,539","2035.7","173,843"
"Chlamydia","2000","Arizona","04","15-19","All races/ethnicities","Female","3,762","2111.0","178,213"
"Gonorrhea","2019","Arkansas","05","20-24","All races/ethnicities","Female","1,126","1142.7","98,538"
"Gonorrhea","2019","Arkansas","05","15-19","All races/ethnicities","Female","940","977.4","96,172"
"Gonorrhea","2018","Arkansas","05","20-24","All races/ethnicities","Female","1,256","1271.9","98,752"
"Gonorrhea","2018","Arkansas","05","15-19","All races/ethnicities","Female","987","1024.5","96,342"
"Gonorrhea","2017","Arkansas","05","20-24","All races/ethnicities","Female","1,091","1099.5","99,228"
"Gonorrhea","2017","Arkansas","05","15-19","All races/ethnicities","Female","1,012","1045.7","96,778"
"Gonorrhea","2016","Arkansas","05","20-24","All races/ethnicities","Female","1,021","1016.8","100,410"
"Gonorrhea","2016","Arkansas","05","15-19","All races/ethnicities","Female","845","870.0","97,122"
"Gonorrhea","2015","Arkansas","05","20-24","All races/ethnicities","Female","907","885.7","102,401"
"Gonorrhea","2015","Arkansas","05","15-19","All races/ethnicities","Female","723","746.3","96,877"
"Gonorrhea","2014","Arkansas","05","20-24","All races/ethnicities","Female","953","910.0","104,722"
"Gonorrhea","2014","Arkansas","05","15-19","All races/ethnicities","Female","753","781.9","96,305"
"Gonorrhea","2013","Arkansas","05","20-24","All races/ethnicities","Female","863","821.5","105,049"
"Gonorrhea","2013","Arkansas","05","15-19","All races/ethnicities","Female","685","711.2","96,316"
"Gonorrhea","2012","Arkansas","05","20-24","All races/ethnicities","Female","871","833.4","104,511"
"Gonorrhea","2012","Arkansas","05","15-19","All races/ethnicities","Female","887","919.1","96,505"
"Gonorrhea","2011","Arkansas","05","20-24","All races/ethnicities","Female","963","936.1","102,872"
"Gonorrhea","2011","Arkansas","05","15-19","All races/ethnicities","Female","1,002","1027.4","97,532"
"Gonorrhea","2010","Arkansas","05","20-24","All races/ethnicities","Female","1,011","1013.4","99,766"
"Gonorrhea","2010","Arkansas","05","15-19","All races/ethnicities","Female","1,053","1060.9","99,253"
"Gonorrhea","2009","Arkansas","05","20-24","All races/ethnicities","Female","911","972.2","93,707"
"Gonorrhea","2009","Arkansas","05","15-19","All races/ethnicities","Female","1,033","1064.8","97,012"
"Gonorrhea","2008","Arkansas","05","20-24","All races/ethnicities","Female","854","914.1","93,426"
"Gonorrhea","2008","Arkansas","05","15-19","All races/ethnicities","Female","971","996.5","97,438"
"Gonorrhea","2007","Arkansas","05","20-24","All races/ethnicities","Female","756","811.4","93,175"
"Gonorrhea","2007","Arkansas","05","15-19","All races/ethnicities","Female","930","960.5","96,829"
"Gonorrhea","2006","Arkansas","05","20-24","All races/ethnicities","Female","745","793.6","93,873"
"Gonorrhea","2006","Arkansas","05","15-19","All races/ethnicities","Female","859","892.4","96,256"
"Gonorrhea","2005","Arkansas","05","20-24","All races/ethnicities","Female","799","841.6","94,936"
"Gonorrhea","2005","Arkansas","05","15-19","All races/ethnicities","Female","844","889.8","94,857"
"Gonorrhea","2004","Arkansas","05","20-24","All races/ethnicities","Female","720","749.1","96,116"
"Gonorrhea","2004","Arkansas","05","15-19","All races/ethnicities","Female","737","787.0","93,649"
"Gonorrhea","2003","Arkansas","05","20-24","All races/ethnicities","Female","751","778.2","96,509"
"Gonorrhea","2003","Arkansas","05","15-19","All races/ethnicities","Female","758","811.5","93,409"
"Gonorrhea","2002","Arkansas","05","20-24","All races/ethnicities","Female","842","874.9","96,238"
"Gonorrhea","2002","Arkansas","05","15-19","All races/ethnicities","Female","911","974.5","93,488"
"Gonorrhea","2001","Arkansas","05","20-24","All races/ethnicities","Female","811","861.6","94,132"
"Gonorrhea","2001","Arkansas","05","15-19","All races/ethnicities","Female","891","942.5","94,534"
"Gonorrhea","2000","Arkansas","05","20-24","All races/ethnicities","Female","657","725.2","90,600"
"Gonorrhea","2000","Arkansas","05","15-19","All races/ethnicities","Female","719","742.8","96,796"
"Chlamydia","2019","Arkansas","05","20-24","All races/ethnicities","Female","4,675","4744.4","98,538"
"Chlamydia","2019","Arkansas","05","15-19","All races/ethnicities","Female","4,026","4186.2","96,172"
"Chlamydia","2018","Arkansas","05","20-24","All races/ethnicities","Female","4,812","4872.8","98,752"
"Chlamydia","2018","Arkansas","05","15-19","All races/ethnicities","Female","4,252","4413.4","96,342"
"Chlamydia","2017","Arkansas","05","20-24","All races/ethnicities","Female","4,646","4682.1","99,228"
"Chlamydia","2017","Arkansas","05","15-19","All races/ethnicities","Female","4,350","4494.8","96,778"
"Chlamydia","2016","Arkansas","05","20-24","All races/ethnicities","Female","4,649","4630.0","100,410"
"Chlamydia","2016","Arkansas","05","15-19","All races/ethnicities","Female","4,241","4366.7","97,122"
"Chlamydia","2015","Arkansas","05","20-24","All races/ethnicities","Female","4,666","4556.6","102,401"
"Chlamydia","2015","Arkansas","05","15-19","All races/ethnicities","Female","4,113","4245.6","96,877"
"Chlamydia","2014","Arkansas","05","20-24","All races/ethnicities","Female","4,602","4394.5","104,722"
"Chlamydia","2014","Arkansas","05","15-19","All races/ethnicities","Female","4,009","4162.8","96,305"
"Chlamydia","2013","Arkansas","05","20-24","All races/ethnicities","Female","4,500","4283.7","105,049"
"Chlamydia","2013","Arkansas","05","15-19","All races/ethnicities","Female","4,102","4258.9","96,316"
"Chlamydia","2012","Arkansas","05","20-24","All races/ethnicities","Female","4,662","4460.8","104,511"
"Chlamydia","2012","Arkansas","05","15-19","All races/ethnicities","Female","4,908","5085.7","96,505"
"Chlamydia","2011","Arkansas","05","20-24","All races/ethnicities","Female","4,404","4281.0","102,872"
"Chlamydia","2011","Arkansas","05","15-19","All races/ethnicities","Female","4,873","4996.3","97,532"
"Chlamydia","2010","Arkansas","05","20-24","All races/ethnicities","Female","4,209","4218.9","99,766"
"Chlamydia","2010","Arkansas","05","15-19","All races/ethnicities","Female","4,645","4680.0","99,253"
"Chlamydia","2009","Arkansas","05","20-24","All races/ethnicities","Female","3,847","4105.3","93,707"
"Chlamydia","2009","Arkansas","05","15-19","All races/ethnicities","Female","4,567","4707.7","97,012"
"Chlamydia","2008","Arkansas","05","20-24","All races/ethnicities","Female","3,864","4135.9","93,426"
"Chlamydia","2008","Arkansas","05","15-19","All races/ethnicities","Female","4,472","4589.6","97,438"
"Chlamydia","2007","Arkansas","05","20-24","All races/ethnicities","Female","2,891","3102.8","93,175"
"Chlamydia","2007","Arkansas","05","15-19","All races/ethnicities","Female","3,300","3408.1","96,829"
"Chlamydia","2006","Arkansas","05","20-24","All races/ethnicities","Female","2,370","2524.7","93,873"
"Chlamydia","2006","Arkansas","05","15-19","All races/ethnicities","Female","2,874","2985.8","96,256"
"Chlamydia","2005","Arkansas","05","20-24","All races/ethnicities","Female","2,450","2580.7","94,936"
"Chlamydia","2005","Arkansas","05","15-19","All races/ethnicities","Female","2,960","3120.5","94,857"
"Chlamydia","2004","Arkansas","05","20-24","All races/ethnicities","Female","2,440","2538.6","96,116"
"Chlamydia","2004","Arkansas","05","15-19","All races/ethnicities","Female","2,642","2821.2","93,649"
"Chlamydia","2003","Arkansas","05","20-24","All races/ethnicities","Female","2,386","2472.3","96,509"
"Chlamydia","2003","Arkansas","05","15-19","All races/ethnicities","Female","2,704","2894.8","93,409"
"Chlamydia","2002","Arkansas","05","20-24","All races/ethnicities","Female","2,090","2171.7","96,238"
"Chlamydia","2002","Arkansas","05","15-19","All races/ethnicities","Female","2,541","2718.0","93,488"
"Chlamydia","2001","Arkansas","05","20-24","All races/ethnicities","Female","2,110","2241.5","94,132"
"Chlamydia","2001","Arkansas","05","15-19","All races/ethnicities","Female","2,571","2719.7","94,534"
"Chlamydia","2000","Arkansas","05","20-24","All races/ethnicities","Female","1,840","2030.9","90,600"
"Chlamydia","2000","Arkansas","05","15-19","All races/ethnicities","Female","2,232","2305.9","96,796"
"Gonorrhea","2019","California","06","20-24","All races/ethnicities","Female","7,588","589.3","1,287,528"
"Gonorrhea","2019","California","06","15-19","All races/ethnicities","Female","4,148","334.1","1,241,516"
"Gonorrhea","2018","California","06","20-24","All races/ethnicities","Female","7,443","568.0","1,310,358"
"Gonorrhea","2018","California","06","15-19","All races/ethnicities","Female","4,141","332.8","1,244,472"
"Gonorrhea","2017","California","06","20-24","All races/ethnicities","Female","7,092","532.5","1,331,790"
"Gonorrhea","2017","California","06","15-19","All races/ethnicities","Female","4,252","340.1","1,250,240"
"Gonorrhea","2016","California","06","20-24","All races/ethnicities","Female","6,376","470.5","1,355,033"
"Gonorrhea","2016","California","06","15-19","All races/ethnicities","Female","3,611","286.3","1,261,346"
"Gonorrhea","2015","California","06","20-24","All races/ethnicities","Female","5,802","418.7","1,385,658"
"Gonorrhea","2015","California","06","15-19","All races/ethnicities","Female","3,601","283.6","1,269,864"
"Gonorrhea","2014","California","06","20-24","All races/ethnicities","Female","5,192","369.0","1,407,152"
"Gonorrhea","2014","California","06","15-19","All races/ethnicities","Female","3,308","258.7","1,278,760"
"Gonorrhea","2013","California","06","20-24","All races/ethnicities","Female","4,657","330.1","1,410,744"
"Gonorrhea","2013","California","06","15-19","All races/ethnicities","Female","3,150","243.1","1,295,743"
"Gonorrhea","2012","California","06","20-24","All races/ethnicities","Female","4,617","328.8","1,404,133"
"Gonorrhea","2012","California","06","15-19","All races/ethnicities","Female","3,092","235.5","1,312,758"
"Gonorrhea","2011","California","06","20-24","All races/ethnicities","Female","3,704","268.8","1,378,097"
"Gonorrhea","2011","California","06","15-19","All races/ethnicities","Female","3,133","235.1","1,332,572"
"Gonorrhea","2010","California","06","20-24","All races/ethnicities","Female","3,570","267.1","1,336,469"
"Gonorrhea","2010","California","06","15-19","All races/ethnicities","Female","3,256","239.1","1,361,715"
"Gonorrhea","2009","California","06","20-24","All races/ethnicities","Female","3,204","253.8","1,262,545"
"Gonorrhea","2009","California","06","15-19","All races/ethnicities","Female","3,016","230.6","1,307,755"
"Gonorrhea","2008","California","06","20-24","All races/ethnicities","Female","3,666","294.3","1,245,754"
"Gonorrhea","2008","California","06","15-19","All races/ethnicities","Female","3,891","297.1","1,309,443"
"Gonorrhea","2007","California","06","20-24","All races/ethnicities","Female","4,553","368.8","1,234,420"
"Gonorrhea","2007","California","06","15-19","All races/ethnicities","Female","4,866","373.9","1,301,507"
"Gonorrhea","2006","California","06","20-24","All races/ethnicities","Female","4,979","403.9","1,232,867"
"Gonorrhea","2006","California","06","15-19","All races/ethnicities","Female","4,990","389.0","1,282,638"
"Gonorrhea","2005","California","06","20-24","All races/ethnicities","Female","5,053","407.5","1,240,069"
"Gonorrhea","2005","California","06","15-19","All races/ethnicities","Female","5,076","403.1","1,259,183"
"Gonorrhea","2004","California","06","20-24","All races/ethnicities","Female","4,263","342.4","1,244,864"
"Gonorrhea","2004","California","06","15-19","All races/ethnicities","Female","4,273","346.3","1,233,890"
"Gonorrhea","2003","California","06","20-24","All races/ethnicities","Female","3,691","298.0","1,238,448"
"Gonorrhea","2003","California","06","15-19","All races/ethnicities","Female","3,807","314.2","1,211,697"
"Gonorrhea","2002","California","06","20-24","All races/ethnicities","Female","3,339","274.1","1,217,963"
"Gonorrhea","2002","California","06","15-19","All races/ethnicities","Female","3,646","305.3","1,194,207"
"Gonorrhea","2001","California","06","20-24","All races/ethnicities","Female","3,211","270.2","1,188,527"
"Gonorrhea","2001","California","06","15-19","All races/ethnicities","Female","3,622","305.8","1,184,389"
"Gonorrhea","2000","California","06","20-24","All races/ethnicities","Female","2,904","254.0","1,143,426"
"Gonorrhea","2000","California","06","15-19","All races/ethnicities","Female","3,290","278.6","1,180,960"
"Chlamydia","2019","California","06","20-24","All races/ethnicities","Female","54,911","4264.8","1,287,528"
"Chlamydia","2019","California","06","15-19","All races/ethnicities","Female","31,608","2545.9","1,241,516"
"Chlamydia","2018","California","06","20-24","All races/ethnicities","Female","55,052","4201.3","1,310,358"
"Chlamydia","2018","California","06","15-19","All races/ethnicities","Female","32,404","2603.8","1,244,472"
"Chlamydia","2017","California","06","20-24","All races/ethnicities","Female","52,540","3945.1","1,331,790"
"Chlamydia","2017","California","06","15-19","All races/ethnicities","Female","31,349","2507.4","1,250,240"
"Chlamydia","2016","California","06","20-24","All races/ethnicities","Female","48,697","3593.8","1,355,033"
"Chlamydia","2016","California","06","15-19","All races/ethnicities","Female","28,672","2273.1","1,261,346"
"Chlamydia","2015","California","06","20-24","All races/ethnicities","Female","48,822","3523.4","1,385,658"
"Chlamydia","2015","California","06","15-19","All races/ethnicities","Female","28,047","2208.7","1,269,864"
"Chlamydia","2014","California","06","20-24","All races/ethnicities","Female","46,885","3331.9","1,407,152"
"Chlamydia","2014","California","06","15-19","All races/ethnicities","Female","27,644","2161.8","1,278,760"
"Chlamydia","2013","California","06","20-24","All races/ethnicities","Female","45,395","3217.8","1,410,744"
"Chlamydia","2013","California","06","15-19","All races/ethnicities","Female","29,443","2272.3","1,295,743"
"Chlamydia","2012","California","06","20-24","All races/ethnicities","Female","46,425","3306.3","1,404,133"
"Chlamydia","2012","California","06","15-19","All races/ethnicities","Female","31,669","2412.4","1,312,758"
"Chlamydia","2011","California","06","20-24","All races/ethnicities","Female","45,855","3327.4","1,378,097"
"Chlamydia","2011","California","06","15-19","All races/ethnicities","Female","34,247","2570.0","1,332,572"
"Chlamydia","2010","California","06","20-24","All races/ethnicities","Female","39,824","2979.8","1,336,469"
"Chlamydia","2010","California","06","15-19","All races/ethnicities","Female","32,284","2370.8","1,361,715"
"Chlamydia","2009","California","06","20-24","All races/ethnicities","Female","37,889","3001.0","1,262,545"
"Chlamydia","2009","California","06","15-19","All races/ethnicities","Female","33,258","2543.1","1,307,755"
"Chlamydia","2008","California","06","20-24","All races/ethnicities","Female","38,321","3076.1","1,245,754"
"Chlamydia","2008","California","06","15-19","All races/ethnicities","Female","34,494","2634.2","1,309,443"
"Chlamydia","2007","California","06","20-24","All races/ethnicities","Female","36,690","2972.2","1,234,420"
"Chlamydia","2007","California","06","15-19","All races/ethnicities","Female","33,034","2538.1","1,301,507"
"Chlamydia","2006","California","06","20-24","All races/ethnicities","Female","35,285","2862.0","1,232,867"
"Chlamydia","2006","California","06","15-19","All races/ethnicities","Female","31,752","2475.5","1,282,638"
"Chlamydia","2005","California","06","20-24","All races/ethnicities","Female","34,172","2755.7","1,240,069"
"Chlamydia","2005","California","06","15-19","All races/ethnicities","Female","30,865","2451.2","1,259,183"
"Chlamydia","2004","California","06","20-24","All races/ethnicities","Female","31,952","2566.7","1,244,864"
"Chlamydia","2004","California","06","15-19","All races/ethnicities","Female","29,008","2350.9","1,233,890"
"Chlamydia","2003","California","06","20-24","All races/ethnicities","Female","31,291","2526.6","1,238,448"
"Chlamydia","2003","California","06","15-19","All races/ethnicities","Female","28,280","2333.9","1,211,697"
"Chlamydia","2002","California","06","20-24","All races/ethnicities","Female","28,605","2348.6","1,217,963"
"Chlamydia","2002","California","06","15-19","All races/ethnicities","Female","26,934","2255.4","1,194,207"
"Chlamydia","2001","California","06","20-24","All races/ethnicities","Female","26,802","2255.1","1,188,527"
"Chlamydia","2001","California","06","15-19","All races/ethnicities","Female","25,826","2180.5","1,184,389"
"Chlamydia","2000","California","06","20-24","All races/ethnicities","Female","24,467","2139.8","1,143,426"
"Chlamydia","2000","California","06","15-19","All races/ethnicities","Female","25,101","2125.5","1,180,960"
"Gonorrhea","2019","Colorado","08","20-24","All races/ethnicities","Female","1,037","576.9","179,754"
"Gonorrhea","2019","Colorado","08","15-19","All races/ethnicities","Female","933","526.4","177,225"
"Gonorrhea","2018","Colorado","08","20-24","All races/ethnicities","Female","989","551.4","179,366"
"Gonorrhea","2018","Colorado","08","15-19","All races/ethnicities","Female","740","421.7","175,465"
"Gonorrhea","2017","Colorado","08","20-24","All races/ethnicities","Female","1,020","569.7","179,053"
"Gonorrhea","2017","Colorado","08","15-19","All races/ethnicities","Female","753","435.9","172,760"
"Gonorrhea","2016","Colorado","08","20-24","All races/ethnicities","Female","689","383.1","179,842"
"Gonorrhea","2016","Colorado","08","15-19","All races/ethnicities","Female","576","336.4","171,235"
"Gonorrhea","2015","Colorado","08","20-24","All races/ethnicities","Female","592","329.3","179,771"
"Gonorrhea","2015","Colorado","08","15-19","All races/ethnicities","Female","434","258.2","168,118"
"Gonorrhea","2014","Colorado","08","20-24","All races/ethnicities","Female","482","269.7","178,692"
"Gonorrhea","2014","Colorado","08","15-19","All races/ethnicities","Female","282","170.5","165,403"
"Gonorrhea","2013","Colorado","08","20-24","All races/ethnicities","Female","472","266.9","176,858"
"Gonorrhea","2013","Colorado","08","15-19","All races/ethnicities","Female","318","193.9","164,003"
"Gonorrhea","2012","Colorado","08","20-24","All races/ethnicities","Female","494","283.9","174,008"
"Gonorrhea","2012","Colorado","08","15-19","All races/ethnicities","Female","422","257.7","163,766"
"Gonorrhea","2011","Colorado","08","20-24","All races/ethnicities","Female","462","270.2","170,962"
"Gonorrhea","2011","Colorado","08","15-19","All races/ethnicities","Female","401","244.4","164,072"
"Gonorrhea","2010","Colorado","08","20-24","All races/ethnicities","Female","577","344.1","167,682"
"Gonorrhea","2010","Colorado","08","15-19","All races/ethnicities","Female","499","304.6","163,836"
"Gonorrhea","2009","Colorado","08","20-24","All races/ethnicities","Female","531","309.1","171,770"
"Gonorrhea","2009","Colorado","08","15-19","All races/ethnicities","Female","513","320.5","160,085"
"Gonorrhea","2008","Colorado","08","20-24","All races/ethnicities","Female","627","369.8","169,556"
"Gonorrhea","2008","Colorado","08","15-19","All races/ethnicities","Female","652","407.4","160,026"
"Gonorrhea","2007","Colorado","08","20-24","All races/ethnicities","Female","605","360.2","167,944"
"Gonorrhea","2007","Colorado","08","15-19","All races/ethnicities","Female","571","359.7","158,726"
"Gonorrhea","2006","Colorado","08","20-24","All races/ethnicities","Female","653","387.9","168,363"
"Gonorrhea","2006","Colorado","08","15-19","All races/ethnicities","Female","580","368.1","157,559"
"Gonorrhea","2005","Colorado","08","20-24","All races/ethnicities","Female","546","330.0","165,459"
"Gonorrhea","2005","Colorado","08","15-19","All races/ethnicities","Female","494","316.2","156,242"
"Gonorrhea","2004","Colorado","08","20-24","All races/ethnicities","Female","543","331.3","163,919"
"Gonorrhea","2004","Colorado","08","15-19","All races/ethnicities","Female","465","301.1","154,458"
"Gonorrhea","2003","Colorado","08","20-24","All races/ethnicities","Female","522","322.4","161,905"
"Gonorrhea","2003","Colorado","08","15-19","All races/ethnicities","Female","485","314.5","154,232"
"Gonorrhea","2002","Colorado","08","20-24","All races/ethnicities","Female","528","331.0","159,519"
"Gonorrhea","2002","Colorado","08","15-19","All races/ethnicities","Female","519","337.8","153,657"
"Gonorrhea","2001","Colorado","08","20-24","All races/ethnicities","Female","505","329.2","153,418"
"Gonorrhea","2001","Colorado","08","15-19","All races/ethnicities","Female","563","369.9","152,204"
"Gonorrhea","2000","Colorado","08","20-24","All races/ethnicities","Female","457","314.8","145,194"
"Gonorrhea","2000","Colorado","08","15-19","All races/ethnicities","Female","532","359.1","148,164"
"Chlamydia","2019","Colorado","08","20-24","All races/ethnicities","Female","6,818","3793.0","179,754"
"Chlamydia","2019","Colorado","08","15-19","All races/ethnicities","Female","5,757","3248.4","177,225"
"Chlamydia","2018","Colorado","08","20-24","All races/ethnicities","Female","6,692","3730.9","179,366"
"Chlamydia","2018","Colorado","08","15-19","All races/ethnicities","Female","5,682","3238.3","175,465"
"Chlamydia","2017","Colorado","08","20-24","All races/ethnicities","Female","6,454","3604.5","179,053"
"Chlamydia","2017","Colorado","08","15-19","All races/ethnicities","Female","5,165","2989.7","172,760"
"Chlamydia","2016","Colorado","08","20-24","All races/ethnicities","Female","6,514","3622.1","179,842"
"Chlamydia","2016","Colorado","08","15-19","All races/ethnicities","Female","4,774","2788.0","171,235"
"Chlamydia","2015","Colorado","08","20-24","All races/ethnicities","Female","6,366","3541.2","179,771"
"Chlamydia","2015","Colorado","08","15-19","All races/ethnicities","Female","4,592","2731.4","168,118"
"Chlamydia","2014","Colorado","08","20-24","All races/ethnicities","Female","6,004","3360.0","178,692"
"Chlamydia","2014","Colorado","08","15-19","All races/ethnicities","Female","4,367","2640.2","165,403"
"Chlamydia","2013","Colorado","08","20-24","All races/ethnicities","Female","5,786","3271.6","176,858"
"Chlamydia","2013","Colorado","08","15-19","All races/ethnicities","Female","4,351","2653.0","164,003"
"Chlamydia","2012","Colorado","08","20-24","All races/ethnicities","Female","6,107","3509.6","174,008"
"Chlamydia","2012","Colorado","08","15-19","All races/ethnicities","Female","4,988","3045.8","163,766"
"Chlamydia","2011","Colorado","08","20-24","All races/ethnicities","Female","6,108","3572.7","170,962"
"Chlamydia","2011","Colorado","08","15-19","All races/ethnicities","Female","5,287","3222.4","164,072"
"Chlamydia","2010","Colorado","08","20-24","All races/ethnicities","Female","5,434","3240.7","167,682"
"Chlamydia","2010","Colorado","08","15-19","All races/ethnicities","Female","4,894","2987.1","163,836"
"Chlamydia","2009","Colorado","08","20-24","All races/ethnicities","Female","5,512","3208.9","171,770"
"Chlamydia","2009","Colorado","08","15-19","All races/ethnicities","Female","5,197","3246.4","160,085"
"Chlamydia","2008","Colorado","08","20-24","All races/ethnicities","Female","5,086","2999.6","169,556"
"Chlamydia","2008","Colorado","08","15-19","All races/ethnicities","Female","4,987","3116.4","160,026"
"Chlamydia","2007","Colorado","08","20-24","All races/ethnicities","Female","4,660","2774.7","167,944"
"Chlamydia","2007","Colorado","08","15-19","All races/ethnicities","Female","4,437","2795.4","158,726"
"Chlamydia","2006","Colorado","08","20-24","All races/ethnicities","Female","4,618","2742.9","168,363"
"Chlamydia","2006","Colorado","08","15-19","All races/ethnicities","Female","3,943","2502.6","157,559"
"Chlamydia","2005","Colorado","08","20-24","All races/ethnicities","Female","4,187","2530.5","165,459"
"Chlamydia","2005","Colorado","08","15-19","All races/ethnicities","Female","3,974","2543.5","156,242"
"Chlamydia","2004","Colorado","08","20-24","All races/ethnicities","Female","3,809","2323.7","163,919"
"Chlamydia","2004","Colorado","08","15-19","All races/ethnicities","Female","3,617","2341.7","154,458"
"Chlamydia","2003","Colorado","08","20-24","All races/ethnicities","Female","3,786","2338.4","161,905"
"Chlamydia","2003","Colorado","08","15-19","All races/ethnicities","Female","3,461","2244.0","154,232"
"Chlamydia","2002","Colorado","08","20-24","All races/ethnicities","Female","3,842","2408.5","159,519"
"Chlamydia","2002","Colorado","08","15-19","All races/ethnicities","Female","3,922","2552.4","153,657"
"Chlamydia","2001","Colorado","08","20-24","All races/ethnicities","Female","3,681","2399.3","153,418"
"Chlamydia","2001","Colorado","08","15-19","All races/ethnicities","Female","3,722","2445.4","152,204"
"Chlamydia","2000","Colorado","08","20-24","All races/ethnicities","Female","2,327","1602.7","145,194"
"Chlamydia","2000","Colorado","08","15-19","All races/ethnicities","Female","2,582","1742.7","148,164"
"Gonorrhea","2019","Connecticut","09","20-24","All races/ethnicities","Female","592","506.7","116,828"
"Gonorrhea","2019","Connecticut","09","15-19","All races/ethnicities","Female","410","349.6","117,276"
"Gonorrhea","2018","Connecticut","09","20-24","All races/ethnicities","Female","571","484.5","117,862"
"Gonorrhea","2018","Connecticut","09","15-19","All races/ethnicities","Female","490","413.4","118,542"
"Gonorrhea","2017","Connecticut","09","20-24","All races/ethnicities","Female","504","423.3","119,051"
"Gonorrhea","2017","Connecticut","09","15-19","All races/ethnicities","Female","378","315.7","119,740"
"Gonorrhea","2016","Connecticut","09","20-24","All races/ethnicities","Female","353","296.2","119,173"
"Gonorrhea","2016","Connecticut","09","15-19","All races/ethnicities","Female","249","205.5","121,150"
"Gonorrhea","2015","Connecticut","09","20-24","All races/ethnicities","Female","263","221.8","118,596"
"Gonorrhea","2015","Connecticut","09","15-19","All races/ethnicities","Female","170","139.1","122,239"
"Gonorrhea","2014","Connecticut","09","20-24","All races/ethnicities","Female","380","324.7","117,025"
"Gonorrhea","2014","Connecticut","09","15-19","All races/ethnicities","Female","234","189.7","123,322"
"Gonorrhea","2013","Connecticut","09","20-24","All races/ethnicities","Female","502","440.2","114,051"
"Gonorrhea","2013","Connecticut","09","15-19","All races/ethnicities","Female","322","259.0","124,336"
"Gonorrhea","2012","Connecticut","09","20-24","All races/ethnicities","Female","429","383.7","111,797"
"Gonorrhea","2012","Connecticut","09","15-19","All races/ethnicities","Female","335","266.2","125,841"
"Gonorrhea","2011","Connecticut","09","20-24","All races/ethnicities","Female","492","443.6","110,909"
"Gonorrhea","2011","Connecticut","09","15-19","All races/ethnicities","Female","430","342.5","125,543"
"Gonorrhea","2010","Connecticut","09","20-24","All races/ethnicities","Female","569","511.2","111,306"
"Gonorrhea","2010","Connecticut","09","15-19","All races/ethnicities","Female","437","354.0","123,450"
"Gonorrhea","2009","Connecticut","09","20-24","All races/ethnicities","Female","539","474.8","113,530"
"Gonorrhea","2009","Connecticut","09","15-19","All races/ethnicities","Female","461","372.2","123,851"
"Gonorrhea","2008","Connecticut","09","20-24","All races/ethnicities","Female","552","500.7","110,244"
"Gonorrhea","2008","Connecticut","09","15-19","All races/ethnicities","Female","538","433.5","124,116"
"Gonorrhea","2007","Connecticut","09","20-24","All races/ethnicities","Female","443","406.6","108,956"
"Gonorrhea","2007","Connecticut","09","15-19","All races/ethnicities","Female","434","351.6","123,438"
"Gonorrhea","2006","Connecticut","09","20-24","All races/ethnicities","Female","494","461.0","107,157"
"Gonorrhea","2006","Connecticut","09","15-19","All races/ethnicities","Female","457","371.9","122,896"
"Gonorrhea","2005","Connecticut","09","20-24","All races/ethnicities","Female","518","497.6","104,091"
"Gonorrhea","2005","Connecticut","09","15-19","All races/ethnicities","Female","478","394.4","121,184"
"Gonorrhea","2004","Connecticut","09","20-24","All races/ethnicities","Female","565","559.2","101,031"
"Gonorrhea","2004","Connecticut","09","15-19","All races/ethnicities","Female","524","442.6","118,392"
"Gonorrhea","2003","Connecticut","09","20-24","All races/ethnicities","Female","610","617.7","98,750"
"Gonorrhea","2003","Connecticut","09","15-19","All races/ethnicities","Female","586","506.3","115,741"
"Gonorrhea","2002","Connecticut","09","20-24","All races/ethnicities","Female","596","621.6","95,887"
"Gonorrhea","2002","Connecticut","09","15-19","All races/ethnicities","Female","650","573.3","113,375"
"Gonorrhea","2001","Connecticut","09","20-24","All races/ethnicities","Female","453","481.9","94,007"
"Gonorrhea","2001","Connecticut","09","15-19","All races/ethnicities","Female","522","475.3","109,821"
"Gonorrhea","2000","Connecticut","09","20-24","All races/ethnicities","Female","527","565.9","93,123"
"Gonorrhea","2000","Connecticut","09","15-19","All races/ethnicities","Female","621","588.6","105,504"
"Chlamydia","2019","Connecticut","09","20-24","All races/ethnicities","Female","3,913","3349.4","116,828"
"Chlamydia","2019","Connecticut","09","15-19","All races/ethnicities","Female","3,017","2572.6","117,276"
"Chlamydia","2018","Connecticut","09","20-24","All races/ethnicities","Female","4,087","3467.6","117,862"
"Chlamydia","2018","Connecticut","09","15-19","All races/ethnicities","Female","3,498","2950.9","118,542"
"Chlamydia","2017","Connecticut","09","20-24","All races/ethnicities","Female","4,439","3728.7","119,051"
"Chlamydia","2017","Connecticut","09","15-19","All races/ethnicities","Female","3,525","2943.9","119,740"
"Chlamydia","2016","Connecticut","09","20-24","All races/ethnicities","Female","3,980","3339.7","119,173"
"Chlamydia","2016","Connecticut","09","15-19","All races/ethnicities","Female","2,524","2083.4","121,150"
"Chlamydia","2015","Connecticut","09","20-24","All races/ethnicities","Female","3,678","3101.3","118,596"
"Chlamydia","2015","Connecticut","09","15-19","All races/ethnicities","Female","2,510","2053.4","122,239"
"Chlamydia","2014","Connecticut","09","20-24","All races/ethnicities","Female","3,800","3247.2","117,025"
"Chlamydia","2014","Connecticut","09","15-19","All races/ethnicities","Female","2,782","2255.9","123,322"
"Chlamydia","2013","Connecticut","09","20-24","All races/ethnicities","Female","3,600","3156.5","114,051"
"Chlamydia","2013","Connecticut","09","15-19","All races/ethnicities","Female","2,936","2361.3","124,336"
"Chlamydia","2012","Connecticut","09","20-24","All races/ethnicities","Female","3,821","3417.8","111,797"
"Chlamydia","2012","Connecticut","09","15-19","All races/ethnicities","Female","3,005","2387.9","125,841"
"Chlamydia","2011","Connecticut","09","20-24","All races/ethnicities","Female","3,947","3558.8","110,909"
"Chlamydia","2011","Connecticut","09","15-19","All races/ethnicities","Female","3,385","2696.3","125,543"
"Chlamydia","2010","Connecticut","09","20-24","All races/ethnicities","Female","3,649","3278.3","111,306"
"Chlamydia","2010","Connecticut","09","15-19","All races/ethnicities","Female","3,176","2572.7","123,450"
"Chlamydia","2009","Connecticut","09","20-24","All races/ethnicities","Female","3,367","2965.7","113,530"
"Chlamydia","2009","Connecticut","09","15-19","All races/ethnicities","Female","3,233","2610.4","123,851"
"Chlamydia","2008","Connecticut","09","20-24","All races/ethnicities","Female","3,380","3065.9","110,244"
"Chlamydia","2008","Connecticut","09","15-19","All races/ethnicities","Female","3,439","2770.8","124,116"
"Chlamydia","2007","Connecticut","09","20-24","All races/ethnicities","Female","3,017","2769.0","108,956"
"Chlamydia","2007","Connecticut","09","15-19","All races/ethnicities","Female","3,321","2690.4","123,438"
"Chlamydia","2006","Connecticut","09","20-24","All races/ethnicities","Female","2,935","2739.0","107,157"
"Chlamydia","2006","Connecticut","09","15-19","All races/ethnicities","Female","3,023","2459.8","122,896"
"Chlamydia","2005","Connecticut","09","20-24","All races/ethnicities","Female","2,971","2854.2","104,091"
"Chlamydia","2005","Connecticut","09","15-19","All races/ethnicities","Female","3,059","2524.3","121,184"
"Chlamydia","2004","Connecticut","09","20-24","All races/ethnicities","Female","2,540","2514.1","101,031"
"Chlamydia","2004","Connecticut","09","15-19","All races/ethnicities","Female","2,813","2376.0","118,392"
"Chlamydia","2003","Connecticut","09","20-24","All races/ethnicities","Female","2,574","2606.6","98,750"
"Chlamydia","2003","Connecticut","09","15-19","All races/ethnicities","Female","2,749","2375.1","115,741"
"Chlamydia","2002","Connecticut","09","20-24","All races/ethnicities","Female","2,614","2726.1","95,887"
"Chlamydia","2002","Connecticut","09","15-19","All races/ethnicities","Female","2,893","2551.7","113,375"
"Chlamydia","2001","Connecticut","09","20-24","All races/ethnicities","Female","2,216","2357.3","94,007"
"Chlamydia","2001","Connecticut","09","15-19","All races/ethnicities","Female","2,461","2240.9","109,821"
"Chlamydia","2000","Connecticut","09","20-24","All races/ethnicities","Female","2,083","2236.8","93,123"
"Chlamydia","2000","Connecticut","09","15-19","All races/ethnicities","Female","2,602","2466.3","105,504"
"Gonorrhea","2019","Delaware","10","20-24","All races/ethnicities","Female","239","848.2","28,178"
"Gonorrhea","2019","Delaware","10","15-19","All races/ethnicities","Female","154","516.9","29,792"
"Gonorrhea","2018","Delaware","10","20-24","All races/ethnicities","Female","233","819.8","28,420"
"Gonorrhea","2018","Delaware","10","15-19","All races/ethnicities","Female","143","479.7","29,812"
"Gonorrhea","2017","Delaware","10","20-24","All races/ethnicities","Female","247","853.3","28,946"
"Gonorrhea","2017","Delaware","10","15-19","All races/ethnicities","Female","192","644.7","29,782"
"Gonorrhea","2016","Delaware","10","20-24","All races/ethnicities","Female","251","850.4","29,517"
"Gonorrhea","2016","Delaware","10","15-19","All races/ethnicities","Female","195","657.4","29,661"
"Gonorrhea","2015","Delaware","10","20-24","All races/ethnicities","Female","212","691.1","30,674"
"Gonorrhea","2015","Delaware","10","15-19","All races/ethnicities","Female","134","452.5","29,612"
"Gonorrhea","2014","Delaware","10","20-24","All races/ethnicities","Female","256","805.4","31,784"
"Gonorrhea","2014","Delaware","10","15-19","All races/ethnicities","Female","155","524.7","29,542"
"Gonorrhea","2013","Delaware","10","20-24","All races/ethnicities","Female","296","904.5","32,726"
"Gonorrhea","2013","Delaware","10","15-19","All races/ethnicities","Female","199","666.8","29,843"
"Gonorrhea","2012","Delaware","10","20-24","All races/ethnicities","Female","154","466.8","32,993"
"Gonorrhea","2012","Delaware","10","15-19","All races/ethnicities","Female","137","451.5","30,344"
"Gonorrhea","2011","Delaware","10","20-24","All races/ethnicities","Female","174","535.6","32,486"
"Gonorrhea","2011","Delaware","10","15-19","All races/ethnicities","Female","155","500.9","30,945"
"Gonorrhea","2010","Delaware","10","20-24","All races/ethnicities","Female","214","678.2","31,552"
"Gonorrhea","2010","Delaware","10","15-19","All races/ethnicities","Female","235","741.7","31,684"
"Gonorrhea","2009","Delaware","10","20-24","All races/ethnicities","Female","226","808.4","27,956"
"Gonorrhea","2009","Delaware","10","15-19","All races/ethnicities","Female","187","610.8","30,618"
"Gonorrhea","2008","Delaware","10","20-24","All races/ethnicities","Female","196","708.9","27,649"
"Gonorrhea","2008","Delaware","10","15-19","All races/ethnicities","Female","207","673.2","30,749"
"Gonorrhea","2007","Delaware","10","20-24","All races/ethnicities","Female","238","869.2","27,383"
"Gonorrhea","2007","Delaware","10","15-19","All races/ethnicities","Female","228","752.7","30,289"
"Gonorrhea","2006","Delaware","10","20-24","All races/ethnicities","Female","263","965.2","27,248"
"Gonorrhea","2006","Delaware","10","15-19","All races/ethnicities","Female","310","1036.2","29,917"
"Gonorrhea","2005","Delaware","10","20-24","All races/ethnicities","Female","145","529.4","27,389"
"Gonorrhea","2005","Delaware","10","15-19","All races/ethnicities","Female","209","706.0","29,602"
"Gonorrhea","2004","Delaware","10","20-24","All races/ethnicities","Female","180","656.8","27,406"
"Gonorrhea","2004","Delaware","10","15-19","All races/ethnicities","Female","207","718.7","28,803"
"Gonorrhea","2003","Delaware","10","20-24","All races/ethnicities","Female","196","695.9","28,163"
"Gonorrhea","2003","Delaware","10","15-19","All races/ethnicities","Female","226","794.8","28,435"
"Gonorrhea","2002","Delaware","10","20-24","All races/ethnicities","Female","258","921.6","27,994"
"Gonorrhea","2002","Delaware","10","15-19","All races/ethnicities","Female","367","1308.8","28,040"
"Gonorrhea","2001","Delaware","10","20-24","All races/ethnicities","Female","315","1144.5","27,522"
"Gonorrhea","2001","Delaware","10","15-19","All races/ethnicities","Female","431","1552.3","27,765"
"Gonorrhea","2000","Delaware","10","20-24","All races/ethnicities","Female","303","1152.7","26,287"
"Gonorrhea","2000","Delaware","10","15-19","All races/ethnicities","Female","420","1513.1","27,758"
"Chlamydia","2019","Delaware","10","20-24","All races/ethnicities","Female","1,426","5060.7","28,178"
"Chlamydia","2019","Delaware","10","15-19","All races/ethnicities","Female","1,300","4363.6","29,792"
"Chlamydia","2018","Delaware","10","20-24","All races/ethnicities","Female","1,535","5401.1","28,420"
"Chlamydia","2018","Delaware","10","15-19","All races/ethnicities","Female","1,253","4203.0","29,812"
"Chlamydia","2017","Delaware","10","20-24","All races/ethnicities","Female","1,325","4577.5","28,946"
"Chlamydia","2017","Delaware","10","15-19","All races/ethnicities","Female","1,208","4056.1","29,782"
"Chlamydia","2016","Delaware","10","20-24","All races/ethnicities","Female","1,415","4793.8","29,517"
"Chlamydia","2016","Delaware","10","15-19","All races/ethnicities","Female","1,212","4086.2","29,661"
"Chlamydia","2015","Delaware","10","20-24","All races/ethnicities","Female","1,233","4019.7","30,674"
"Chlamydia","2015","Delaware","10","15-19","All races/ethnicities","Female","996","3363.5","29,612"
"Chlamydia","2014","Delaware","10","20-24","All races/ethnicities","Female","1,323","4162.5","31,784"
"Chlamydia","2014","Delaware","10","15-19","All races/ethnicities","Female","902","3053.3","29,542"
"Chlamydia","2013","Delaware","10","20-24","All races/ethnicities","Female","1,478","4516.3","32,726"
"Chlamydia","2013","Delaware","10","15-19","All races/ethnicities","Female","1,213","4064.6","29,843"
"Chlamydia","2012","Delaware","10","20-24","All races/ethnicities","Female","1,308","3964.5","32,993"
"Chlamydia","2012","Delaware","10","15-19","All races/ethnicities","Female","1,020","3361.5","30,344"
"Chlamydia","2011","Delaware","10","20-24","All races/ethnicities","Female","1,253","3857.0","32,486"
"Chlamydia","2011","Delaware","10","15-19","All races/ethnicities","Female","1,215","3926.3","30,945"
"Chlamydia","2010","Delaware","10","20-24","All races/ethnicities","Female","1,186","3758.9","31,552"
"Chlamydia","2010","Delaware","10","15-19","All races/ethnicities","Female","1,307","4125.1","31,684"
"Chlamydia","2009","Delaware","10","20-24","All races/ethnicities","Female","1,325","4739.6","27,956"
"Chlamydia","2009","Delaware","10","15-19","All races/ethnicities","Female","1,349","4405.9","30,618"
"Chlamydia","2008","Delaware","10","20-24","All races/ethnicities","Female","999","3613.2","27,649"
"Chlamydia","2008","Delaware","10","15-19","All races/ethnicities","Female","1,075","3496.0","30,749"
"Chlamydia","2007","Delaware","10","20-24","All races/ethnicities","Female","914","3337.8","27,383"
"Chlamydia","2007","Delaware","10","15-19","All races/ethnicities","Female","1,000","3301.5","30,289"
"Chlamydia","2006","Delaware","10","20-24","All races/ethnicities","Female","922","3383.7","27,248"
"Chlamydia","2006","Delaware","10","15-19","All races/ethnicities","Female","1,099","3673.5","29,917"
"Chlamydia","2005","Delaware","10","20-24","All races/ethnicities","Female","796","2906.3","27,389"
"Chlamydia","2005","Delaware","10","15-19","All races/ethnicities","Female","1,064","3594.4","29,602"
"Chlamydia","2004","Delaware","10","20-24","All races/ethnicities","Female","728","2656.4","27,406"
"Chlamydia","2004","Delaware","10","15-19","All races/ethnicities","Female","962","3339.9","28,803"
"Chlamydia","2003","Delaware","10","20-24","All races/ethnicities","Female","751","2666.6","28,163"
"Chlamydia","2003","Delaware","10","15-19","All races/ethnicities","Female","942","3312.8","28,435"
"Chlamydia","2002","Delaware","10","20-24","All races/ethnicities","Female","644","2300.5","27,994"
"Chlamydia","2002","Delaware","10","15-19","All races/ethnicities","Female","1,005","3584.2","28,040"
"Chlamydia","2001","Delaware","10","20-24","All races/ethnicities","Female","738","2681.5","27,522"
"Chlamydia","2001","Delaware","10","15-19","All races/ethnicities","Female","976","3515.2","27,765"
"Chlamydia","2000","Delaware","10","20-24","All races/ethnicities","Female","758","2883.6","26,287"
"Chlamydia","2000","Delaware","10","15-19","All races/ethnicities","Female","1,078","3883.6","27,758"
"Gonorrhea","2019","District of Columbia","11","20-24","All races/ethnicities","Female","412","1449.2","28,430"
"Gonorrhea","2019","District of Columbia","11","15-19","All races/ethnicities","Female","348","1815.2","19,171"
"Gonorrhea","2018","District of Columbia","11","20-24","All races/ethnicities","Female","397","1364.4","29,096"
"Gonorrhea","2018","District of Columbia","11","15-19","All races/ethnicities","Female","327","1704.6","19,183"
"Gonorrhea","2017","District of Columbia","11","20-24","All races/ethnicities","Female","408","1401.1","29,119"
"Gonorrhea","2017","District of Columbia","11","15-19","All races/ethnicities","Female","391","2034.2","19,221"
"Gonorrhea","2016","District of Columbia","11","20-24","All races/ethnicities","Female","312","1061.5","29,393"
"Gonorrhea","2016","District of Columbia","11","15-19","All races/ethnicities","Female","252","1320.3","19,086"
"Gonorrhea","2015","District of Columbia","11","20-24","All races/ethnicities","Female","295","983.7","29,989"
"Gonorrhea","2015","District of Columbia","11","15-19","All races/ethnicities","Female","281","1444.5","19,453"
"Gonorrhea","2014","District of Columbia","11","20-24","All races/ethnicities","Female","314","1059.7","29,631"
"Gonorrhea","2014","District of Columbia","11","15-19","All races/ethnicities","Female","324","1660.9","19,507"
"Gonorrhea","2013","District of Columbia","11","20-24","All races/ethnicities","Female","342","1133.0","30,185"
"Gonorrhea","2013","District of Columbia","11","15-19","All races/ethnicities","Female","343","1725.2","19,882"
"Gonorrhea","2012","District of Columbia","11","20-24","All races/ethnicities","Female","344","1085.4","31,694"
"Gonorrhea","2012","District of Columbia","11","15-19","All races/ethnicities","Female","447","2200.9","20,310"
"Gonorrhea","2011","District of Columbia","11","20-24","All races/ethnicities","Female","375","1126.3","33,296"
"Gonorrhea","2011","District of Columbia","11","15-19","All races/ethnicities","Female","557","2711.3","20,544"
"Gonorrhea","2010","District of Columbia","11","20-24","All races/ethnicities","Female","337","965.6","34,900"
"Gonorrhea","2010","District of Columbia","11","15-19","All races/ethnicities","Female","492","2354.0","20,901"
"Gonorrhea","2009","District of Columbia","11","20-24","All races/ethnicities","Female","370","1356.3","27,281"
"Gonorrhea","2009","District of Columbia","11","15-19","All races/ethnicities","Female","546","2528.5","21,594"
"Gonorrhea","2008","District of Columbia","11","20-24","All races/ethnicities","Female","331","1233.1","26,842"
"Gonorrhea","2008","District of Columbia","11","15-19","All races/ethnicities","Female","549","2560.9","21,438"
"Gonorrhea","2007","District of Columbia","11","20-24","All races/ethnicities","Female","337","1280.3","26,321"
"Gonorrhea","2007","District of Columbia","11","15-19","All races/ethnicities","Female","403","1898.7","21,225"
"Gonorrhea","2006","District of Columbia","11","20-24","All races/ethnicities","Female","237","908.4","26,091"
"Gonorrhea","2006","District of Columbia","11","15-19","All races/ethnicities","Female","332","1572.1","21,118"
"Gonorrhea","2005","District of Columbia","11","20-24","All races/ethnicities","Female","320","1248.2","25,637"
"Gonorrhea","2005","District of Columbia","11","15-19","All races/ethnicities","Female","378","1833.7","20,614"
"Gonorrhea","2004","District of Columbia","11","20-24","All races/ethnicities","Female","371","1465.9","25,308"
"Gonorrhea","2004","District of Columbia","11","15-19","All races/ethnicities","Female","452","2250.8","20,082"
"Gonorrhea","2003","District of Columbia","11","20-24","All races/ethnicities","Female","350","1392.0","25,144"
"Gonorrhea","2003","District of Columbia","11","15-19","All races/ethnicities","Female","400","1998.6","20,014"
"Gonorrhea","2002","District of Columbia","11","20-24","All races/ethnicities","Female","384","1503.5","25,540"
"Gonorrhea","2002","District of Columbia","11","15-19","All races/ethnicities","Female","416","2087.4","19,929"
"Gonorrhea","2001","District of Columbia","11","20-24","All races/ethnicities","Female","363","1342.2","27,046"
"Gonorrhea","2001","District of Columbia","11","15-19","All races/ethnicities","Female","462","2343.3","19,716"
"Gonorrhea","2000","District of Columbia","11","20-24","All races/ethnicities","Female","374","1321.0","28,312"
"Gonorrhea","2000","District of Columbia","11","15-19","All races/ethnicities","Female","483","2437.1","19,819"
"Chlamydia","2019","District of Columbia","11","20-24","All races/ethnicities","Female","1,678","5902.2","28,430"
"Chlamydia","2019","District of Columbia","11","15-19","All races/ethnicities","Female","1,525","7954.7","19,171"
"Chlamydia","2018","District of Columbia","11","20-24","All races/ethnicities","Female","1,626","5588.4","29,096"
"Chlamydia","2018","District of Columbia","11","15-19","All races/ethnicities","Female","1,473","7678.7","19,183"
"Chlamydia","2017","District of Columbia","11","20-24","All races/ethnicities","Female","1,688","5796.9","29,119"
"Chlamydia","2017","District of Columbia","11","15-19","All races/ethnicities","Female","1,340","6971.5","19,221"
"Chlamydia","2016","District of Columbia","11","20-24","All races/ethnicities","Female","1,503","5113.5","29,393"
"Chlamydia","2016","District of Columbia","11","15-19","All races/ethnicities","Female","1,095","5737.2","19,086"
"Chlamydia","2015","District of Columbia","11","20-24","All races/ethnicities","Female","1,728","5762.1","29,989"
"Chlamydia","2015","District of Columbia","11","15-19","All races/ethnicities","Female","1,389","7140.3","19,453"
"Chlamydia","2014","District of Columbia","11","20-24","All races/ethnicities","Female","1,556","5251.3","29,631"
"Chlamydia","2014","District of Columbia","11","15-19","All races/ethnicities","Female","1,239","6351.6","19,507"
"Chlamydia","2013","District of Columbia","11","20-24","All races/ethnicities","Female","1,463","4846.8","30,185"
"Chlamydia","2013","District of Columbia","11","15-19","All races/ethnicities","Female","1,399","7036.5","19,882"
"Chlamydia","2012","District of Columbia","11","20-24","All races/ethnicities","Female","1,565","4937.8","31,694"
"Chlamydia","2012","District of Columbia","11","15-19","All races/ethnicities","Female","1,755","8641.1","20,310"
"Chlamydia","2011","District of Columbia","11","20-24","All races/ethnicities","Female","1,452","4360.9","33,296"
"Chlamydia","2011","District of Columbia","11","15-19","All races/ethnicities","Female","1,864","9073.2","20,544"
"Chlamydia","2010","District of Columbia","11","20-24","All races/ethnicities","Female","1,202","3444.1","34,900"
"Chlamydia","2010","District of Columbia","11","15-19","All races/ethnicities","Female","1,659","7937.4","20,901"
"Chlamydia","2009","District of Columbia","11","20-24","All races/ethnicities","Female","1,237","4534.3","27,281"
"Chlamydia","2009","District of Columbia","11","15-19","All races/ethnicities","Female","1,792","8298.6","21,594"
"Chlamydia","2008","District of Columbia","11","20-24","All races/ethnicities","Female","1,295","4824.5","26,842"
"Chlamydia","2008","District of Columbia","11","15-19","All races/ethnicities","Female","1,900","8862.8","21,438"
"Chlamydia","2007","District of Columbia","11","20-24","All races/ethnicities","Female","1,276","4847.8","26,321"
"Chlamydia","2007","District of Columbia","11","15-19","All races/ethnicities","Female","1,623","7646.6","21,225"
"Chlamydia","2006","District of Columbia","11","20-24","All races/ethnicities","Female","790","3027.9","26,091"
"Chlamydia","2006","District of Columbia","11","15-19","All races/ethnicities","Female","1,010","4782.6","21,118"
"Chlamydia","2005","District of Columbia","11","20-24","All races/ethnicities","Female","982","3830.4","25,637"
"Chlamydia","2005","District of Columbia","11","15-19","All races/ethnicities","Female","1,153","5593.3","20,614"
"Chlamydia","2004","District of Columbia","11","20-24","All races/ethnicities","Female","969","3828.8","25,308"
"Chlamydia","2004","District of Columbia","11","15-19","All races/ethnicities","Female","1,124","5597.1","20,082"
"Chlamydia","2003","District of Columbia","11","20-24","All races/ethnicities","Female","889","3535.6","25,144"
"Chlamydia","2003","District of Columbia","11","15-19","All races/ethnicities","Female","1,062","5306.3","20,014"
"Chlamydia","2002","District of Columbia","11","20-24","All races/ethnicities","Female","966","3782.3","25,540"
"Chlamydia","2002","District of Columbia","11","15-19","All races/ethnicities","Female","1,074","5389.1","19,929"
"Chlamydia","2001","District of Columbia","11","20-24","All races/ethnicities","Female","918","3394.2","27,046"
"Chlamydia","2001","District of Columbia","11","15-19","All races/ethnicities","Female","1,095","5553.9","19,716"
"Chlamydia","2000","District of Columbia","11","20-24","All races/ethnicities","Female","892","3150.6","28,312"
"Chlamydia","2000","District of Columbia","11","15-19","All races/ethnicities","Female","1,070","5398.9","19,819"
"Gonorrhea","2019","Florida","12","20-24","All races/ethnicities","Female","4,344","705.2","615,988"
"Gonorrhea","2019","Florida","12","15-19","All races/ethnicities","Female","3,229","549.4","587,772"
"Gonorrhea","2018","Florida","12","20-24","All races/ethnicities","Female","4,308","697.1","617,967"
"Gonorrhea","2018","Florida","12","15-19","All races/ethnicities","Female","3,063","521.6","587,227"
"Gonorrhea","2017","Florida","12","20-24","All races/ethnicities","Female","4,224","681.2","620,122"
"Gonorrhea","2017","Florida","12","15-19","All races/ethnicities","Female","3,179","540.7","587,957"
"Gonorrhea","2016","Florida","12","20-24","All races/ethnicities","Female","3,794","607.0","625,008"
"Gonorrhea","2016","Florida","12","15-19","All races/ethnicities","Female","2,863","490.6","583,553"
"Gonorrhea","2015","Florida","12","20-24","All races/ethnicities","Female","3,583","564.4","634,831"
"Gonorrhea","2015","Florida","12","15-19","All races/ethnicities","Female","2,437","423.1","575,970"
"Gonorrhea","2014","Florida","12","20-24","All races/ethnicities","Female","3,419","530.9","644,051"
"Gonorrhea","2014","Florida","12","15-19","All races/ethnicities","Female","2,289","401.8","569,619"
"Gonorrhea","2013","Florida","12","20-24","All races/ethnicities","Female","3,658","566.3","645,897"
"Gonorrhea","2013","Florida","12","15-19","All races/ethnicities","Female","2,581","453.4","569,235"
"Gonorrhea","2012","Florida","12","20-24","All races/ethnicities","Female","3,562","554.3","642,601"
"Gonorrhea","2012","Florida","12","15-19","All races/ethnicities","Female","2,818","495.5","568,701"
"Gonorrhea","2011","Florida","12","20-24","All races/ethnicities","Female","3,652","580.9","628,654"
"Gonorrhea","2011","Florida","12","15-19","All races/ethnicities","Female","3,377","584.4","577,836"
"Gonorrhea","2010","Florida","12","20-24","All races/ethnicities","Female","3,666","603.6","607,395"
"Gonorrhea","2010","Florida","12","15-19","All races/ethnicities","Female","3,737","630.1","593,066"
"Gonorrhea","2009","Florida","12","20-24","All races/ethnicities","Female","3,609","630.7","572,230"
"Gonorrhea","2009","Florida","12","15-19","All races/ethnicities","Female","4,067","723.1","562,423"
"Gonorrhea","2008","Florida","12","20-24","All races/ethnicities","Female","4,104","718.9","570,882"
"Gonorrhea","2008","Florida","12","15-19","All races/ethnicities","Female","4,607","810.0","568,790"
"Gonorrhea","2007","Florida","12","20-24","All races/ethnicities","Female","3,963","700.0","566,167"
"Gonorrhea","2007","Florida","12","15-19","All races/ethnicities","Female","4,280","751.2","569,733"
"Gonorrhea","2006","Florida","12","20-24","All races/ethnicities","Female","3,975","707.9","561,554"
"Gonorrhea","2006","Florida","12","15-19","All races/ethnicities","Female","4,619","818.0","564,682"
"Gonorrhea","2005","Florida","12","20-24","All races/ethnicities","Female","3,341","602.3","554,726"
"Gonorrhea","2005","Florida","12","15-19","All races/ethnicities","Female","3,644","661.2","551,160"
"Gonorrhea","2004","Florida","12","20-24","All races/ethnicities","Female","3,142","578.9","542,778"
"Gonorrhea","2004","Florida","12","15-19","All races/ethnicities","Female","3,330","623.9","533,709"
"Gonorrhea","2003","Florida","12","20-24","All races/ethnicities","Female","3,202","609.7","525,149"
"Gonorrhea","2003","Florida","12","15-19","All races/ethnicities","Female","3,288","633.1","519,379"
"Gonorrhea","2002","Florida","12","20-24","All races/ethnicities","Female","3,448","677.8","508,704"
"Gonorrhea","2002","Florida","12","15-19","All races/ethnicities","Female","3,766","742.1","507,487"
"Gonorrhea","2001","Florida","12","20-24","All races/ethnicities","Female","3,520","724.8","485,681"
"Gonorrhea","2001","Florida","12","15-19","All races/ethnicities","Female","3,771","755.1","499,371"
"Gonorrhea","2000","Florida","12","20-24","All races/ethnicities","Female","3,432","750.2","457,475"
"Gonorrhea","2000","Florida","12","15-19","All races/ethnicities","Female","4,121","833.8","494,271"
"Chlamydia","2019","Florida","12","20-24","All races/ethnicities","Female","26,827","4355.1","615,988"
"Chlamydia","2019","Florida","12","15-19","All races/ethnicities","Female","21,412","3642.9","587,772"
"Chlamydia","2018","Florida","12","20-24","All races/ethnicities","Female","26,239","4246.0","617,967"
"Chlamydia","2018","Florida","12","15-19","All races/ethnicities","Female","20,499","3490.8","587,227"
"Chlamydia","2017","Florida","12","20-24","All races/ethnicities","Female","25,332","4085.0","620,122"
"Chlamydia","2017","Florida","12","15-19","All races/ethnicities","Female","19,661","3344.0","587,957"
"Chlamydia","2016","Florida","12","20-24","All races/ethnicities","Female","24,783","3965.2","625,008"
"Chlamydia","2016","Florida","12","15-19","All races/ethnicities","Female","18,352","3144.9","583,553"
"Chlamydia","2015","Florida","12","20-24","All races/ethnicities","Female","25,109","3955.2","634,831"
"Chlamydia","2015","Florida","12","15-19","All races/ethnicities","Female","17,735","3079.2","575,970"
"Chlamydia","2014","Florida","12","20-24","All races/ethnicities","Female","24,022","3729.8","644,051"
"Chlamydia","2014","Florida","12","15-19","All races/ethnicities","Female","16,645","2922.1","569,619"
"Chlamydia","2013","Florida","12","20-24","All races/ethnicities","Female","23,311","3609.1","645,897"
"Chlamydia","2013","Florida","12","15-19","All races/ethnicities","Female","16,885","2966.3","569,235"
"Chlamydia","2012","Florida","12","20-24","All races/ethnicities","Female","22,343","3477.0","642,601"
"Chlamydia","2012","Florida","12","15-19","All races/ethnicities","Female","18,223","3204.3","568,701"
"Chlamydia","2011","Florida","12","20-24","All races/ethnicities","Female","21,201","3372.4","628,654"
"Chlamydia","2011","Florida","12","15-19","All races/ethnicities","Female","19,101","3305.6","577,836"
"Chlamydia","2010","Florida","12","20-24","All races/ethnicities","Female","20,321","3345.6","607,395"
"Chlamydia","2010","Florida","12","15-19","All races/ethnicities","Female","19,560","3298.1","593,066"
"Chlamydia","2009","Florida","12","20-24","All races/ethnicities","Female","19,470","3402.5","572,230"
"Chlamydia","2009","Florida","12","15-19","All races/ethnicities","Female","19,994","3555.0","562,423"
"Chlamydia","2008","Florida","12","20-24","All races/ethnicities","Female","19,286","3378.3","570,882"
"Chlamydia","2008","Florida","12","15-19","All races/ethnicities","Female","19,782","3477.9","568,790"
"Chlamydia","2007","Florida","12","20-24","All races/ethnicities","Female","15,469","2732.2","566,167"
"Chlamydia","2007","Florida","12","15-19","All races/ethnicities","Female","16,365","2872.4","569,733"
"Chlamydia","2006","Florida","12","20-24","All races/ethnicities","Female","14,217","2531.7","561,554"
"Chlamydia","2006","Florida","12","15-19","All races/ethnicities","Female","14,815","2623.6","564,682"
"Chlamydia","2005","Florida","12","20-24","All races/ethnicities","Female","13,041","2350.9","554,726"
"Chlamydia","2005","Florida","12","15-19","All races/ethnicities","Female","13,372","2426.2","551,160"
"Chlamydia","2004","Florida","12","20-24","All races/ethnicities","Female","12,847","2366.9","542,778"
"Chlamydia","2004","Florida","12","15-19","All races/ethnicities","Female","13,298","2491.6","533,709"
"Chlamydia","2003","Florida","12","20-24","All races/ethnicities","Female","12,802","2437.8","525,149"
"Chlamydia","2003","Florida","12","15-19","All races/ethnicities","Female","13,692","2636.2","519,379"
"Chlamydia","2002","Florida","12","20-24","All races/ethnicities","Female","12,396","2436.8","508,704"
"Chlamydia","2002","Florida","12","15-19","All races/ethnicities","Female","13,481","2656.4","507,487"
"Chlamydia","2001","Florida","12","20-24","All races/ethnicities","Female","11,085","2282.4","485,681"
"Chlamydia","2001","Florida","12","15-19","All races/ethnicities","Female","12,447","2492.5","499,371"
"Chlamydia","2000","Florida","12","20-24","All races/ethnicities","Female","9,648","2109.0","457,475"
"Chlamydia","2000","Florida","12","15-19","All races/ethnicities","Female","11,436","2313.7","494,271"
"Gonorrhea","2019","Georgia","13","20-24","All races/ethnicities","Female","2,793","791.3","352,957"
"Gonorrhea","2019","Georgia","13","15-19","All races/ethnicities","Female","1,983","550.4","360,287"
"Gonorrhea","2018","Georgia","13","20-24","All races/ethnicities","Female","2,919","831.1","351,229"
"Gonorrhea","2018","Georgia","13","15-19","All races/ethnicities","Female","2,005","561.6","356,988"
"Gonorrhea","2017","Georgia","13","20-24","All races/ethnicities","Female","3,438","977.8","351,597"
"Gonorrhea","2017","Georgia","13","15-19","All races/ethnicities","Female","2,498","704.4","354,610"
"Gonorrhea","2016","Georgia","13","20-24","All races/ethnicities","Female","3,345","945.3","353,872"
"Gonorrhea","2016","Georgia","13","15-19","All races/ethnicities","Female","2,510","715.1","351,015"
"Gonorrhea","2015","Georgia","13","20-24","All races/ethnicities","Female","2,791","782.8","356,554"
"Gonorrhea","2015","Georgia","13","15-19","All races/ethnicities","Female","1,988","575.4","345,491"
"Gonorrhea","2014","Georgia","13","20-24","All races/ethnicities","Female","2,547","709.5","359,007"
"Gonorrhea","2014","Georgia","13","15-19","All races/ethnicities","Female","1,913","560.9","341,082"
"Gonorrhea","2013","Georgia","13","20-24","All races/ethnicities","Female","2,769","774.3","357,622"
"Gonorrhea","2013","Georgia","13","15-19","All races/ethnicities","Female","2,228","655.9","339,699"
"Gonorrhea","2012","Georgia","13","20-24","All races/ethnicities","Female","3,031","851.1","356,122"
"Gonorrhea","2012","Georgia","13","15-19","All races/ethnicities","Female","2,597","762.2","340,709"
"Gonorrhea","2011","Georgia","13","20-24","All races/ethnicities","Female","3,200","923.4","346,558"
"Gonorrhea","2011","Georgia","13","15-19","All races/ethnicities","Female","3,116","910.4","342,256"
"Gonorrhea","2010","Georgia","13","20-24","All races/ethnicities","Female","3,034","898.3","337,767"
"Gonorrhea","2010","Georgia","13","15-19","All races/ethnicities","Female","3,213","926.7","346,699"
"Gonorrhea","2009","Georgia","13","20-24","All races/ethnicities","Female","2,528","760.5","332,392"
"Gonorrhea","2009","Georgia","13","15-19","All races/ethnicities","Female","2,722","796.0","341,956"
"Gonorrhea","2008","Georgia","13","20-24","All races/ethnicities","Female","3,133","957.2","327,322"
"Gonorrhea","2008","Georgia","13","15-19","All races/ethnicities","Female","3,010","881.9","341,298"
"Gonorrhea","2007","Georgia","13","20-24","All races/ethnicities","Female","3,111","961.0","323,710"
"Gonorrhea","2007","Georgia","13","15-19","All races/ethnicities","Female","3,371","1002.9","336,121"
"Gonorrhea","2006","Georgia","13","20-24","All races/ethnicities","Female","3,142","981.5","320,128"
"Gonorrhea","2006","Georgia","13","15-19","All races/ethnicities","Female","3,808","1163.2","327,382"
"Gonorrhea","2005","Georgia","13","20-24","All races/ethnicities","Female","2,445","767.9","318,414"
"Gonorrhea","2005","Georgia","13","15-19","All races/ethnicities","Female","3,031","954.5","317,532"
"Gonorrhea","2004","Georgia","13","20-24","All races/ethnicities","Female","2,706","843.4","320,862"
"Gonorrhea","2004","Georgia","13","15-19","All races/ethnicities","Female","2,984","970.9","307,347"
"Gonorrhea","2003","Georgia","13","20-24","All races/ethnicities","Female","3,120","986.0","316,432"
"Gonorrhea","2003","Georgia","13","15-19","All races/ethnicities","Female","3,371","1129.3","298,506"
"Gonorrhea","2002","Georgia","13","20-24","All races/ethnicities","Female","3,072","984.4","312,067"
"Gonorrhea","2002","Georgia","13","15-19","All races/ethnicities","Female","3,644","1248.4","291,895"
"Gonorrhea","2001","Georgia","13","20-24","All races/ethnicities","Female","3,155","1041.9","302,803"
"Gonorrhea","2001","Georgia","13","15-19","All races/ethnicities","Female","3,741","1297.1","288,404"
"Gonorrhea","2000","Georgia","13","20-24","All races/ethnicities","Female","3,123","1080.5","289,029"
"Gonorrhea","2000","Georgia","13","15-19","All races/ethnicities","Female","3,811","1324.0","287,841"
"Chlamydia","2019","Georgia","13","20-24","All races/ethnicities","Female","16,313","4621.8","352,957"
"Chlamydia","2019","Georgia","13","15-19","All races/ethnicities","Female","14,378","3990.7","360,287"
"Chlamydia","2018","Georgia","13","20-24","All races/ethnicities","Female","16,601","4726.5","351,229"
"Chlamydia","2018","Georgia","13","15-19","All races/ethnicities","Female","14,005","3923.1","356,988"
"Chlamydia","2017","Georgia","13","20-24","All races/ethnicities","Female","16,713","4753.5","351,597"
"Chlamydia","2017","Georgia","13","15-19","All races/ethnicities","Female","14,003","3948.8","354,610"
"Chlamydia","2016","Georgia","13","20-24","All races/ethnicities","Female","17,083","4827.5","353,872"
"Chlamydia","2016","Georgia","13","15-19","All races/ethnicities","Female","13,582","3869.4","351,015"
"Chlamydia","2015","Georgia","13","20-24","All races/ethnicities","Female","16,319","4576.9","356,554"
"Chlamydia","2015","Georgia","13","15-19","All races/ethnicities","Female","12,662","3664.9","345,491"
"Chlamydia","2014","Georgia","13","20-24","All races/ethnicities","Female","15,013","4181.8","359,007"
"Chlamydia","2014","Georgia","13","15-19","All races/ethnicities","Female","11,836","3470.1","341,082"
"Chlamydia","2013","Georgia","13","20-24","All races/ethnicities","Female","14,836","4148.5","357,622"
"Chlamydia","2013","Georgia","13","15-19","All races/ethnicities","Female","12,299","3620.6","339,699"
"Chlamydia","2012","Georgia","13","20-24","All races/ethnicities","Female","14,572","4091.9","356,122"
"Chlamydia","2012","Georgia","13","15-19","All races/ethnicities","Female","13,359","3920.9","340,709"
"Chlamydia","2011","Georgia","13","20-24","All races/ethnicities","Female","15,323","4421.5","346,558"
"Chlamydia","2011","Georgia","13","15-19","All races/ethnicities","Female","14,865","4343.2","342,256"
"Chlamydia","2010","Georgia","13","20-24","All races/ethnicities","Female","12,167","3602.2","337,767"
"Chlamydia","2010","Georgia","13","15-19","All races/ethnicities","Female","12,989","3746.5","346,699"
"Chlamydia","2009","Georgia","13","20-24","All races/ethnicities","Female","10,663","3208.0","332,392"
"Chlamydia","2009","Georgia","13","15-19","All races/ethnicities","Female","11,124","3253.1","341,956"
"Chlamydia","2008","Georgia","13","20-24","All races/ethnicities","Female","11,683","3569.3","327,322"
"Chlamydia","2008","Georgia","13","15-19","All races/ethnicities","Female","11,493","3367.4","341,298"
"Chlamydia","2007","Georgia","13","20-24","All races/ethnicities","Female","11,391","3518.9","323,710"
"Chlamydia","2007","Georgia","13","15-19","All races/ethnicities","Female","11,810","3513.6","336,121"
"Chlamydia","2006","Georgia","13","20-24","All races/ethnicities","Female","10,381","3242.8","320,128"
"Chlamydia","2006","Georgia","13","15-19","All races/ethnicities","Female","12,282","3751.6","327,382"
"Chlamydia","2005","Georgia","13","20-24","All races/ethnicities","Female","9,138","2869.8","318,414"
"Chlamydia","2005","Georgia","13","15-19","All races/ethnicities","Female","10,349","3259.2","317,532"
"Chlamydia","2004","Georgia","13","20-24","All races/ethnicities","Female","10,119","3153.7","320,862"
"Chlamydia","2004","Georgia","13","15-19","All races/ethnicities","Female","10,600","3448.9","307,347"
"Chlamydia","2003","Georgia","13","20-24","All races/ethnicities","Female","10,326","3263.3","316,432"
"Chlamydia","2003","Georgia","13","15-19","All races/ethnicities","Female","11,292","3782.8","298,506"
"Chlamydia","2002","Georgia","13","20-24","All races/ethnicities","Female","9,958","3191.0","312,067"
"Chlamydia","2002","Georgia","13","15-19","All races/ethnicities","Female","11,112","3806.8","291,895"
"Chlamydia","2001","Georgia","13","20-24","All races/ethnicities","Female","10,070","3325.6","302,803"
"Chlamydia","2001","Georgia","13","15-19","All races/ethnicities","Female","11,434","3964.6","288,404"
"Chlamydia","2000","Georgia","13","20-24","All races/ethnicities","Female","8,445","2921.9","289,029"
"Chlamydia","2000","Georgia","13","15-19","All races/ethnicities","Female","9,914","3444.3","287,841"
"Gonorrhea","2019","Hawaii","15","20-24","All races/ethnicities","Female","132","330.1","39,983"
"Gonorrhea","2019","Hawaii","15","15-19","All races/ethnicities","Female","93","249.3","37,302"
"Gonorrhea","2018","Hawaii","15","20-24","All races/ethnicities","Female","143","350.9","40,752"
"Gonorrhea","2018","Hawaii","15","15-19","All races/ethnicities","Female","74","198.4","37,291"
"Gonorrhea","2017","Hawaii","15","20-24","All races/ethnicities","Female","129","308.9","41,758"
"Gonorrhea","2017","Hawaii","15","15-19","All races/ethnicities","Female","92","245.1","37,537"
"Gonorrhea","2016","Hawaii","15","20-24","All races/ethnicities","Female","169","392.9","43,017"
"Gonorrhea","2016","Hawaii","15","15-19","All races/ethnicities","Female","88","233.2","37,738"
"Gonorrhea","2015","Hawaii","15","20-24","All races/ethnicities","Female","133","300.6","44,249"
"Gonorrhea","2015","Hawaii","15","15-19","All races/ethnicities","Female","98","259.4","37,783"
"Gonorrhea","2014","Hawaii","15","20-24","All races/ethnicities","Female","115","254.2","45,245"
"Gonorrhea","2014","Hawaii","15","15-19","All races/ethnicities","Female","66","173.5","38,049"
"Gonorrhea","2013","Hawaii","15","20-24","All races/ethnicities","Female","89","195.5","45,530"
"Gonorrhea","2013","Hawaii","15","15-19","All races/ethnicities","Female","37","95.3","38,832"
"Gonorrhea","2012","Hawaii","15","20-24","All races/ethnicities","Female","91","198.9","45,762"
"Gonorrhea","2012","Hawaii","15","15-19","All races/ethnicities","Female","74","187.5","39,470"
"Gonorrhea","2011","Hawaii","15","20-24","All races/ethnicities","Female","108","237.6","45,454"
"Gonorrhea","2011","Hawaii","15","15-19","All races/ethnicities","Female","57","141.7","40,225"
"Gonorrhea","2010","Hawaii","15","20-24","All races/ethnicities","Female","125","282.2","44,288"
"Gonorrhea","2010","Hawaii","15","15-19","All races/ethnicities","Female","54","130.9","41,265"
"Gonorrhea","2009","Hawaii","15","20-24","All races/ethnicities","Female","81","200.7","40,350"
"Gonorrhea","2009","Hawaii","15","15-19","All races/ethnicities","Female","55","146.6","37,510"
"Gonorrhea","2008","Hawaii","15","20-24","All races/ethnicities","Female","99","246.5","40,164"
"Gonorrhea","2008","Hawaii","15","15-19","All races/ethnicities","Female","85","224.3","37,903"
"Gonorrhea","2007","Hawaii","15","20-24","All races/ethnicities","Female","103","254.4","40,483"
"Gonorrhea","2007","Hawaii","15","15-19","All races/ethnicities","Female","76","199.4","38,111"
"Gonorrhea","2006","Hawaii","15","20-24","All races/ethnicities","Female","146","350.0","41,712"
"Gonorrhea","2006","Hawaii","15","15-19","All races/ethnicities","Female","100","260.2","38,430"
"Gonorrhea","2005","Hawaii","15","20-24","All races/ethnicities","Female","209","501.0","41,714"
"Gonorrhea","2005","Hawaii","15","15-19","All races/ethnicities","Female","132","348.0","37,926"
"Gonorrhea","2004","Hawaii","15","20-24","All races/ethnicities","Female","219","520.4","42,087"
"Gonorrhea","2004","Hawaii","15","15-19","All races/ethnicities","Female","145","385.0","37,662"
"Gonorrhea","2003","Hawaii","15","20-24","All races/ethnicities","Female","232","563.5","41,168"
"Gonorrhea","2003","Hawaii","15","15-19","All races/ethnicities","Female","138","367.1","37,587"
"Gonorrhea","2002","Hawaii","15","20-24","All races/ethnicities","Female","140","349.6","40,045"
"Gonorrhea","2002","Hawaii","15","15-19","All races/ethnicities","Female","81","215.2","37,638"
"Gonorrhea","2001","Hawaii","15","20-24","All races/ethnicities","Female","101","258.9","39,009"
"Gonorrhea","2001","Hawaii","15","15-19","All races/ethnicities","Female","60","157.7","38,052"
"Gonorrhea","2000","Hawaii","15","20-24","All races/ethnicities","Female","97","256.3","37,850"
"Gonorrhea","2000","Hawaii","15","15-19","All races/ethnicities","Female","63","163.1","38,618"
"Chlamydia","2019","Hawaii","15","20-24","All races/ethnicities","Female","2,013","5034.6","39,983"
"Chlamydia","2019","Hawaii","15","15-19","All races/ethnicities","Female","1,173","3144.6","37,302"
"Chlamydia","2018","Hawaii","15","20-24","All races/ethnicities","Female","1,842","4520.0","40,752"
"Chlamydia","2018","Hawaii","15","15-19","All races/ethnicities","Female","1,209","3242.1","37,291"
"Chlamydia","2017","Hawaii","15","20-24","All races/ethnicities","Female","1,669","3996.8","41,758"
"Chlamydia","2017","Hawaii","15","15-19","All races/ethnicities","Female","1,115","2970.4","37,537"
"Chlamydia","2016","Hawaii","15","20-24","All races/ethnicities","Female","1,799","4182.1","43,017"
"Chlamydia","2016","Hawaii","15","15-19","All races/ethnicities","Female","1,046","2771.7","37,738"
"Chlamydia","2015","Hawaii","15","20-24","All races/ethnicities","Female","1,858","4199.0","44,249"
"Chlamydia","2015","Hawaii","15","15-19","All races/ethnicities","Female","1,136","3006.6","37,783"
"Chlamydia","2014","Hawaii","15","20-24","All races/ethnicities","Female","1,727","3817.0","45,245"
"Chlamydia","2014","Hawaii","15","15-19","All races/ethnicities","Female","1,079","2835.8","38,049"
"Chlamydia","2013","Hawaii","15","20-24","All races/ethnicities","Female","1,779","3907.3","45,530"
"Chlamydia","2013","Hawaii","15","15-19","All races/ethnicities","Female","1,178","3033.6","38,832"
"Chlamydia","2012","Hawaii","15","20-24","All races/ethnicities","Female","1,790","3911.5","45,762"
"Chlamydia","2012","Hawaii","15","15-19","All races/ethnicities","Female","1,175","2976.9","39,470"
"Chlamydia","2011","Hawaii","15","20-24","All races/ethnicities","Female","1,719","3781.8","45,454"
"Chlamydia","2011","Hawaii","15","15-19","All races/ethnicities","Female","1,164","2893.7","40,225"
"Chlamydia","2010","Hawaii","15","20-24","All races/ethnicities","Female","1,717","3876.9","44,288"
"Chlamydia","2010","Hawaii","15","15-19","All races/ethnicities","Female","1,194","2893.5","41,265"
"Chlamydia","2009","Hawaii","15","20-24","All races/ethnicities","Female","1,656","4104.1","40,350"
"Chlamydia","2009","Hawaii","15","15-19","All races/ethnicities","Female","1,263","3367.1","37,510"
"Chlamydia","2008","Hawaii","15","20-24","All races/ethnicities","Female","1,612","4013.5","40,164"
"Chlamydia","2008","Hawaii","15","15-19","All races/ethnicities","Female","1,314","3466.7","37,903"
"Chlamydia","2007","Hawaii","15","20-24","All races/ethnicities","Female","1,628","4021.4","40,483"
"Chlamydia","2007","Hawaii","15","15-19","All races/ethnicities","Female","1,077","2826.0","38,111"
"Chlamydia","2006","Hawaii","15","20-24","All races/ethnicities","Female","1,604","3845.4","41,712"
"Chlamydia","2006","Hawaii","15","15-19","All races/ethnicities","Female","1,128","2935.2","38,430"
"Chlamydia","2005","Hawaii","15","20-24","All races/ethnicities","Female","1,613","3866.8","41,714"
"Chlamydia","2005","Hawaii","15","15-19","All races/ethnicities","Female","1,060","2794.9","37,926"
"Chlamydia","2004","Hawaii","15","20-24","All races/ethnicities","Female","1,528","3630.6","42,087"
"Chlamydia","2004","Hawaii","15","15-19","All races/ethnicities","Female","1,136","3016.3","37,662"
"Chlamydia","2003","Hawaii","15","20-24","All races/ethnicities","Female","1,645","3995.8","41,168"
"Chlamydia","2003","Hawaii","15","15-19","All races/ethnicities","Female","1,170","3112.8","37,587"
"Chlamydia","2002","Hawaii","15","20-24","All races/ethnicities","Female","1,339","3343.7","40,045"
"Chlamydia","2002","Hawaii","15","15-19","All races/ethnicities","Female","957","2542.6","37,638"
"Chlamydia","2001","Hawaii","15","20-24","All races/ethnicities","Female","1,158","2968.5","39,009"
"Chlamydia","2001","Hawaii","15","15-19","All races/ethnicities","Female","873","2294.2","38,052"
"Chlamydia","2000","Hawaii","15","20-24","All races/ethnicities","Female","1,075","2840.2","37,850"
"Chlamydia","2000","Hawaii","15","15-19","All races/ethnicities","Female","854","2211.4","38,618"
"Gonorrhea","2019","Idaho","16","20-24","All races/ethnicities","Female","177","319.6","55,390"
"Gonorrhea","2019","Idaho","16","15-19","All races/ethnicities","Female","87","141.7","61,406"
"Gonorrhea","2018","Idaho","16","20-24","All races/ethnicities","Female","130","237.7","54,696"
"Gonorrhea","2018","Idaho","16","15-19","All races/ethnicities","Female","74","122.6","60,354"
"Gonorrhea","2017","Idaho","16","20-24","All races/ethnicities","Female","87","161.2","53,959"
"Gonorrhea","2017","Idaho","16","15-19","All races/ethnicities","Female","51","85.4","59,706"
"Gonorrhea","2016","Idaho","16","20-24","All races/ethnicities","Female","57","106.7","53,424"
"Gonorrhea","2016","Idaho","16","15-19","All races/ethnicities","Female","33","56.1","58,865"
"Gonorrhea","2015","Idaho","16","20-24","All races/ethnicities","Female","54","101.5","53,189"
"Gonorrhea","2015","Idaho","16","15-19","All races/ethnicities","Female","32","55.9","57,268"
"Gonorrhea","2014","Idaho","16","20-24","All races/ethnicities","Female","73","134.6","54,234"
"Gonorrhea","2014","Idaho","16","15-19","All races/ethnicities","Female","44","78.2","56,259"
"Gonorrhea","2013","Idaho","16","20-24","All races/ethnicities","Female","26","47.4","54,898"
"Gonorrhea","2013","Idaho","16","15-19","All races/ethnicities","Female","14","25.2","55,550"
"Gonorrhea","2012","Idaho","16","20-24","All races/ethnicities","Female","16","29.1","55,033"
"Gonorrhea","2012","Idaho","16","15-19","All races/ethnicities","Female","15","27.1","55,425"
"Gonorrhea","2011","Idaho","16","20-24","All races/ethnicities","Female","36","66.0","54,574"
"Gonorrhea","2011","Idaho","16","15-19","All races/ethnicities","Female","18","32.3","55,778"
"Gonorrhea","2010","Idaho","16","20-24","All races/ethnicities","Female","29","54.1","53,626"
"Gonorrhea","2010","Idaho","16","15-19","All races/ethnicities","Female","16","28.5","56,239"
"Gonorrhea","2009","Idaho","16","20-24","All races/ethnicities","Female","20","37.3","53,576"
"Gonorrhea","2009","Idaho","16","15-19","All races/ethnicities","Female","20","35.6","56,229"
"Gonorrhea","2008","Idaho","16","20-24","All races/ethnicities","Female","34","63.9","53,239"
"Gonorrhea","2008","Idaho","16","15-19","All races/ethnicities","Female","24","42.5","56,443"
"Gonorrhea","2007","Idaho","16","20-24","All races/ethnicities","Female","51","96.0","53,140"
"Gonorrhea","2007","Idaho","16","15-19","All races/ethnicities","Female","51","91.1","55,985"
"Gonorrhea","2006","Idaho","16","20-24","All races/ethnicities","Female","48","90.5","53,026"
"Gonorrhea","2006","Idaho","16","15-19","All races/ethnicities","Female","29","52.1","55,714"
"Gonorrhea","2005","Idaho","16","20-24","All races/ethnicities","Female","23","44.0","52,293"
"Gonorrhea","2005","Idaho","16","15-19","All races/ethnicities","Female","18","32.7","55,046"
"Gonorrhea","2004","Idaho","16","20-24","All races/ethnicities","Female","19","36.8","51,584"
"Gonorrhea","2004","Idaho","16","15-19","All races/ethnicities","Female","9","16.5","54,399"
"Gonorrhea","2003","Idaho","16","20-24","All races/ethnicities","Female","8","15.7","50,813"
"Gonorrhea","2003","Idaho","16","15-19","All races/ethnicities","Female","1","1.9","54,037"
"Gonorrhea","2002","Idaho","16","20-24","All races/ethnicities","Female","20","41.0","48,833"
"Gonorrhea","2002","Idaho","16","15-19","All races/ethnicities","Female","15","27.5","54,610"
"Gonorrhea","2001","Idaho","16","20-24","All races/ethnicities","Female","9","18.9","47,545"
"Gonorrhea","2001","Idaho","16","15-19","All races/ethnicities","Female","15","27.3","54,876"
"Gonorrhea","2000","Idaho","16","20-24","All races/ethnicities","Female","18","39.5","45,522"
"Gonorrhea","2000","Idaho","16","15-19","All races/ethnicities","Female","17","30.9","55,047"
"Chlamydia","2019","Idaho","16","20-24","All races/ethnicities","Female","1,727","3117.9","55,390"
"Chlamydia","2019","Idaho","16","15-19","All races/ethnicities","Female","1,482","2413.4","61,406"
"Chlamydia","2018","Idaho","16","20-24","All races/ethnicities","Female","1,610","2943.5","54,696"
"Chlamydia","2018","Idaho","16","15-19","All races/ethnicities","Female","1,590","2634.5","60,354"
"Chlamydia","2017","Idaho","16","20-24","All races/ethnicities","Female","1,537","2848.5","53,959"
"Chlamydia","2017","Idaho","16","15-19","All races/ethnicities","Female","1,447","2423.5","59,706"
"Chlamydia","2016","Idaho","16","20-24","All races/ethnicities","Female","1,553","2906.9","53,424"
"Chlamydia","2016","Idaho","16","15-19","All races/ethnicities","Female","1,289","2189.8","58,865"
"Chlamydia","2015","Idaho","16","20-24","All races/ethnicities","Female","1,487","2795.7","53,189"
"Chlamydia","2015","Idaho","16","15-19","All races/ethnicities","Female","1,335","2331.1","57,268"
"Chlamydia","2014","Idaho","16","20-24","All races/ethnicities","Female","1,551","2859.8","54,234"
"Chlamydia","2014","Idaho","16","15-19","All races/ethnicities","Female","1,318","2342.7","56,259"
"Chlamydia","2013","Idaho","16","20-24","All races/ethnicities","Female","1,624","2958.2","54,898"
"Chlamydia","2013","Idaho","16","15-19","All races/ethnicities","Female","1,256","2261.0","55,550"
"Chlamydia","2012","Idaho","16","20-24","All races/ethnicities","Female","1,322","2402.2","55,033"
"Chlamydia","2012","Idaho","16","15-19","All races/ethnicities","Female","1,083","1954.0","55,425"
"Chlamydia","2011","Idaho","16","20-24","All races/ethnicities","Female","1,329","2435.2","54,574"
"Chlamydia","2011","Idaho","16","15-19","All races/ethnicities","Female","1,147","2056.4","55,778"
"Chlamydia","2010","Idaho","16","20-24","All races/ethnicities","Female","1,206","2248.9","53,626"
"Chlamydia","2010","Idaho","16","15-19","All races/ethnicities","Female","1,060","1884.8","56,239"
"Chlamydia","2009","Idaho","16","20-24","All races/ethnicities","Female","1,036","1933.7","53,576"
"Chlamydia","2009","Idaho","16","15-19","All races/ethnicities","Female","1,112","1977.6","56,229"
"Chlamydia","2008","Idaho","16","20-24","All races/ethnicities","Female","1,154","2167.6","53,239"
"Chlamydia","2008","Idaho","16","15-19","All races/ethnicities","Female","1,190","2108.3","56,443"
"Chlamydia","2007","Idaho","16","20-24","All races/ethnicities","Female","1,082","2036.1","53,140"
"Chlamydia","2007","Idaho","16","15-19","All races/ethnicities","Female","972","1736.2","55,985"
"Chlamydia","2006","Idaho","16","20-24","All races/ethnicities","Female","1,007","1899.1","53,026"
"Chlamydia","2006","Idaho","16","15-19","All races/ethnicities","Female","829","1488.0","55,714"
"Chlamydia","2005","Idaho","16","20-24","All races/ethnicities","Female","934","1786.1","52,293"
"Chlamydia","2005","Idaho","16","15-19","All races/ethnicities","Female","771","1400.6","55,046"
"Chlamydia","2004","Idaho","16","20-24","All races/ethnicities","Female","944","1830.0","51,584"
"Chlamydia","2004","Idaho","16","15-19","All races/ethnicities","Female","752","1382.4","54,399"
"Chlamydia","2003","Idaho","16","20-24","All races/ethnicities","Female","731","1438.6","50,813"
"Chlamydia","2003","Idaho","16","15-19","All races/ethnicities","Female","709","1312.1","54,037"
"Chlamydia","2002","Idaho","16","20-24","All races/ethnicities","Female","708","1449.8","48,833"
"Chlamydia","2002","Idaho","16","15-19","All races/ethnicities","Female","787","1441.1","54,610"
"Chlamydia","2001","Idaho","16","20-24","All races/ethnicities","Female","508","1068.5","47,545"
"Chlamydia","2001","Idaho","16","15-19","All races/ethnicities","Female","678","1235.5","54,876"
"Chlamydia","2000","Idaho","16","20-24","All races/ethnicities","Female","528","1159.9","45,522"
"Chlamydia","2000","Idaho","16","15-19","All races/ethnicities","Female","631","1146.3","55,047"
"Gonorrhea","2019","Illinois","17","20-24","All races/ethnicities","Female","4,075","996.5","408,950"
"Gonorrhea","2019","Illinois","17","15-19","All races/ethnicities","Female","3,193","793.9","402,205"
"Gonorrhea","2018","Illinois","17","20-24","All races/ethnicities","Female","3,504","843.4","415,455"
"Gonorrhea","2018","Illinois","17","15-19","All races/ethnicities","Female","2,932","724.6","404,656"
"Gonorrhea","2017","Illinois","17","20-24","All races/ethnicities","Female","3,380","797.7","423,740"
"Gonorrhea","2017","Illinois","17","15-19","All races/ethnicities","Female","2,924","716.6","408,030"
"Gonorrhea","2016","Illinois","17","20-24","All races/ethnicities","Female","3,314","766.2","432,539"
"Gonorrhea","2016","Illinois","17","15-19","All races/ethnicities","Female","2,769","671.7","412,209"
"Gonorrhea","2015","Illinois","17","20-24","All races/ethnicities","Female","2,896","656.3","441,237"
"Gonorrhea","2015","Illinois","17","15-19","All races/ethnicities","Female","2,502","601.8","415,730"
"Gonorrhea","2014","Illinois","17","20-24","All races/ethnicities","Female","2,914","654.4","445,318"
"Gonorrhea","2014","Illinois","17","15-19","All races/ethnicities","Female","2,597","618.7","419,758"
"Gonorrhea","2013","Illinois","17","20-24","All races/ethnicities","Female","3,089","695.4","444,196"
"Gonorrhea","2013","Illinois","17","15-19","All races/ethnicities","Female","3,175","743.7","426,921"
"Gonorrhea","2012","Illinois","17","20-24","All races/ethnicities","Female","3,525","799.5","440,896"
"Gonorrhea","2012","Illinois","17","15-19","All races/ethnicities","Female","3,706","853.5","434,231"
"Gonorrhea","2011","Illinois","17","20-24","All races/ethnicities","Female","3,283","753.3","435,815"
"Gonorrhea","2011","Illinois","17","15-19","All races/ethnicities","Female","3,793","858.6","441,786"
"Gonorrhea","2010","Illinois","17","20-24","All races/ethnicities","Female","3,043","704.2","432,110"
"Gonorrhea","2010","Illinois","17","15-19","All races/ethnicities","Female","3,609","806.6","447,454"
"Gonorrhea","2009","Illinois","17","20-24","All races/ethnicities","Female","4,024","897.9","448,163"
"Gonorrhea","2009","Illinois","17","15-19","All races/ethnicities","Female","4,121","917.9","448,975"
"Gonorrhea","2008","Illinois","17","20-24","All races/ethnicities","Female","3,835","861.7","445,075"
"Gonorrhea","2008","Illinois","17","15-19","All races/ethnicities","Female","4,346","965.1","450,313"
"Gonorrhea","2007","Illinois","17","20-24","All races/ethnicities","Female","3,693","829.2","445,376"
"Gonorrhea","2007","Illinois","17","15-19","All races/ethnicities","Female","4,340","964.9","449,810"
"Gonorrhea","2006","Illinois","17","20-24","All races/ethnicities","Female","3,528","794.3","444,149"
"Gonorrhea","2006","Illinois","17","15-19","All races/ethnicities","Female","4,053","908.6","446,084"
"Gonorrhea","2005","Illinois","17","20-24","All races/ethnicities","Female","3,719","835.0","445,395"
"Gonorrhea","2005","Illinois","17","15-19","All races/ethnicities","Female","4,014","907.4","442,359"
"Gonorrhea","2004","Illinois","17","20-24","All races/ethnicities","Female","3,883","871.6","445,501"
"Gonorrhea","2004","Illinois","17","15-19","All races/ethnicities","Female","4,019","919.0","437,331"
"Gonorrhea","2003","Illinois","17","20-24","All races/ethnicities","Female","3,854","871.7","442,140"
"Gonorrhea","2003","Illinois","17","15-19","All races/ethnicities","Female","4,254","982.4","433,043"
"Gonorrhea","2002","Illinois","17","20-24","All races/ethnicities","Female","4,244","975.6","435,035"
"Gonorrhea","2002","Illinois","17","15-19","All races/ethnicities","Female","4,385","1015.7","431,723"
"Gonorrhea","2001","Illinois","17","20-24","All races/ethnicities","Female","4,229","984.7","429,479"
"Gonorrhea","2001","Illinois","17","15-19","All races/ethnicities","Female","4,324","1001.7","431,662"
"Gonorrhea","2000","Illinois","17","20-24","All races/ethnicities","Female","4,156","992.6","418,690"
"Gonorrhea","2000","Illinois","17","15-19","All races/ethnicities","Female","3,961","916.5","432,168"
"Chlamydia","2019","Illinois","17","20-24","All races/ethnicities","Female","19,798","4841.2","408,950"
"Chlamydia","2019","Illinois","17","15-19","All races/ethnicities","Female","15,285","3800.3","402,205"
"Chlamydia","2018","Illinois","17","20-24","All races/ethnicities","Female","19,210","4623.8","415,455"
"Chlamydia","2018","Illinois","17","15-19","All races/ethnicities","Female","15,426","3812.1","404,656"
"Chlamydia","2017","Illinois","17","20-24","All races/ethnicities","Female","19,596","4624.5","423,740"
"Chlamydia","2017","Illinois","17","15-19","All races/ethnicities","Female","15,010","3678.7","408,030"
"Chlamydia","2016","Illinois","17","20-24","All races/ethnicities","Female","19,037","4401.2","432,539"
"Chlamydia","2016","Illinois","17","15-19","All races/ethnicities","Female","14,826","3596.7","412,209"
"Chlamydia","2015","Illinois","17","20-24","All races/ethnicities","Female","19,095","4327.6","441,237"
"Chlamydia","2015","Illinois","17","15-19","All races/ethnicities","Female","14,819","3564.6","415,730"
"Chlamydia","2014","Illinois","17","20-24","All races/ethnicities","Female","18,986","4263.5","445,318"
"Chlamydia","2014","Illinois","17","15-19","All races/ethnicities","Female","15,148","3608.7","419,758"
"Chlamydia","2013","Illinois","17","20-24","All races/ethnicities","Female","18,137","4083.1","444,196"
"Chlamydia","2013","Illinois","17","15-19","All races/ethnicities","Female","16,198","3794.1","426,921"
"Chlamydia","2012","Illinois","17","20-24","All races/ethnicities","Female","18,549","4207.1","440,896"
"Chlamydia","2012","Illinois","17","15-19","All races/ethnicities","Female","18,260","4205.1","434,231"
"Chlamydia","2011","Illinois","17","20-24","All races/ethnicities","Female","17,446","4003.1","435,815"
"Chlamydia","2011","Illinois","17","15-19","All races/ethnicities","Female","18,117","4100.9","441,786"
"Chlamydia","2010","Illinois","17","20-24","All races/ethnicities","Female","16,155","3738.6","432,110"
"Chlamydia","2010","Illinois","17","15-19","All races/ethnicities","Female","17,669","3948.8","447,454"
"Chlamydia","2009","Illinois","17","20-24","All races/ethnicities","Female","16,278","3632.2","448,163"
"Chlamydia","2009","Illinois","17","15-19","All races/ethnicities","Female","16,854","3753.9","448,975"
"Chlamydia","2008","Illinois","17","20-24","All races/ethnicities","Female","15,332","3444.8","445,075"
"Chlamydia","2008","Illinois","17","15-19","All races/ethnicities","Female","16,769","3723.9","450,313"
"Chlamydia","2007","Illinois","17","20-24","All races/ethnicities","Female","15,004","3368.8","445,376"
"Chlamydia","2007","Illinois","17","15-19","All races/ethnicities","Female","15,736","3498.4","449,810"
"Chlamydia","2006","Illinois","17","20-24","All races/ethnicities","Female","14,352","3231.3","444,149"
"Chlamydia","2006","Illinois","17","15-19","All races/ethnicities","Female","14,889","3337.7","446,084"
"Chlamydia","2005","Illinois","17","20-24","All races/ethnicities","Female","13,747","3086.5","445,395"
"Chlamydia","2005","Illinois","17","15-19","All races/ethnicities","Female","14,273","3226.6","442,359"
"Chlamydia","2004","Illinois","17","20-24","All races/ethnicities","Female","13,539","3039.1","445,501"
"Chlamydia","2004","Illinois","17","15-19","All races/ethnicities","Female","13,180","3013.7","437,331"
"Chlamydia","2003","Illinois","17","20-24","All races/ethnicities","Female","13,527","3059.4","442,140"
"Chlamydia","2003","Illinois","17","15-19","All races/ethnicities","Female","13,429","3101.1","433,043"
"Chlamydia","2002","Illinois","17","20-24","All races/ethnicities","Female","12,712","2922.1","435,035"
"Chlamydia","2002","Illinois","17","15-19","All races/ethnicities","Female","12,685","2938.2","431,723"
"Chlamydia","2001","Illinois","17","20-24","All races/ethnicities","Female","12,452","2899.3","429,479"
"Chlamydia","2001","Illinois","17","15-19","All races/ethnicities","Female","12,384","2868.9","431,662"
"Chlamydia","2000","Illinois","17","20-24","All races/ethnicities","Female","12,043","2876.4","418,690"
"Chlamydia","2000","Illinois","17","15-19","All races/ethnicities","Female","11,221","2596.4","432,168"
"Gonorrhea","2019","Indiana","18","20-24","All races/ethnicities","Female","1,806","782.5","230,809"
"Gonorrhea","2019","Indiana","18","15-19","All races/ethnicities","Female","1,420","636.9","222,966"
"Gonorrhea","2018","Indiana","18","20-24","All races/ethnicities","Female","1,950","844.0","231,054"
"Gonorrhea","2018","Indiana","18","15-19","All races/ethnicities","Female","1,445","647.8","223,059"
"Gonorrhea","2017","Indiana","18","20-24","All races/ethnicities","Female","1,960","847.1","231,367"
"Gonorrhea","2017","Indiana","18","15-19","All races/ethnicities","Female","1,599","717.3","222,910"
"Gonorrhea","2016","Indiana","18","20-24","All races/ethnicities","Female","1,668","709.8","234,989"
"Gonorrhea","2016","Indiana","18","15-19","All races/ethnicities","Female","1,199","535.9","223,735"
"Gonorrhea","2015","Indiana","18","20-24","All races/ethnicities","Female","1,475","619.8","237,967"
"Gonorrhea","2015","Indiana","18","15-19","All races/ethnicities","Female","1,069","480.1","222,665"
"Gonorrhea","2014","Indiana","18","20-24","All races/ethnicities","Female","1,487","619.2","240,151"
"Gonorrhea","2014","Indiana","18","15-19","All races/ethnicities","Female","1,083","487.1","222,330"
"Gonorrhea","2013","Indiana","18","20-24","All races/ethnicities","Female","1,431","599.1","238,856"
"Gonorrhea","2013","Indiana","18","15-19","All races/ethnicities","Female","1,124","504.3","222,899"
"Gonorrhea","2012","Indiana","18","20-24","All races/ethnicities","Female","1,509","640.0","235,778"
"Gonorrhea","2012","Indiana","18","15-19","All races/ethnicities","Female","1,284","574.1","223,662"
"Gonorrhea","2011","Indiana","18","20-24","All races/ethnicities","Female","1,383","601.4","229,964"
"Gonorrhea","2011","Indiana","18","15-19","All races/ethnicities","Female","1,210","532.0","227,454"
"Gonorrhea","2010","Indiana","18","20-24","All races/ethnicities","Female","1,310","582.7","224,801"
"Gonorrhea","2010","Indiana","18","15-19","All races/ethnicities","Female","1,186","512.9","231,234"
"Gonorrhea","2009","Indiana","18","20-24","All races/ethnicities","Female","1,416","639.5","221,409"
"Gonorrhea","2009","Indiana","18","15-19","All races/ethnicities","Female","1,363","608.6","223,951"
"Gonorrhea","2008","Indiana","18","20-24","All races/ethnicities","Female","1,817","828.7","219,253"
"Gonorrhea","2008","Indiana","18","15-19","All races/ethnicities","Female","1,641","729.9","224,829"
"Gonorrhea","2007","Indiana","18","20-24","All races/ethnicities","Female","1,724","786.4","219,223"
"Gonorrhea","2007","Indiana","18","15-19","All races/ethnicities","Female","1,574","702.7","223,992"
"Gonorrhea","2006","Indiana","18","20-24","All races/ethnicities","Female","1,593","721.7","220,738"
"Gonorrhea","2006","Indiana","18","15-19","All races/ethnicities","Female","1,640","736.9","222,552"
"Gonorrhea","2005","Indiana","18","20-24","All races/ethnicities","Female","1,546","696.0","222,142"
"Gonorrhea","2005","Indiana","18","15-19","All races/ethnicities","Female","1,546","700.8","220,608"
"Gonorrhea","2004","Indiana","18","20-24","All races/ethnicities","Female","1,212","541.7","223,740"
"Gonorrhea","2004","Indiana","18","15-19","All races/ethnicities","Female","1,250","571.8","218,627"
"Gonorrhea","2003","Indiana","18","20-24","All races/ethnicities","Female","1,291","577.9","223,413"
"Gonorrhea","2003","Indiana","18","15-19","All races/ethnicities","Female","1,202","553.2","217,300"
"Gonorrhea","2002","Indiana","18","20-24","All races/ethnicities","Female","1,364","617.0","221,061"
"Gonorrhea","2002","Indiana","18","15-19","All races/ethnicities","Female","1,407","646.3","217,686"
"Gonorrhea","2001","Indiana","18","20-24","All races/ethnicities","Female","1,256","577.4","217,510"
"Gonorrhea","2001","Indiana","18","15-19","All races/ethnicities","Female","1,306","594.7","219,602"
"Gonorrhea","2000","Indiana","18","20-24","All races/ethnicities","Female","1,163","551.1","211,049"
"Gonorrhea","2000","Indiana","18","15-19","All races/ethnicities","Female","1,270","574.2","221,177"
"Chlamydia","2019","Indiana","18","20-24","All races/ethnicities","Female","9,105","3944.8","230,809"
"Chlamydia","2019","Indiana","18","15-19","All races/ethnicities","Female","7,786","3492.0","222,966"
"Chlamydia","2018","Indiana","18","20-24","All races/ethnicities","Female","9,132","3952.3","231,054"
"Chlamydia","2018","Indiana","18","15-19","All races/ethnicities","Female","7,777","3486.5","223,059"
"Chlamydia","2017","Indiana","18","20-24","All races/ethnicities","Female","9,235","3991.5","231,367"
"Chlamydia","2017","Indiana","18","15-19","All races/ethnicities","Female","7,615","3416.2","222,910"
"Chlamydia","2016","Indiana","18","20-24","All races/ethnicities","Female","8,660","3685.3","234,989"
"Chlamydia","2016","Indiana","18","15-19","All races/ethnicities","Female","6,769","3025.5","223,735"
"Chlamydia","2015","Indiana","18","20-24","All races/ethnicities","Female","8,332","3501.3","237,967"
"Chlamydia","2015","Indiana","18","15-19","All races/ethnicities","Female","6,365","2858.6","222,665"
"Chlamydia","2014","Indiana","18","20-24","All races/ethnicities","Female","8,571","3569.0","240,151"
"Chlamydia","2014","Indiana","18","15-19","All races/ethnicities","Female","6,542","2942.5","222,330"
"Chlamydia","2013","Indiana","18","20-24","All races/ethnicities","Female","8,326","3485.8","238,856"
"Chlamydia","2013","Indiana","18","15-19","All races/ethnicities","Female","6,909","3099.6","222,899"
"Chlamydia","2012","Indiana","18","20-24","All races/ethnicities","Female","8,500","3605.1","235,778"
"Chlamydia","2012","Indiana","18","15-19","All races/ethnicities","Female","7,952","3555.4","223,662"
"Chlamydia","2011","Indiana","18","20-24","All races/ethnicities","Female","7,825","3402.7","229,964"
"Chlamydia","2011","Indiana","18","15-19","All races/ethnicities","Female","7,586","3335.2","227,454"
"Chlamydia","2010","Indiana","18","20-24","All races/ethnicities","Female","6,125","2724.6","224,801"
"Chlamydia","2010","Indiana","18","15-19","All races/ethnicities","Female","6,359","2750.0","231,234"
"Chlamydia","2009","Indiana","18","20-24","All races/ethnicities","Female","6,070","2741.5","221,409"
"Chlamydia","2009","Indiana","18","15-19","All races/ethnicities","Female","6,227","2780.5","223,951"
"Chlamydia","2008","Indiana","18","20-24","All races/ethnicities","Female","6,028","2749.3","219,253"
"Chlamydia","2008","Indiana","18","15-19","All races/ethnicities","Female","6,477","2880.9","224,829"
"Chlamydia","2007","Indiana","18","20-24","All races/ethnicities","Female","5,731","2614.2","219,223"
"Chlamydia","2007","Indiana","18","15-19","All races/ethnicities","Female","5,975","2667.5","223,992"
"Chlamydia","2006","Indiana","18","20-24","All races/ethnicities","Female","5,557","2517.5","220,738"
"Chlamydia","2006","Indiana","18","15-19","All races/ethnicities","Female","5,600","2516.3","222,552"
"Chlamydia","2005","Indiana","18","20-24","All races/ethnicities","Female","5,622","2530.8","222,142"
"Chlamydia","2005","Indiana","18","15-19","All races/ethnicities","Female","5,855","2654.0","220,608"
"Chlamydia","2004","Indiana","18","20-24","All races/ethnicities","Female","5,251","2346.9","223,740"
"Chlamydia","2004","Indiana","18","15-19","All races/ethnicities","Female","5,772","2640.1","218,627"
"Chlamydia","2003","Indiana","18","20-24","All races/ethnicities","Female","4,913","2199.1","223,413"
"Chlamydia","2003","Indiana","18","15-19","All races/ethnicities","Female","5,195","2390.7","217,300"
"Chlamydia","2002","Indiana","18","20-24","All races/ethnicities","Female","4,869","2202.6","221,061"
"Chlamydia","2002","Indiana","18","15-19","All races/ethnicities","Female","5,074","2330.9","217,686"
"Chlamydia","2001","Indiana","18","20-24","All races/ethnicities","Female","4,191","1926.8","217,510"
"Chlamydia","2001","Indiana","18","15-19","All races/ethnicities","Female","4,701","2140.7","219,602"
"Chlamydia","2000","Indiana","18","20-24","All races/ethnicities","Female","4,001","1895.8","211,049"
"Chlamydia","2000","Indiana","18","15-19","All races/ethnicities","Female","4,527","2046.8","221,177"
"Gonorrhea","2019","Iowa","19","20-24","All races/ethnicities","Female","761","700.2","108,676"
"Gonorrhea","2019","Iowa","19","15-19","All races/ethnicities","Female","553","534.9","103,383"
"Gonorrhea","2018","Iowa","19","20-24","All races/ethnicities","Female","697","636.4","109,520"
"Gonorrhea","2018","Iowa","19","15-19","All races/ethnicities","Female","505","487.5","103,595"
"Gonorrhea","2017","Iowa","19","20-24","All races/ethnicities","Female","549","498.1","110,213"
"Gonorrhea","2017","Iowa","19","15-19","All races/ethnicities","Female","400","383.4","104,327"
"Gonorrhea","2016","Iowa","19","20-24","All races/ethnicities","Female","388","347.1","111,771"
"Gonorrhea","2016","Iowa","19","15-19","All races/ethnicities","Female","311","297.0","104,727"
"Gonorrhea","2015","Iowa","19","20-24","All races/ethnicities","Female","374","331.7","112,748"
"Gonorrhea","2015","Iowa","19","15-19","All races/ethnicities","Female","281","268.5","104,650"
"Gonorrhea","2014","Iowa","19","20-24","All races/ethnicities","Female","296","262.4","112,794"
"Gonorrhea","2014","Iowa","19","15-19","All races/ethnicities","Female","236","226.4","104,220"
"Gonorrhea","2013","Iowa","19","20-24","All races/ethnicities","Female","280","251.4","111,392"
"Gonorrhea","2013","Iowa","19","15-19","All races/ethnicities","Female","212","203.8","104,031"
"Gonorrhea","2012","Iowa","19","20-24","All races/ethnicities","Female","449","412.0","108,975"
"Gonorrhea","2012","Iowa","19","15-19","All races/ethnicities","Female","338","325.8","103,742"
"Gonorrhea","2011","Iowa","19","20-24","All races/ethnicities","Female","429","403.7","106,254"
"Gonorrhea","2011","Iowa","19","15-19","All races/ethnicities","Female","386","366.5","105,325"
"Gonorrhea","2010","Iowa","19","20-24","All races/ethnicities","Female","395","379.4","104,106"
"Gonorrhea","2010","Iowa","19","15-19","All races/ethnicities","Female","375","355.3","105,550"
"Gonorrhea","2009","Iowa","19","20-24","All races/ethnicities","Female","358","321.5","111,347"
"Gonorrhea","2009","Iowa","19","15-19","All races/ethnicities","Female","378","353.9","106,818"
"Gonorrhea","2008","Iowa","19","20-24","All races/ethnicities","Female","348","313.8","110,898"
"Gonorrhea","2008","Iowa","19","15-19","All races/ethnicities","Female","346","321.8","107,504"
"Gonorrhea","2007","Iowa","19","20-24","All races/ethnicities","Female","376","338.2","111,169"
"Gonorrhea","2007","Iowa","19","15-19","All races/ethnicities","Female","370","343.6","107,668"
"Gonorrhea","2006","Iowa","19","20-24","All races/ethnicities","Female","372","329.5","112,910"
"Gonorrhea","2006","Iowa","19","15-19","All races/ethnicities","Female","476","444.1","107,178"
"Gonorrhea","2005","Iowa","19","20-24","All races/ethnicities","Female","293","261.7","111,972"
"Gonorrhea","2005","Iowa","19","15-19","All races/ethnicities","Female","289","270.3","106,906"
"Gonorrhea","2004","Iowa","19","20-24","All races/ethnicities","Female","254","228.3","111,236"
"Gonorrhea","2004","Iowa","19","15-19","All races/ethnicities","Female","271","252.7","107,227"
"Gonorrhea","2003","Iowa","19","20-24","All races/ethnicities","Female","327","301.6","108,408"
"Gonorrhea","2003","Iowa","19","15-19","All races/ethnicities","Female","281","261.0","107,653"
"Gonorrhea","2002","Iowa","19","20-24","All races/ethnicities","Female","275","260.4","105,594"
"Gonorrhea","2002","Iowa","19","15-19","All races/ethnicities","Female","302","276.5","109,210"
"Gonorrhea","2001","Iowa","19","20-24","All races/ethnicities","Female","269","263.5","102,089"
"Gonorrhea","2001","Iowa","19","15-19","All races/ethnicities","Female","275","247.8","110,970"
"Gonorrhea","2000","Iowa","19","20-24","All races/ethnicities","Female","254","252.9","100,418"
"Gonorrhea","2000","Iowa","19","15-19","All races/ethnicities","Female","286","258.2","110,775"
"Chlamydia","2019","Iowa","19","20-24","All races/ethnicities","Female","4,114","3785.6","108,676"
"Chlamydia","2019","Iowa","19","15-19","All races/ethnicities","Female","3,393","3282.0","103,383"
"Chlamydia","2018","Iowa","19","20-24","All races/ethnicities","Female","3,735","3410.3","109,520"
"Chlamydia","2018","Iowa","19","15-19","All races/ethnicities","Female","3,140","3031.0","103,595"
"Chlamydia","2017","Iowa","19","20-24","All races/ethnicities","Female","3,522","3195.6","110,213"
"Chlamydia","2017","Iowa","19","15-19","All races/ethnicities","Female","2,970","2846.8","104,327"
"Chlamydia","2016","Iowa","19","20-24","All races/ethnicities","Female","3,468","3102.8","111,771"
"Chlamydia","2016","Iowa","19","15-19","All races/ethnicities","Female","2,843","2714.7","104,727"
"Chlamydia","2015","Iowa","19","20-24","All races/ethnicities","Female","3,431","3043.1","112,748"
"Chlamydia","2015","Iowa","19","15-19","All races/ethnicities","Female","2,609","2493.1","104,650"
"Chlamydia","2014","Iowa","19","20-24","All races/ethnicities","Female","3,579","3173.0","112,794"
"Chlamydia","2014","Iowa","19","15-19","All races/ethnicities","Female","2,538","2435.2","104,220"
"Chlamydia","2013","Iowa","19","20-24","All races/ethnicities","Female","3,327","2986.7","111,392"
"Chlamydia","2013","Iowa","19","15-19","All races/ethnicities","Female","2,573","2473.3","104,031"
"Chlamydia","2012","Iowa","19","20-24","All races/ethnicities","Female","3,409","3128.2","108,975"
"Chlamydia","2012","Iowa","19","15-19","All races/ethnicities","Female","2,809","2707.7","103,742"
"Chlamydia","2011","Iowa","19","20-24","All races/ethnicities","Female","3,093","2910.9","106,254"
"Chlamydia","2011","Iowa","19","15-19","All races/ethnicities","Female","2,760","2620.5","105,325"
"Chlamydia","2010","Iowa","19","20-24","All races/ethnicities","Female","3,017","2898.0","104,106"
"Chlamydia","2010","Iowa","19","15-19","All races/ethnicities","Female","2,918","2764.6","105,550"
"Chlamydia","2009","Iowa","19","20-24","All races/ethnicities","Female","2,715","2438.3","111,347"
"Chlamydia","2009","Iowa","19","15-19","All races/ethnicities","Female","2,596","2430.3","106,818"
"Chlamydia","2008","Iowa","19","20-24","All races/ethnicities","Female","2,677","2413.9","110,898"
"Chlamydia","2008","Iowa","19","15-19","All races/ethnicities","Female","2,582","2401.8","107,504"
"Chlamydia","2007","Iowa","19","20-24","All races/ethnicities","Female","2,534","2279.4","111,169"
"Chlamydia","2007","Iowa","19","15-19","All races/ethnicities","Female","2,349","2181.7","107,668"
"Chlamydia","2006","Iowa","19","20-24","All races/ethnicities","Female","2,521","2232.8","112,910"
"Chlamydia","2006","Iowa","19","15-19","All races/ethnicities","Female","2,257","2105.8","107,178"
"Chlamydia","2005","Iowa","19","20-24","All races/ethnicities","Female","2,142","1913.0","111,972"
"Chlamydia","2005","Iowa","19","15-19","All races/ethnicities","Female","2,131","1993.3","106,906"
"Chlamydia","2004","Iowa","19","20-24","All races/ethnicities","Female","2,100","1887.9","111,236"
"Chlamydia","2004","Iowa","19","15-19","All races/ethnicities","Female","2,061","1922.1","107,227"
"Chlamydia","2003","Iowa","19","20-24","All races/ethnicities","Female","2,045","1886.4","108,408"
"Chlamydia","2003","Iowa","19","15-19","All races/ethnicities","Female","1,879","1745.4","107,653"
"Chlamydia","2002","Iowa","19","20-24","All races/ethnicities","Female","2,003","1896.9","105,594"
"Chlamydia","2002","Iowa","19","15-19","All races/ethnicities","Female","1,808","1655.5","109,210"
"Chlamydia","2001","Iowa","19","20-24","All races/ethnicities","Female","1,723","1687.7","102,089"
"Chlamydia","2001","Iowa","19","15-19","All races/ethnicities","Female","1,759","1585.1","110,970"
"Chlamydia","2000","Iowa","19","20-24","All races/ethnicities","Female","1,705","1697.9","100,418"
"Chlamydia","2000","Iowa","19","15-19","All races/ethnicities","Female","1,911","1725.1","110,775"
"Gonorrhea","2019","Kansas","20","20-24","All races/ethnicities","Female","764","752.7","101,498"
"Gonorrhea","2019","Kansas","20","15-19","All races/ethnicities","Female","597","617.5","96,680"
"Gonorrhea","2018","Kansas","20","20-24","All races/ethnicities","Female","840","824.4","101,893"
"Gonorrhea","2018","Kansas","20","15-19","All races/ethnicities","Female","643","664.2","96,813"
"Gonorrhea","2017","Kansas","20","20-24","All races/ethnicities","Female","702","686.4","102,277"
"Gonorrhea","2017","Kansas","20","15-19","All races/ethnicities","Female","537","556.7","96,466"
"Gonorrhea","2016","Kansas","20","20-24","All races/ethnicities","Female","510","490.8","103,903"
"Gonorrhea","2016","Kansas","20","15-19","All races/ethnicities","Female","366","378.0","96,836"
"Gonorrhea","2015","Kansas","20","20-24","All races/ethnicities","Female","454","432.4","104,993"
"Gonorrhea","2015","Kansas","20","15-19","All races/ethnicities","Female","254","262.3","96,844"
"Gonorrhea","2014","Kansas","20","20-24","All races/ethnicities","Female","535","512.7","104,342"
"Gonorrhea","2014","Kansas","20","15-19","All races/ethnicities","Female","344","355.5","96,763"
"Gonorrhea","2013","Kansas","20","20-24","All races/ethnicities","Female","442","426.6","103,611"
"Gonorrhea","2013","Kansas","20","15-19","All races/ethnicities","Female","294","303.4","96,893"
"Gonorrhea","2012","Kansas","20","20-24","All races/ethnicities","Female","541","527.6","102,534"
"Gonorrhea","2012","Kansas","20","15-19","All races/ethnicities","Female","346","356.5","97,068"
"Gonorrhea","2011","Kansas","20","20-24","All races/ethnicities","Female","545","545.2","99,964"
"Gonorrhea","2011","Kansas","20","15-19","All races/ethnicities","Female","358","364.9","98,096"
"Gonorrhea","2010","Kansas","20","20-24","All races/ethnicities","Female","496","500.3","99,149"
"Gonorrhea","2010","Kansas","20","15-19","All races/ethnicities","Female","362","367.2","98,571"
"Gonorrhea","2009","Kansas","20","20-24","All races/ethnicities","Female","596","560.6","106,311"
"Gonorrhea","2009","Kansas","20","15-19","All races/ethnicities","Female","529","549.5","96,264"
"Gonorrhea","2008","Kansas","20","20-24","All races/ethnicities","Female","562","526.5","106,736"
"Gonorrhea","2008","Kansas","20","15-19","All races/ethnicities","Female","510","524.9","97,166"
"Gonorrhea","2007","Kansas","20","20-24","All races/ethnicities","Female","517","486.2","106,331"
"Gonorrhea","2007","Kansas","20","15-19","All races/ethnicities","Female","477","485.1","98,331"
"Gonorrhea","2006","Kansas","20","20-24","All races/ethnicities","Female","504","468.2","107,647"
"Gonorrhea","2006","Kansas","20","15-19","All races/ethnicities","Female","419","425.4","98,489"
"Gonorrhea","2005","Kansas","20","20-24","All races/ethnicities","Female","604","561.2","107,633"
"Gonorrhea","2005","Kansas","20","15-19","All races/ethnicities","Female","536","538.0","99,636"
"Gonorrhea","2004","Kansas","20","20-24","All races/ethnicities","Female","577","544.8","105,915"
"Gonorrhea","2004","Kansas","20","15-19","All races/ethnicities","Female","543","543.0","99,992"
"Gonorrhea","2003","Kansas","20","20-24","All races/ethnicities","Female","526","510.0","103,139"
"Gonorrhea","2003","Kansas","20","15-19","All races/ethnicities","Female","560","555.4","100,822"
"Gonorrhea","2002","Kansas","20","20-24","All races/ethnicities","Female","550","554.3","99,216"
"Gonorrhea","2002","Kansas","20","15-19","All races/ethnicities","Female","553","542.5","101,930"
"Gonorrhea","2001","Kansas","20","20-24","All races/ethnicities","Female","506","533.1","94,912"
"Gonorrhea","2001","Kansas","20","15-19","All races/ethnicities","Female","563","548.2","102,706"
"Gonorrhea","2000","Kansas","20","20-24","All races/ethnicities","Female","504","547.1","92,116"
"Gonorrhea","2000","Kansas","20","15-19","All races/ethnicities","Female","604","590.2","102,340"
"Chlamydia","2019","Kansas","20","20-24","All races/ethnicities","Female","4,083","4022.7","101,498"
"Chlamydia","2019","Kansas","20","15-19","All races/ethnicities","Female","3,315","3428.8","96,680"
"Chlamydia","2018","Kansas","20","20-24","All races/ethnicities","Female","3,879","3806.9","101,893"
"Chlamydia","2018","Kansas","20","15-19","All races/ethnicities","Female","3,239","3345.6","96,813"
"Chlamydia","2017","Kansas","20","20-24","All races/ethnicities","Female","3,756","3672.4","102,277"
"Chlamydia","2017","Kansas","20","15-19","All races/ethnicities","Female","3,061","3173.1","96,466"
"Chlamydia","2016","Kansas","20","20-24","All races/ethnicities","Female","3,459","3329.1","103,903"
"Chlamydia","2016","Kansas","20","15-19","All races/ethnicities","Female","2,862","2955.5","96,836"
"Chlamydia","2015","Kansas","20","20-24","All races/ethnicities","Female","3,398","3236.4","104,993"
"Chlamydia","2015","Kansas","20","15-19","All races/ethnicities","Female","2,693","2780.8","96,844"
"Chlamydia","2014","Kansas","20","20-24","All races/ethnicities","Female","3,344","3204.8","104,342"
"Chlamydia","2014","Kansas","20","15-19","All races/ethnicities","Female","2,658","2746.9","96,763"
"Chlamydia","2013","Kansas","20","20-24","All races/ethnicities","Female","3,436","3316.3","103,611"
"Chlamydia","2013","Kansas","20","15-19","All races/ethnicities","Female","2,715","2802.1","96,893"
"Chlamydia","2012","Kansas","20","20-24","All races/ethnicities","Female","3,412","3327.7","102,534"
"Chlamydia","2012","Kansas","20","15-19","All races/ethnicities","Female","2,965","3054.6","97,068"
"Chlamydia","2011","Kansas","20","20-24","All races/ethnicities","Female","3,362","3363.2","99,964"
"Chlamydia","2011","Kansas","20","15-19","All races/ethnicities","Female","2,904","2960.4","98,096"
"Chlamydia","2010","Kansas","20","20-24","All races/ethnicities","Female","3,053","3079.2","99,149"
"Chlamydia","2010","Kansas","20","15-19","All races/ethnicities","Female","2,682","2720.9","98,571"
"Chlamydia","2009","Kansas","20","20-24","All races/ethnicities","Female","3,330","3132.3","106,311"
"Chlamydia","2009","Kansas","20","15-19","All races/ethnicities","Female","2,982","3097.7","96,264"
"Chlamydia","2008","Kansas","20","20-24","All races/ethnicities","Female","2,998","2808.8","106,736"
"Chlamydia","2008","Kansas","20","15-19","All races/ethnicities","Female","2,757","2837.4","97,166"
"Chlamydia","2007","Kansas","20","20-24","All races/ethnicities","Female","2,648","2490.3","106,331"
"Chlamydia","2007","Kansas","20","15-19","All races/ethnicities","Female","2,456","2497.7","98,331"
"Chlamydia","2006","Kansas","20","20-24","All races/ethnicities","Female","2,616","2430.2","107,647"
"Chlamydia","2006","Kansas","20","15-19","All races/ethnicities","Female","2,365","2401.3","98,489"
"Chlamydia","2005","Kansas","20","20-24","All races/ethnicities","Female","2,521","2342.2","107,633"
"Chlamydia","2005","Kansas","20","15-19","All races/ethnicities","Female","2,195","2203.0","99,636"
"Chlamydia","2004","Kansas","20","20-24","All races/ethnicities","Female","2,487","2348.1","105,915"
"Chlamydia","2004","Kansas","20","15-19","All races/ethnicities","Female","2,383","2383.2","99,992"
"Chlamydia","2003","Kansas","20","20-24","All races/ethnicities","Female","2,382","2309.5","103,139"
"Chlamydia","2003","Kansas","20","15-19","All races/ethnicities","Female","2,370","2350.7","100,822"
"Chlamydia","2002","Kansas","20","20-24","All races/ethnicities","Female","2,278","2296.0","99,216"
"Chlamydia","2002","Kansas","20","15-19","All races/ethnicities","Female","2,264","2221.1","101,930"
"Chlamydia","2001","Kansas","20","20-24","All races/ethnicities","Female","1,960","2065.1","94,912"
"Chlamydia","2001","Kansas","20","15-19","All races/ethnicities","Female","2,047","1993.1","102,706"
"Chlamydia","2000","Kansas","20","20-24","All races/ethnicities","Female","1,889","2050.7","92,116"
"Chlamydia","2000","Kansas","20","15-19","All races/ethnicities","Female","2,135","2086.2","102,340"
"Gonorrhea","2019","Kentucky","21","20-24","All races/ethnicities","Female","1,065","739.7","143,968"
"Gonorrhea","2019","Kentucky","21","15-19","All races/ethnicities","Female","737","529.1","139,306"
"Gonorrhea","2018","Kentucky","21","20-24","All races/ethnicities","Female","1,152","796.2","144,692"
"Gonorrhea","2018","Kentucky","21","15-19","All races/ethnicities","Female","786","564.4","139,257"
"Gonorrhea","2017","Kentucky","21","20-24","All races/ethnicities","Female","1,142","784.7","145,533"
"Gonorrhea","2017","Kentucky","21","15-19","All races/ethnicities","Female","865","618.4","139,884"
"Gonorrhea","2016","Kentucky","21","20-24","All races/ethnicities","Female","898","609.5","147,322"
"Gonorrhea","2016","Kentucky","21","15-19","All races/ethnicities","Female","636","454.4","139,975"
"Gonorrhea","2015","Kentucky","21","20-24","All races/ethnicities","Female","815","540.1","150,911"
"Gonorrhea","2015","Kentucky","21","15-19","All races/ethnicities","Female","593","425.0","139,542"
"Gonorrhea","2014","Kentucky","21","20-24","All races/ethnicities","Female","872","565.8","154,121"
"Gonorrhea","2014","Kentucky","21","15-19","All races/ethnicities","Female","567","410.0","138,278"
"Gonorrhea","2013","Kentucky","21","20-24","All races/ethnicities","Female","839","541.3","155,005"
"Gonorrhea","2013","Kentucky","21","15-19","All races/ethnicities","Female","643","464.1","138,561"
"Gonorrhea","2012","Kentucky","21","20-24","All races/ethnicities","Female","911","596.0","152,852"
"Gonorrhea","2012","Kentucky","21","15-19","All races/ethnicities","Female","683","493.4","138,422"
"Gonorrhea","2011","Kentucky","21","20-24","All races/ethnicities","Female","986","661.0","149,157"
"Gonorrhea","2011","Kentucky","21","15-19","All races/ethnicities","Female","869","616.4","140,990"
"Gonorrhea","2010","Kentucky","21","20-24","All races/ethnicities","Female","906","628.5","144,155"
"Gonorrhea","2010","Kentucky","21","15-19","All races/ethnicities","Female","830","575.7","144,179"
"Gonorrhea","2009","Kentucky","21","20-24","All races/ethnicities","Female","794","548.6","144,742"
"Gonorrhea","2009","Kentucky","21","15-19","All races/ethnicities","Female","756","537.8","140,576"
"Gonorrhea","2008","Kentucky","21","20-24","All races/ethnicities","Female","870","603.6","144,138"
"Gonorrhea","2008","Kentucky","21","15-19","All races/ethnicities","Female","842","595.1","141,486"
"Gonorrhea","2007","Kentucky","21","20-24","All races/ethnicities","Female","612","423.2","144,609"
"Gonorrhea","2007","Kentucky","21","15-19","All races/ethnicities","Female","637","454.3","140,227"
"Gonorrhea","2006","Kentucky","21","20-24","All races/ethnicities","Female","594","409.6","145,018"
"Gonorrhea","2006","Kentucky","21","15-19","All races/ethnicities","Female","574","413.6","138,793"
"Gonorrhea","2005","Kentucky","21","20-24","All races/ethnicities","Female","523","352.0","148,570"
"Gonorrhea","2005","Kentucky","21","15-19","All races/ethnicities","Female","544","396.7","137,118"
"Gonorrhea","2004","Kentucky","21","20-24","All races/ethnicities","Female","476","315.7","150,792"
"Gonorrhea","2004","Kentucky","21","15-19","All races/ethnicities","Female","505","372.5","135,559"
"Gonorrhea","2003","Kentucky","21","20-24","All races/ethnicities","Female","674","446.8","150,864"
"Gonorrhea","2003","Kentucky","21","15-19","All races/ethnicities","Female","663","488.9","135,614"
"Gonorrhea","2002","Kentucky","21","20-24","All races/ethnicities","Female","701","469.0","149,464"
"Gonorrhea","2002","Kentucky","21","15-19","All races/ethnicities","Female","701","515.1","136,089"
"Gonorrhea","2001","Kentucky","21","20-24","All races/ethnicities","Female","660","450.7","146,427"
"Gonorrhea","2001","Kentucky","21","15-19","All races/ethnicities","Female","649","471.4","137,671"
"Gonorrhea","2000","Kentucky","21","20-24","All races/ethnicities","Female","569","405.5","140,306"
"Gonorrhea","2000","Kentucky","21","15-19","All races/ethnicities","Female","687","486.2","141,303"
"Chlamydia","2019","Kentucky","21","20-24","All races/ethnicities","Female","5,281","3668.2","143,968"
"Chlamydia","2019","Kentucky","21","15-19","All races/ethnicities","Female","4,540","3259.0","139,306"
"Chlamydia","2018","Kentucky","21","20-24","All races/ethnicities","Female","5,145","3555.8","144,692"
"Chlamydia","2018","Kentucky","21","15-19","All races/ethnicities","Female","4,017","2884.6","139,257"
"Chlamydia","2017","Kentucky","21","20-24","All races/ethnicities","Female","5,107","3509.2","145,533"
"Chlamydia","2017","Kentucky","21","15-19","All races/ethnicities","Female","4,398","3144.0","139,884"
"Chlamydia","2016","Kentucky","21","20-24","All races/ethnicities","Female","4,983","3382.4","147,322"
"Chlamydia","2016","Kentucky","21","15-19","All races/ethnicities","Female","3,850","2750.5","139,975"
"Chlamydia","2015","Kentucky","21","20-24","All races/ethnicities","Female","5,019","3325.8","150,911"
"Chlamydia","2015","Kentucky","21","15-19","All races/ethnicities","Female","3,782","2710.3","139,542"
"Chlamydia","2014","Kentucky","21","20-24","All races/ethnicities","Female","5,053","3278.6","154,121"
"Chlamydia","2014","Kentucky","21","15-19","All races/ethnicities","Female","3,906","2824.7","138,278"
"Chlamydia","2013","Kentucky","21","20-24","All races/ethnicities","Female","5,003","3227.6","155,005"
"Chlamydia","2013","Kentucky","21","15-19","All races/ethnicities","Female","4,035","2912.1","138,561"
"Chlamydia","2012","Kentucky","21","20-24","All races/ethnicities","Female","4,907","3210.3","152,852"
"Chlamydia","2012","Kentucky","21","15-19","All races/ethnicities","Female","4,489","3243.0","138,422"
"Chlamydia","2011","Kentucky","21","20-24","All races/ethnicities","Female","4,674","3133.6","149,157"
"Chlamydia","2011","Kentucky","21","15-19","All races/ethnicities","Female","4,486","3181.8","140,990"
"Chlamydia","2010","Kentucky","21","20-24","All races/ethnicities","Female","4,517","3133.4","144,155"
"Chlamydia","2010","Kentucky","21","15-19","All races/ethnicities","Female","4,608","3196.0","144,179"
"Chlamydia","2009","Kentucky","21","20-24","All races/ethnicities","Female","3,551","2453.3","144,742"
"Chlamydia","2009","Kentucky","21","15-19","All races/ethnicities","Female","3,851","2739.4","140,576"
"Chlamydia","2008","Kentucky","21","20-24","All races/ethnicities","Female","3,094","2146.6","144,138"
"Chlamydia","2008","Kentucky","21","15-19","All races/ethnicities","Female","3,471","2453.2","141,486"
"Chlamydia","2007","Kentucky","21","20-24","All races/ethnicities","Female","2,241","1549.7","144,609"
"Chlamydia","2007","Kentucky","21","15-19","All races/ethnicities","Female","2,427","1730.8","140,227"
"Chlamydia","2006","Kentucky","21","20-24","All races/ethnicities","Female","2,420","1668.8","145,018"
"Chlamydia","2006","Kentucky","21","15-19","All races/ethnicities","Female","2,528","1821.4","138,793"
"Chlamydia","2005","Kentucky","21","20-24","All races/ethnicities","Female","2,290","1541.4","148,570"
"Chlamydia","2005","Kentucky","21","15-19","All races/ethnicities","Female","2,445","1783.1","137,118"
"Chlamydia","2004","Kentucky","21","20-24","All races/ethnicities","Female","1,988","1318.4","150,792"
"Chlamydia","2004","Kentucky","21","15-19","All races/ethnicities","Female","2,037","1502.7","135,559"
"Chlamydia","2003","Kentucky","21","20-24","All races/ethnicities","Female","2,438","1616.0","150,864"
"Chlamydia","2003","Kentucky","21","15-19","All races/ethnicities","Female","2,628","1937.9","135,614"
"Chlamydia","2002","Kentucky","21","20-24","All races/ethnicities","Female","2,739","1832.5","149,464"
"Chlamydia","2002","Kentucky","21","15-19","All races/ethnicities","Female","2,939","2159.6","136,089"
"Chlamydia","2001","Kentucky","21","20-24","All races/ethnicities","Female","2,727","1862.4","146,427"
"Chlamydia","2001","Kentucky","21","15-19","All races/ethnicities","Female","3,017","2191.5","137,671"
"Chlamydia","2000","Kentucky","21","20-24","All races/ethnicities","Female","2,346","1672.1","140,306"
"Chlamydia","2000","Kentucky","21","15-19","All races/ethnicities","Female","2,885","2041.7","141,303"
"Gonorrhea","2019","Louisiana","22","20-24","All races/ethnicities","Female","2,031","1358.7","149,485"
"Gonorrhea","2019","Louisiana","22","15-19","All races/ethnicities","Female","1,726","1198.6","144,005"
"Gonorrhea","2018","Louisiana","22","20-24","All races/ethnicities","Female","2,028","1333.6","152,064"
"Gonorrhea","2018","Louisiana","22","15-19","All races/ethnicities","Female","1,800","1240.0","145,160"
"Gonorrhea","2017","Louisiana","22","20-24","All races/ethnicities","Female","2,195","1411.8","155,480"
"Gonorrhea","2017","Louisiana","22","15-19","All races/ethnicities","Female","1,836","1254.6","146,347"
"Gonorrhea","2016","Louisiana","22","20-24","All races/ethnicities","Female","2,008","1250.9","160,526"
"Gonorrhea","2016","Louisiana","22","15-19","All races/ethnicities","Female","1,773","1200.7","147,661"
"Gonorrhea","2015","Louisiana","22","20-24","All races/ethnicities","Female","2,008","1196.8","167,782"
"Gonorrhea","2015","Louisiana","22","15-19","All races/ethnicities","Female","1,857","1260.2","147,354"
"Gonorrhea","2014","Louisiana","22","20-24","All races/ethnicities","Female","1,856","1071.1","173,284"
"Gonorrhea","2014","Louisiana","22","15-19","All races/ethnicities","Female","1,713","1167.3","146,745"
"Gonorrhea","2013","Louisiana","22","20-24","All races/ethnicities","Female","1,827","1037.3","176,131"
"Gonorrhea","2013","Louisiana","22","15-19","All races/ethnicities","Female","1,775","1200.3","147,878"
"Gonorrhea","2012","Louisiana","22","20-24","All races/ethnicities","Female","1,873","1061.8","176,398"
"Gonorrhea","2012","Louisiana","22","15-19","All races/ethnicities","Female","1,906","1273.0","149,723"
"Gonorrhea","2011","Louisiana","22","20-24","All races/ethnicities","Female","1,858","1065.5","174,375"
"Gonorrhea","2011","Louisiana","22","15-19","All races/ethnicities","Female","2,000","1305.1","153,242"
"Gonorrhea","2010","Louisiana","22","20-24","All races/ethnicities","Female","1,713","1005.8","170,318"
"Gonorrhea","2010","Louisiana","22","15-19","All races/ethnicities","Female","1,719","1078.3","159,418"
"Gonorrhea","2009","Louisiana","22","20-24","All races/ethnicities","Female","1,876","1106.0","169,621"
"Gonorrhea","2009","Louisiana","22","15-19","All races/ethnicities","Female","1,801","1132.0","159,105"
"Gonorrhea","2008","Louisiana","22","20-24","All races/ethnicities","Female","1,896","1123.1","168,821"
"Gonorrhea","2008","Louisiana","22","15-19","All races/ethnicities","Female","1,867","1160.4","160,886"
"Gonorrhea","2007","Louisiana","22","20-24","All races/ethnicities","Female","2,054","1232.0","166,722"
"Gonorrhea","2007","Louisiana","22","15-19","All races/ethnicities","Female","2,119","1330.1","159,316"
"Gonorrhea","2006","Louisiana","22","20-24","All races/ethnicities","Female","2,000","1231.5","162,402"
"Gonorrhea","2006","Louisiana","22","15-19","All races/ethnicities","Female","1,977","1268.7","155,828"
"Gonorrhea","2005","Louisiana","22","20-24","All races/ethnicities","Female","1,782","1000.6","178,092"
"Gonorrhea","2005","Louisiana","22","15-19","All races/ethnicities","Female","1,668","1001.1","166,617"
"Gonorrhea","2004","Louisiana","22","20-24","All races/ethnicities","Female","2,011","1114.2","180,491"
"Gonorrhea","2004","Louisiana","22","15-19","All races/ethnicities","Female","2,076","1230.0","168,778"
"Gonorrhea","2003","Louisiana","22","20-24","All races/ethnicities","Female","2,273","1267.2","179,370"
"Gonorrhea","2003","Louisiana","22","15-19","All races/ethnicities","Female","2,283","1338.3","170,592"
"Gonorrhea","2002","Louisiana","22","20-24","All races/ethnicities","Female","2,098","1192.3","175,967"
"Gonorrhea","2002","Louisiana","22","15-19","All races/ethnicities","Female","2,352","1356.7","173,366"
"Gonorrhea","2001","Louisiana","22","20-24","All races/ethnicities","Female","2,127","1240.9","171,411"
"Gonorrhea","2001","Louisiana","22","15-19","All races/ethnicities","Female","2,474","1398.8","176,862"
"Gonorrhea","2000","Louisiana","22","20-24","All races/ethnicities","Female","2,180","1317.5","165,471"
"Gonorrhea","2000","Louisiana","22","15-19","All races/ethnicities","Female","2,654","1462.1","181,514"
"Chlamydia","2019","Louisiana","22","20-24","All races/ethnicities","Female","8,934","5976.5","149,485"
"Chlamydia","2019","Louisiana","22","15-19","All races/ethnicities","Female","8,793","6106.0","144,005"
"Chlamydia","2018","Louisiana","22","20-24","All races/ethnicities","Female","9,270","6096.1","152,064"
"Chlamydia","2018","Louisiana","22","15-19","All races/ethnicities","Female","9,019","6213.1","145,160"
"Chlamydia","2017","Louisiana","22","20-24","All races/ethnicities","Female","9,129","5871.5","155,480"
"Chlamydia","2017","Louisiana","22","15-19","All races/ethnicities","Female","8,634","5899.7","146,347"
"Chlamydia","2016","Louisiana","22","20-24","All races/ethnicities","Female","8,730","5438.4","160,526"
"Chlamydia","2016","Louisiana","22","15-19","All races/ethnicities","Female","7,914","5359.6","147,661"
"Chlamydia","2015","Louisiana","22","20-24","All races/ethnicities","Female","8,911","5311.1","167,782"
"Chlamydia","2015","Louisiana","22","15-19","All races/ethnicities","Female","8,096","5494.3","147,354"
"Chlamydia","2014","Louisiana","22","20-24","All races/ethnicities","Female","8,177","4718.8","173,284"
"Chlamydia","2014","Louisiana","22","15-19","All races/ethnicities","Female","7,499","5110.2","146,745"
"Chlamydia","2013","Louisiana","22","20-24","All races/ethnicities","Female","8,387","4761.8","176,131"
"Chlamydia","2013","Louisiana","22","15-19","All races/ethnicities","Female","7,588","5131.3","147,878"
"Chlamydia","2012","Louisiana","22","20-24","All races/ethnicities","Female","7,808","4426.4","176,398"
"Chlamydia","2012","Louisiana","22","15-19","All races/ethnicities","Female","7,727","5160.9","149,723"
"Chlamydia","2011","Louisiana","22","20-24","All races/ethnicities","Female","8,748","5016.8","174,375"
"Chlamydia","2011","Louisiana","22","15-19","All races/ethnicities","Female","9,037","5897.2","153,242"
"Chlamydia","2010","Louisiana","22","20-24","All races/ethnicities","Female","7,833","4599.0","170,318"
"Chlamydia","2010","Louisiana","22","15-19","All races/ethnicities","Female","7,807","4897.2","159,418"
"Chlamydia","2009","Louisiana","22","20-24","All races/ethnicities","Female","7,759","4574.3","169,621"
"Chlamydia","2009","Louisiana","22","15-19","All races/ethnicities","Female","7,959","5002.4","159,105"
"Chlamydia","2008","Louisiana","22","20-24","All races/ethnicities","Female","6,483","3840.2","168,821"
"Chlamydia","2008","Louisiana","22","15-19","All races/ethnicities","Female","6,650","4133.4","160,886"
"Chlamydia","2007","Louisiana","22","20-24","All races/ethnicities","Female","5,824","3493.2","166,722"
"Chlamydia","2007","Louisiana","22","15-19","All races/ethnicities","Female","5,920","3715.9","159,316"
"Chlamydia","2006","Louisiana","22","20-24","All races/ethnicities","Female","5,604","3450.7","162,402"
"Chlamydia","2006","Louisiana","22","15-19","All races/ethnicities","Female","5,410","3471.8","155,828"
"Chlamydia","2005","Louisiana","22","20-24","All races/ethnicities","Female","5,330","2992.8","178,092"
"Chlamydia","2005","Louisiana","22","15-19","All races/ethnicities","Female","5,062","3038.1","166,617"
"Chlamydia","2004","Louisiana","22","20-24","All races/ethnicities","Female","6,804","3769.7","180,491"
"Chlamydia","2004","Louisiana","22","15-19","All races/ethnicities","Female","6,862","4065.7","168,778"
"Chlamydia","2003","Louisiana","22","20-24","All races/ethnicities","Female","6,725","3749.2","179,370"
"Chlamydia","2003","Louisiana","22","15-19","All races/ethnicities","Female","6,800","3986.1","170,592"
"Chlamydia","2002","Louisiana","22","20-24","All races/ethnicities","Female","5,477","3112.5","175,967"
"Chlamydia","2002","Louisiana","22","15-19","All races/ethnicities","Female","6,360","3668.5","173,366"
"Chlamydia","2001","Louisiana","22","20-24","All races/ethnicities","Female","5,186","3025.5","171,411"
"Chlamydia","2001","Louisiana","22","15-19","All races/ethnicities","Female","6,170","3488.6","176,862"
"Chlamydia","2000","Louisiana","22","20-24","All races/ethnicities","Female","4,849","2930.4","165,471"
"Chlamydia","2000","Louisiana","22","15-19","All races/ethnicities","Female","6,330","3487.3","181,514"
"Gonorrhea","2019","Maine","23","20-24","All races/ethnicities","Female","57","156.3","36,457"
"Gonorrhea","2019","Maine","23","15-19","All races/ethnicities","Female","44","117.5","37,436"
"Gonorrhea","2018","Maine","23","20-24","All races/ethnicities","Female","68","184.4","36,872"
"Gonorrhea","2018","Maine","23","15-19","All races/ethnicities","Female","35","92.6","37,804"
"Gonorrhea","2017","Maine","23","20-24","All races/ethnicities","Female","58","156.0","37,190"
"Gonorrhea","2017","Maine","23","15-19","All races/ethnicities","Female","32","84.0","38,084"
"Gonorrhea","2016","Maine","23","20-24","All races/ethnicities","Female","51","134.7","37,869"
"Gonorrhea","2016","Maine","23","15-19","All races/ethnicities","Female","15","38.6","38,865"
"Gonorrhea","2015","Maine","23","20-24","All races/ethnicities","Female","43","111.9","38,427"
"Gonorrhea","2015","Maine","23","15-19","All races/ethnicities","Female","28","71.3","39,296"
"Gonorrhea","2014","Maine","23","20-24","All races/ethnicities","Female","31","79.3","39,083"
"Gonorrhea","2014","Maine","23","15-19","All races/ethnicities","Female","18","45.2","39,857"
"Gonorrhea","2013","Maine","23","20-24","All races/ethnicities","Female","42","106.6","39,402"
"Gonorrhea","2013","Maine","23","15-19","All races/ethnicities","Female","17","42.4","40,141"
"Gonorrhea","2012","Maine","23","20-24","All races/ethnicities","Female","87","220.8","39,398"
"Gonorrhea","2012","Maine","23","15-19","All races/ethnicities","Female","32","78.1","40,974"
"Gonorrhea","2011","Maine","23","20-24","All races/ethnicities","Female","31","78.8","39,338"
"Gonorrhea","2011","Maine","23","15-19","All races/ethnicities","Female","32","76.5","41,824"
"Gonorrhea","2010","Maine","23","20-24","All races/ethnicities","Female","27","68.9","39,215"
"Gonorrhea","2010","Maine","23","15-19","All races/ethnicities","Female","19","44.6","42,563"
"Gonorrhea","2009","Maine","23","20-24","All races/ethnicities","Female","19","48.3","39,312"
"Gonorrhea","2009","Maine","23","15-19","All races/ethnicities","Female","22","51.5","42,703"
"Gonorrhea","2008","Maine","23","20-24","All races/ethnicities","Female","14","35.6","39,364"
"Gonorrhea","2008","Maine","23","15-19","All races/ethnicities","Female","12","27.4","43,775"
"Gonorrhea","2007","Maine","23","20-24","All races/ethnicities","Female","13","33.1","39,229"
"Gonorrhea","2007","Maine","23","15-19","All races/ethnicities","Female","9","20.4","44,140"
"Gonorrhea","2006","Maine","23","20-24","All races/ethnicities","Female","25","63.0","39,693"
"Gonorrhea","2006","Maine","23","15-19","All races/ethnicities","Female","11","24.5","44,869"
"Gonorrhea","2005","Maine","23","20-24","All races/ethnicities","Female","21","53.4","39,295"
"Gonorrhea","2005","Maine","23","15-19","All races/ethnicities","Female","23","51.1","44,970"
"Gonorrhea","2004","Maine","23","20-24","All races/ethnicities","Female","29","75.8","38,246"
"Gonorrhea","2004","Maine","23","15-19","All races/ethnicities","Female","31","68.9","44,978"
"Gonorrhea","2003","Maine","23","20-24","All races/ethnicities","Female","33","87.1","37,872"
"Gonorrhea","2003","Maine","23","15-19","All races/ethnicities","Female","27","59.8","45,117"
"Gonorrhea","2002","Maine","23","20-24","All races/ethnicities","Female","16","43.3","36,940"
"Gonorrhea","2002","Maine","23","15-19","All races/ethnicities","Female","11","24.5","44,842"
"Gonorrhea","2001","Maine","23","20-24","All races/ethnicities","Female","19","53.2","35,716"
"Gonorrhea","2001","Maine","23","15-19","All races/ethnicities","Female","22","49.4","44,537"
"Gonorrhea","2000","Maine","23","20-24","All races/ethnicities","Female","12","34.3","35,015"
"Gonorrhea","2000","Maine","23","15-19","All races/ethnicities","Female","9","20.6","43,750"
"Chlamydia","2019","Maine","23","20-24","All races/ethnicities","Female","461","1264.5","36,457"
"Chlamydia","2019","Maine","23","15-19","All races/ethnicities","Female","308","822.7","37,436"
"Chlamydia","2018","Maine","23","20-24","All races/ethnicities","Female","976","2647.0","36,872"
"Chlamydia","2018","Maine","23","15-19","All races/ethnicities","Female","653","1727.3","37,804"
"Chlamydia","2017","Maine","23","20-24","All races/ethnicities","Female","1,183","3181.0","37,190"
"Chlamydia","2017","Maine","23","15-19","All races/ethnicities","Female","858","2252.9","38,084"
"Chlamydia","2016","Maine","23","20-24","All races/ethnicities","Female","1,162","3068.5","37,869"
"Chlamydia","2016","Maine","23","15-19","All races/ethnicities","Female","802","2063.6","38,865"
"Chlamydia","2015","Maine","23","20-24","All races/ethnicities","Female","1,133","2948.4","38,427"
"Chlamydia","2015","Maine","23","15-19","All races/ethnicities","Female","779","1982.4","39,296"
"Chlamydia","2014","Maine","23","20-24","All races/ethnicities","Female","1,061","2714.7","39,083"
"Chlamydia","2014","Maine","23","15-19","All races/ethnicities","Female","744","1866.7","39,857"
"Chlamydia","2013","Maine","23","20-24","All races/ethnicities","Female","1,010","2563.3","39,402"
"Chlamydia","2013","Maine","23","15-19","All races/ethnicities","Female","737","1836.0","40,141"
"Chlamydia","2012","Maine","23","20-24","All races/ethnicities","Female","982","2492.5","39,398"
"Chlamydia","2012","Maine","23","15-19","All races/ethnicities","Female","820","2001.3","40,974"
"Chlamydia","2011","Maine","23","20-24","All races/ethnicities","Female","879","2234.5","39,338"
"Chlamydia","2011","Maine","23","15-19","All races/ethnicities","Female","726","1735.8","41,824"
"Chlamydia","2010","Maine","23","20-24","All races/ethnicities","Female","740","1887.0","39,215"
"Chlamydia","2010","Maine","23","15-19","All races/ethnicities","Female","612","1437.9","42,563"
"Chlamydia","2009","Maine","23","20-24","All races/ethnicities","Female","713","1813.7","39,312"
"Chlamydia","2009","Maine","23","15-19","All races/ethnicities","Female","578","1353.5","42,703"
"Chlamydia","2008","Maine","23","20-24","All races/ethnicities","Female","785","1994.2","39,364"
"Chlamydia","2008","Maine","23","15-19","All races/ethnicities","Female","637","1455.2","43,775"
"Chlamydia","2007","Maine","23","20-24","All races/ethnicities","Female","735","1873.6","39,229"
"Chlamydia","2007","Maine","23","15-19","All races/ethnicities","Female","666","1508.8","44,140"
"Chlamydia","2006","Maine","23","20-24","All races/ethnicities","Female","695","1750.9","39,693"
"Chlamydia","2006","Maine","23","15-19","All races/ethnicities","Female","645","1437.5","44,869"
"Chlamydia","2005","Maine","23","20-24","All races/ethnicities","Female","698","1776.3","39,295"
"Chlamydia","2005","Maine","23","15-19","All races/ethnicities","Female","616","1369.8","44,970"
"Chlamydia","2004","Maine","23","20-24","All races/ethnicities","Female","605","1581.9","38,246"
"Chlamydia","2004","Maine","23","15-19","All races/ethnicities","Female","596","1325.1","44,978"
"Chlamydia","2003","Maine","23","20-24","All races/ethnicities","Female","563","1486.6","37,872"
"Chlamydia","2003","Maine","23","15-19","All races/ethnicities","Female","591","1309.9","45,117"
"Chlamydia","2002","Maine","23","20-24","All races/ethnicities","Female","490","1326.5","36,940"
"Chlamydia","2002","Maine","23","15-19","All races/ethnicities","Female","578","1289.0","44,842"
"Chlamydia","2001","Maine","23","20-24","All races/ethnicities","Female","379","1061.1","35,716"
"Chlamydia","2001","Maine","23","15-19","All races/ethnicities","Female","445","999.2","44,537"
"Chlamydia","2000","Maine","23","20-24","All races/ethnicities","Female","412","1176.6","35,015"
"Chlamydia","2000","Maine","23","15-19","All races/ethnicities","Female","501","1145.1","43,750"
"Gonorrhea","2019","Maryland","24","20-24","All races/ethnicities","Female","1,424","780.4","182,472"
"Gonorrhea","2019","Maryland","24","15-19","All races/ethnicities","Female","996","533.7","186,613"
"Gonorrhea","2018","Maryland","24","20-24","All races/ethnicities","Female","1,300","704.7","184,470"
"Gonorrhea","2018","Maryland","24","15-19","All races/ethnicities","Female","1,068","571.1","187,022"
"Gonorrhea","2017","Maryland","24","20-24","All races/ethnicities","Female","1,515","805.3","188,124"
"Gonorrhea","2017","Maryland","24","15-19","All races/ethnicities","Female","1,298","692.7","187,375"
"Gonorrhea","2016","Maryland","24","20-24","All races/ethnicities","Female","1,348","708.6","190,233"
"Gonorrhea","2016","Maryland","24","15-19","All races/ethnicities","Female","1,098","582.2","188,588"
"Gonorrhea","2015","Maryland","24","20-24","All races/ethnicities","Female","1,062","546.8","194,220"
"Gonorrhea","2015","Maryland","24","15-19","All races/ethnicities","Female","925","489.8","188,842"
"Gonorrhea","2014","Maryland","24","20-24","All races/ethnicities","Female","991","503.6","196,776"
"Gonorrhea","2014","Maryland","24","15-19","All races/ethnicities","Female","821","433.9","189,226"
"Gonorrhea","2013","Maryland","24","20-24","All races/ethnicities","Female","1,056","536.6","196,809"
"Gonorrhea","2013","Maryland","24","15-19","All races/ethnicities","Female","877","458.5","191,257"
"Gonorrhea","2012","Maryland","24","20-24","All races/ethnicities","Female","1,017","517.9","196,362"
"Gonorrhea","2012","Maryland","24","15-19","All races/ethnicities","Female","974","502.1","193,991"
"Gonorrhea","2011","Maryland","24","20-24","All races/ethnicities","Female","1,280","652.1","196,301"
"Gonorrhea","2011","Maryland","24","15-19","All races/ethnicities","Female","1,168","595.1","196,267"
"Gonorrhea","2010","Maryland","24","20-24","All races/ethnicities","Female","1,326","681.9","194,467"
"Gonorrhea","2010","Maryland","24","15-19","All races/ethnicities","Female","1,592","805.5","197,651"
"Gonorrhea","2009","Maryland","24","20-24","All races/ethnicities","Female","1,129","603.3","187,152"
"Gonorrhea","2009","Maryland","24","15-19","All races/ethnicities","Female","1,350","690.4","195,530"
"Gonorrhea","2008","Maryland","24","20-24","All races/ethnicities","Female","1,159","629.9","183,984"
"Gonorrhea","2008","Maryland","24","15-19","All races/ethnicities","Female","1,403","709.5","197,752"
"Gonorrhea","2007","Maryland","24","20-24","All races/ethnicities","Female","1,170","638.5","183,245"
"Gonorrhea","2007","Maryland","24","15-19","All races/ethnicities","Female","1,385","698.7","198,236"
"Gonorrhea","2006","Maryland","24","20-24","All races/ethnicities","Female","1,200","664.6","180,562"
"Gonorrhea","2006","Maryland","24","15-19","All races/ethnicities","Female","1,496","759.5","196,975"
"Gonorrhea","2005","Maryland","24","20-24","All races/ethnicities","Female","1,156","645.1","179,205"
"Gonorrhea","2005","Maryland","24","15-19","All races/ethnicities","Female","1,429","736.3","194,075"
"Gonorrhea","2004","Maryland","24","20-24","All races/ethnicities","Female","1,310","740.9","176,802"
"Gonorrhea","2004","Maryland","24","15-19","All races/ethnicities","Female","1,623","858.2","189,124"
"Gonorrhea","2003","Maryland","24","20-24","All races/ethnicities","Female","1,218","699.1","174,213"
"Gonorrhea","2003","Maryland","24","15-19","All races/ethnicities","Female","1,651","893.4","184,805"
"Gonorrhea","2002","Maryland","24","20-24","All races/ethnicities","Female","1,331","782.4","170,111"
"Gonorrhea","2002","Maryland","24","15-19","All races/ethnicities","Female","1,825","1004.5","181,686"
"Gonorrhea","2001","Maryland","24","20-24","All races/ethnicities","Female","1,366","824.6","165,657"
"Gonorrhea","2001","Maryland","24","15-19","All races/ethnicities","Female","1,898","1068.7","177,602"
"Gonorrhea","2000","Maryland","24","20-24","All races/ethnicities","Female","1,305","820.4","159,062"
"Gonorrhea","2000","Maryland","24","15-19","All races/ethnicities","Female","1,917","1097.9","174,607"
"Chlamydia","2019","Maryland","24","20-24","All races/ethnicities","Female","8,774","4808.4","182,472"
"Chlamydia","2019","Maryland","24","15-19","All races/ethnicities","Female","7,949","4259.6","186,613"
"Chlamydia","2018","Maryland","24","20-24","All races/ethnicities","Female","8,583","4652.8","184,470"
"Chlamydia","2018","Maryland","24","15-19","All races/ethnicities","Female","7,248","3875.5","187,022"
"Chlamydia","2017","Maryland","24","20-24","All races/ethnicities","Female","8,292","4407.7","188,124"
"Chlamydia","2017","Maryland","24","15-19","All races/ethnicities","Female","7,023","3748.1","187,375"
"Chlamydia","2016","Maryland","24","20-24","All races/ethnicities","Female","7,714","4055.0","190,233"
"Chlamydia","2016","Maryland","24","15-19","All races/ethnicities","Female","6,412","3400.0","188,588"
"Chlamydia","2015","Maryland","24","20-24","All races/ethnicities","Female","7,347","3782.8","194,220"
"Chlamydia","2015","Maryland","24","15-19","All races/ethnicities","Female","5,745","3042.2","188,842"
"Chlamydia","2014","Maryland","24","20-24","All races/ethnicities","Female","7,638","3881.6","196,776"
"Chlamydia","2014","Maryland","24","15-19","All races/ethnicities","Female","6,036","3189.8","189,226"
"Chlamydia","2013","Maryland","24","20-24","All races/ethnicities","Female","7,608","3865.7","196,809"
"Chlamydia","2013","Maryland","24","15-19","All races/ethnicities","Female","6,259","3272.6","191,257"
"Chlamydia","2012","Maryland","24","20-24","All races/ethnicities","Female","7,487","3812.9","196,362"
"Chlamydia","2012","Maryland","24","15-19","All races/ethnicities","Female","6,815","3513.0","193,991"
"Chlamydia","2011","Maryland","24","20-24","All races/ethnicities","Female","7,762","3954.1","196,301"
"Chlamydia","2011","Maryland","24","15-19","All races/ethnicities","Female","7,466","3804.0","196,267"
"Chlamydia","2010","Maryland","24","20-24","All races/ethnicities","Female","6,913","3554.8","194,467"
"Chlamydia","2010","Maryland","24","15-19","All races/ethnicities","Female","8,131","4113.8","197,651"
"Chlamydia","2009","Maryland","24","20-24","All races/ethnicities","Female","6,564","3507.3","187,152"
"Chlamydia","2009","Maryland","24","15-19","All races/ethnicities","Female","7,575","3874.1","195,530"
"Chlamydia","2008","Maryland","24","20-24","All races/ethnicities","Female","6,513","3540.0","183,984"
"Chlamydia","2008","Maryland","24","15-19","All races/ethnicities","Female","8,026","4058.6","197,752"
"Chlamydia","2007","Maryland","24","20-24","All races/ethnicities","Female","6,091","3324.0","183,245"
"Chlamydia","2007","Maryland","24","15-19","All races/ethnicities","Female","7,658","3863.1","198,236"
"Chlamydia","2006","Maryland","24","20-24","All races/ethnicities","Female","5,921","3279.2","180,562"
"Chlamydia","2006","Maryland","24","15-19","All races/ethnicities","Female","7,123","3616.2","196,975"
"Chlamydia","2005","Maryland","24","20-24","All races/ethnicities","Female","4,913","2741.6","179,205"
"Chlamydia","2005","Maryland","24","15-19","All races/ethnicities","Female","6,319","3256.0","194,075"
"Chlamydia","2004","Maryland","24","20-24","All races/ethnicities","Female","5,312","3004.5","176,802"
"Chlamydia","2004","Maryland","24","15-19","All races/ethnicities","Female","6,857","3625.7","189,124"
"Chlamydia","2003","Maryland","24","20-24","All races/ethnicities","Female","4,379","2513.6","174,213"
"Chlamydia","2003","Maryland","24","15-19","All races/ethnicities","Female","6,064","3281.3","184,805"
"Chlamydia","2002","Maryland","24","20-24","All races/ethnicities","Female","4,382","2576.0","170,111"
"Chlamydia","2002","Maryland","24","15-19","All races/ethnicities","Female","6,032","3320.0","181,686"
"Chlamydia","2001","Maryland","24","20-24","All races/ethnicities","Female","4,060","2450.8","165,657"
"Chlamydia","2001","Maryland","24","15-19","All races/ethnicities","Female","5,795","3262.9","177,602"
"Chlamydia","2000","Maryland","24","20-24","All races/ethnicities","Female","3,750","2357.6","159,062"
"Chlamydia","2000","Maryland","24","15-19","All races/ethnicities","Female","5,411","3099.0","174,607"
"Gonorrhea","2019","Massachusetts","25","20-24","All races/ethnicities","Female","680","278.6","244,058"
"Gonorrhea","2019","Massachusetts","25","15-19","All races/ethnicities","Female","381","169.7","224,448"
"Gonorrhea","2018","Massachusetts","25","20-24","All races/ethnicities","Female","748","303.9","246,148"
"Gonorrhea","2018","Massachusetts","25","15-19","All races/ethnicities","Female","453","200.4","226,016"
"Gonorrhea","2017","Massachusetts","25","20-24","All races/ethnicities","Female","721","291.2","247,581"
"Gonorrhea","2017","Massachusetts","25","15-19","All races/ethnicities","Female","426","187.5","227,198"
"Gonorrhea","2016","Massachusetts","25","20-24","All races/ethnicities","Female","461","186.7","246,883"
"Gonorrhea","2016","Massachusetts","25","15-19","All races/ethnicities","Female","244","107.2","227,611"
"Gonorrhea","2015","Massachusetts","25","20-24","All races/ethnicities","Female","362","147.4","245,599"
"Gonorrhea","2015","Massachusetts","25","15-19","All races/ethnicities","Female","221","96.9","228,056"
"Gonorrhea","2014","Massachusetts","25","20-24","All races/ethnicities","Female","446","182.2","244,796"
"Gonorrhea","2014","Massachusetts","25","15-19","All races/ethnicities","Female","240","105.0","228,596"
"Gonorrhea","2013","Massachusetts","25","20-24","All races/ethnicities","Female","463","191.1","242,239"
"Gonorrhea","2013","Massachusetts","25","15-19","All races/ethnicities","Female","236","103.0","229,193"
"Gonorrhea","2012","Massachusetts","25","20-24","All races/ethnicities","Female","400","166.4","240,395"
"Gonorrhea","2012","Massachusetts","25","15-19","All races/ethnicities","Female","205","89.2","229,903"
"Gonorrhea","2011","Massachusetts","25","20-24","All races/ethnicities","Female","401","166.5","240,828"
"Gonorrhea","2011","Massachusetts","25","15-19","All races/ethnicities","Female","222","96.1","230,960"
"Gonorrhea","2010","Massachusetts","25","20-24","All races/ethnicities","Female","340","141.2","240,860"
"Gonorrhea","2010","Massachusetts","25","15-19","All races/ethnicities","Female","260","113.0","230,081"
"Gonorrhea","2009","Massachusetts","25","20-24","All races/ethnicities","Female","373","160.5","232,401"
"Gonorrhea","2009","Massachusetts","25","15-19","All races/ethnicities","Female","279","121.5","229,593"
"Gonorrhea","2008","Massachusetts","25","20-24","All races/ethnicities","Female","398","175.3","227,030"
"Gonorrhea","2008","Massachusetts","25","15-19","All races/ethnicities","Female","323","139.8","231,069"
"Gonorrhea","2007","Massachusetts","25","20-24","All races/ethnicities","Female","428","191.5","223,481"
"Gonorrhea","2007","Massachusetts","25","15-19","All races/ethnicities","Female","393","170.1","231,084"
"Gonorrhea","2006","Massachusetts","25","20-24","All races/ethnicities","Female","385","175.8","218,980"
"Gonorrhea","2006","Massachusetts","25","15-19","All races/ethnicities","Female","378","164.4","229,926"
"Gonorrhea","2005","Massachusetts","25","20-24","All races/ethnicities","Female","440","204.6","215,071"
"Gonorrhea","2005","Massachusetts","25","15-19","All races/ethnicities","Female","417","183.4","227,395"
"Gonorrhea","2004","Massachusetts","25","20-24","All races/ethnicities","Female","524","244.7","214,104"
"Gonorrhea","2004","Massachusetts","25","15-19","All races/ethnicities","Female","487","218.4","222,987"
"Gonorrhea","2003","Massachusetts","25","20-24","All races/ethnicities","Female","446","208.5","213,912"
"Gonorrhea","2003","Massachusetts","25","15-19","All races/ethnicities","Female","496","227.0","218,544"
"Gonorrhea","2002","Massachusetts","25","20-24","All races/ethnicities","Female","511","241.2","211,851"
"Gonorrhea","2002","Massachusetts","25","15-19","All races/ethnicities","Female","577","269.2","214,360"
"Gonorrhea","2001","Massachusetts","25","20-24","All races/ethnicities","Female","521","247.0","210,926"
"Gonorrhea","2001","Massachusetts","25","15-19","All races/ethnicities","Female","590","281.6","209,510"
"Gonorrhea","2000","Massachusetts","25","20-24","All races/ethnicities","Female","504","243.4","207,056"
"Gonorrhea","2000","Massachusetts","25","15-19","All races/ethnicities","Female","513","249.4","205,665"
"Chlamydia","2019","Massachusetts","25","20-24","All races/ethnicities","Female","7,668","3141.9","244,058"
"Chlamydia","2019","Massachusetts","25","15-19","All races/ethnicities","Female","5,313","2367.1","224,448"
"Chlamydia","2018","Massachusetts","25","20-24","All races/ethnicities","Female","7,635","3101.8","246,148"
"Chlamydia","2018","Massachusetts","25","15-19","All races/ethnicities","Female","5,194","2298.1","226,016"
"Chlamydia","2017","Massachusetts","25","20-24","All races/ethnicities","Female","7,638","3085.1","247,581"
"Chlamydia","2017","Massachusetts","25","15-19","All races/ethnicities","Female","5,145","2264.5","227,198"
"Chlamydia","2016","Massachusetts","25","20-24","All races/ethnicities","Female","7,127","2886.8","246,883"
"Chlamydia","2016","Massachusetts","25","15-19","All races/ethnicities","Female","4,677","2054.8","227,611"
"Chlamydia","2015","Massachusetts","25","20-24","All races/ethnicities","Female","6,585","2681.2","245,599"
"Chlamydia","2015","Massachusetts","25","15-19","All races/ethnicities","Female","4,117","1805.3","228,056"
"Chlamydia","2014","Massachusetts","25","20-24","All races/ethnicities","Female","5,910","2414.3","244,796"
"Chlamydia","2014","Massachusetts","25","15-19","All races/ethnicities","Female","3,599","1574.4","228,596"
"Chlamydia","2013","Massachusetts","25","20-24","All races/ethnicities","Female","7,038","2905.4","242,239"
"Chlamydia","2013","Massachusetts","25","15-19","All races/ethnicities","Female","3,967","1730.9","229,193"
"Chlamydia","2012","Massachusetts","25","20-24","All races/ethnicities","Female","7,087","2948.1","240,395"
"Chlamydia","2012","Massachusetts","25","15-19","All races/ethnicities","Female","4,641","2018.7","229,903"
"Chlamydia","2011","Massachusetts","25","20-24","All races/ethnicities","Female","6,636","2755.5","240,828"
"Chlamydia","2011","Massachusetts","25","15-19","All races/ethnicities","Female","4,805","2080.4","230,960"
"Chlamydia","2010","Massachusetts","25","20-24","All races/ethnicities","Female","5,884","2442.9","240,860"
"Chlamydia","2010","Massachusetts","25","15-19","All races/ethnicities","Female","4,817","2093.6","230,081"
"Chlamydia","2009","Massachusetts","25","20-24","All races/ethnicities","Female","5,485","2360.1","232,401"
"Chlamydia","2009","Massachusetts","25","15-19","All races/ethnicities","Female","4,522","1969.6","229,593"
"Chlamydia","2008","Massachusetts","25","20-24","All races/ethnicities","Female","4,839","2131.4","227,030"
"Chlamydia","2008","Massachusetts","25","15-19","All races/ethnicities","Female","4,259","1843.2","231,069"
"Chlamydia","2007","Massachusetts","25","20-24","All races/ethnicities","Female","4,365","1953.2","223,481"
"Chlamydia","2007","Massachusetts","25","15-19","All races/ethnicities","Female","4,003","1732.3","231,084"
"Chlamydia","2006","Massachusetts","25","20-24","All races/ethnicities","Female","4,194","1915.2","218,980"
"Chlamydia","2006","Massachusetts","25","15-19","All races/ethnicities","Female","4,019","1748.0","229,926"
"Chlamydia","2005","Massachusetts","25","20-24","All races/ethnicities","Female","3,951","1837.1","215,071"
"Chlamydia","2005","Massachusetts","25","15-19","All races/ethnicities","Female","3,783","1663.6","227,395"
"Chlamydia","2004","Massachusetts","25","20-24","All races/ethnicities","Female","3,589","1676.3","214,104"
"Chlamydia","2004","Massachusetts","25","15-19","All races/ethnicities","Female","3,535","1585.3","222,987"
"Chlamydia","2003","Massachusetts","25","20-24","All races/ethnicities","Female","3,068","1434.2","213,912"
"Chlamydia","2003","Massachusetts","25","15-19","All races/ethnicities","Female","3,086","1412.1","218,544"
"Chlamydia","2002","Massachusetts","25","20-24","All races/ethnicities","Female","2,915","1376.0","211,851"
"Chlamydia","2002","Massachusetts","25","15-19","All races/ethnicities","Female","3,034","1415.4","214,360"
"Chlamydia","2001","Massachusetts","25","20-24","All races/ethnicities","Female","2,850","1351.2","210,926"
"Chlamydia","2001","Massachusetts","25","15-19","All races/ethnicities","Female","2,989","1426.7","209,510"
"Chlamydia","2000","Massachusetts","25","20-24","All races/ethnicities","Female","2,895","1398.2","207,056"
"Chlamydia","2000","Massachusetts","25","15-19","All races/ethnicities","Female","2,762","1343.0","205,665"
"Gonorrhea","2019","Michigan","26","20-24","All races/ethnicities","Female","2,868","858.9","333,914"
"Gonorrhea","2019","Michigan","26","15-19","All races/ethnicities","Female","2,255","714.4","315,633"
"Gonorrhea","2018","Michigan","26","20-24","All races/ethnicities","Female","2,518","742.7","339,026"
"Gonorrhea","2018","Michigan","26","15-19","All races/ethnicities","Female","2,227","697.3","319,391"
"Gonorrhea","2017","Michigan","26","20-24","All races/ethnicities","Female","2,516","731.5","343,961"
"Gonorrhea","2017","Michigan","26","15-19","All races/ethnicities","Female","2,187","675.3","323,834"
"Gonorrhea","2016","Michigan","26","20-24","All races/ethnicities","Female","2,117","605.2","349,811"
"Gonorrhea","2016","Michigan","26","15-19","All races/ethnicities","Female","1,760","537.2","327,604"
"Gonorrhea","2015","Michigan","26","20-24","All races/ethnicities","Female","1,951","544.5","358,335"
"Gonorrhea","2015","Michigan","26","15-19","All races/ethnicities","Female","1,471","447.0","329,097"
"Gonorrhea","2014","Michigan","26","20-24","All races/ethnicities","Female","2,047","561.9","364,317"
"Gonorrhea","2014","Michigan","26","15-19","All races/ethnicities","Female","1,525","460.3","331,318"
"Gonorrhea","2013","Michigan","26","20-24","All races/ethnicities","Female","2,270","626.5","362,320"
"Gonorrhea","2013","Michigan","26","15-19","All races/ethnicities","Female","1,863","555.0","335,654"
"Gonorrhea","2012","Michigan","26","20-24","All races/ethnicities","Female","2,683","753.0","356,296"
"Gonorrhea","2012","Michigan","26","15-19","All races/ethnicities","Female","2,414","707.6","341,133"
"Gonorrhea","2011","Michigan","26","20-24","All races/ethnicities","Female","2,578","746.7","345,268"
"Gonorrhea","2011","Michigan","26","15-19","All races/ethnicities","Female","2,993","859.5","348,218"
"Gonorrhea","2010","Michigan","26","20-24","All races/ethnicities","Female","2,714","814.9","333,059"
"Gonorrhea","2010","Michigan","26","15-19","All races/ethnicities","Female","3,115","871.4","357,470"
"Gonorrhea","2009","Michigan","26","20-24","All races/ethnicities","Female","2,730","804.7","339,257"
"Gonorrhea","2009","Michigan","26","15-19","All races/ethnicities","Female","3,467","964.2","359,582"
"Gonorrhea","2008","Michigan","26","20-24","All races/ethnicities","Female","3,060","903.6","338,650"
"Gonorrhea","2008","Michigan","26","15-19","All races/ethnicities","Female","4,129","1132.4","364,612"
"Gonorrhea","2007","Michigan","26","20-24","All races/ethnicities","Female","2,663","783.1","340,068"
"Gonorrhea","2007","Michigan","26","15-19","All races/ethnicities","Female","3,593","976.4","368,000"
"Gonorrhea","2006","Michigan","26","20-24","All races/ethnicities","Female","2,730","795.0","343,405"
"Gonorrhea","2006","Michigan","26","15-19","All races/ethnicities","Female","3,315","905.2","366,226"
"Gonorrhea","2005","Michigan","26","20-24","All races/ethnicities","Female","3,175","914.3","347,247"
"Gonorrhea","2005","Michigan","26","15-19","All races/ethnicities","Female","3,739","1028.9","363,399"
"Gonorrhea","2004","Michigan","26","20-24","All races/ethnicities","Female","2,954","846.9","348,801"
"Gonorrhea","2004","Michigan","26","15-19","All races/ethnicities","Female","3,316","925.0","358,479"
"Gonorrhea","2003","Michigan","26","20-24","All races/ethnicities","Female","2,378","685.2","347,071"
"Gonorrhea","2003","Michigan","26","15-19","All races/ethnicities","Female","2,885","811.0","355,723"
"Gonorrhea","2002","Michigan","26","20-24","All races/ethnicities","Female","2,601","761.4","341,594"
"Gonorrhea","2002","Michigan","26","15-19","All races/ethnicities","Female","2,825","800.2","353,040"
"Gonorrhea","2001","Michigan","26","20-24","All races/ethnicities","Female","3,035","911.4","333,003"
"Gonorrhea","2001","Michigan","26","15-19","All races/ethnicities","Female","3,142","892.2","352,149"
"Gonorrhea","2000","Michigan","26","20-24","All races/ethnicities","Female","2,887","897.2","321,766"
"Gonorrhea","2000","Michigan","26","15-19","All races/ethnicities","Female","3,235","919.7","351,736"
"Chlamydia","2019","Michigan","26","20-24","All races/ethnicities","Female","12,419","3719.2","333,914"
"Chlamydia","2019","Michigan","26","15-19","All races/ethnicities","Female","10,861","3441.0","315,633"
"Chlamydia","2018","Michigan","26","20-24","All races/ethnicities","Female","12,732","3755.5","339,026"
"Chlamydia","2018","Michigan","26","15-19","All races/ethnicities","Female","11,460","3588.1","319,391"
"Chlamydia","2017","Michigan","26","20-24","All races/ethnicities","Female","13,190","3834.7","343,961"
"Chlamydia","2017","Michigan","26","15-19","All races/ethnicities","Female","11,517","3556.5","323,834"
"Chlamydia","2016","Michigan","26","20-24","All races/ethnicities","Female","12,357","3532.5","349,811"
"Chlamydia","2016","Michigan","26","15-19","All races/ethnicities","Female","10,645","3249.3","327,604"
"Chlamydia","2015","Michigan","26","20-24","All races/ethnicities","Female","13,111","3658.9","358,335"
"Chlamydia","2015","Michigan","26","15-19","All races/ethnicities","Female","10,698","3250.7","329,097"
"Chlamydia","2014","Michigan","26","20-24","All races/ethnicities","Female","13,128","3603.5","364,317"
"Chlamydia","2014","Michigan","26","15-19","All races/ethnicities","Female","10,633","3209.3","331,318"
"Chlamydia","2013","Michigan","26","20-24","All races/ethnicities","Female","13,048","3601.2","362,320"
"Chlamydia","2013","Michigan","26","15-19","All races/ethnicities","Female","11,716","3490.5","335,654"
"Chlamydia","2012","Michigan","26","20-24","All races/ethnicities","Female","13,636","3827.2","356,296"
"Chlamydia","2012","Michigan","26","15-19","All races/ethnicities","Female","13,353","3914.3","341,133"
"Chlamydia","2011","Michigan","26","20-24","All races/ethnicities","Female","13,592","3936.7","345,268"
"Chlamydia","2011","Michigan","26","15-19","All races/ethnicities","Female","15,301","4394.1","348,218"
"Chlamydia","2010","Michigan","26","20-24","All races/ethnicities","Female","13,014","3907.4","333,059"
"Chlamydia","2010","Michigan","26","15-19","All races/ethnicities","Female","15,825","4426.9","357,470"
"Chlamydia","2009","Michigan","26","20-24","All races/ethnicities","Female","11,280","3324.9","339,257"
"Chlamydia","2009","Michigan","26","15-19","All races/ethnicities","Female","15,411","4285.8","359,582"
"Chlamydia","2008","Michigan","26","20-24","All races/ethnicities","Female","10,950","3233.4","338,650"
"Chlamydia","2008","Michigan","26","15-19","All races/ethnicities","Female","15,398","4223.1","364,612"
"Chlamydia","2007","Michigan","26","20-24","All races/ethnicities","Female","9,461","2782.1","340,068"
"Chlamydia","2007","Michigan","26","15-19","All races/ethnicities","Female","12,333","3351.4","368,000"
"Chlamydia","2006","Michigan","26","20-24","All races/ethnicities","Female","9,344","2721.0","343,405"
"Chlamydia","2006","Michigan","26","15-19","All races/ethnicities","Female","11,746","3207.3","366,226"
"Chlamydia","2005","Michigan","26","20-24","All races/ethnicities","Female","10,343","2978.6","347,247"
"Chlamydia","2005","Michigan","26","15-19","All races/ethnicities","Female","12,396","3411.1","363,399"
"Chlamydia","2004","Michigan","26","20-24","All races/ethnicities","Female","11,245","3223.9","348,801"
"Chlamydia","2004","Michigan","26","15-19","All races/ethnicities","Female","13,283","3705.4","358,479"
"Chlamydia","2003","Michigan","26","20-24","All races/ethnicities","Female","8,827","2543.3","347,071"
"Chlamydia","2003","Michigan","26","15-19","All races/ethnicities","Female","10,675","3000.9","355,723"
"Chlamydia","2002","Michigan","26","20-24","All races/ethnicities","Female","8,843","2588.7","341,594"
"Chlamydia","2002","Michigan","26","15-19","All races/ethnicities","Female","10,305","2918.9","353,040"
"Chlamydia","2001","Michigan","26","20-24","All races/ethnicities","Female","8,654","2598.8","333,003"
"Chlamydia","2001","Michigan","26","15-19","All races/ethnicities","Female","10,067","2858.7","352,149"
"Chlamydia","2000","Michigan","26","20-24","All races/ethnicities","Female","7,139","2218.7","321,766"
"Chlamydia","2000","Michigan","26","15-19","All races/ethnicities","Female","8,627","2452.7","351,736"
"Gonorrhea","2019","Minnesota","27","20-24","All races/ethnicities","Female","1,034","586.2","176,376"
"Gonorrhea","2019","Minnesota","27","15-19","All races/ethnicities","Female","810","458.1","176,831"
"Gonorrhea","2018","Minnesota","27","20-24","All races/ethnicities","Female","1,000","563.9","177,333"
"Gonorrhea","2018","Minnesota","27","15-19","All races/ethnicities","Female","856","488.8","175,131"
"Gonorrhea","2017","Minnesota","27","20-24","All races/ethnicities","Female","837","469.5","178,263"
"Gonorrhea","2017","Minnesota","27","15-19","All races/ethnicities","Female","822","470.5","174,710"
"Gonorrhea","2016","Minnesota","27","20-24","All races/ethnicities","Female","689","382.9","179,921"
"Gonorrhea","2016","Minnesota","27","15-19","All races/ethnicities","Female","623","356.4","174,826"
"Gonorrhea","2015","Minnesota","27","20-24","All races/ethnicities","Female","574","320.1","179,317"
"Gonorrhea","2015","Minnesota","27","15-19","All races/ethnicities","Female","430","246.6","174,354"
"Gonorrhea","2014","Minnesota","27","20-24","All races/ethnicities","Female","633","353.7","178,944"
"Gonorrhea","2014","Minnesota","27","15-19","All races/ethnicities","Female","531","304.0","174,674"
"Gonorrhea","2013","Minnesota","27","20-24","All races/ethnicities","Female","725","409.2","177,168"
"Gonorrhea","2013","Minnesota","27","15-19","All races/ethnicities","Female","696","397.2","175,229"
"Gonorrhea","2012","Minnesota","27","20-24","All races/ethnicities","Female","614","351.4","174,712"
"Gonorrhea","2012","Minnesota","27","15-19","All races/ethnicities","Female","578","326.0","177,299"
"Gonorrhea","2011","Minnesota","27","20-24","All races/ethnicities","Female","486","280.5","173,244"
"Gonorrhea","2011","Minnesota","27","15-19","All races/ethnicities","Female","428","238.5","179,483"
"Gonorrhea","2010","Minnesota","27","20-24","All races/ethnicities","Female","466","267.4","174,243"
"Gonorrhea","2010","Minnesota","27","15-19","All races/ethnicities","Female","451","251.1","179,586"
"Gonorrhea","2009","Minnesota","27","20-24","All races/ethnicities","Female","450","242.8","185,354"
"Gonorrhea","2009","Minnesota","27","15-19","All races/ethnicities","Female","427","237.5","179,810"
"Gonorrhea","2008","Minnesota","27","20-24","All races/ethnicities","Female","584","314.4","185,725"
"Gonorrhea","2008","Minnesota","27","15-19","All races/ethnicities","Female","566","309.5","182,869"
"Gonorrhea","2007","Minnesota","27","20-24","All races/ethnicities","Female","653","350.9","186,067"
"Gonorrhea","2007","Minnesota","27","15-19","All races/ethnicities","Female","632","342.5","184,519"
"Gonorrhea","2006","Minnesota","27","20-24","All races/ethnicities","Female","631","335.5","188,095"
"Gonorrhea","2006","Minnesota","27","15-19","All races/ethnicities","Female","599","323.3","185,303"
"Gonorrhea","2005","Minnesota","27","20-24","All races/ethnicities","Female","616","333.2","184,854"
"Gonorrhea","2005","Minnesota","27","15-19","All races/ethnicities","Female","615","330.2","186,260"
"Gonorrhea","2004","Minnesota","27","20-24","All races/ethnicities","Female","582","321.5","181,013"
"Gonorrhea","2004","Minnesota","27","15-19","All races/ethnicities","Female","562","300.8","186,864"
"Gonorrhea","2003","Minnesota","27","20-24","All races/ethnicities","Female","634","357.7","177,264"
"Gonorrhea","2003","Minnesota","27","15-19","All races/ethnicities","Female","559","299.4","186,681"
"Gonorrhea","2002","Minnesota","27","20-24","All races/ethnicities","Female","573","333.6","171,737"
"Gonorrhea","2002","Minnesota","27","15-19","All races/ethnicities","Female","558","298.8","186,767"
"Gonorrhea","2001","Minnesota","27","20-24","All races/ethnicities","Female","452","274.6","164,595"
"Gonorrhea","2001","Minnesota","27","15-19","All races/ethnicities","Female","581","310.6","187,077"
"Gonorrhea","2000","Minnesota","27","20-24","All races/ethnicities","Female","526","329.0","159,894"
"Gonorrhea","2000","Minnesota","27","15-19","All races/ethnicities","Female","636","346.7","183,442"
"Chlamydia","2019","Minnesota","27","20-24","All races/ethnicities","Female","5,868","3327.0","176,376"
"Chlamydia","2019","Minnesota","27","15-19","All races/ethnicities","Female","4,819","2725.2","176,831"
"Chlamydia","2018","Minnesota","27","20-24","All races/ethnicities","Female","5,702","3215.4","177,333"
"Chlamydia","2018","Minnesota","27","15-19","All races/ethnicities","Female","4,661","2661.4","175,131"
"Chlamydia","2017","Minnesota","27","20-24","All races/ethnicities","Female","5,867","3291.2","178,263"
"Chlamydia","2017","Minnesota","27","15-19","All races/ethnicities","Female","4,675","2675.9","174,710"
"Chlamydia","2016","Minnesota","27","20-24","All races/ethnicities","Female","5,816","3232.5","179,921"
"Chlamydia","2016","Minnesota","27","15-19","All races/ethnicities","Female","4,701","2689.0","174,826"
"Chlamydia","2015","Minnesota","27","20-24","All races/ethnicities","Female","5,745","3203.8","179,317"
"Chlamydia","2015","Minnesota","27","15-19","All races/ethnicities","Female","4,101","2352.1","174,354"
"Chlamydia","2014","Minnesota","27","20-24","All races/ethnicities","Female","5,579","3117.7","178,944"
"Chlamydia","2014","Minnesota","27","15-19","All races/ethnicities","Female","4,144","2372.4","174,674"
"Chlamydia","2013","Minnesota","27","20-24","All races/ethnicities","Female","5,430","3064.9","177,168"
"Chlamydia","2013","Minnesota","27","15-19","All races/ethnicities","Female","4,104","2342.1","175,229"
"Chlamydia","2012","Minnesota","27","20-24","All races/ethnicities","Female","5,062","2897.3","174,712"
"Chlamydia","2012","Minnesota","27","15-19","All races/ethnicities","Female","4,309","2430.4","177,299"
"Chlamydia","2011","Minnesota","27","20-24","All races/ethnicities","Female","4,793","2766.6","173,244"
"Chlamydia","2011","Minnesota","27","15-19","All races/ethnicities","Female","4,084","2275.4","179,483"
"Chlamydia","2010","Minnesota","27","20-24","All races/ethnicities","Female","4,261","2445.4","174,243"
"Chlamydia","2010","Minnesota","27","15-19","All races/ethnicities","Female","3,899","2171.1","179,586"
"Chlamydia","2009","Minnesota","27","20-24","All races/ethnicities","Female","3,866","2085.7","185,354"
"Chlamydia","2009","Minnesota","27","15-19","All races/ethnicities","Female","3,628","2017.7","179,810"
"Chlamydia","2008","Minnesota","27","20-24","All races/ethnicities","Female","3,985","2145.6","185,725"
"Chlamydia","2008","Minnesota","27","15-19","All races/ethnicities","Female","3,578","1956.6","182,869"
"Chlamydia","2007","Minnesota","27","20-24","All races/ethnicities","Female","3,748","2014.3","186,067"
"Chlamydia","2007","Minnesota","27","15-19","All races/ethnicities","Female","3,348","1814.4","184,519"
"Chlamydia","2006","Minnesota","27","20-24","All races/ethnicities","Female","3,642","1936.3","188,095"
"Chlamydia","2006","Minnesota","27","15-19","All races/ethnicities","Female","3,195","1724.2","185,303"
"Chlamydia","2005","Minnesota","27","20-24","All races/ethnicities","Female","3,501","1893.9","184,854"
"Chlamydia","2005","Minnesota","27","15-19","All races/ethnicities","Female","3,121","1675.6","186,260"
"Chlamydia","2004","Minnesota","27","20-24","All races/ethnicities","Female","3,256","1798.8","181,013"
"Chlamydia","2004","Minnesota","27","15-19","All races/ethnicities","Female","3,103","1660.6","186,864"
"Chlamydia","2003","Minnesota","27","20-24","All races/ethnicities","Female","2,982","1682.2","177,264"
"Chlamydia","2003","Minnesota","27","15-19","All races/ethnicities","Female","2,953","1581.8","186,681"
"Chlamydia","2002","Minnesota","27","20-24","All races/ethnicities","Female","2,848","1658.3","171,737"
"Chlamydia","2002","Minnesota","27","15-19","All races/ethnicities","Female","2,760","1477.8","186,767"
"Chlamydia","2001","Minnesota","27","20-24","All races/ethnicities","Female","2,199","1336.0","164,595"
"Chlamydia","2001","Minnesota","27","15-19","All races/ethnicities","Female","2,392","1278.6","187,077"
"Chlamydia","2000","Minnesota","27","20-24","All races/ethnicities","Female","2,145","1341.5","159,894"
"Chlamydia","2000","Minnesota","27","15-19","All races/ethnicities","Female","2,299","1253.3","183,442"
"Gonorrhea","2019","Mississippi","28","20-24","All races/ethnicities","Female","2,171","2186.1","99,310"
"Gonorrhea","2019","Mississippi","28","15-19","All races/ethnicities","Female","1,796","1822.1","98,568"
"Gonorrhea","2018","Mississippi","28","20-24","All races/ethnicities","Female","1,711","1699.5","100,674"
"Gonorrhea","2018","Mississippi","28","15-19","All races/ethnicities","Female","1,381","1390.4","99,323"
"Gonorrhea","2017","Mississippi","28","20-24","All races/ethnicities","Female","1,648","1589.6","103,676"
"Gonorrhea","2017","Mississippi","28","15-19","All races/ethnicities","Female","1,335","1315.1","101,514"
"Gonorrhea","2016","Mississippi","28","20-24","All races/ethnicities","Female","1,337","1259.3","106,174"
"Gonorrhea","2016","Mississippi","28","15-19","All races/ethnicities","Female","1,177","1153.5","102,036"
"Gonorrhea","2015","Mississippi","28","20-24","All races/ethnicities","Female","1,259","1148.5","109,620"
"Gonorrhea","2015","Mississippi","28","15-19","All races/ethnicities","Female","1,001","981.5","101,990"
"Gonorrhea","2014","Mississippi","28","20-24","All races/ethnicities","Female","1,137","1014.4","112,081"
"Gonorrhea","2014","Mississippi","28","15-19","All races/ethnicities","Female","1,044","1024.7","101,879"
"Gonorrhea","2013","Mississippi","28","20-24","All races/ethnicities","Female","1,068","943.2","113,229"
"Gonorrhea","2013","Mississippi","28","15-19","All races/ethnicities","Female","851","826.7","102,944"
"Gonorrhea","2012","Mississippi","28","20-24","All races/ethnicities","Female","1,423","1273.3","111,753"
"Gonorrhea","2012","Mississippi","28","15-19","All races/ethnicities","Female","1,301","1252.6","103,864"
"Gonorrhea","2011","Mississippi","28","20-24","All races/ethnicities","Female","1,233","1126.6","109,440"
"Gonorrhea","2011","Mississippi","28","15-19","All races/ethnicities","Female","1,228","1156.1","106,215"
"Gonorrhea","2010","Mississippi","28","20-24","All races/ethnicities","Female","1,203","1132.2","106,255"
"Gonorrhea","2010","Mississippi","28","15-19","All races/ethnicities","Female","1,452","1324.1","109,662"
"Gonorrhea","2009","Mississippi","28","20-24","All races/ethnicities","Female","1,518","1406.8","107,907"
"Gonorrhea","2009","Mississippi","28","15-19","All races/ethnicities","Female","1,706","1573.4","108,428"
"Gonorrhea","2008","Mississippi","28","20-24","All races/ethnicities","Female","1,538","1431.4","107,444"
"Gonorrhea","2008","Mississippi","28","15-19","All races/ethnicities","Female","1,641","1503.1","109,176"
"Gonorrhea","2007","Mississippi","28","20-24","All races/ethnicities","Female","1,713","1587.7","107,889"
"Gonorrhea","2007","Mississippi","28","15-19","All races/ethnicities","Female","1,923","1770.7","108,604"
"Gonorrhea","2006","Mississippi","28","20-24","All races/ethnicities","Female","1,539","1408.8","109,243"
"Gonorrhea","2006","Mississippi","28","15-19","All races/ethnicities","Female","1,620","1507.9","107,433"
"Gonorrhea","2005","Mississippi","28","20-24","All races/ethnicities","Female","1,529","1361.7","112,285"
"Gonorrhea","2005","Mississippi","28","15-19","All races/ethnicities","Female","1,575","1464.4","107,554"
"Gonorrhea","2004","Mississippi","28","20-24","All races/ethnicities","Female","1,615","1416.5","114,016"
"Gonorrhea","2004","Mississippi","28","15-19","All races/ethnicities","Female","1,629","1523.3","106,937"
"Gonorrhea","2003","Mississippi","28","20-24","All races/ethnicities","Female","1,336","1178.1","113,406"
"Gonorrhea","2003","Mississippi","28","15-19","All races/ethnicities","Female","1,445","1350.5","106,997"
"Gonorrhea","2002","Mississippi","28","20-24","All races/ethnicities","Female","1,558","1386.9","112,337"
"Gonorrhea","2002","Mississippi","28","15-19","All races/ethnicities","Female","1,580","1454.3","108,644"
"Gonorrhea","2001","Mississippi","28","20-24","All races/ethnicities","Female","1,642","1489.0","110,273"
"Gonorrhea","2001","Mississippi","28","15-19","All races/ethnicities","Female","1,769","1588.3","111,380"
"Gonorrhea","2000","Mississippi","28","20-24","All races/ethnicities","Female","1,916","1790.8","106,990"
"Gonorrhea","2000","Mississippi","28","15-19","All races/ethnicities","Female","2,225","1943.8","114,469"
"Chlamydia","2019","Mississippi","28","20-24","All races/ethnicities","Female","6,609","6654.9","99,310"
"Chlamydia","2019","Mississippi","28","15-19","All races/ethnicities","Female","6,084","6172.4","98,568"
"Chlamydia","2018","Mississippi","28","20-24","All races/ethnicities","Female","5,918","5878.4","100,674"
"Chlamydia","2018","Mississippi","28","15-19","All races/ethnicities","Female","5,452","5489.2","99,323"
"Chlamydia","2017","Mississippi","28","20-24","All races/ethnicities","Female","5,681","5479.6","103,676"
"Chlamydia","2017","Mississippi","28","15-19","All races/ethnicities","Female","5,341","5261.3","101,514"
"Chlamydia","2016","Mississippi","28","20-24","All races/ethnicities","Female","5,544","5221.6","106,174"
"Chlamydia","2016","Mississippi","28","15-19","All races/ethnicities","Female","5,111","5009.0","102,036"
"Chlamydia","2015","Mississippi","28","20-24","All races/ethnicities","Female","4,855","4428.9","109,620"
"Chlamydia","2015","Mississippi","28","15-19","All races/ethnicities","Female","4,467","4379.8","101,990"
"Chlamydia","2014","Mississippi","28","20-24","All races/ethnicities","Female","5,507","4913.4","112,081"
"Chlamydia","2014","Mississippi","28","15-19","All races/ethnicities","Female","5,214","5117.8","101,879"
"Chlamydia","2013","Mississippi","28","20-24","All races/ethnicities","Female","5,226","4615.4","113,229"
"Chlamydia","2013","Mississippi","28","15-19","All races/ethnicities","Female","4,446","4318.9","102,944"
"Chlamydia","2012","Mississippi","28","20-24","All races/ethnicities","Female","6,328","5662.5","111,753"
"Chlamydia","2012","Mississippi","28","15-19","All races/ethnicities","Female","6,680","6431.5","103,864"
"Chlamydia","2011","Mississippi","28","20-24","All races/ethnicities","Female","5,762","5265.0","109,440"
"Chlamydia","2011","Mississippi","28","15-19","All races/ethnicities","Female","6,433","6056.6","106,215"
"Chlamydia","2010","Mississippi","28","20-24","All races/ethnicities","Female","5,679","5344.7","106,255"
"Chlamydia","2010","Mississippi","28","15-19","All races/ethnicities","Female","6,821","6220.0","109,662"
"Chlamydia","2009","Mississippi","28","20-24","All races/ethnicities","Female","6,100","5653.0","107,907"
"Chlamydia","2009","Mississippi","28","15-19","All races/ethnicities","Female","7,776","7171.6","108,428"
"Chlamydia","2008","Mississippi","28","20-24","All races/ethnicities","Female","5,707","5311.6","107,444"
"Chlamydia","2008","Mississippi","28","15-19","All races/ethnicities","Female","7,007","6418.1","109,176"
"Chlamydia","2007","Mississippi","28","20-24","All races/ethnicities","Female","5,895","5463.9","107,889"
"Chlamydia","2007","Mississippi","28","15-19","All races/ethnicities","Female","7,072","6511.7","108,604"
"Chlamydia","2006","Mississippi","28","20-24","All races/ethnicities","Female","5,345","4892.8","109,243"
"Chlamydia","2006","Mississippi","28","15-19","All races/ethnicities","Female","6,211","5781.3","107,433"
"Chlamydia","2005","Mississippi","28","20-24","All races/ethnicities","Female","6,309","5618.7","112,285"
"Chlamydia","2005","Mississippi","28","15-19","All races/ethnicities","Female","6,544","6084.4","107,554"
"Chlamydia","2004","Mississippi","28","20-24","All races/ethnicities","Female","5,824","5108.1","114,016"
"Chlamydia","2004","Mississippi","28","15-19","All races/ethnicities","Female","5,915","5531.3","106,937"
"Chlamydia","2003","Mississippi","28","20-24","All races/ethnicities","Female","3,982","3511.3","113,406"
"Chlamydia","2003","Mississippi","28","15-19","All races/ethnicities","Female","4,201","3926.3","106,997"
"Chlamydia","2002","Mississippi","28","20-24","All races/ethnicities","Female","3,816","3396.9","112,337"
"Chlamydia","2002","Mississippi","28","15-19","All races/ethnicities","Female","4,226","3889.8","108,644"
"Chlamydia","2001","Mississippi","28","20-24","All races/ethnicities","Female","3,893","3530.3","110,273"
"Chlamydia","2001","Mississippi","28","15-19","All races/ethnicities","Female","4,086","3668.5","111,380"
"Chlamydia","2000","Mississippi","28","20-24","All races/ethnicities","Female","4,079","3812.5","106,990"
"Chlamydia","2000","Mississippi","28","15-19","All races/ethnicities","Female","4,406","3849.1","114,469"
"Gonorrhea","2019","Missouri","29","20-24","All races/ethnicities","Female","2,034","1025.1","198,418"
"Gonorrhea","2019","Missouri","29","15-19","All races/ethnicities","Female","1,523","802.0","189,903"
"Gonorrhea","2018","Missouri","29","20-24","All races/ethnicities","Female","1,961","982.4","199,611"
"Gonorrhea","2018","Missouri","29","15-19","All races/ethnicities","Female","1,610","845.3","190,469"
"Gonorrhea","2017","Missouri","29","20-24","All races/ethnicities","Female","1,862","921.8","201,988"
"Gonorrhea","2017","Missouri","29","15-19","All races/ethnicities","Female","1,544","807.3","191,258"
"Gonorrhea","2016","Missouri","29","20-24","All races/ethnicities","Female","1,741","846.0","205,803"
"Gonorrhea","2016","Missouri","29","15-19","All races/ethnicities","Female","1,387","721.1","192,353"
"Gonorrhea","2015","Missouri","29","20-24","All races/ethnicities","Female","1,505","713.8","210,840"
"Gonorrhea","2015","Missouri","29","15-19","All races/ethnicities","Female","1,202","624.9","192,343"
"Gonorrhea","2014","Missouri","29","20-24","All races/ethnicities","Female","1,358","636.1","213,504"
"Gonorrhea","2014","Missouri","29","15-19","All races/ethnicities","Female","1,077","561.1","191,957"
"Gonorrhea","2013","Missouri","29","20-24","All races/ethnicities","Female","1,488","693.1","214,687"
"Gonorrhea","2013","Missouri","29","15-19","All races/ethnicities","Female","1,142","590.0","193,561"
"Gonorrhea","2012","Missouri","29","20-24","All races/ethnicities","Female","1,595","748.1","213,205"
"Gonorrhea","2012","Missouri","29","15-19","All races/ethnicities","Female","1,346","686.0","196,199"
"Gonorrhea","2011","Missouri","29","20-24","All races/ethnicities","Female","1,557","743.1","209,516"
"Gonorrhea","2011","Missouri","29","15-19","All races/ethnicities","Female","1,454","723.5","200,981"
"Gonorrhea","2010","Missouri","29","20-24","All races/ethnicities","Female","1,366","662.1","206,328"
"Gonorrhea","2010","Missouri","29","15-19","All races/ethnicities","Female","1,440","699.4","205,884"
"Gonorrhea","2009","Missouri","29","20-24","All races/ethnicities","Female","1,203","581.1","207,019"
"Gonorrhea","2009","Missouri","29","15-19","All races/ethnicities","Female","1,355","665.4","203,629"
"Gonorrhea","2008","Missouri","29","20-24","All races/ethnicities","Female","1,556","752.1","206,901"
"Gonorrhea","2008","Missouri","29","15-19","All races/ethnicities","Female","1,644","799.9","205,535"
"Gonorrhea","2007","Missouri","29","20-24","All races/ethnicities","Female","1,877","908.3","206,651"
"Gonorrhea","2007","Missouri","29","15-19","All races/ethnicities","Female","1,999","973.2","205,412"
"Gonorrhea","2006","Missouri","29","20-24","All races/ethnicities","Female","1,941","934.8","207,648"
"Gonorrhea","2006","Missouri","29","15-19","All races/ethnicities","Female","2,134","1043.3","204,546"
"Gonorrhea","2005","Missouri","29","20-24","All races/ethnicities","Female","1,778","851.1","208,900"
"Gonorrhea","2005","Missouri","29","15-19","All races/ethnicities","Female","1,974","971.6","203,172"
"Gonorrhea","2004","Missouri","29","20-24","All races/ethnicities","Female","1,766","847.7","208,328"
"Gonorrhea","2004","Missouri","29","15-19","All races/ethnicities","Female","1,823","904.6","201,526"
"Gonorrhea","2003","Missouri","29","20-24","All races/ethnicities","Female","1,632","794.1","205,528"
"Gonorrhea","2003","Missouri","29","15-19","All races/ethnicities","Female","1,742","869.4","200,370"
"Gonorrhea","2002","Missouri","29","20-24","All races/ethnicities","Female","1,634","814.4","200,630"
"Gonorrhea","2002","Missouri","29","15-19","All races/ethnicities","Female","1,818","906.9","200,470"
"Gonorrhea","2001","Missouri","29","20-24","All races/ethnicities","Female","1,469","754.5","194,699"
"Gonorrhea","2001","Missouri","29","15-19","All races/ethnicities","Female","1,799","891.6","201,766"
"Gonorrhea","2000","Missouri","29","20-24","All races/ethnicities","Female","1,410","757.1","186,246"
"Gonorrhea","2000","Missouri","29","15-19","All races/ethnicities","Female","1,825","900.0","202,777"
"Chlamydia","2019","Missouri","29","20-24","All races/ethnicities","Female","8,260","4162.9","198,418"
"Chlamydia","2019","Missouri","29","15-19","All races/ethnicities","Female","7,281","3834.1","189,903"
"Chlamydia","2018","Missouri","29","20-24","All races/ethnicities","Female","8,629","4322.9","199,611"
"Chlamydia","2018","Missouri","29","15-19","All races/ethnicities","Female","7,381","3875.2","190,469"
"Chlamydia","2017","Missouri","29","20-24","All races/ethnicities","Female","8,286","4102.2","201,988"
"Chlamydia","2017","Missouri","29","15-19","All races/ethnicities","Female","7,255","3793.3","191,258"
"Chlamydia","2016","Missouri","29","20-24","All races/ethnicities","Female","7,855","3816.8","205,803"
"Chlamydia","2016","Missouri","29","15-19","All races/ethnicities","Female","6,959","3617.8","192,353"
"Chlamydia","2015","Missouri","29","20-24","All races/ethnicities","Female","8,069","3827.1","210,840"
"Chlamydia","2015","Missouri","29","15-19","All races/ethnicities","Female","6,416","3335.7","192,343"
"Chlamydia","2014","Missouri","29","20-24","All races/ethnicities","Female","8,053","3771.8","213,504"
"Chlamydia","2014","Missouri","29","15-19","All races/ethnicities","Female","6,467","3369.0","191,957"
"Chlamydia","2013","Missouri","29","20-24","All races/ethnicities","Female","7,896","3677.9","214,687"
"Chlamydia","2013","Missouri","29","15-19","All races/ethnicities","Female","6,757","3490.9","193,561"
"Chlamydia","2012","Missouri","29","20-24","All races/ethnicities","Female","7,746","3633.1","213,205"
"Chlamydia","2012","Missouri","29","15-19","All races/ethnicities","Female","7,442","3793.1","196,199"
"Chlamydia","2011","Missouri","29","20-24","All races/ethnicities","Female","7,956","3797.3","209,516"
"Chlamydia","2011","Missouri","29","15-19","All races/ethnicities","Female","7,839","3900.4","200,981"
"Chlamydia","2010","Missouri","29","20-24","All races/ethnicities","Female","7,148","3464.4","206,328"
"Chlamydia","2010","Missouri","29","15-19","All races/ethnicities","Female","7,787","3782.2","205,884"
"Chlamydia","2009","Missouri","29","20-24","All races/ethnicities","Female","6,810","3289.6","207,019"
"Chlamydia","2009","Missouri","29","15-19","All races/ethnicities","Female","7,922","3890.4","203,629"
"Chlamydia","2008","Missouri","29","20-24","All races/ethnicities","Female","6,481","3132.4","206,901"
"Chlamydia","2008","Missouri","29","15-19","All races/ethnicities","Female","7,549","3672.9","205,535"
"Chlamydia","2007","Missouri","29","20-24","All races/ethnicities","Female","6,294","3045.7","206,651"
"Chlamydia","2007","Missouri","29","15-19","All races/ethnicities","Female","7,027","3420.9","205,412"
"Chlamydia","2006","Missouri","29","20-24","All races/ethnicities","Female","6,276","3022.4","207,648"
"Chlamydia","2006","Missouri","29","15-19","All races/ethnicities","Female","6,909","3377.7","204,546"
"Chlamydia","2005","Missouri","29","20-24","All races/ethnicities","Female","6,161","2949.3","208,900"
"Chlamydia","2005","Missouri","29","15-19","All races/ethnicities","Female","6,856","3374.5","203,172"
"Chlamydia","2004","Missouri","29","20-24","All races/ethnicities","Female","6,073","2915.1","208,328"
"Chlamydia","2004","Missouri","29","15-19","All races/ethnicities","Female","6,762","3355.4","201,526"
"Chlamydia","2003","Missouri","29","20-24","All races/ethnicities","Female","5,581","2715.4","205,528"
"Chlamydia","2003","Missouri","29","15-19","All races/ethnicities","Female","6,161","3074.8","200,370"
"Chlamydia","2002","Missouri","29","20-24","All races/ethnicities","Female","4,846","2415.4","200,630"
"Chlamydia","2002","Missouri","29","15-19","All races/ethnicities","Female","5,757","2871.8","200,470"
"Chlamydia","2001","Missouri","29","20-24","All races/ethnicities","Female","4,223","2169.0","194,699"
"Chlamydia","2001","Missouri","29","15-19","All races/ethnicities","Female","5,200","2577.2","201,766"
"Chlamydia","2000","Missouri","29","20-24","All races/ethnicities","Female","4,025","2161.1","186,246"
"Chlamydia","2000","Missouri","29","15-19","All races/ethnicities","Female","5,256","2592.0","202,777"
"Gonorrhea","2019","Montana","30","20-24","All races/ethnicities","Female","223","656.6","33,961"
"Gonorrhea","2019","Montana","30","15-19","All races/ethnicities","Female","107","347.5","30,795"
"Gonorrhea","2018","Montana","30","20-24","All races/ethnicities","Female","174","508.7","34,208"
"Gonorrhea","2018","Montana","30","15-19","All races/ethnicities","Female","94","307.0","30,622"
"Gonorrhea","2017","Montana","30","20-24","All races/ethnicities","Female","108","311.4","34,682"
"Gonorrhea","2017","Montana","30","15-19","All races/ethnicities","Female","74","242.3","30,542"
"Gonorrhea","2016","Montana","30","20-24","All races/ethnicities","Female","134","384.3","34,872"
"Gonorrhea","2016","Montana","30","15-19","All races/ethnicities","Female","83","272.7","30,434"
"Gonorrhea","2015","Montana","30","20-24","All races/ethnicities","Female","128","364.8","35,089"
"Gonorrhea","2015","Montana","30","15-19","All races/ethnicities","Female","108","357.6","30,200"
"Gonorrhea","2014","Montana","30","20-24","All races/ethnicities","Female","67","190.4","35,187"
"Gonorrhea","2014","Montana","30","15-19","All races/ethnicities","Female","43","141.6","30,365"
"Gonorrhea","2013","Montana","30","20-24","All races/ethnicities","Female","51","146.2","34,891"
"Gonorrhea","2013","Montana","30","15-19","All races/ethnicities","Female","23","74.8","30,768"
"Gonorrhea","2012","Montana","30","20-24","All races/ethnicities","Female","23","67.3","34,168"
"Gonorrhea","2012","Montana","30","15-19","All races/ethnicities","Female","15","48.4","30,985"
"Gonorrhea","2011","Montana","30","20-24","All races/ethnicities","Female","21","63.0","33,346"
"Gonorrhea","2011","Montana","30","15-19","All races/ethnicities","Female","12","37.9","31,693"
"Gonorrhea","2010","Montana","30","20-24","All races/ethnicities","Female","16","49.4","32,411"
"Gonorrhea","2010","Montana","30","15-19","All races/ethnicities","Female","21","65.4","32,100"
"Gonorrhea","2009","Montana","30","20-24","All races/ethnicities","Female","21","58.9","35,636"
"Gonorrhea","2009","Montana","30","15-19","All races/ethnicities","Female","12","36.9","32,552"
"Gonorrhea","2008","Montana","30","20-24","All races/ethnicities","Female","31","86.6","35,781"
"Gonorrhea","2008","Montana","30","15-19","All races/ethnicities","Female","29","87.1","33,288"
"Gonorrhea","2007","Montana","30","20-24","All races/ethnicities","Female","26","73.4","35,446"
"Gonorrhea","2007","Montana","30","15-19","All races/ethnicities","Female","29","86.2","33,658"
"Gonorrhea","2006","Montana","30","20-24","All races/ethnicities","Female","46","126.9","36,246"
"Gonorrhea","2006","Montana","30","15-19","All races/ethnicities","Female","35","103.6","33,772"
"Gonorrhea","2005","Montana","30","20-24","All races/ethnicities","Female","36","101.8","35,375"
"Gonorrhea","2005","Montana","30","15-19","All races/ethnicities","Female","31","91.2","34,009"
"Gonorrhea","2004","Montana","30","20-24","All races/ethnicities","Female","19","55.8","34,070"
"Gonorrhea","2004","Montana","30","15-19","All races/ethnicities","Female","21","61.5","34,144"
"Gonorrhea","2003","Montana","30","20-24","All races/ethnicities","Female","37","113.2","32,691"
"Gonorrhea","2003","Montana","30","15-19","All races/ethnicities","Female","26","75.4","34,464"
"Gonorrhea","2002","Montana","30","20-24","All races/ethnicities","Female","22","71.1","30,949"
"Gonorrhea","2002","Montana","30","15-19","All races/ethnicities","Female","36","103.9","34,656"
"Gonorrhea","2001","Montana","30","20-24","All races/ethnicities","Female","22","75.7","29,067"
"Gonorrhea","2001","Montana","30","15-19","All races/ethnicities","Female","22","62.4","35,240"
"Gonorrhea","2000","Montana","30","20-24","All races/ethnicities","Female","17","60.2","28,256"
"Gonorrhea","2000","Montana","30","15-19","All races/ethnicities","Female","14","40.5","34,594"
"Chlamydia","2019","Montana","30","20-24","All races/ethnicities","Female","1,101","3242.0","33,961"
"Chlamydia","2019","Montana","30","15-19","All races/ethnicities","Female","978","3175.8","30,795"
"Chlamydia","2018","Montana","30","20-24","All races/ethnicities","Female","1,159","3388.1","34,208"
"Chlamydia","2018","Montana","30","15-19","All races/ethnicities","Female","1,063","3471.4","30,622"
"Chlamydia","2017","Montana","30","20-24","All races/ethnicities","Female","1,077","3105.4","34,682"
"Chlamydia","2017","Montana","30","15-19","All races/ethnicities","Female","978","3202.1","30,542"
"Chlamydia","2016","Montana","30","20-24","All races/ethnicities","Female","1,181","3386.7","34,872"
"Chlamydia","2016","Montana","30","15-19","All races/ethnicities","Female","948","3114.9","30,434"
"Chlamydia","2015","Montana","30","20-24","All races/ethnicities","Female","1,155","3291.6","35,089"
"Chlamydia","2015","Montana","30","15-19","All races/ethnicities","Female","902","2986.8","30,200"
"Chlamydia","2014","Montana","30","20-24","All races/ethnicities","Female","1,137","3231.3","35,187"
"Chlamydia","2014","Montana","30","15-19","All races/ethnicities","Female","935","3079.2","30,365"
"Chlamydia","2013","Montana","30","20-24","All races/ethnicities","Female","1,040","2980.7","34,891"
"Chlamydia","2013","Montana","30","15-19","All races/ethnicities","Female","926","3009.6","30,768"
"Chlamydia","2012","Montana","30","20-24","All races/ethnicities","Female","1,049","3070.1","34,168"
"Chlamydia","2012","Montana","30","15-19","All races/ethnicities","Female","936","3020.8","30,985"
"Chlamydia","2011","Montana","30","20-24","All races/ethnicities","Female","962","2884.9","33,346"
"Chlamydia","2011","Montana","30","15-19","All races/ethnicities","Female","889","2805.0","31,693"
"Chlamydia","2010","Montana","30","20-24","All races/ethnicities","Female","854","2634.9","32,411"
"Chlamydia","2010","Montana","30","15-19","All races/ethnicities","Female","857","2669.8","32,100"
"Chlamydia","2009","Montana","30","20-24","All races/ethnicities","Female","864","2424.5","35,636"
"Chlamydia","2009","Montana","30","15-19","All races/ethnicities","Female","806","2476.0","32,552"
"Chlamydia","2008","Montana","30","20-24","All races/ethnicities","Female","824","2302.9","35,781"
"Chlamydia","2008","Montana","30","15-19","All races/ethnicities","Female","926","2781.8","33,288"
"Chlamydia","2007","Montana","30","20-24","All races/ethnicities","Female","774","2183.6","35,446"
"Chlamydia","2007","Montana","30","15-19","All races/ethnicities","Female","802","2382.8","33,658"
"Chlamydia","2006","Montana","30","20-24","All races/ethnicities","Female","757","2088.5","36,246"
"Chlamydia","2006","Montana","30","15-19","All races/ethnicities","Female","719","2129.0","33,772"
"Chlamydia","2005","Montana","30","20-24","All races/ethnicities","Female","732","2069.3","35,375"
"Chlamydia","2005","Montana","30","15-19","All races/ethnicities","Female","662","1946.5","34,009"
"Chlamydia","2004","Montana","30","20-24","All races/ethnicities","Female","744","2183.7","34,070"
"Chlamydia","2004","Montana","30","15-19","All races/ethnicities","Female","790","2313.7","34,144"
"Chlamydia","2003","Montana","30","20-24","All races/ethnicities","Female","663","2028.1","32,691"
"Chlamydia","2003","Montana","30","15-19","All races/ethnicities","Female","817","2370.6","34,464"
"Chlamydia","2002","Montana","30","20-24","All races/ethnicities","Female","636","2055.0","30,949"
"Chlamydia","2002","Montana","30","15-19","All races/ethnicities","Female","817","2357.5","34,656"
"Chlamydia","2001","Montana","30","20-24","All races/ethnicities","Female","504","1733.9","29,067"
"Chlamydia","2001","Montana","30","15-19","All races/ethnicities","Female","662","1878.5","35,240"
"Chlamydia","2000","Montana","30","20-24","All races/ethnicities","Female","383","1355.5","28,256"
"Chlamydia","2000","Montana","30","15-19","All races/ethnicities","Female","528","1526.3","34,594"
"Gonorrhea","2019","Nebraska","31","20-24","All races/ethnicities","Female","440","667.4","65,923"
"Gonorrhea","2019","Nebraska","31","15-19","All races/ethnicities","Female","328","505.3","64,915"
"Gonorrhea","2018","Nebraska","31","20-24","All races/ethnicities","Female","374","562.7","66,470"
"Gonorrhea","2018","Nebraska","31","15-19","All races/ethnicities","Female","222","344.8","64,388"
"Gonorrhea","2017","Nebraska","31","20-24","All races/ethnicities","Female","360","538.0","66,914"
"Gonorrhea","2017","Nebraska","31","15-19","All races/ethnicities","Female","267","418.9","63,733"
"Gonorrhea","2016","Nebraska","31","20-24","All races/ethnicities","Female","333","491.2","67,793"
"Gonorrhea","2016","Nebraska","31","15-19","All races/ethnicities","Female","237","374.5","63,290"
"Gonorrhea","2015","Nebraska","31","20-24","All races/ethnicities","Female","297","439.5","67,571"
"Gonorrhea","2015","Nebraska","31","15-19","All races/ethnicities","Female","187","298.4","62,667"
"Gonorrhea","2014","Nebraska","31","20-24","All races/ethnicities","Female","301","450.7","66,780"
"Gonorrhea","2014","Nebraska","31","15-19","All races/ethnicities","Female","166","266.3","62,333"
"Gonorrhea","2013","Nebraska","31","20-24","All races/ethnicities","Female","261","401.1","65,063"
"Gonorrhea","2013","Nebraska","31","15-19","All races/ethnicities","Female","183","293.5","62,342"
"Gonorrhea","2012","Nebraska","31","20-24","All races/ethnicities","Female","270","421.2","64,105"
"Gonorrhea","2012","Nebraska","31","15-19","All races/ethnicities","Female","246","392.8","62,626"
"Gonorrhea","2011","Nebraska","31","20-24","All races/ethnicities","Female","323","512.6","63,018"
"Gonorrhea","2011","Nebraska","31","15-19","All races/ethnicities","Female","276","437.4","63,098"
"Gonorrhea","2010","Nebraska","31","20-24","All races/ethnicities","Female","270","429.6","62,856"
"Gonorrhea","2010","Nebraska","31","15-19","All races/ethnicities","Female","189","300.0","63,001"
"Gonorrhea","2009","Nebraska","31","20-24","All races/ethnicities","Female","304","443.0","68,628"
"Gonorrhea","2009","Nebraska","31","15-19","All races/ethnicities","Female","252","396.1","63,613"
"Gonorrhea","2008","Nebraska","31","20-24","All races/ethnicities","Female","317","459.9","68,926"
"Gonorrhea","2008","Nebraska","31","15-19","All races/ethnicities","Female","352","552.5","63,711"
"Gonorrhea","2007","Nebraska","31","20-24","All races/ethnicities","Female","340","490.9","69,260"
"Gonorrhea","2007","Nebraska","31","15-19","All races/ethnicities","Female","300","467.1","64,223"
"Gonorrhea","2006","Nebraska","31","20-24","All races/ethnicities","Female","315","451.2","69,816"
"Gonorrhea","2006","Nebraska","31","15-19","All races/ethnicities","Female","305","473.9","64,363"
"Gonorrhea","2005","Nebraska","31","20-24","All races/ethnicities","Female","263","380.4","69,142"
"Gonorrhea","2005","Nebraska","31","15-19","All races/ethnicities","Female","226","348.2","64,898"
"Gonorrhea","2004","Nebraska","31","20-24","All races/ethnicities","Female","237","352.6","67,217"
"Gonorrhea","2004","Nebraska","31","15-19","All races/ethnicities","Female","227","349.2","65,013"
"Gonorrhea","2003","Nebraska","31","20-24","All races/ethnicities","Female","323","494.2","65,354"
"Gonorrhea","2003","Nebraska","31","15-19","All races/ethnicities","Female","329","498.1","66,056"
"Gonorrhea","2002","Nebraska","31","20-24","All races/ethnicities","Female","298","476.2","62,583"
"Gonorrhea","2002","Nebraska","31","15-19","All races/ethnicities","Female","371","556.7","66,638"
"Gonorrhea","2001","Nebraska","31","20-24","All races/ethnicities","Female","212","350.2","60,537"
"Gonorrhea","2001","Nebraska","31","15-19","All races/ethnicities","Female","251","375.5","66,845"
"Gonorrhea","2000","Nebraska","31","20-24","All races/ethnicities","Female","266","447.7","59,421"
"Gonorrhea","2000","Nebraska","31","15-19","All races/ethnicities","Female","335","509.2","65,785"
"Chlamydia","2019","Nebraska","31","20-24","All races/ethnicities","Female","2,431","3687.6","65,923"
"Chlamydia","2019","Nebraska","31","15-19","All races/ethnicities","Female","1,918","2954.6","64,915"
"Chlamydia","2018","Nebraska","31","20-24","All races/ethnicities","Female","2,076","3123.2","66,470"
"Chlamydia","2018","Nebraska","31","15-19","All races/ethnicities","Female","1,547","2402.6","64,388"
"Chlamydia","2017","Nebraska","31","20-24","All races/ethnicities","Female","2,253","3367.0","66,914"
"Chlamydia","2017","Nebraska","31","15-19","All races/ethnicities","Female","1,651","2590.5","63,733"
"Chlamydia","2016","Nebraska","31","20-24","All races/ethnicities","Female","2,230","3289.4","67,793"
"Chlamydia","2016","Nebraska","31","15-19","All races/ethnicities","Female","1,614","2550.2","63,290"
"Chlamydia","2015","Nebraska","31","20-24","All races/ethnicities","Female","2,179","3224.8","67,571"
"Chlamydia","2015","Nebraska","31","15-19","All races/ethnicities","Female","1,572","2508.5","62,667"
"Chlamydia","2014","Nebraska","31","20-24","All races/ethnicities","Female","2,119","3173.1","66,780"
"Chlamydia","2014","Nebraska","31","15-19","All races/ethnicities","Female","1,512","2425.7","62,333"
"Chlamydia","2013","Nebraska","31","20-24","All races/ethnicities","Female","2,086","3206.1","65,063"
"Chlamydia","2013","Nebraska","31","15-19","All races/ethnicities","Female","1,450","2325.9","62,342"
"Chlamydia","2012","Nebraska","31","20-24","All races/ethnicities","Female","1,926","3004.4","64,105"
"Chlamydia","2012","Nebraska","31","15-19","All races/ethnicities","Female","1,470","2347.3","62,626"
"Chlamydia","2011","Nebraska","31","20-24","All races/ethnicities","Female","1,879","2981.7","63,018"
"Chlamydia","2011","Nebraska","31","15-19","All races/ethnicities","Female","1,574","2494.5","63,098"
"Chlamydia","2010","Nebraska","31","20-24","All races/ethnicities","Female","1,412","2246.4","62,856"
"Chlamydia","2010","Nebraska","31","15-19","All races/ethnicities","Female","1,280","2031.7","63,001"
"Chlamydia","2009","Nebraska","31","20-24","All races/ethnicities","Female","1,511","2201.7","68,628"
"Chlamydia","2009","Nebraska","31","15-19","All races/ethnicities","Female","1,382","2172.5","63,613"
"Chlamydia","2008","Nebraska","31","20-24","All races/ethnicities","Female","1,633","2369.2","68,926"
"Chlamydia","2008","Nebraska","31","15-19","All races/ethnicities","Female","1,540","2417.2","63,711"
"Chlamydia","2007","Nebraska","31","20-24","All races/ethnicities","Female","1,492","2154.2","69,260"
"Chlamydia","2007","Nebraska","31","15-19","All races/ethnicities","Female","1,386","2158.1","64,223"
"Chlamydia","2006","Nebraska","31","20-24","All races/ethnicities","Female","1,592","2280.3","69,816"
"Chlamydia","2006","Nebraska","31","15-19","All races/ethnicities","Female","1,483","2304.1","64,363"
"Chlamydia","2005","Nebraska","31","20-24","All races/ethnicities","Female","1,502","2172.3","69,142"
"Chlamydia","2005","Nebraska","31","15-19","All races/ethnicities","Female","1,345","2072.5","64,898"
"Chlamydia","2004","Nebraska","31","20-24","All races/ethnicities","Female","1,377","2048.6","67,217"
"Chlamydia","2004","Nebraska","31","15-19","All races/ethnicities","Female","1,370","2107.3","65,013"
"Chlamydia","2003","Nebraska","31","20-24","All races/ethnicities","Female","1,288","1970.8","65,354"
"Chlamydia","2003","Nebraska","31","15-19","All races/ethnicities","Female","1,205","1824.2","66,056"
"Chlamydia","2002","Nebraska","31","20-24","All races/ethnicities","Female","1,299","2075.6","62,583"
"Chlamydia","2002","Nebraska","31","15-19","All races/ethnicities","Female","1,289","1934.3","66,638"
"Chlamydia","2001","Nebraska","31","20-24","All races/ethnicities","Female","841","1389.2","60,537"
"Chlamydia","2001","Nebraska","31","15-19","All races/ethnicities","Female","959","1434.7","66,845"
"Chlamydia","2000","Nebraska","31","20-24","All races/ethnicities","Female","975","1640.8","59,421"
"Chlamydia","2000","Nebraska","31","15-19","All races/ethnicities","Female","1,198","1821.1","65,785"
"Gonorrhea","2019","Nevada","32","20-24","All races/ethnicities","Female","666","748.6","88,970"
"Gonorrhea","2019","Nevada","32","15-19","All races/ethnicities","Female","549","620.5","88,483"
"Gonorrhea","2018","Nevada","32","20-24","All races/ethnicities","Female","672","758.5","88,598"
"Gonorrhea","2018","Nevada","32","15-19","All races/ethnicities","Female","595","678.7","87,664"
"Gonorrhea","2017","Nevada","32","20-24","All races/ethnicities","Female","532","603.2","88,194"
"Gonorrhea","2017","Nevada","32","15-19","All races/ethnicities","Female","426","492.7","86,466"
"Gonorrhea","2016","Nevada","32","20-24","All races/ethnicities","Female","486","548.4","88,615"
"Gonorrhea","2016","Nevada","32","15-19","All races/ethnicities","Female","363","422.7","85,885"
"Gonorrhea","2015","Nevada","32","20-24","All races/ethnicities","Female","418","464.4","90,010"
"Gonorrhea","2015","Nevada","32","15-19","All races/ethnicities","Female","277","325.5","85,100"
"Gonorrhea","2014","Nevada","32","20-24","All races/ethnicities","Female","382","419.1","91,158"
"Gonorrhea","2014","Nevada","32","15-19","All races/ethnicities","Female","307","362.2","84,758"
"Gonorrhea","2013","Nevada","32","20-24","All races/ethnicities","Female","367","403.2","91,031"
"Gonorrhea","2013","Nevada","32","15-19","All races/ethnicities","Female","347","409.8","84,671"
"Gonorrhea","2012","Nevada","32","20-24","All races/ethnicities","Female","317","348.9","90,867"
"Gonorrhea","2012","Nevada","32","15-19","All races/ethnicities","Female","287","338.9","84,678"
"Gonorrhea","2011","Nevada","32","20-24","All races/ethnicities","Female","259","290.9","89,032"
"Gonorrhea","2011","Nevada","32","15-19","All races/ethnicities","Female","312","366.0","85,243"
"Gonorrhea","2010","Nevada","32","20-24","All races/ethnicities","Female","256","294.5","86,939"
"Gonorrhea","2010","Nevada","32","15-19","All races/ethnicities","Female","344","391.7","87,830"
"Gonorrhea","2009","Nevada","32","20-24","All races/ethnicities","Female","250","316.8","78,925"
"Gonorrhea","2009","Nevada","32","15-19","All races/ethnicities","Female","306","379.2","80,689"
"Gonorrhea","2008","Nevada","32","20-24","All races/ethnicities","Female","324","406.2","79,764"
"Gonorrhea","2008","Nevada","32","15-19","All races/ethnicities","Female","372","463.7","80,225"
"Gonorrhea","2007","Nevada","32","20-24","All races/ethnicities","Female","319","404.2","78,925"
"Gonorrhea","2007","Nevada","32","15-19","All races/ethnicities","Female","405","514.8","78,666"
"Gonorrhea","2006","Nevada","32","20-24","All races/ethnicities","Female","365","473.9","77,020"
"Gonorrhea","2006","Nevada","32","15-19","All races/ethnicities","Female","418","551.7","75,763"
"Gonorrhea","2005","Nevada","32","20-24","All races/ethnicities","Female","418","554.0","75,449"
"Gonorrhea","2005","Nevada","32","15-19","All races/ethnicities","Female","402","555.3","72,397"
"Gonorrhea","2004","Nevada","32","20-24","All races/ethnicities","Female","423","576.2","73,408"
"Gonorrhea","2004","Nevada","32","15-19","All races/ethnicities","Female","431","625.3","68,924"
"Gonorrhea","2003","Nevada","32","20-24","All races/ethnicities","Female","326","459.8","70,902"
"Gonorrhea","2003","Nevada","32","15-19","All races/ethnicities","Female","328","497.8","65,890"
"Gonorrhea","2002","Nevada","32","20-24","All races/ethnicities","Female","236","339.4","69,536"
"Gonorrhea","2002","Nevada","32","15-19","All races/ethnicities","Female","344","543.0","63,356"
"Gonorrhea","2001","Nevada","32","20-24","All races/ethnicities","Female","216","320.8","67,329"
"Gonorrhea","2001","Nevada","32","15-19","All races/ethnicities","Female","286","459.9","62,189"
"Gonorrhea","2000","Nevada","32","20-24","All races/ethnicities","Female","174","276.5","62,923"
"Gonorrhea","2000","Nevada","32","15-19","All races/ethnicities","Female","248","401.1","61,830"
"Chlamydia","2019","Nevada","32","20-24","All races/ethnicities","Female","4,162","4678.0","88,970"
"Chlamydia","2019","Nevada","32","15-19","All races/ethnicities","Female","3,029","3423.3","88,483"
"Chlamydia","2018","Nevada","32","20-24","All races/ethnicities","Female","4,029","4547.5","88,598"
"Chlamydia","2018","Nevada","32","15-19","All races/ethnicities","Female","2,907","3316.1","87,664"
"Chlamydia","2017","Nevada","32","20-24","All races/ethnicities","Female","3,813","4323.4","88,194"
"Chlamydia","2017","Nevada","32","15-19","All races/ethnicities","Female","2,879","3329.6","86,466"
"Chlamydia","2016","Nevada","32","20-24","All races/ethnicities","Female","3,810","4299.5","88,615"
"Chlamydia","2016","Nevada","32","15-19","All races/ethnicities","Female","2,589","3014.5","85,885"
"Chlamydia","2015","Nevada","32","20-24","All races/ethnicities","Female","3,489","3876.2","90,010"
"Chlamydia","2015","Nevada","32","15-19","All races/ethnicities","Female","2,222","2611.0","85,100"
"Chlamydia","2014","Nevada","32","20-24","All races/ethnicities","Female","3,204","3514.8","91,158"
"Chlamydia","2014","Nevada","32","15-19","All races/ethnicities","Female","2,230","2631.0","84,758"
"Chlamydia","2013","Nevada","32","20-24","All races/ethnicities","Female","3,151","3461.5","91,031"
"Chlamydia","2013","Nevada","32","15-19","All races/ethnicities","Female","2,451","2894.7","84,671"
"Chlamydia","2012","Nevada","32","20-24","All races/ethnicities","Female","2,909","3201.4","90,867"
"Chlamydia","2012","Nevada","32","15-19","All races/ethnicities","Female","2,444","2886.2","84,678"
"Chlamydia","2011","Nevada","32","20-24","All races/ethnicities","Female","2,731","3067.4","89,032"
"Chlamydia","2011","Nevada","32","15-19","All races/ethnicities","Female","2,443","2865.9","85,243"
"Chlamydia","2010","Nevada","32","20-24","All races/ethnicities","Female","2,468","2838.8","86,939"
"Chlamydia","2010","Nevada","32","15-19","All races/ethnicities","Female","2,411","2745.1","87,830"
"Chlamydia","2009","Nevada","32","20-24","All races/ethnicities","Female","2,542","3220.8","78,925"
"Chlamydia","2009","Nevada","32","15-19","All races/ethnicities","Female","2,485","3079.7","80,689"
"Chlamydia","2008","Nevada","32","20-24","All races/ethnicities","Female","2,473","3100.4","79,764"
"Chlamydia","2008","Nevada","32","15-19","All races/ethnicities","Female","2,634","3283.3","80,225"
"Chlamydia","2007","Nevada","32","20-24","All races/ethnicities","Female","2,427","3075.1","78,925"
"Chlamydia","2007","Nevada","32","15-19","All races/ethnicities","Female","2,610","3317.8","78,666"
"Chlamydia","2006","Nevada","32","20-24","All races/ethnicities","Female","2,174","2822.6","77,020"
"Chlamydia","2006","Nevada","32","15-19","All races/ethnicities","Female","2,157","2847.0","75,763"
"Chlamydia","2005","Nevada","32","20-24","All races/ethnicities","Female","1,897","2514.3","75,449"
"Chlamydia","2005","Nevada","32","15-19","All races/ethnicities","Female","1,886","2605.1","72,397"
"Chlamydia","2004","Nevada","32","20-24","All races/ethnicities","Female","1,685","2295.4","73,408"
"Chlamydia","2004","Nevada","32","15-19","All races/ethnicities","Female","1,777","2578.2","68,924"
"Chlamydia","2003","Nevada","32","20-24","All races/ethnicities","Female","1,497","2111.4","70,902"
"Chlamydia","2003","Nevada","32","15-19","All races/ethnicities","Female","1,614","2449.5","65,890"
"Chlamydia","2002","Nevada","32","20-24","All races/ethnicities","Female","1,460","2099.6","69,536"
"Chlamydia","2002","Nevada","32","15-19","All races/ethnicities","Female","1,765","2785.8","63,356"
"Chlamydia","2001","Nevada","32","20-24","All races/ethnicities","Female","1,196","1776.4","67,329"
"Chlamydia","2001","Nevada","32","15-19","All races/ethnicities","Female","1,485","2387.9","62,189"
"Chlamydia","2000","Nevada","32","20-24","All races/ethnicities","Female","1,061","1686.2","62,923"
"Chlamydia","2000","Nevada","32","15-19","All races/ethnicities","Female","1,329","2149.4","61,830"
"Gonorrhea","2019","New Hampshire","33","20-24","All races/ethnicities","Female","33","77.1","42,812"
"Gonorrhea","2019","New Hampshire","33","15-19","All races/ethnicities","Female","23","55.5","41,445"
"Gonorrhea","2018","New Hampshire","33","20-24","All races/ethnicities","Female","68","156.5","43,455"
"Gonorrhea","2018","New Hampshire","33","15-19","All races/ethnicities","Female","29","69.8","41,575"
"Gonorrhea","2017","New Hampshire","33","20-24","All races/ethnicities","Female","58","130.5","44,461"
"Gonorrhea","2017","New Hampshire","33","15-19","All races/ethnicities","Female","19","45.2","42,079"
"Gonorrhea","2016","New Hampshire","33","20-24","All races/ethnicities","Female","33","73.2","45,057"
"Gonorrhea","2016","New Hampshire","33","15-19","All races/ethnicities","Female","17","40.0","42,536"
"Gonorrhea","2015","New Hampshire","33","20-24","All races/ethnicities","Female","24","53.2","45,106"
"Gonorrhea","2015","New Hampshire","33","15-19","All races/ethnicities","Female","14","32.5","43,103"
"Gonorrhea","2014","New Hampshire","33","20-24","All races/ethnicities","Female","30","67.0","44,809"
"Gonorrhea","2014","New Hampshire","33","15-19","All races/ethnicities","Female","16","36.4","44,014"
"Gonorrhea","2013","New Hampshire","33","20-24","All races/ethnicities","Female","22","50.1","43,870"
"Gonorrhea","2013","New Hampshire","33","15-19","All races/ethnicities","Female","8","17.9","44,672"
"Gonorrhea","2012","New Hampshire","33","20-24","All races/ethnicities","Female","19","44.2","43,001"
"Gonorrhea","2012","New Hampshire","33","15-19","All races/ethnicities","Female","17","37.3","45,631"
"Gonorrhea","2011","New Hampshire","33","20-24","All races/ethnicities","Female","24","57.3","41,919"
"Gonorrhea","2011","New Hampshire","33","15-19","All races/ethnicities","Female","13","28.1","46,280"
"Gonorrhea","2010","New Hampshire","33","20-24","All races/ethnicities","Female","20","48.3","41,448"
"Gonorrhea","2010","New Hampshire","33","15-19","All races/ethnicities","Female","13","28.3","45,999"
"Gonorrhea","2009","New Hampshire","33","20-24","All races/ethnicities","Female","17","38.3","44,366"
"Gonorrhea","2009","New Hampshire","33","15-19","All races/ethnicities","Female","18","38.7","46,566"
"Gonorrhea","2008","New Hampshire","33","20-24","All races/ethnicities","Female","18","41.3","43,542"
"Gonorrhea","2008","New Hampshire","33","15-19","All races/ethnicities","Female","14","29.6","47,366"
"Gonorrhea","2007","New Hampshire","33","20-24","All races/ethnicities","Female","21","48.6","43,187"
"Gonorrhea","2007","New Hampshire","33","15-19","All races/ethnicities","Female","21","43.9","47,857"
"Gonorrhea","2006","New Hampshire","33","20-24","All races/ethnicities","Female","31","72.4","42,838"
"Gonorrhea","2006","New Hampshire","33","15-19","All races/ethnicities","Female","28","58.7","47,707"
"Gonorrhea","2005","New Hampshire","33","20-24","All races/ethnicities","Female","33","78.1","42,250"
"Gonorrhea","2005","New Hampshire","33","15-19","All races/ethnicities","Female","37","78.1","47,379"
"Gonorrhea","2004","New Hampshire","33","20-24","All races/ethnicities","Female","26","63.8","40,750"
"Gonorrhea","2004","New Hampshire","33","15-19","All races/ethnicities","Female","14","29.9","46,759"
"Gonorrhea","2003","New Hampshire","33","20-24","All races/ethnicities","Female","20","50.7","39,462"
"Gonorrhea","2003","New Hampshire","33","15-19","All races/ethnicities","Female","24","52.4","45,823"
"Gonorrhea","2002","New Hampshire","33","20-24","All races/ethnicities","Female","28","73.9","37,875"
"Gonorrhea","2002","New Hampshire","33","15-19","All races/ethnicities","Female","15","33.2","45,128"
"Gonorrhea","2001","New Hampshire","33","20-24","All races/ethnicities","Female","37","102.2","36,206"
"Gonorrhea","2001","New Hampshire","33","15-19","All races/ethnicities","Female","29","65.7","44,162"
"Gonorrhea","2000","New Hampshire","33","20-24","All races/ethnicities","Female","20","57.6","34,747"
"Gonorrhea","2000","New Hampshire","33","15-19","All races/ethnicities","Female","15","35.1","42,788"
"Chlamydia","2019","New Hampshire","33","20-24","All races/ethnicities","Female","979","2286.7","42,812"
"Chlamydia","2019","New Hampshire","33","15-19","All races/ethnicities","Female","637","1537.0","41,445"
"Chlamydia","2018","New Hampshire","33","20-24","All races/ethnicities","Female","1,112","2559.0","43,455"
"Chlamydia","2018","New Hampshire","33","15-19","All races/ethnicities","Female","691","1662.1","41,575"
"Chlamydia","2017","New Hampshire","33","20-24","All races/ethnicities","Female","1,300","2923.9","44,461"
"Chlamydia","2017","New Hampshire","33","15-19","All races/ethnicities","Female","847","2012.9","42,079"
"Chlamydia","2016","New Hampshire","33","20-24","All races/ethnicities","Female","1,011","2243.8","45,057"
"Chlamydia","2016","New Hampshire","33","15-19","All races/ethnicities","Female","665","1563.4","42,536"
"Chlamydia","2015","New Hampshire","33","20-24","All races/ethnicities","Female","940","2084.0","45,106"
"Chlamydia","2015","New Hampshire","33","15-19","All races/ethnicities","Female","601","1394.3","43,103"
"Chlamydia","2014","New Hampshire","33","20-24","All races/ethnicities","Female","1,097","2448.2","44,809"
"Chlamydia","2014","New Hampshire","33","15-19","All races/ethnicities","Female","659","1497.3","44,014"
"Chlamydia","2013","New Hampshire","33","20-24","All races/ethnicities","Female","1,004","2288.6","43,870"
"Chlamydia","2013","New Hampshire","33","15-19","All races/ethnicities","Female","678","1517.7","44,672"
"Chlamydia","2012","New Hampshire","33","20-24","All races/ethnicities","Female","932","2167.4","43,001"
"Chlamydia","2012","New Hampshire","33","15-19","All races/ethnicities","Female","761","1667.7","45,631"
"Chlamydia","2011","New Hampshire","33","20-24","All races/ethnicities","Female","942","2247.2","41,919"
"Chlamydia","2011","New Hampshire","33","15-19","All races/ethnicities","Female","779","1683.2","46,280"
"Chlamydia","2010","New Hampshire","33","20-24","All races/ethnicities","Female","771","1860.2","41,448"
"Chlamydia","2010","New Hampshire","33","15-19","All races/ethnicities","Female","631","1371.8","45,999"
"Chlamydia","2009","New Hampshire","33","20-24","All races/ethnicities","Female","683","1539.5","44,366"
"Chlamydia","2009","New Hampshire","33","15-19","All races/ethnicities","Female","506","1086.6","46,566"
"Chlamydia","2008","New Hampshire","33","20-24","All races/ethnicities","Female","616","1414.7","43,542"
"Chlamydia","2008","New Hampshire","33","15-19","All races/ethnicities","Female","549","1159.1","47,366"
"Chlamydia","2007","New Hampshire","33","20-24","All races/ethnicities","Female","624","1444.9","43,187"
"Chlamydia","2007","New Hampshire","33","15-19","All races/ethnicities","Female","569","1189.0","47,857"
"Chlamydia","2006","New Hampshire","33","20-24","All races/ethnicities","Female","605","1412.3","42,838"
"Chlamydia","2006","New Hampshire","33","15-19","All races/ethnicities","Female","540","1131.9","47,707"
"Chlamydia","2005","New Hampshire","33","20-24","All races/ethnicities","Female","579","1370.4","42,250"
"Chlamydia","2005","New Hampshire","33","15-19","All races/ethnicities","Female","539","1137.6","47,379"
"Chlamydia","2004","New Hampshire","33","20-24","All races/ethnicities","Female","529","1298.2","40,750"
"Chlamydia","2004","New Hampshire","33","15-19","All races/ethnicities","Female","522","1116.4","46,759"
"Chlamydia","2003","New Hampshire","33","20-24","All races/ethnicities","Female","477","1208.8","39,462"
"Chlamydia","2003","New Hampshire","33","15-19","All races/ethnicities","Female","496","1082.4","45,823"
"Chlamydia","2002","New Hampshire","33","20-24","All races/ethnicities","Female","461","1217.2","37,875"
"Chlamydia","2002","New Hampshire","33","15-19","All races/ethnicities","Female","514","1139.0","45,128"
"Chlamydia","2001","New Hampshire","33","20-24","All races/ethnicities","Female","377","1041.3","36,206"
"Chlamydia","2001","New Hampshire","33","15-19","All races/ethnicities","Female","468","1059.7","44,162"
"Chlamydia","2000","New Hampshire","33","20-24","All races/ethnicities","Female","339","975.6","34,747"
"Chlamydia","2000","New Hampshire","33","15-19","All races/ethnicities","Female","396","925.5","42,788"
"Gonorrhea","2019","New Jersey","34","20-24","All races/ethnicities","Female","1,236","464.3","266,233"
"Gonorrhea","2019","New Jersey","34","15-19","All races/ethnicities","Female","1,054","391.4","269,310"
"Gonorrhea","2018","New Jersey","34","20-24","All races/ethnicities","Female","1,229","455.8","269,618"
"Gonorrhea","2018","New Jersey","34","15-19","All races/ethnicities","Female","782","288.9","270,713"
"Gonorrhea","2017","New Jersey","34","20-24","All races/ethnicities","Female","1,243","453.9","273,844"
"Gonorrhea","2017","New Jersey","34","15-19","All races/ethnicities","Female","913","335.1","272,476"
"Gonorrhea","2016","New Jersey","34","20-24","All races/ethnicities","Female","1,146","416.0","275,510"
"Gonorrhea","2016","New Jersey","34","15-19","All races/ethnicities","Female","823","299.9","274,381"
"Gonorrhea","2015","New Jersey","34","20-24","All races/ethnicities","Female","1,062","383.1","277,248"
"Gonorrhea","2015","New Jersey","34","15-19","All races/ethnicities","Female","812","293.7","276,500"
"Gonorrhea","2014","New Jersey","34","20-24","All races/ethnicities","Female","1,159","418.8","276,742"
"Gonorrhea","2014","New Jersey","34","15-19","All races/ethnicities","Female","881","316.7","278,148"
"Gonorrhea","2013","New Jersey","34","20-24","All races/ethnicities","Female","1,311","479.4","273,470"
"Gonorrhea","2013","New Jersey","34","15-19","All races/ethnicities","Female","975","346.4","281,456"
"Gonorrhea","2012","New Jersey","34","20-24","All races/ethnicities","Female","1,321","491.9","268,548"
"Gonorrhea","2012","New Jersey","34","15-19","All races/ethnicities","Female","1,049","367.9","285,170"
"Gonorrhea","2011","New Jersey","34","20-24","All races/ethnicities","Female","1,434","542.0","264,562"
"Gonorrhea","2011","New Jersey","34","15-19","All races/ethnicities","Female","1,390","482.4","288,156"
"Gonorrhea","2010","New Jersey","34","20-24","All races/ethnicities","Female","1,071","408.5","262,173"
"Gonorrhea","2010","New Jersey","34","15-19","All races/ethnicities","Female","1,208","418.1","288,940"
"Gonorrhea","2009","New Jersey","34","20-24","All races/ethnicities","Female","824","317.5","259,560"
"Gonorrhea","2009","New Jersey","34","15-19","All races/ethnicities","Female","901","320.3","281,255"
"Gonorrhea","2008","New Jersey","34","20-24","All races/ethnicities","Female","901","353.8","254,695"
"Gonorrhea","2008","New Jersey","34","15-19","All races/ethnicities","Female","1,093","385.2","283,784"
"Gonorrhea","2007","New Jersey","34","20-24","All races/ethnicities","Female","1,004","397.7","252,423"
"Gonorrhea","2007","New Jersey","34","15-19","All races/ethnicities","Female","1,112","391.5","284,029"
"Gonorrhea","2006","New Jersey","34","20-24","All races/ethnicities","Female","895","358.2","249,889"
"Gonorrhea","2006","New Jersey","34","15-19","All races/ethnicities","Female","937","331.8","282,410"
"Gonorrhea","2005","New Jersey","34","20-24","All races/ethnicities","Female","974","393.2","247,731"
"Gonorrhea","2005","New Jersey","34","15-19","All races/ethnicities","Female","1,069","383.7","278,608"
"Gonorrhea","2004","New Jersey","34","20-24","All races/ethnicities","Female","1,156","468.7","246,619"
"Gonorrhea","2004","New Jersey","34","15-19","All races/ethnicities","Female","1,286","471.6","272,667"
"Gonorrhea","2003","New Jersey","34","20-24","All races/ethnicities","Female","1,493","609.1","245,109"
"Gonorrhea","2003","New Jersey","34","15-19","All races/ethnicities","Female","1,731","648.2","267,049"
"Gonorrhea","2002","New Jersey","34","20-24","All races/ethnicities","Female","1,235","510.4","241,947"
"Gonorrhea","2002","New Jersey","34","15-19","All races/ethnicities","Female","1,515","576.9","262,625"
"Gonorrhea","2001","New Jersey","34","20-24","All races/ethnicities","Female","1,524","634.7","240,095"
"Gonorrhea","2001","New Jersey","34","15-19","All races/ethnicities","Female","1,503","582.0","258,239"
"Gonorrhea","2000","New Jersey","34","20-24","All races/ethnicities","Female","1,115","470.3","237,104"
"Gonorrhea","2000","New Jersey","34","15-19","All races/ethnicities","Female","1,386","544.7","254,444"
"Chlamydia","2019","New Jersey","34","20-24","All races/ethnicities","Female","9,538","3582.6","266,233"
"Chlamydia","2019","New Jersey","34","15-19","All races/ethnicities","Female","7,493","2782.3","269,310"
"Chlamydia","2018","New Jersey","34","20-24","All races/ethnicities","Female","10,509","3897.7","269,618"
"Chlamydia","2018","New Jersey","34","15-19","All races/ethnicities","Female","6,078","2245.2","270,713"
"Chlamydia","2017","New Jersey","34","20-24","All races/ethnicities","Female","10,003","3652.8","273,844"
"Chlamydia","2017","New Jersey","34","15-19","All races/ethnicities","Female","5,674","2082.4","272,476"
"Chlamydia","2016","New Jersey","34","20-24","All races/ethnicities","Female","10,071","3655.4","275,510"
"Chlamydia","2016","New Jersey","34","15-19","All races/ethnicities","Female","5,831","2125.1","274,381"
"Chlamydia","2015","New Jersey","34","20-24","All races/ethnicities","Female","9,415","3395.9","277,248"
"Chlamydia","2015","New Jersey","34","15-19","All races/ethnicities","Female","5,195","1878.8","276,500"
"Chlamydia","2014","New Jersey","34","20-24","All races/ethnicities","Female","9,148","3305.6","276,742"
"Chlamydia","2014","New Jersey","34","15-19","All races/ethnicities","Female","5,201","1869.9","278,148"
"Chlamydia","2013","New Jersey","34","20-24","All races/ethnicities","Female","8,751","3200.0","273,470"
"Chlamydia","2013","New Jersey","34","15-19","All races/ethnicities","Female","5,540","1968.3","281,456"
"Chlamydia","2012","New Jersey","34","20-24","All races/ethnicities","Female","7,738","2881.4","268,548"
"Chlamydia","2012","New Jersey","34","15-19","All races/ethnicities","Female","5,017","1759.3","285,170"
"Chlamydia","2011","New Jersey","34","20-24","All races/ethnicities","Female","7,998","3023.1","264,562"
"Chlamydia","2011","New Jersey","34","15-19","All races/ethnicities","Female","6,562","2277.2","288,156"
"Chlamydia","2010","New Jersey","34","20-24","All races/ethnicities","Female","7,601","2899.2","262,173"
"Chlamydia","2010","New Jersey","34","15-19","All races/ethnicities","Female","7,232","2502.9","288,940"
"Chlamydia","2009","New Jersey","34","20-24","All races/ethnicities","Female","6,776","2610.6","259,560"
"Chlamydia","2009","New Jersey","34","15-19","All races/ethnicities","Female","6,977","2480.7","281,255"
"Chlamydia","2008","New Jersey","34","20-24","All races/ethnicities","Female","6,397","2511.6","254,695"
"Chlamydia","2008","New Jersey","34","15-19","All races/ethnicities","Female","6,723","2369.1","283,784"
"Chlamydia","2007","New Jersey","34","20-24","All races/ethnicities","Female","6,345","2513.6","252,423"
"Chlamydia","2007","New Jersey","34","15-19","All races/ethnicities","Female","6,116","2153.3","284,029"
"Chlamydia","2006","New Jersey","34","20-24","All races/ethnicities","Female","5,861","2345.4","249,889"
"Chlamydia","2006","New Jersey","34","15-19","All races/ethnicities","Female","6,068","2148.6","282,410"
"Chlamydia","2005","New Jersey","34","20-24","All races/ethnicities","Female","5,655","2282.7","247,731"
"Chlamydia","2005","New Jersey","34","15-19","All races/ethnicities","Female","5,728","2055.9","278,608"
"Chlamydia","2004","New Jersey","34","20-24","All races/ethnicities","Female","5,240","2124.7","246,619"
"Chlamydia","2004","New Jersey","34","15-19","All races/ethnicities","Female","5,325","1952.9","272,667"
"Chlamydia","2003","New Jersey","34","20-24","All races/ethnicities","Female","4,875","1988.9","245,109"
"Chlamydia","2003","New Jersey","34","15-19","All races/ethnicities","Female","5,149","1928.1","267,049"
"Chlamydia","2002","New Jersey","34","20-24","All races/ethnicities","Female","4,349","1797.5","241,947"
"Chlamydia","2002","New Jersey","34","15-19","All races/ethnicities","Female","4,766","1814.8","262,625"
"Chlamydia","2001","New Jersey","34","20-24","All races/ethnicities","Female","5,392","2245.8","240,095"
"Chlamydia","2001","New Jersey","34","15-19","All races/ethnicities","Female","5,034","1949.4","258,239"
"Chlamydia","2000","New Jersey","34","20-24","All races/ethnicities","Female","3,358","1416.3","237,104"
"Chlamydia","2000","New Jersey","34","15-19","All races/ethnicities","Female","3,997","1570.9","254,444"
"Gonorrhea","2019","New Mexico","35","20-24","All races/ethnicities","Female","519","773.1","67,132"
"Gonorrhea","2019","New Mexico","35","15-19","All races/ethnicities","Female","289","425.6","67,901"
"Gonorrhea","2018","New Mexico","35","20-24","All races/ethnicities","Female","572","845.6","67,642"
"Gonorrhea","2018","New Mexico","35","15-19","All races/ethnicities","Female","352","517.2","68,065"
"Gonorrhea","2017","New Mexico","35","20-24","All races/ethnicities","Female","545","790.2","68,966"
"Gonorrhea","2017","New Mexico","35","15-19","All races/ethnicities","Female","390","573.2","68,038"
"Gonorrhea","2016","New Mexico","35","20-24","All races/ethnicities","Female","416","588.1","70,732"
"Gonorrhea","2016","New Mexico","35","15-19","All races/ethnicities","Female","267","391.1","68,262"
"Gonorrhea","2015","New Mexico","35","20-24","All races/ethnicities","Female","343","473.2","72,485"
"Gonorrhea","2015","New Mexico","35","15-19","All races/ethnicities","Female","193","283.4","68,099"
"Gonorrhea","2014","New Mexico","35","20-24","All races/ethnicities","Female","319","431.7","73,900"
"Gonorrhea","2014","New Mexico","35","15-19","All races/ethnicities","Female","169","248.0","68,134"
"Gonorrhea","2013","New Mexico","35","20-24","All races/ethnicities","Female","272","365.9","74,335"
"Gonorrhea","2013","New Mexico","35","15-19","All races/ethnicities","Female","190","275.8","68,890"
"Gonorrhea","2012","New Mexico","35","20-24","All races/ethnicities","Female","298","406.1","73,375"
"Gonorrhea","2012","New Mexico","35","15-19","All races/ethnicities","Female","219","313.0","69,973"
"Gonorrhea","2011","New Mexico","35","20-24","All races/ethnicities","Female","333","463.8","71,805"
"Gonorrhea","2011","New Mexico","35","15-19","All races/ethnicities","Female","260","363.8","71,464"
"Gonorrhea","2010","New Mexico","35","20-24","All races/ethnicities","Female","230","329.1","69,880"
"Gonorrhea","2010","New Mexico","35","15-19","All races/ethnicities","Female","139","190.9","72,822"
"Gonorrhea","2009","New Mexico","35","20-24","All races/ethnicities","Female","203","295.2","68,766"
"Gonorrhea","2009","New Mexico","35","15-19","All races/ethnicities","Female","164","236.4","69,384"
"Gonorrhea","2008","New Mexico","35","20-24","All races/ethnicities","Female","273","399.2","68,387"
"Gonorrhea","2008","New Mexico","35","15-19","All races/ethnicities","Female","290","413.5","70,132"
"Gonorrhea","2007","New Mexico","35","20-24","All races/ethnicities","Female","348","507.8","68,535"
"Gonorrhea","2007","New Mexico","35","15-19","All races/ethnicities","Female","314","445.4","70,506"
"Gonorrhea","2006","New Mexico","35","20-24","All races/ethnicities","Female","340","497.2","68,379"
"Gonorrhea","2006","New Mexico","35","15-19","All races/ethnicities","Female","321","453.6","70,765"
"Gonorrhea","2005","New Mexico","35","20-24","All races/ethnicities","Female","313","456.1","68,631"
"Gonorrhea","2005","New Mexico","35","15-19","All races/ethnicities","Female","286","405.2","70,587"
"Gonorrhea","2004","New Mexico","35","20-24","All races/ethnicities","Female","251","366.3","68,526"
"Gonorrhea","2004","New Mexico","35","15-19","All races/ethnicities","Female","252","357.2","70,558"
"Gonorrhea","2003","New Mexico","35","20-24","All races/ethnicities","Female","193","287.5","67,141"
"Gonorrhea","2003","New Mexico","35","15-19","All races/ethnicities","Female","181","256.1","70,668"
"Gonorrhea","2002","New Mexico","35","20-24","All races/ethnicities","Female","269","411.2","65,419"
"Gonorrhea","2002","New Mexico","35","15-19","All races/ethnicities","Female","254","359.9","70,583"
"Gonorrhea","2001","New Mexico","35","20-24","All races/ethnicities","Female","146","233.3","62,568"
"Gonorrhea","2001","New Mexico","35","15-19","All races/ethnicities","Female","202","285.8","70,682"
"Gonorrhea","2000","New Mexico","35","20-24","All races/ethnicities","Female","176","292.8","60,115"
"Gonorrhea","2000","New Mexico","35","15-19","All races/ethnicities","Female","214","301.6","70,960"
"Chlamydia","2019","New Mexico","35","20-24","All races/ethnicities","Female","3,370","5020.0","67,132"
"Chlamydia","2019","New Mexico","35","15-19","All races/ethnicities","Female","2,869","4225.3","67,901"
"Chlamydia","2018","New Mexico","35","20-24","All races/ethnicities","Female","3,292","4866.8","67,642"
"Chlamydia","2018","New Mexico","35","15-19","All races/ethnicities","Female","2,811","4129.9","68,065"
"Chlamydia","2017","New Mexico","35","20-24","All races/ethnicities","Female","3,246","4706.7","68,966"
"Chlamydia","2017","New Mexico","35","15-19","All races/ethnicities","Female","2,754","4047.7","68,038"
"Chlamydia","2016","New Mexico","35","20-24","All races/ethnicities","Female","3,357","4746.1","70,732"
"Chlamydia","2016","New Mexico","35","15-19","All races/ethnicities","Female","2,646","3876.2","68,262"
"Chlamydia","2015","New Mexico","35","20-24","All races/ethnicities","Female","3,414","4709.9","72,485"
"Chlamydia","2015","New Mexico","35","15-19","All races/ethnicities","Female","2,491","3657.9","68,099"
"Chlamydia","2014","New Mexico","35","20-24","All races/ethnicities","Female","3,064","4146.1","73,900"
"Chlamydia","2014","New Mexico","35","15-19","All races/ethnicities","Female","2,431","3568.0","68,134"
"Chlamydia","2013","New Mexico","35","20-24","All races/ethnicities","Female","3,384","4552.4","74,335"
"Chlamydia","2013","New Mexico","35","15-19","All races/ethnicities","Female","2,583","3749.5","68,890"
"Chlamydia","2012","New Mexico","35","20-24","All races/ethnicities","Female","3,279","4468.8","73,375"
"Chlamydia","2012","New Mexico","35","15-19","All races/ethnicities","Female","2,673","3820.0","69,973"
"Chlamydia","2011","New Mexico","35","20-24","All races/ethnicities","Female","3,180","4428.7","71,805"
"Chlamydia","2011","New Mexico","35","15-19","All races/ethnicities","Female","2,627","3676.0","71,464"
"Chlamydia","2010","New Mexico","35","20-24","All races/ethnicities","Female","3,259","4663.7","69,880"
"Chlamydia","2010","New Mexico","35","15-19","All races/ethnicities","Female","2,863","3931.5","72,822"
"Chlamydia","2009","New Mexico","35","20-24","All races/ethnicities","Female","2,574","3743.1","68,766"
"Chlamydia","2009","New Mexico","35","15-19","All races/ethnicities","Female","2,359","3399.9","69,384"
"Chlamydia","2008","New Mexico","35","20-24","All races/ethnicities","Female","2,440","3567.9","68,387"
"Chlamydia","2008","New Mexico","35","15-19","All races/ethnicities","Female","2,438","3476.3","70,132"
"Chlamydia","2007","New Mexico","35","20-24","All races/ethnicities","Female","2,488","3630.3","68,535"
"Chlamydia","2007","New Mexico","35","15-19","All races/ethnicities","Female","2,463","3493.3","70,506"
"Chlamydia","2006","New Mexico","35","20-24","All races/ethnicities","Female","2,682","3922.3","68,379"
"Chlamydia","2006","New Mexico","35","15-19","All races/ethnicities","Female","2,645","3737.7","70,765"
"Chlamydia","2005","New Mexico","35","20-24","All races/ethnicities","Female","2,245","3271.1","68,631"
"Chlamydia","2005","New Mexico","35","15-19","All races/ethnicities","Female","2,318","3283.9","70,587"
"Chlamydia","2004","New Mexico","35","20-24","All races/ethnicities","Female","2,471","3605.9","68,526"
"Chlamydia","2004","New Mexico","35","15-19","All races/ethnicities","Female","2,495","3536.1","70,558"
"Chlamydia","2003","New Mexico","35","20-24","All races/ethnicities","Female","2,119","3156.0","67,141"
"Chlamydia","2003","New Mexico","35","15-19","All races/ethnicities","Female","2,229","3154.2","70,668"
"Chlamydia","2002","New Mexico","35","20-24","All races/ethnicities","Female","2,027","3098.5","65,419"
"Chlamydia","2002","New Mexico","35","15-19","All races/ethnicities","Female","2,239","3172.2","70,583"
"Chlamydia","2001","New Mexico","35","20-24","All races/ethnicities","Female","1,622","2592.4","62,568"
"Chlamydia","2001","New Mexico","35","15-19","All races/ethnicities","Female","1,985","2808.4","70,682"
"Chlamydia","2000","New Mexico","35","20-24","All races/ethnicities","Female","1,465","2437.0","60,115"
"Chlamydia","2000","New Mexico","35","15-19","All races/ethnicities","Female","1,695","2388.7","70,960"
"Gonorrhea","2019","New York","36","20-24","All races/ethnicities","Female","3,518","553.5","635,630"
"Gonorrhea","2019","New York","36","15-19","All races/ethnicities","Female","3,031","524.7","577,660"
"Gonorrhea","2018","New York","36","20-24","All races/ethnicities","Female","3,155","486.6","648,360"
"Gonorrhea","2018","New York","36","15-19","All races/ethnicities","Female","2,763","473.5","583,565"
"Gonorrhea","2017","New York","36","20-24","All races/ethnicities","Female","2,928","442.5","661,674"
"Gonorrhea","2017","New York","36","15-19","All races/ethnicities","Female","2,776","470.2","590,418"
"Gonorrhea","2016","New York","36","20-24","All races/ethnicities","Female","2,582","382.3","675,326"
"Gonorrhea","2016","New York","36","15-19","All races/ethnicities","Female","2,527","422.0","598,792"
"Gonorrhea","2015","New York","36","20-24","All races/ethnicities","Female","2,820","408.4","690,526"
"Gonorrhea","2015","New York","36","15-19","All races/ethnicities","Female","2,398","395.6","606,188"
"Gonorrhea","2014","New York","36","20-24","All races/ethnicities","Female","2,320","329.3","704,553"
"Gonorrhea","2014","New York","36","15-19","All races/ethnicities","Female","2,145","348.9","614,741"
"Gonorrhea","2013","New York","36","20-24","All races/ethnicities","Female","2,605","367.9","708,072"
"Gonorrhea","2013","New York","36","15-19","All races/ethnicities","Female","2,395","381.7","627,377"
"Gonorrhea","2012","New York","36","20-24","All races/ethnicities","Female","3,251","458.1","709,717"
"Gonorrhea","2012","New York","36","15-19","All races/ethnicities","Female","3,369","526.7","639,604"
"Gonorrhea","2011","New York","36","20-24","All races/ethnicities","Female","3,108","438.5","708,851"
"Gonorrhea","2011","New York","36","15-19","All races/ethnicities","Female","3,655","561.3","651,142"
"Gonorrhea","2010","New York","36","20-24","All races/ethnicities","Female","2,701","385.5","700,585"
"Gonorrhea","2010","New York","36","15-19","All races/ethnicities","Female","3,229","486.6","663,578"
"Gonorrhea","2009","New York","36","20-24","All races/ethnicities","Female","2,500","373.4","669,460"
"Gonorrhea","2009","New York","36","15-19","All races/ethnicities","Female","2,940","440.3","667,762"
"Gonorrhea","2008","New York","36","20-24","All races/ethnicities","Female","2,701","408.7","660,843"
"Gonorrhea","2008","New York","36","15-19","All races/ethnicities","Female","3,102","459.2","675,511"
"Gonorrhea","2007","New York","36","20-24","All races/ethnicities","Female","2,635","402.6","654,535"
"Gonorrhea","2007","New York","36","15-19","All races/ethnicities","Female","2,891","426.9","677,150"
"Gonorrhea","2006","New York","36","20-24","All races/ethnicities","Female","2,598","401.5","647,029"
"Gonorrhea","2006","New York","36","15-19","All races/ethnicities","Female","2,793","415.0","672,979"
"Gonorrhea","2005","New York","36","20-24","All races/ethnicities","Female","2,789","433.4","643,560"
"Gonorrhea","2005","New York","36","15-19","All races/ethnicities","Female","2,992","449.2","666,034"
"Gonorrhea","2004","New York","36","20-24","All races/ethnicities","Female","2,975","462.4","643,327"
"Gonorrhea","2004","New York","36","15-19","All races/ethnicities","Female","3,219","492.1","654,191"
"Gonorrhea","2003","New York","36","20-24","All races/ethnicities","Female","3,486","543.6","641,292"
"Gonorrhea","2003","New York","36","15-19","All races/ethnicities","Female","3,759","583.9","643,783"
"Gonorrhea","2002","New York","36","20-24","All races/ethnicities","Female","3,406","534.3","637,502"
"Gonorrhea","2002","New York","36","15-19","All races/ethnicities","Female","3,980","625.2","636,628"
"Gonorrhea","2001","New York","36","20-24","All races/ethnicities","Female","3,712","583.4","636,283"
"Gonorrhea","2001","New York","36","15-19","All races/ethnicities","Female","4,466","709.1","629,831"
"Gonorrhea","2000","New York","36","20-24","All races/ethnicities","Female","3,380","541.0","624,785"
"Gonorrhea","2000","New York","36","15-19","All races/ethnicities","Female","3,933","628.4","625,831"
"Chlamydia","2019","New York","36","20-24","All races/ethnicities","Female","26,003","4090.9","635,630"
"Chlamydia","2019","New York","36","15-19","All races/ethnicities","Female","20,986","3632.9","577,660"
"Chlamydia","2018","New York","36","20-24","All races/ethnicities","Female","25,461","3927.0","648,360"
"Chlamydia","2018","New York","36","15-19","All races/ethnicities","Female","20,601","3530.2","583,565"
"Chlamydia","2017","New York","36","20-24","All races/ethnicities","Female","25,283","3821.1","661,674"
"Chlamydia","2017","New York","36","15-19","All races/ethnicities","Female","20,500","3472.1","590,418"
"Chlamydia","2016","New York","36","20-24","All races/ethnicities","Female","24,605","3643.4","675,326"
"Chlamydia","2016","New York","36","15-19","All races/ethnicities","Female","19,410","3241.5","598,792"
"Chlamydia","2015","New York","36","20-24","All races/ethnicities","Female","24,107","3491.1","690,526"
"Chlamydia","2015","New York","36","15-19","All races/ethnicities","Female","19,267","3178.4","606,188"
"Chlamydia","2014","New York","36","20-24","All races/ethnicities","Female","23,923","3395.5","704,553"
"Chlamydia","2014","New York","36","15-19","All races/ethnicities","Female","19,292","3138.2","614,741"
"Chlamydia","2013","New York","36","20-24","All races/ethnicities","Female","23,742","3353.0","708,072"
"Chlamydia","2013","New York","36","15-19","All races/ethnicities","Female","20,310","3237.3","627,377"
"Chlamydia","2012","New York","36","20-24","All races/ethnicities","Female","24,689","3478.7","709,717"
"Chlamydia","2012","New York","36","15-19","All races/ethnicities","Female","23,094","3610.7","639,604"
"Chlamydia","2011","New York","36","20-24","All races/ethnicities","Female","24,770","3494.4","708,851"
"Chlamydia","2011","New York","36","15-19","All races/ethnicities","Female","25,484","3913.7","651,142"
"Chlamydia","2010","New York","36","20-24","All races/ethnicities","Female","23,377","3336.8","700,585"
"Chlamydia","2010","New York","36","15-19","All races/ethnicities","Female","25,364","3822.3","663,578"
"Chlamydia","2009","New York","36","20-24","All races/ethnicities","Female","21,386","3194.5","669,460"
"Chlamydia","2009","New York","36","15-19","All races/ethnicities","Female","24,083","3606.5","667,762"
"Chlamydia","2008","New York","36","20-24","All races/ethnicities","Female","20,463","3096.5","660,843"
"Chlamydia","2008","New York","36","15-19","All races/ethnicities","Female","23,052","3412.5","675,511"
"Chlamydia","2007","New York","36","20-24","All races/ethnicities","Female","19,404","2964.5","654,535"
"Chlamydia","2007","New York","36","15-19","All races/ethnicities","Female","20,327","3001.8","677,150"
"Chlamydia","2006","New York","36","20-24","All races/ethnicities","Female","16,789","2594.8","647,029"
"Chlamydia","2006","New York","36","15-19","All races/ethnicities","Female","17,351","2578.2","672,979"
"Chlamydia","2005","New York","36","20-24","All races/ethnicities","Female","15,710","2441.1","643,560"
"Chlamydia","2005","New York","36","15-19","All races/ethnicities","Female","16,463","2471.8","666,034"
"Chlamydia","2004","New York","36","20-24","All races/ethnicities","Female","15,497","2408.9","643,327"
"Chlamydia","2004","New York","36","15-19","All races/ethnicities","Female","16,341","2497.9","654,191"
"Chlamydia","2003","New York","36","20-24","All races/ethnicities","Female","15,156","2363.4","641,292"
"Chlamydia","2003","New York","36","15-19","All races/ethnicities","Female","15,907","2470.9","643,783"
"Chlamydia","2002","New York","36","20-24","All races/ethnicities","Female","13,929","2184.9","637,502"
"Chlamydia","2002","New York","36","15-19","All races/ethnicities","Female","14,832","2329.8","636,628"
"Chlamydia","2001","New York","36","20-24","All races/ethnicities","Female","13,152","2067.0","636,283"
"Chlamydia","2001","New York","36","15-19","All races/ethnicities","Female","14,154","2247.3","629,831"
"Chlamydia","2000","New York","36","20-24","All races/ethnicities","Female","9,025","1444.5","624,785"
"Chlamydia","2000","New York","36","15-19","All races/ethnicities","Female","9,674","1545.8","625,831"
"Gonorrhea","2019","North Carolina","37","20-24","All races/ethnicities","Female","4,043","1195.7","338,141"
"Gonorrhea","2019","North Carolina","37","15-19","All races/ethnicities","Female","2,925","865.0","338,155"
"Gonorrhea","2018","North Carolina","37","20-24","All races/ethnicities","Female","3,708","1098.7","337,478"
"Gonorrhea","2018","North Carolina","37","15-19","All races/ethnicities","Female","2,710","803.3","337,351"
"Gonorrhea","2017","North Carolina","37","20-24","All races/ethnicities","Female","3,771","1122.3","336,012"
"Gonorrhea","2017","North Carolina","37","15-19","All races/ethnicities","Female","2,730","816.6","334,311"
"Gonorrhea","2016","North Carolina","37","20-24","All races/ethnicities","Female","3,427","1013.9","337,989"
"Gonorrhea","2016","North Carolina","37","15-19","All races/ethnicities","Female","2,330","701.9","331,950"
"Gonorrhea","2015","North Carolina","37","20-24","All races/ethnicities","Female","3,821","1127.8","338,792"
"Gonorrhea","2015","North Carolina","37","15-19","All races/ethnicities","Female","2,506","773.9","323,817"
"Gonorrhea","2014","North Carolina","37","20-24","All races/ethnicities","Female","3,190","934.5","341,369"
"Gonorrhea","2014","North Carolina","37","15-19","All races/ethnicities","Female","2,033","637.7","318,800"
"Gonorrhea","2013","North Carolina","37","20-24","All races/ethnicities","Female","2,952","863.4","341,897"
"Gonorrhea","2013","North Carolina","37","15-19","All races/ethnicities","Female","2,181","687.4","317,290"
"Gonorrhea","2012","North Carolina","37","20-24","All races/ethnicities","Female","3,137","926.0","338,763"
"Gonorrhea","2012","North Carolina","37","15-19","All races/ethnicities","Female","2,449","773.5","316,599"
"Gonorrhea","2011","North Carolina","37","20-24","All races/ethnicities","Female","3,950","1184.1","333,586"
"Gonorrhea","2011","North Carolina","37","15-19","All races/ethnicities","Female","3,321","1044.5","317,961"
"Gonorrhea","2010","North Carolina","37","20-24","All races/ethnicities","Female","3,185","973.6","327,129"
"Gonorrhea","2010","North Carolina","37","15-19","All races/ethnicities","Female","2,828","880.5","321,163"
"Gonorrhea","2009","North Carolina","37","20-24","All races/ethnicities","Female","2,930","931.1","314,679"
"Gonorrhea","2009","North Carolina","37","15-19","All races/ethnicities","Female","2,747","879.5","312,339"
"Gonorrhea","2008","North Carolina","37","20-24","All races/ethnicities","Female","3,170","1030.6","307,589"
"Gonorrhea","2008","North Carolina","37","15-19","All races/ethnicities","Female","2,951","948.3","311,185"
"Gonorrhea","2007","North Carolina","37","20-24","All races/ethnicities","Female","3,185","1056.2","301,543"
"Gonorrhea","2007","North Carolina","37","15-19","All races/ethnicities","Female","2,911","949.4","306,622"
"Gonorrhea","2006","North Carolina","37","20-24","All races/ethnicities","Female","3,044","1029.8","295,602"
"Gonorrhea","2006","North Carolina","37","15-19","All races/ethnicities","Female","2,882","964.5","298,802"
"Gonorrhea","2005","North Carolina","37","20-24","All races/ethnicities","Female","2,574","888.3","289,752"
"Gonorrhea","2005","North Carolina","37","15-19","All races/ethnicities","Female","2,575","885.3","290,857"
"Gonorrhea","2004","North Carolina","37","20-24","All races/ethnicities","Female","2,482","864.8","286,989"
"Gonorrhea","2004","North Carolina","37","15-19","All races/ethnicities","Female","2,617","930.1","281,370"
"Gonorrhea","2003","North Carolina","37","20-24","All races/ethnicities","Female","2,538","887.4","286,013"
"Gonorrhea","2003","North Carolina","37","15-19","All races/ethnicities","Female","2,615","950.5","275,114"
"Gonorrhea","2002","North Carolina","37","20-24","All races/ethnicities","Female","2,563","899.8","284,844"
"Gonorrhea","2002","North Carolina","37","15-19","All races/ethnicities","Female","2,757","1021.0","270,036"
"Gonorrhea","2001","North Carolina","37","20-24","All races/ethnicities","Female","2,613","927.4","281,752"
"Gonorrhea","2001","North Carolina","37","15-19","All races/ethnicities","Female","2,897","1091.1","265,510"
"Gonorrhea","2000","North Carolina","37","20-24","All races/ethnicities","Female","2,793","1012.0","275,983"
"Gonorrhea","2000","North Carolina","37","15-19","All races/ethnicities","Female","3,051","1164.8","261,941"
"Chlamydia","2019","North Carolina","37","20-24","All races/ethnicities","Female","17,659","5222.4","338,141"
"Chlamydia","2019","North Carolina","37","15-19","All races/ethnicities","Female","15,150","4480.2","338,155"
"Chlamydia","2018","North Carolina","37","20-24","All races/ethnicities","Female","17,300","5126.3","337,478"
"Chlamydia","2018","North Carolina","37","15-19","All races/ethnicities","Female","14,715","4361.9","337,351"
"Chlamydia","2017","North Carolina","37","20-24","All races/ethnicities","Female","16,840","5011.7","336,012"
"Chlamydia","2017","North Carolina","37","15-19","All races/ethnicities","Female","14,310","4280.4","334,311"
"Chlamydia","2016","North Carolina","37","20-24","All races/ethnicities","Female","16,293","4820.6","337,989"
"Chlamydia","2016","North Carolina","37","15-19","All races/ethnicities","Female","12,847","3870.2","331,950"
"Chlamydia","2015","North Carolina","37","20-24","All races/ethnicities","Female","19,221","5673.4","338,792"
"Chlamydia","2015","North Carolina","37","15-19","All races/ethnicities","Female","14,324","4423.5","323,817"
"Chlamydia","2014","North Carolina","37","20-24","All races/ethnicities","Female","14,782","4330.2","341,369"
"Chlamydia","2014","North Carolina","37","15-19","All races/ethnicities","Female","11,019","3456.4","318,800"
"Chlamydia","2013","North Carolina","37","20-24","All races/ethnicities","Female","15,453","4519.8","341,897"
"Chlamydia","2013","North Carolina","37","15-19","All races/ethnicities","Female","12,265","3865.5","317,290"
"Chlamydia","2012","North Carolina","37","20-24","All races/ethnicities","Female","15,943","4706.2","338,763"
"Chlamydia","2012","North Carolina","37","15-19","All races/ethnicities","Female","13,743","4340.8","316,599"
"Chlamydia","2011","North Carolina","37","20-24","All races/ethnicities","Female","17,174","5148.3","333,586"
"Chlamydia","2011","North Carolina","37","15-19","All races/ethnicities","Female","15,981","5026.1","317,961"
"Chlamydia","2010","North Carolina","37","20-24","All races/ethnicities","Female","13,233","4045.2","327,129"
"Chlamydia","2010","North Carolina","37","15-19","All races/ethnicities","Female","12,757","3972.1","321,163"
"Chlamydia","2009","North Carolina","37","20-24","All races/ethnicities","Female","12,496","3971.0","314,679"
"Chlamydia","2009","North Carolina","37","15-19","All races/ethnicities","Female","12,886","4125.6","312,339"
"Chlamydia","2008","North Carolina","37","20-24","All races/ethnicities","Female","11,673","3795.0","307,589"
"Chlamydia","2008","North Carolina","37","15-19","All races/ethnicities","Female","11,819","3798.1","311,185"
"Chlamydia","2007","North Carolina","37","20-24","All races/ethnicities","Female","9,381","3111.0","301,543"
"Chlamydia","2007","North Carolina","37","15-19","All races/ethnicities","Female","9,689","3159.9","306,622"
"Chlamydia","2006","North Carolina","37","20-24","All races/ethnicities","Female","10,135","3428.6","295,602"
"Chlamydia","2006","North Carolina","37","15-19","All races/ethnicities","Female","10,812","3618.4","298,802"
"Chlamydia","2005","North Carolina","37","20-24","All races/ethnicities","Female","9,540","3292.5","289,752"
"Chlamydia","2005","North Carolina","37","15-19","All races/ethnicities","Female","10,366","3564.0","290,857"
"Chlamydia","2004","North Carolina","37","20-24","All races/ethnicities","Female","8,752","3049.6","286,989"
"Chlamydia","2004","North Carolina","37","15-19","All races/ethnicities","Female","9,699","3447.1","281,370"
"Chlamydia","2003","North Carolina","37","20-24","All races/ethnicities","Female","8,064","2819.5","286,013"
"Chlamydia","2003","North Carolina","37","15-19","All races/ethnicities","Female","8,919","3241.9","275,114"
"Chlamydia","2002","North Carolina","37","20-24","All races/ethnicities","Female","7,562","2654.8","284,844"
"Chlamydia","2002","North Carolina","37","15-19","All races/ethnicities","Female","8,448","3128.5","270,036"
"Chlamydia","2001","North Carolina","37","20-24","All races/ethnicities","Female","7,141","2534.5","281,752"
"Chlamydia","2001","North Carolina","37","15-19","All races/ethnicities","Female","7,602","2863.2","265,510"
"Chlamydia","2000","North Carolina","37","20-24","All races/ethnicities","Female","6,753","2446.9","275,983"
"Chlamydia","2000","North Carolina","37","15-19","All races/ethnicities","Female","7,899","3015.6","261,941"
"Gonorrhea","2019","North Dakota","38","20-24","All races/ethnicities","Female","201","683.6","29,403"
"Gonorrhea","2019","North Dakota","38","15-19","All races/ethnicities","Female","122","535.5","22,784"
"Gonorrhea","2018","North Dakota","38","20-24","All races/ethnicities","Female","212","709.7","29,873"
"Gonorrhea","2018","North Dakota","38","15-19","All races/ethnicities","Female","129","569.1","22,666"
"Gonorrhea","2017","North Dakota","38","20-24","All races/ethnicities","Female","160","526.5","30,389"
"Gonorrhea","2017","North Dakota","38","15-19","All races/ethnicities","Female","101","446.3","22,629"
"Gonorrhea","2016","North Dakota","38","20-24","All races/ethnicities","Female","163","524.0","31,106"
"Gonorrhea","2016","North Dakota","38","15-19","All races/ethnicities","Female","109","477.6","22,824"
"Gonorrhea","2015","North Dakota","38","20-24","All races/ethnicities","Female","130","404.9","32,106"
"Gonorrhea","2015","North Dakota","38","15-19","All races/ethnicities","Female","65","280.5","23,175"
"Gonorrhea","2014","North Dakota","38","20-24","All races/ethnicities","Female","148","465.4","31,803"
"Gonorrhea","2014","North Dakota","38","15-19","All races/ethnicities","Female","94","406.4","23,128"
"Gonorrhea","2013","North Dakota","38","20-24","All races/ethnicities","Female","109","349.6","31,177"
"Gonorrhea","2013","North Dakota","38","15-19","All races/ethnicities","Female","85","368.4","23,074"
"Gonorrhea","2012","North Dakota","38","20-24","All races/ethnicities","Female","75","252.6","29,687"
"Gonorrhea","2012","North Dakota","38","15-19","All races/ethnicities","Female","58","255.3","22,715"
"Gonorrhea","2011","North Dakota","38","20-24","All races/ethnicities","Female","46","161.8","28,424"
"Gonorrhea","2011","North Dakota","38","15-19","All races/ethnicities","Female","45","197.5","22,788"
"Gonorrhea","2010","North Dakota","38","20-24","All races/ethnicities","Female","62","225.1","27,547"
"Gonorrhea","2010","North Dakota","38","15-19","All races/ethnicities","Female","35","153.2","22,839"
"Gonorrhea","2009","North Dakota","38","20-24","All races/ethnicities","Female","43","141.7","30,337"
"Gonorrhea","2009","North Dakota","38","15-19","All races/ethnicities","Female","21","89.6","23,438"
"Gonorrhea","2008","North Dakota","38","20-24","All races/ethnicities","Female","34","112.2","30,294"
"Gonorrhea","2008","North Dakota","38","15-19","All races/ethnicities","Female","27","113.7","23,741"
"Gonorrhea","2007","North Dakota","38","20-24","All races/ethnicities","Female","19","62.7","30,318"
"Gonorrhea","2007","North Dakota","38","15-19","All races/ethnicities","Female","13","54.2","23,992"
"Gonorrhea","2006","North Dakota","38","20-24","All races/ethnicities","Female","29","92.4","31,401"
"Gonorrhea","2006","North Dakota","38","15-19","All races/ethnicities","Female","18","73.2","24,592"
"Gonorrhea","2005","North Dakota","38","20-24","All races/ethnicities","Female","31","101.5","30,530"
"Gonorrhea","2005","North Dakota","38","15-19","All races/ethnicities","Female","19","76.8","24,743"
"Gonorrhea","2004","North Dakota","38","20-24","All races/ethnicities","Female","21","71.3","29,437"
"Gonorrhea","2004","North Dakota","38","15-19","All races/ethnicities","Female","20","78.4","25,496"
"Gonorrhea","2003","North Dakota","38","20-24","All races/ethnicities","Female","27","97.6","27,652"
"Gonorrhea","2003","North Dakota","38","15-19","All races/ethnicities","Female","18","70.8","25,413"
"Gonorrhea","2002","North Dakota","38","20-24","All races/ethnicities","Female","13","50.5","25,719"
"Gonorrhea","2002","North Dakota","38","15-19","All races/ethnicities","Female","18","68.9","26,106"
"Gonorrhea","2001","North Dakota","38","20-24","All races/ethnicities","Female","15","61.6","24,368"
"Gonorrhea","2001","North Dakota","38","15-19","All races/ethnicities","Female","10","37.6","26,594"
"Gonorrhea","2000","North Dakota","38","20-24","All races/ethnicities","Female","13","54.6","23,812"
"Gonorrhea","2000","North Dakota","38","15-19","All races/ethnicities","Female","13","50.3","25,856"
"Chlamydia","2019","North Dakota","38","20-24","All races/ethnicities","Female","970","3299.0","29,403"
"Chlamydia","2019","North Dakota","38","15-19","All races/ethnicities","Female","676","2967.0","22,784"
"Chlamydia","2018","North Dakota","38","20-24","All races/ethnicities","Female","939","3143.3","29,873"
"Chlamydia","2018","North Dakota","38","15-19","All races/ethnicities","Female","624","2753.0","22,666"
"Chlamydia","2017","North Dakota","38","20-24","All races/ethnicities","Female","869","2859.6","30,389"
"Chlamydia","2017","North Dakota","38","15-19","All races/ethnicities","Female","551","2434.9","22,629"
"Chlamydia","2016","North Dakota","38","20-24","All races/ethnicities","Female","916","2944.8","31,106"
"Chlamydia","2016","North Dakota","38","15-19","All races/ethnicities","Female","602","2637.6","22,824"
"Chlamydia","2015","North Dakota","38","20-24","All races/ethnicities","Female","880","2740.9","32,106"
"Chlamydia","2015","North Dakota","38","15-19","All races/ethnicities","Female","548","2364.6","23,175"
"Chlamydia","2014","North Dakota","38","20-24","All races/ethnicities","Female","965","3034.3","31,803"
"Chlamydia","2014","North Dakota","38","15-19","All races/ethnicities","Female","610","2637.5","23,128"
"Chlamydia","2013","North Dakota","38","20-24","All races/ethnicities","Female","848","2720.0","31,177"
"Chlamydia","2013","North Dakota","38","15-19","All races/ethnicities","Female","596","2583.0","23,074"
"Chlamydia","2012","North Dakota","38","20-24","All races/ethnicities","Female","802","2701.5","29,687"
"Chlamydia","2012","North Dakota","38","15-19","All races/ethnicities","Female","613","2698.7","22,715"
"Chlamydia","2011","North Dakota","38","20-24","All races/ethnicities","Female","724","2547.1","28,424"
"Chlamydia","2011","North Dakota","38","15-19","All races/ethnicities","Female","512","2246.8","22,788"
"Chlamydia","2010","North Dakota","38","20-24","All races/ethnicities","Female","753","2733.5","27,547"
"Chlamydia","2010","North Dakota","38","15-19","All races/ethnicities","Female","477","2088.5","22,839"
"Chlamydia","2009","North Dakota","38","20-24","All races/ethnicities","Female","587","1934.9","30,337"
"Chlamydia","2009","North Dakota","38","15-19","All races/ethnicities","Female","410","1749.3","23,438"
"Chlamydia","2008","North Dakota","38","20-24","All races/ethnicities","Female","576","1901.4","30,294"
"Chlamydia","2008","North Dakota","38","15-19","All races/ethnicities","Female","428","1802.8","23,741"
"Chlamydia","2007","North Dakota","38","20-24","All races/ethnicities","Female","541","1784.4","30,318"
"Chlamydia","2007","North Dakota","38","15-19","All races/ethnicities","Female","377","1571.4","23,992"
"Chlamydia","2006","North Dakota","38","20-24","All races/ethnicities","Female","571","1818.4","31,401"
"Chlamydia","2006","North Dakota","38","15-19","All races/ethnicities","Female","404","1642.8","24,592"
"Chlamydia","2005","North Dakota","38","20-24","All races/ethnicities","Female","498","1631.2","30,530"
"Chlamydia","2005","North Dakota","38","15-19","All races/ethnicities","Female","350","1414.5","24,743"
"Chlamydia","2004","North Dakota","38","20-24","All races/ethnicities","Female","551","1871.8","29,437"
"Chlamydia","2004","North Dakota","38","15-19","All races/ethnicities","Female","419","1643.4","25,496"
"Chlamydia","2003","North Dakota","38","20-24","All races/ethnicities","Female","484","1750.3","27,652"
"Chlamydia","2003","North Dakota","38","15-19","All races/ethnicities","Female","403","1585.8","25,413"
"Chlamydia","2002","North Dakota","38","20-24","All races/ethnicities","Female","375","1458.1","25,719"
"Chlamydia","2002","North Dakota","38","15-19","All races/ethnicities","Female","303","1160.7","26,106"
"Chlamydia","2001","North Dakota","38","20-24","All races/ethnicities","Female","291","1194.2","24,368"
"Chlamydia","2001","North Dakota","38","15-19","All races/ethnicities","Female","299","1124.3","26,594"
"Chlamydia","2000","North Dakota","38","20-24","All races/ethnicities","Female","288","1209.5","23,812"
"Chlamydia","2000","North Dakota","38","15-19","All races/ethnicities","Female","265","1024.9","25,856"
"Gonorrhea","2019","Ohio","39","20-24","All races/ethnicities","Female","3,891","1052.5","369,692"
"Gonorrhea","2019","Ohio","39","15-19","All races/ethnicities","Female","3,043","824.0","369,297"
"Gonorrhea","2018","Ohio","39","20-24","All races/ethnicities","Female","3,907","1048.7","372,555"
"Gonorrhea","2018","Ohio","39","15-19","All races/ethnicities","Female","3,073","827.6","371,335"
"Gonorrhea","2017","Ohio","39","20-24","All races/ethnicities","Female","3,915","1039.1","376,759"
"Gonorrhea","2017","Ohio","39","15-19","All races/ethnicities","Female","3,030","808.9","374,562"
"Gonorrhea","2016","Ohio","39","20-24","All races/ethnicities","Female","3,379","883.1","382,624"
"Gonorrhea","2016","Ohio","39","15-19","All races/ethnicities","Female","2,835","756.0","375,018"
"Gonorrhea","2015","Ohio","39","20-24","All races/ethnicities","Female","2,993","768.4","389,495"
"Gonorrhea","2015","Ohio","39","15-19","All races/ethnicities","Female","2,431","646.1","376,235"
"Gonorrhea","2014","Ohio","39","20-24","All races/ethnicities","Female","3,115","788.4","395,113"
"Gonorrhea","2014","Ohio","39","15-19","All races/ethnicities","Female","2,527","669.9","377,207"
"Gonorrhea","2013","Ohio","39","20-24","All races/ethnicities","Female","3,305","831.7","397,396"
"Gonorrhea","2013","Ohio","39","15-19","All races/ethnicities","Female","2,853","749.6","380,590"
"Gonorrhea","2012","Ohio","39","20-24","All races/ethnicities","Female","3,593","912.3","393,826"
"Gonorrhea","2012","Ohio","39","15-19","All races/ethnicities","Female","3,092","803.3","384,890"
"Gonorrhea","2011","Ohio","39","20-24","All races/ethnicities","Female","3,628","936.8","387,271"
"Gonorrhea","2011","Ohio","39","15-19","All races/ethnicities","Female","3,451","877.5","393,260"
"Gonorrhea","2010","Ohio","39","20-24","All races/ethnicities","Female","3,542","930.3","380,718"
"Gonorrhea","2010","Ohio","39","15-19","All races/ethnicities","Female","3,649","909.0","401,440"
"Gonorrhea","2009","Ohio","39","20-24","All races/ethnicities","Female","3,255","876.4","371,425"
"Gonorrhea","2009","Ohio","39","15-19","All races/ethnicities","Female","3,601","905.8","397,533"
"Gonorrhea","2008","Ohio","39","20-24","All races/ethnicities","Female","3,225","874.6","368,728"
"Gonorrhea","2008","Ohio","39","15-19","All races/ethnicities","Female","3,679","914.5","402,292"
"Gonorrhea","2007","Ohio","39","20-24","All races/ethnicities","Female","3,828","1035.5","369,671"
"Gonorrhea","2007","Ohio","39","15-19","All races/ethnicities","Female","4,277","1061.1","403,073"
"Gonorrhea","2006","Ohio","39","20-24","All races/ethnicities","Female","3,299","884.0","373,177"
"Gonorrhea","2006","Ohio","39","15-19","All races/ethnicities","Female","3,945","981.7","401,854"
"Gonorrhea","2005","Ohio","39","20-24","All races/ethnicities","Female","3,703","976.9","379,072"
"Gonorrhea","2005","Ohio","39","15-19","All races/ethnicities","Female","4,328","1083.2","399,543"
"Gonorrhea","2004","Ohio","39","20-24","All races/ethnicities","Female","3,557","924.2","384,873"
"Gonorrhea","2004","Ohio","39","15-19","All races/ethnicities","Female","4,148","1044.8","397,029"
"Gonorrhea","2003","Ohio","39","20-24","All races/ethnicities","Female","4,184","1073.7","389,688"
"Gonorrhea","2003","Ohio","39","15-19","All races/ethnicities","Female","4,565","1157.2","394,493"
"Gonorrhea","2002","Ohio","39","20-24","All races/ethnicities","Female","4,086","1055.8","387,001"
"Gonorrhea","2002","Ohio","39","15-19","All races/ethnicities","Female","4,385","1111.6","394,482"
"Gonorrhea","2001","Ohio","39","20-24","All races/ethnicities","Female","3,785","996.8","379,710"
"Gonorrhea","2001","Ohio","39","15-19","All races/ethnicities","Female","4,250","1071.8","396,527"
"Gonorrhea","2000","Ohio","39","20-24","All races/ethnicities","Female","3,323","902.9","368,023"
"Gonorrhea","2000","Ohio","39","15-19","All races/ethnicities","Female","3,925","978.7","401,061"
"Chlamydia","2019","Ohio","39","20-24","All races/ethnicities","Female","16,568","4481.6","369,692"
"Chlamydia","2019","Ohio","39","15-19","All races/ethnicities","Female","14,368","3890.6","369,297"
"Chlamydia","2018","Ohio","39","20-24","All races/ethnicities","Female","16,218","4353.2","372,555"
"Chlamydia","2018","Ohio","39","15-19","All races/ethnicities","Female","14,374","3870.9","371,335"
"Chlamydia","2017","Ohio","39","20-24","All races/ethnicities","Female","16,089","4270.4","376,759"
"Chlamydia","2017","Ohio","39","15-19","All races/ethnicities","Female","14,510","3873.9","374,562"
"Chlamydia","2016","Ohio","39","20-24","All races/ethnicities","Female","16,395","4284.9","382,624"
"Chlamydia","2016","Ohio","39","15-19","All races/ethnicities","Female","14,231","3794.8","375,018"
"Chlamydia","2015","Ohio","39","20-24","All races/ethnicities","Female","15,670","4023.2","389,495"
"Chlamydia","2015","Ohio","39","15-19","All races/ethnicities","Female","13,558","3603.6","376,235"
"Chlamydia","2014","Ohio","39","20-24","All races/ethnicities","Female","15,707","3975.3","395,113"
"Chlamydia","2014","Ohio","39","15-19","All races/ethnicities","Female","13,314","3529.6","377,207"
"Chlamydia","2013","Ohio","39","20-24","All races/ethnicities","Female","15,241","3835.2","397,396"
"Chlamydia","2013","Ohio","39","15-19","All races/ethnicities","Female","13,623","3579.4","380,590"
"Chlamydia","2012","Ohio","39","20-24","All races/ethnicities","Female","15,216","3863.6","393,826"
"Chlamydia","2012","Ohio","39","15-19","All races/ethnicities","Female","14,705","3820.6","384,890"
"Chlamydia","2011","Ohio","39","20-24","All races/ethnicities","Female","14,591","3767.6","387,271"
"Chlamydia","2011","Ohio","39","15-19","All races/ethnicities","Female","15,638","3976.5","393,260"
"Chlamydia","2010","Ohio","39","20-24","All races/ethnicities","Female","13,985","3673.3","380,718"
"Chlamydia","2010","Ohio","39","15-19","All races/ethnicities","Female","16,100","4010.6","401,440"
"Chlamydia","2009","Ohio","39","20-24","All races/ethnicities","Female","12,817","3450.8","371,425"
"Chlamydia","2009","Ohio","39","15-19","All races/ethnicities","Female","15,507","3900.8","397,533"
"Chlamydia","2008","Ohio","39","20-24","All races/ethnicities","Female","12,097","3280.7","368,728"
"Chlamydia","2008","Ohio","39","15-19","All races/ethnicities","Female","15,219","3783.1","402,292"
"Chlamydia","2007","Ohio","39","20-24","All races/ethnicities","Female","12,626","3415.5","369,671"
"Chlamydia","2007","Ohio","39","15-19","All races/ethnicities","Female","15,102","3746.7","403,073"
"Chlamydia","2006","Ohio","39","20-24","All races/ethnicities","Female","10,714","2871.0","373,177"
"Chlamydia","2006","Ohio","39","15-19","All races/ethnicities","Female","12,381","3081.0","401,854"
"Chlamydia","2005","Ohio","39","20-24","All races/ethnicities","Female","11,577","3054.0","379,072"
"Chlamydia","2005","Ohio","39","15-19","All races/ethnicities","Female","14,115","3532.8","399,543"
"Chlamydia","2004","Ohio","39","20-24","All races/ethnicities","Female","10,804","2807.2","384,873"
"Chlamydia","2004","Ohio","39","15-19","All races/ethnicities","Female","12,725","3205.1","397,029"
"Chlamydia","2003","Ohio","39","20-24","All races/ethnicities","Female","12,142","3115.8","389,688"
"Chlamydia","2003","Ohio","39","15-19","All races/ethnicities","Female","13,816","3502.2","394,493"
"Chlamydia","2002","Ohio","39","20-24","All races/ethnicities","Female","10,444","2698.7","387,001"
"Chlamydia","2002","Ohio","39","15-19","All races/ethnicities","Female","12,488","3165.7","394,482"
"Chlamydia","2001","Ohio","39","20-24","All races/ethnicities","Female","10,633","2800.3","379,710"
"Chlamydia","2001","Ohio","39","15-19","All races/ethnicities","Female","12,122","3057.0","396,527"
"Chlamydia","2000","Ohio","39","20-24","All races/ethnicities","Female","8,743","2375.7","368,023"
"Chlamydia","2000","Ohio","39","15-19","All races/ethnicities","Female","10,593","2641.2","401,061"
"Gonorrhea","2019","Oklahoma","40","20-24","All races/ethnicities","Female","1,507","1147.2","131,368"
"Gonorrhea","2019","Oklahoma","40","15-19","All races/ethnicities","Female","1,121","871.1","128,687"
"Gonorrhea","2018","Oklahoma","40","20-24","All races/ethnicities","Female","1,344","1026.6","130,919"
"Gonorrhea","2018","Oklahoma","40","15-19","All races/ethnicities","Female","961","749.7","128,186"
"Gonorrhea","2017","Oklahoma","40","20-24","All races/ethnicities","Female","1,351","1026.0","131,675"
"Gonorrhea","2017","Oklahoma","40","15-19","All races/ethnicities","Female","1,045","816.9","127,918"
"Gonorrhea","2016","Oklahoma","40","20-24","All races/ethnicities","Female","1,361","1011.2","134,593"
"Gonorrhea","2016","Oklahoma","40","15-19","All races/ethnicities","Female","930","728.6","127,636"
"Gonorrhea","2015","Oklahoma","40","20-24","All races/ethnicities","Female","1,301","939.2","138,519"
"Gonorrhea","2015","Oklahoma","40","15-19","All races/ethnicities","Female","894","706.8","126,486"
"Gonorrhea","2014","Oklahoma","40","20-24","All races/ethnicities","Female","1,263","898.8","140,526"
"Gonorrhea","2014","Oklahoma","40","15-19","All races/ethnicities","Female","881","707.4","124,533"
"Gonorrhea","2013","Oklahoma","40","20-24","All races/ethnicities","Female","1,116","791.1","141,063"
"Gonorrhea","2013","Oklahoma","40","15-19","All races/ethnicities","Female","775","626.4","123,720"
"Gonorrhea","2012","Oklahoma","40","20-24","All races/ethnicities","Female","986","707.1","139,439"
"Gonorrhea","2012","Oklahoma","40","15-19","All races/ethnicities","Female","786","635.8","123,631"
"Gonorrhea","2011","Oklahoma","40","20-24","All races/ethnicities","Female","969","713.0","135,907"
"Gonorrhea","2011","Oklahoma","40","15-19","All races/ethnicities","Female","725","577.8","125,467"
"Gonorrhea","2010","Oklahoma","40","20-24","All races/ethnicities","Female","910","688.2","132,220"
"Gonorrhea","2010","Oklahoma","40","15-19","All races/ethnicities","Female","856","667.8","128,184"
"Gonorrhea","2009","Oklahoma","40","20-24","All races/ethnicities","Female","1,026","766.8","133,796"
"Gonorrhea","2009","Oklahoma","40","15-19","All races/ethnicities","Female","973","786.4","123,735"
"Gonorrhea","2008","Oklahoma","40","20-24","All races/ethnicities","Female","1,082","811.8","133,286"
"Gonorrhea","2008","Oklahoma","40","15-19","All races/ethnicities","Female","1,067","859.9","124,091"
"Gonorrhea","2007","Oklahoma","40","20-24","All races/ethnicities","Female","1,002","748.7","133,835"
"Gonorrhea","2007","Oklahoma","40","15-19","All races/ethnicities","Female","845","680.0","124,271"
"Gonorrhea","2006","Oklahoma","40","20-24","All races/ethnicities","Female","1,059","782.8","135,278"
"Gonorrhea","2006","Oklahoma","40","15-19","All races/ethnicities","Female","936","754.7","124,022"
"Gonorrhea","2005","Oklahoma","40","20-24","All races/ethnicities","Female","1,050","777.4","135,071"
"Gonorrhea","2005","Oklahoma","40","15-19","All races/ethnicities","Female","1,105","895.9","123,338"
"Gonorrhea","2004","Oklahoma","40","20-24","All races/ethnicities","Female","912","674.6","135,201"
"Gonorrhea","2004","Oklahoma","40","15-19","All races/ethnicities","Female","911","737.6","123,511"
"Gonorrhea","2003","Oklahoma","40","20-24","All races/ethnicities","Female","879","655.6","134,082"
"Gonorrhea","2003","Oklahoma","40","15-19","All races/ethnicities","Female","1,048","838.5","124,982"
"Gonorrhea","2002","Oklahoma","40","20-24","All races/ethnicities","Female","952","731.4","130,157"
"Gonorrhea","2002","Oklahoma","40","15-19","All races/ethnicities","Female","964","762.1","126,489"
"Gonorrhea","2001","Oklahoma","40","20-24","All races/ethnicities","Female","943","752.1","125,382"
"Gonorrhea","2001","Oklahoma","40","15-19","All races/ethnicities","Female","1,037","804.3","128,932"
"Gonorrhea","2000","Oklahoma","40","20-24","All races/ethnicities","Female","874","727.4","120,149"
"Gonorrhea","2000","Oklahoma","40","15-19","All races/ethnicities","Female","983","754.0","130,364"
"Chlamydia","2019","Oklahoma","40","20-24","All races/ethnicities","Female","6,011","4575.7","131,368"
"Chlamydia","2019","Oklahoma","40","15-19","All races/ethnicities","Female","5,099","3962.3","128,687"
"Chlamydia","2018","Oklahoma","40","20-24","All races/ethnicities","Female","5,609","4284.3","130,919"
"Chlamydia","2018","Oklahoma","40","15-19","All races/ethnicities","Female","4,981","3885.8","128,186"
"Chlamydia","2017","Oklahoma","40","20-24","All races/ethnicities","Female","5,757","4372.1","131,675"
"Chlamydia","2017","Oklahoma","40","15-19","All races/ethnicities","Female","4,797","3750.1","127,918"
"Chlamydia","2016","Oklahoma","40","20-24","All races/ethnicities","Female","5,704","4238.0","134,593"
"Chlamydia","2016","Oklahoma","40","15-19","All races/ethnicities","Female","4,796","3757.6","127,636"
"Chlamydia","2015","Oklahoma","40","20-24","All races/ethnicities","Female","5,892","4253.6","138,519"
"Chlamydia","2015","Oklahoma","40","15-19","All races/ethnicities","Female","4,714","3726.9","126,486"
"Chlamydia","2014","Oklahoma","40","20-24","All races/ethnicities","Female","6,061","4313.1","140,526"
"Chlamydia","2014","Oklahoma","40","15-19","All races/ethnicities","Female","4,769","3829.5","124,533"
"Chlamydia","2013","Oklahoma","40","20-24","All races/ethnicities","Female","5,358","3798.3","141,063"
"Chlamydia","2013","Oklahoma","40","15-19","All races/ethnicities","Female","4,370","3532.2","123,720"
"Chlamydia","2012","Oklahoma","40","20-24","All races/ethnicities","Female","4,927","3533.4","139,439"
"Chlamydia","2012","Oklahoma","40","15-19","All races/ethnicities","Female","4,311","3487.0","123,631"
"Chlamydia","2011","Oklahoma","40","20-24","All races/ethnicities","Female","4,165","3064.6","135,907"
"Chlamydia","2011","Oklahoma","40","15-19","All races/ethnicities","Female","3,834","3055.8","125,467"
"Chlamydia","2010","Oklahoma","40","20-24","All races/ethnicities","Female","4,018","3038.9","132,220"
"Chlamydia","2010","Oklahoma","40","15-19","All races/ethnicities","Female","4,008","3126.8","128,184"
"Chlamydia","2009","Oklahoma","40","20-24","All races/ethnicities","Female","4,148","3100.2","133,796"
"Chlamydia","2009","Oklahoma","40","15-19","All races/ethnicities","Female","4,378","3538.2","123,735"
"Chlamydia","2008","Oklahoma","40","20-24","All races/ethnicities","Female","4,176","3133.1","133,286"
"Chlamydia","2008","Oklahoma","40","15-19","All races/ethnicities","Female","4,465","3598.2","124,091"
"Chlamydia","2007","Oklahoma","40","20-24","All races/ethnicities","Female","3,624","2707.8","133,835"
"Chlamydia","2007","Oklahoma","40","15-19","All races/ethnicities","Female","3,571","2873.6","124,271"
"Chlamydia","2006","Oklahoma","40","20-24","All races/ethnicities","Female","3,741","2765.4","135,278"
"Chlamydia","2006","Oklahoma","40","15-19","All races/ethnicities","Female","3,923","3163.1","124,022"
"Chlamydia","2005","Oklahoma","40","20-24","All races/ethnicities","Female","4,218","3122.8","135,071"
"Chlamydia","2005","Oklahoma","40","15-19","All races/ethnicities","Female","4,218","3419.9","123,338"
"Chlamydia","2004","Oklahoma","40","20-24","All races/ethnicities","Female","3,293","2435.6","135,201"
"Chlamydia","2004","Oklahoma","40","15-19","All races/ethnicities","Female","3,346","2709.1","123,511"
"Chlamydia","2003","Oklahoma","40","20-24","All races/ethnicities","Female","3,473","2590.2","134,082"
"Chlamydia","2003","Oklahoma","40","15-19","All races/ethnicities","Female","3,866","3093.2","124,982"
"Chlamydia","2002","Oklahoma","40","20-24","All races/ethnicities","Female","3,357","2579.2","130,157"
"Chlamydia","2002","Oklahoma","40","15-19","All races/ethnicities","Female","3,847","3041.4","126,489"
"Chlamydia","2001","Oklahoma","40","20-24","All races/ethnicities","Female","3,322","2649.5","125,382"
"Chlamydia","2001","Oklahoma","40","15-19","All races/ethnicities","Female","3,747","2906.2","128,932"
"Chlamydia","2000","Oklahoma","40","20-24","All races/ethnicities","Female","2,904","2417.0","120,149"
"Chlamydia","2000","Oklahoma","40","15-19","All races/ethnicities","Female","3,483","2671.7","130,364"
"Gonorrhea","2019","Oregon","41","20-24","All races/ethnicities","Female","595","458.6","129,753"
"Gonorrhea","2019","Oregon","41","15-19","All races/ethnicities","Female","316","263.5","119,931"
"Gonorrhea","2018","Oregon","41","20-24","All races/ethnicities","Female","563","433.7","129,817"
"Gonorrhea","2018","Oregon","41","15-19","All races/ethnicities","Female","359","299.3","119,961"
"Gonorrhea","2017","Oregon","41","20-24","All races/ethnicities","Female","442","340.8","129,680"
"Gonorrhea","2017","Oregon","41","15-19","All races/ethnicities","Female","319","265.7","120,079"
"Gonorrhea","2016","Oregon","41","20-24","All races/ethnicities","Female","394","302.4","130,298"
"Gonorrhea","2016","Oregon","41","15-19","All races/ethnicities","Female","232","192.8","120,307"
"Gonorrhea","2015","Oregon","41","20-24","All races/ethnicities","Female","312","239.1","130,494"
"Gonorrhea","2015","Oregon","41","15-19","All races/ethnicities","Female","182","152.7","119,200"
"Gonorrhea","2014","Oregon","41","20-24","All races/ethnicities","Female","227","172.4","131,703"
"Gonorrhea","2014","Oregon","41","15-19","All races/ethnicities","Female","118","99.3","118,829"
"Gonorrhea","2013","Oregon","41","20-24","All races/ethnicities","Female","183","139.3","131,330"
"Gonorrhea","2013","Oregon","41","15-19","All races/ethnicities","Female","94","79.2","118,750"
"Gonorrhea","2012","Oregon","41","20-24","All races/ethnicities","Female","162","123.7","130,992"
"Gonorrhea","2012","Oregon","41","15-19","All races/ethnicities","Female","120","99.9","120,122"
"Gonorrhea","2011","Oregon","41","20-24","All races/ethnicities","Female","219","169.7","129,014"
"Gonorrhea","2011","Oregon","41","15-19","All races/ethnicities","Female","161","132.6","121,433"
"Gonorrhea","2010","Oregon","41","20-24","All races/ethnicities","Female","159","126.8","125,364"
"Gonorrhea","2010","Oregon","41","15-19","All races/ethnicities","Female","139","112.6","123,453"
"Gonorrhea","2009","Oregon","41","20-24","All races/ethnicities","Female","169","132.3","127,748"
"Gonorrhea","2009","Oregon","41","15-19","All races/ethnicities","Female","159","130.3","122,071"
"Gonorrhea","2008","Oregon","41","20-24","All races/ethnicities","Female","172","135.5","126,922"
"Gonorrhea","2008","Oregon","41","15-19","All races/ethnicities","Female","162","131.6","123,095"
"Gonorrhea","2007","Oregon","41","20-24","All races/ethnicities","Female","181","144.1","125,633"
"Gonorrhea","2007","Oregon","41","15-19","All races/ethnicities","Female","161","130.3","123,533"
"Gonorrhea","2006","Oregon","41","20-24","All races/ethnicities","Female","189","151.5","124,712"
"Gonorrhea","2006","Oregon","41","15-19","All races/ethnicities","Female","147","120.9","121,565"
"Gonorrhea","2005","Oregon","41","20-24","All races/ethnicities","Female","209","168.2","124,281"
"Gonorrhea","2005","Oregon","41","15-19","All races/ethnicities","Female","197","163.7","120,337"
"Gonorrhea","2004","Oregon","41","20-24","All races/ethnicities","Female","197","158.5","124,252"
"Gonorrhea","2004","Oregon","41","15-19","All races/ethnicities","Female","140","117.4","119,299"
"Gonorrhea","2003","Oregon","41","20-24","All races/ethnicities","Female","133","107.0","124,320"
"Gonorrhea","2003","Oregon","41","15-19","All races/ethnicities","Female","99","83.0","119,214"
"Gonorrhea","2002","Oregon","41","20-24","All races/ethnicities","Female","125","102.3","122,137"
"Gonorrhea","2002","Oregon","41","15-19","All races/ethnicities","Female","102","85.6","119,170"
"Gonorrhea","2001","Oregon","41","20-24","All races/ethnicities","Female","123","104.5","117,712"
"Gonorrhea","2001","Oregon","41","15-19","All races/ethnicities","Female","190","159.5","119,089"
"Gonorrhea","2000","Oregon","41","20-24","All races/ethnicities","Female","161","142.2","113,246"
"Gonorrhea","2000","Oregon","41","15-19","All races/ethnicities","Female","210","176.0","119,326"
"Chlamydia","2019","Oregon","41","20-24","All races/ethnicities","Female","4,572","3523.6","129,753"
"Chlamydia","2019","Oregon","41","15-19","All races/ethnicities","Female","3,382","2820.0","119,931"
"Chlamydia","2018","Oregon","41","20-24","All races/ethnicities","Female","4,598","3541.9","129,817"
"Chlamydia","2018","Oregon","41","15-19","All races/ethnicities","Female","3,687","3073.5","119,961"
"Chlamydia","2017","Oregon","41","20-24","All races/ethnicities","Female","4,456","3436.2","129,680"
"Chlamydia","2017","Oregon","41","15-19","All races/ethnicities","Female","3,696","3078.0","120,079"
"Chlamydia","2016","Oregon","41","20-24","All races/ethnicities","Female","4,331","3323.9","130,298"
"Chlamydia","2016","Oregon","41","15-19","All races/ethnicities","Female","3,525","2930.0","120,307"
"Chlamydia","2015","Oregon","41","20-24","All races/ethnicities","Female","4,267","3269.9","130,494"
"Chlamydia","2015","Oregon","41","15-19","All races/ethnicities","Female","3,342","2803.7","119,200"
"Chlamydia","2014","Oregon","41","20-24","All races/ethnicities","Female","4,156","3155.6","131,703"
"Chlamydia","2014","Oregon","41","15-19","All races/ethnicities","Female","3,083","2594.5","118,829"
"Chlamydia","2013","Oregon","41","20-24","All races/ethnicities","Female","3,990","3038.1","131,330"
"Chlamydia","2013","Oregon","41","15-19","All races/ethnicities","Female","3,099","2609.7","118,750"
"Chlamydia","2012","Oregon","41","20-24","All races/ethnicities","Female","3,792","2894.8","130,992"
"Chlamydia","2012","Oregon","41","15-19","All races/ethnicities","Female","3,310","2755.5","120,122"
"Chlamydia","2011","Oregon","41","20-24","All races/ethnicities","Female","3,779","2929.1","129,014"
"Chlamydia","2011","Oregon","41","15-19","All races/ethnicities","Female","3,435","2828.7","121,433"
"Chlamydia","2010","Oregon","41","20-24","All races/ethnicities","Female","3,270","2608.4","125,364"
"Chlamydia","2010","Oregon","41","15-19","All races/ethnicities","Female","3,088","2501.4","123,453"
"Chlamydia","2009","Oregon","41","20-24","All races/ethnicities","Female","3,024","2367.2","127,748"
"Chlamydia","2009","Oregon","41","15-19","All races/ethnicities","Female","3,042","2492.0","122,071"
"Chlamydia","2008","Oregon","41","20-24","All races/ethnicities","Female","2,840","2237.6","126,922"
"Chlamydia","2008","Oregon","41","15-19","All races/ethnicities","Female","2,646","2149.6","123,095"
"Chlamydia","2007","Oregon","41","20-24","All races/ethnicities","Female","2,600","2069.5","125,633"
"Chlamydia","2007","Oregon","41","15-19","All races/ethnicities","Female","2,435","1971.1","123,533"
"Chlamydia","2006","Oregon","41","20-24","All races/ethnicities","Female","2,505","2008.6","124,712"
"Chlamydia","2006","Oregon","41","15-19","All races/ethnicities","Female","2,259","1858.3","121,565"
"Chlamydia","2005","Oregon","41","20-24","All races/ethnicities","Female","2,343","1885.2","124,281"
"Chlamydia","2005","Oregon","41","15-19","All races/ethnicities","Female","2,199","1827.4","120,337"
"Chlamydia","2004","Oregon","41","20-24","All races/ethnicities","Female","2,374","1910.6","124,252"
"Chlamydia","2004","Oregon","41","15-19","All races/ethnicities","Female","2,198","1842.4","119,299"
"Chlamydia","2003","Oregon","41","20-24","All races/ethnicities","Female","2,107","1694.8","124,320"
"Chlamydia","2003","Oregon","41","15-19","All races/ethnicities","Female","2,084","1748.1","119,214"
"Chlamydia","2002","Oregon","41","20-24","All races/ethnicities","Female","1,919","1571.2","122,137"
"Chlamydia","2002","Oregon","41","15-19","All races/ethnicities","Female","1,946","1633.0","119,170"
"Chlamydia","2001","Oregon","41","20-24","All races/ethnicities","Female","1,969","1672.7","117,712"
"Chlamydia","2001","Oregon","41","15-19","All races/ethnicities","Female","2,237","1878.4","119,089"
"Chlamydia","2000","Oregon","41","20-24","All races/ethnicities","Female","1,809","1597.4","113,246"
"Chlamydia","2000","Oregon","41","15-19","All races/ethnicities","Female","2,233","1871.3","119,326"
"Gonorrhea","2019","Pennsylvania","42","20-24","All races/ethnicities","Female","1,905","484.5","393,213"
"Gonorrhea","2019","Pennsylvania","42","15-19","All races/ethnicities","Female","1,541","390.3","394,792"
"Gonorrhea","2018","Pennsylvania","42","20-24","All races/ethnicities","Female","1,917","479.5","399,759"
"Gonorrhea","2018","Pennsylvania","42","15-19","All races/ethnicities","Female","1,448","364.8","396,885"
"Gonorrhea","2017","Pennsylvania","42","20-24","All races/ethnicities","Female","1,912","470.3","406,527"
"Gonorrhea","2017","Pennsylvania","42","15-19","All races/ethnicities","Female","1,503","376.8","398,904"
"Gonorrhea","2016","Pennsylvania","42","20-24","All races/ethnicities","Female","2,063","497.7","414,476"
"Gonorrhea","2016","Pennsylvania","42","15-19","All races/ethnicities","Female","1,621","402.4","402,788"
"Gonorrhea","2015","Pennsylvania","42","20-24","All races/ethnicities","Female","2,079","491.3","423,174"
"Gonorrhea","2015","Pennsylvania","42","15-19","All races/ethnicities","Female","1,707","420.3","406,145"
"Gonorrhea","2014","Pennsylvania","42","20-24","All races/ethnicities","Female","2,171","501.8","432,663"
"Gonorrhea","2014","Pennsylvania","42","15-19","All races/ethnicities","Female","1,933","471.6","409,872"
"Gonorrhea","2013","Pennsylvania","42","20-24","All races/ethnicities","Female","2,527","577.2","437,767"
"Gonorrhea","2013","Pennsylvania","42","15-19","All races/ethnicities","Female","2,387","573.0","416,585"
"Gonorrhea","2012","Pennsylvania","42","20-24","All races/ethnicities","Female","2,864","651.0","439,914"
"Gonorrhea","2012","Pennsylvania","42","15-19","All races/ethnicities","Female","2,879","677.6","424,859"
"Gonorrhea","2011","Pennsylvania","42","20-24","All races/ethnicities","Female","2,618","597.2","438,414"
"Gonorrhea","2011","Pennsylvania","42","15-19","All races/ethnicities","Female","2,863","660.9","433,215"
"Gonorrhea","2010","Pennsylvania","42","20-24","All races/ethnicities","Female","2,584","596.3","433,324"
"Gonorrhea","2010","Pennsylvania","42","15-19","All races/ethnicities","Female","2,639","598.7","440,801"
"Gonorrhea","2009","Pennsylvania","42","20-24","All races/ethnicities","Female","1,892","458.6","412,545"
"Gonorrhea","2009","Pennsylvania","42","15-19","All races/ethnicities","Female","2,087","476.6","437,910"
"Gonorrhea","2008","Pennsylvania","42","20-24","All races/ethnicities","Female","1,963","483.9","405,676"
"Gonorrhea","2008","Pennsylvania","42","15-19","All races/ethnicities","Female","2,267","512.7","442,193"
"Gonorrhea","2007","Pennsylvania","42","20-24","All races/ethnicities","Female","2,213","549.7","402,566"
"Gonorrhea","2007","Pennsylvania","42","15-19","All races/ethnicities","Female","2,436","549.4","443,381"
"Gonorrhea","2006","Pennsylvania","42","20-24","All races/ethnicities","Female","1,918","479.4","400,053"
"Gonorrhea","2006","Pennsylvania","42","15-19","All races/ethnicities","Female","2,211","500.2","441,997"
"Gonorrhea","2005","Pennsylvania","42","20-24","All races/ethnicities","Female","1,916","483.3","396,473"
"Gonorrhea","2005","Pennsylvania","42","15-19","All races/ethnicities","Female","2,298","524.9","437,810"
"Gonorrhea","2004","Pennsylvania","42","20-24","All races/ethnicities","Female","1,927","487.6","395,220"
"Gonorrhea","2004","Pennsylvania","42","15-19","All races/ethnicities","Female","2,260","523.9","431,346"
"Gonorrhea","2003","Pennsylvania","42","20-24","All races/ethnicities","Female","2,072","524.9","394,774"
"Gonorrhea","2003","Pennsylvania","42","15-19","All races/ethnicities","Female","2,406","564.4","426,278"
"Gonorrhea","2002","Pennsylvania","42","20-24","All races/ethnicities","Female","2,198","562.8","390,558"
"Gonorrhea","2002","Pennsylvania","42","15-19","All races/ethnicities","Female","2,811","665.1","422,660"
"Gonorrhea","2001","Pennsylvania","42","20-24","All races/ethnicities","Female","2,457","640.1","383,868"
"Gonorrhea","2001","Pennsylvania","42","15-19","All races/ethnicities","Female","3,066","731.3","419,254"
"Gonorrhea","2000","Pennsylvania","42","20-24","All races/ethnicities","Female","2,253","599.7","375,693"
"Gonorrhea","2000","Pennsylvania","42","15-19","All races/ethnicities","Female","2,930","702.1","417,345"
"Chlamydia","2019","Pennsylvania","42","20-24","All races/ethnicities","Female","14,766","3755.2","393,213"
"Chlamydia","2019","Pennsylvania","42","15-19","All races/ethnicities","Female","12,539","3176.1","394,792"
"Chlamydia","2018","Pennsylvania","42","20-24","All races/ethnicities","Female","14,862","3717.7","399,759"
"Chlamydia","2018","Pennsylvania","42","15-19","All races/ethnicities","Female","12,131","3056.6","396,885"
"Chlamydia","2017","Pennsylvania","42","20-24","All races/ethnicities","Female","14,034","3452.2","406,527"
"Chlamydia","2017","Pennsylvania","42","15-19","All races/ethnicities","Female","11,660","2923.0","398,904"
"Chlamydia","2016","Pennsylvania","42","20-24","All races/ethnicities","Female","14,423","3479.8","414,476"
"Chlamydia","2016","Pennsylvania","42","15-19","All races/ethnicities","Female","11,996","2978.2","402,788"
"Chlamydia","2015","Pennsylvania","42","20-24","All races/ethnicities","Female","14,038","3317.3","423,174"
"Chlamydia","2015","Pennsylvania","42","15-19","All races/ethnicities","Female","11,133","2741.1","406,145"
"Chlamydia","2014","Pennsylvania","42","20-24","All races/ethnicities","Female","13,558","3133.6","432,663"
"Chlamydia","2014","Pennsylvania","42","15-19","All races/ethnicities","Female","11,543","2816.2","409,872"
"Chlamydia","2013","Pennsylvania","42","20-24","All races/ethnicities","Female","13,839","3161.3","437,767"
"Chlamydia","2013","Pennsylvania","42","15-19","All races/ethnicities","Female","13,018","3124.9","416,585"
"Chlamydia","2012","Pennsylvania","42","20-24","All races/ethnicities","Female","14,300","3250.6","439,914"
"Chlamydia","2012","Pennsylvania","42","15-19","All races/ethnicities","Female","14,291","3363.7","424,859"
"Chlamydia","2011","Pennsylvania","42","20-24","All races/ethnicities","Female","13,651","3113.7","438,414"
"Chlamydia","2011","Pennsylvania","42","15-19","All races/ethnicities","Female","14,743","3403.2","433,215"
"Chlamydia","2010","Pennsylvania","42","20-24","All races/ethnicities","Female","12,091","2790.3","433,324"
"Chlamydia","2010","Pennsylvania","42","15-19","All races/ethnicities","Female","13,922","3158.3","440,801"
"Chlamydia","2009","Pennsylvania","42","20-24","All races/ethnicities","Female","10,556","2558.8","412,545"
"Chlamydia","2009","Pennsylvania","42","15-19","All races/ethnicities","Female","12,979","2963.9","437,910"
"Chlamydia","2008","Pennsylvania","42","20-24","All races/ethnicities","Female","10,486","2584.8","405,676"
"Chlamydia","2008","Pennsylvania","42","15-19","All races/ethnicities","Female","12,912","2920.0","442,193"
"Chlamydia","2007","Pennsylvania","42","20-24","All races/ethnicities","Female","10,547","2619.9","402,566"
"Chlamydia","2007","Pennsylvania","42","15-19","All races/ethnicities","Female","12,816","2890.5","443,381"
"Chlamydia","2006","Pennsylvania","42","20-24","All races/ethnicities","Female","9,788","2446.7","400,053"
"Chlamydia","2006","Pennsylvania","42","15-19","All races/ethnicities","Female","12,033","2722.4","441,997"
"Chlamydia","2005","Pennsylvania","42","20-24","All races/ethnicities","Female","9,144","2306.3","396,473"
"Chlamydia","2005","Pennsylvania","42","15-19","All races/ethnicities","Female","11,517","2630.6","437,810"
"Chlamydia","2004","Pennsylvania","42","20-24","All races/ethnicities","Female","9,283","2348.8","395,220"
"Chlamydia","2004","Pennsylvania","42","15-19","All races/ethnicities","Female","11,744","2722.6","431,346"
"Chlamydia","2003","Pennsylvania","42","20-24","All races/ethnicities","Female","9,024","2285.9","394,774"
"Chlamydia","2003","Pennsylvania","42","15-19","All races/ethnicities","Female","11,760","2758.8","426,278"
"Chlamydia","2002","Pennsylvania","42","20-24","All races/ethnicities","Female","7,987","2045.0","390,558"
"Chlamydia","2002","Pennsylvania","42","15-19","All races/ethnicities","Female","9,804","2319.6","422,660"
"Chlamydia","2001","Pennsylvania","42","20-24","All races/ethnicities","Female","7,507","1955.6","383,868"
"Chlamydia","2001","Pennsylvania","42","15-19","All races/ethnicities","Female","9,800","2337.5","419,254"
"Chlamydia","2000","Pennsylvania","42","20-24","All races/ethnicities","Female","7,239","1926.8","375,693"
"Chlamydia","2000","Pennsylvania","42","15-19","All races/ethnicities","Female","9,324","2234.1","417,345"
"Gonorrhea","2019","Rhode Island","44","20-24","All races/ethnicities","Female","172","458.7","37,494"
"Gonorrhea","2019","Rhode Island","44","15-19","All races/ethnicities","Female","88","246.1","35,762"
"Gonorrhea","2018","Rhode Island","44","20-24","All races/ethnicities","Female","138","362.8","38,039"
"Gonorrhea","2018","Rhode Island","44","15-19","All races/ethnicities","Female","100","277.8","35,994"
"Gonorrhea","2017","Rhode Island","44","20-24","All races/ethnicities","Female","114","294.6","38,698"
"Gonorrhea","2017","Rhode Island","44","15-19","All races/ethnicities","Female","102","281.8","36,197"
"Gonorrhea","2016","Rhode Island","44","20-24","All races/ethnicities","Female","81","206.5","39,232"
"Gonorrhea","2016","Rhode Island","44","15-19","All races/ethnicities","Female","32","87.6","36,536"
"Gonorrhea","2015","Rhode Island","44","20-24","All races/ethnicities","Female","66","165.4","39,905"
"Gonorrhea","2015","Rhode Island","44","15-19","All races/ethnicities","Female","33","89.3","36,943"
"Gonorrhea","2014","Rhode Island","44","20-24","All races/ethnicities","Female","73","180.3","40,493"
"Gonorrhea","2014","Rhode Island","44","15-19","All races/ethnicities","Female","39","104.5","37,326"
"Gonorrhea","2013","Rhode Island","44","20-24","All races/ethnicities","Female","76","184.4","41,219"
"Gonorrhea","2013","Rhode Island","44","15-19","All races/ethnicities","Female","45","119.6","37,610"
"Gonorrhea","2012","Rhode Island","44","20-24","All races/ethnicities","Female","78","187.1","41,699"
"Gonorrhea","2012","Rhode Island","44","15-19","All races/ethnicities","Female","74","192.6","38,422"
"Gonorrhea","2011","Rhode Island","44","20-24","All races/ethnicities","Female","67","160.8","41,657"
"Gonorrhea","2011","Rhode Island","44","15-19","All races/ethnicities","Female","58","149.0","38,928"
"Gonorrhea","2010","Rhode Island","44","20-24","All races/ethnicities","Female","38","92.3","41,175"
"Gonorrhea","2010","Rhode Island","44","15-19","All races/ethnicities","Female","40","100.5","39,786"
"Gonorrhea","2009","Rhode Island","44","20-24","All races/ethnicities","Female","61","161.1","37,859"
"Gonorrhea","2009","Rhode Island","44","15-19","All races/ethnicities","Female","45","110.2","40,843"
"Gonorrhea","2008","Rhode Island","44","20-24","All races/ethnicities","Female","47","126.4","37,176"
"Gonorrhea","2008","Rhode Island","44","15-19","All races/ethnicities","Female","44","108.6","40,523"
"Gonorrhea","2007","Rhode Island","44","20-24","All races/ethnicities","Female","62","165.3","37,504"
"Gonorrhea","2007","Rhode Island","44","15-19","All races/ethnicities","Female","48","117.9","40,729"
"Gonorrhea","2006","Rhode Island","44","20-24","All races/ethnicities","Female","79","214.0","36,913"
"Gonorrhea","2006","Rhode Island","44","15-19","All races/ethnicities","Female","100","247.0","40,492"
"Gonorrhea","2005","Rhode Island","44","20-24","All races/ethnicities","Female","85","227.2","37,418"
"Gonorrhea","2005","Rhode Island","44","15-19","All races/ethnicities","Female","73","182.4","40,017"
"Gonorrhea","2004","Rhode Island","44","20-24","All races/ethnicities","Female","159","424.6","37,447"
"Gonorrhea","2004","Rhode Island","44","15-19","All races/ethnicities","Female","147","371.7","39,548"
"Gonorrhea","2003","Rhode Island","44","20-24","All races/ethnicities","Female","151","396.7","38,067"
"Gonorrhea","2003","Rhode Island","44","15-19","All races/ethnicities","Female","196","507.9","38,593"
"Gonorrhea","2002","Rhode Island","44","20-24","All races/ethnicities","Female","151","394.6","38,270"
"Gonorrhea","2002","Rhode Island","44","15-19","All races/ethnicities","Female","172","450.3","38,200"
"Gonorrhea","2001","Rhode Island","44","20-24","All races/ethnicities","Female","163","432.1","37,721"
"Gonorrhea","2001","Rhode Island","44","15-19","All races/ethnicities","Female","183","490.3","37,325"
"Gonorrhea","2000","Rhode Island","44","20-24","All races/ethnicities","Female","140","383.1","36,540"
"Gonorrhea","2000","Rhode Island","44","15-19","All races/ethnicities","Female","156","418.0","37,320"
"Chlamydia","2019","Rhode Island","44","20-24","All races/ethnicities","Female","1,479","3944.6","37,494"
"Chlamydia","2019","Rhode Island","44","15-19","All races/ethnicities","Female","1,083","3028.4","35,762"
"Chlamydia","2018","Rhode Island","44","20-24","All races/ethnicities","Female","1,447","3804.0","38,039"
"Chlamydia","2018","Rhode Island","44","15-19","All races/ethnicities","Female","1,067","2964.4","35,994"
"Chlamydia","2017","Rhode Island","44","20-24","All races/ethnicities","Female","1,443","3728.9","38,698"
"Chlamydia","2017","Rhode Island","44","15-19","All races/ethnicities","Female","1,130","3121.8","36,197"
"Chlamydia","2016","Rhode Island","44","20-24","All races/ethnicities","Female","1,350","3441.1","39,232"
"Chlamydia","2016","Rhode Island","44","15-19","All races/ethnicities","Female","977","2674.1","36,536"
"Chlamydia","2015","Rhode Island","44","20-24","All races/ethnicities","Female","1,319","3305.4","39,905"
"Chlamydia","2015","Rhode Island","44","15-19","All races/ethnicities","Female","801","2168.2","36,943"
"Chlamydia","2014","Rhode Island","44","20-24","All races/ethnicities","Female","1,288","3180.8","40,493"
"Chlamydia","2014","Rhode Island","44","15-19","All races/ethnicities","Female","904","2421.9","37,326"
"Chlamydia","2013","Rhode Island","44","20-24","All races/ethnicities","Female","1,256","3047.1","41,219"
"Chlamydia","2013","Rhode Island","44","15-19","All races/ethnicities","Female","944","2510.0","37,610"
"Chlamydia","2012","Rhode Island","44","20-24","All races/ethnicities","Female","1,254","3007.3","41,699"
"Chlamydia","2012","Rhode Island","44","15-19","All races/ethnicities","Female","1,119","2912.4","38,422"
"Chlamydia","2011","Rhode Island","44","20-24","All races/ethnicities","Female","1,246","2991.1","41,657"
"Chlamydia","2011","Rhode Island","44","15-19","All races/ethnicities","Female","1,062","2728.1","38,928"
"Chlamydia","2010","Rhode Island","44","20-24","All races/ethnicities","Female","970","2355.8","41,175"
"Chlamydia","2010","Rhode Island","44","15-19","All races/ethnicities","Female","907","2279.7","39,786"
"Chlamydia","2009","Rhode Island","44","20-24","All races/ethnicities","Female","1,044","2757.6","37,859"
"Chlamydia","2009","Rhode Island","44","15-19","All races/ethnicities","Female","962","2355.4","40,843"
"Chlamydia","2008","Rhode Island","44","20-24","All races/ethnicities","Female","894","2404.8","37,176"
"Chlamydia","2008","Rhode Island","44","15-19","All races/ethnicities","Female","881","2174.1","40,523"
"Chlamydia","2007","Rhode Island","44","20-24","All races/ethnicities","Female","832","2218.4","37,504"
"Chlamydia","2007","Rhode Island","44","15-19","All races/ethnicities","Female","829","2035.4","40,729"
"Chlamydia","2006","Rhode Island","44","20-24","All races/ethnicities","Female","847","2294.6","36,913"
"Chlamydia","2006","Rhode Island","44","15-19","All races/ethnicities","Female","809","1997.9","40,492"
"Chlamydia","2005","Rhode Island","44","20-24","All races/ethnicities","Female","902","2410.6","37,418"
"Chlamydia","2005","Rhode Island","44","15-19","All races/ethnicities","Female","873","2181.6","40,017"
"Chlamydia","2004","Rhode Island","44","20-24","All races/ethnicities","Female","983","2625.0","37,447"
"Chlamydia","2004","Rhode Island","44","15-19","All races/ethnicities","Female","876","2215.0","39,548"
"Chlamydia","2003","Rhode Island","44","20-24","All races/ethnicities","Female","857","2251.3","38,067"
"Chlamydia","2003","Rhode Island","44","15-19","All races/ethnicities","Female","796","2062.6","38,593"
"Chlamydia","2002","Rhode Island","44","20-24","All races/ethnicities","Female","793","2072.1","38,270"
"Chlamydia","2002","Rhode Island","44","15-19","All races/ethnicities","Female","729","1908.4","38,200"
"Chlamydia","2001","Rhode Island","44","20-24","All races/ethnicities","Female","831","2203.0","37,721"
"Chlamydia","2001","Rhode Island","44","15-19","All races/ethnicities","Female","771","2065.6","37,325"
"Chlamydia","2000","Rhode Island","44","20-24","All races/ethnicities","Female","722","1975.9","36,540"
"Chlamydia","2000","Rhode Island","44","15-19","All races/ethnicities","Female","771","2065.9","37,320"
"Gonorrhea","2019","South Carolina","45","20-24","All races/ethnicities","Female","2,070","1291.4","160,292"
"Gonorrhea","2019","South Carolina","45","15-19","All races/ethnicities","Female","1,785","1124.0","158,802"
"Gonorrhea","2018","South Carolina","45","20-24","All races/ethnicities","Female","2,352","1466.2","160,414"
"Gonorrhea","2018","South Carolina","45","15-19","All races/ethnicities","Female","1,872","1183.7","158,142"
"Gonorrhea","2017","South Carolina","45","20-24","All races/ethnicities","Female","2,225","1374.7","161,856"
"Gonorrhea","2017","South Carolina","45","15-19","All races/ethnicities","Female","1,733","1101.0","157,401"
"Gonorrhea","2016","South Carolina","45","20-24","All races/ethnicities","Female","1,738","1058.2","164,246"
"Gonorrhea","2016","South Carolina","45","15-19","All races/ethnicities","Female","1,249","801.7","155,790"
"Gonorrhea","2015","South Carolina","45","20-24","All races/ethnicities","Female","1,664","989.8","168,120"
"Gonorrhea","2015","South Carolina","45","15-19","All races/ethnicities","Female","1,093","712.0","153,521"
"Gonorrhea","2014","South Carolina","45","20-24","All races/ethnicities","Female","1,785","1037.3","172,078"
"Gonorrhea","2014","South Carolina","45","15-19","All races/ethnicities","Female","1,245","825.6","150,795"
"Gonorrhea","2013","South Carolina","45","20-24","All races/ethnicities","Female","1,699","978.9","173,560"
"Gonorrhea","2013","South Carolina","45","15-19","All races/ethnicities","Female","1,088","723.6","150,367"
"Gonorrhea","2012","South Carolina","45","20-24","All races/ethnicities","Female","1,762","1018.5","173,005"
"Gonorrhea","2012","South Carolina","45","15-19","All races/ethnicities","Female","1,406","924.9","152,019"
"Gonorrhea","2011","South Carolina","45","20-24","All races/ethnicities","Female","1,913","1125.7","169,935"
"Gonorrhea","2011","South Carolina","45","15-19","All races/ethnicities","Female","1,786","1153.5","154,839"
"Gonorrhea","2010","South Carolina","45","20-24","All races/ethnicities","Female","1,851","1120.5","165,187"
"Gonorrhea","2010","South Carolina","45","15-19","All races/ethnicities","Female","1,823","1142.4","159,577"
"Gonorrhea","2009","South Carolina","45","20-24","All races/ethnicities","Female","1,831","1212.1","151,066"
"Gonorrhea","2009","South Carolina","45","15-19","All races/ethnicities","Female","1,942","1249.9","155,375"
"Gonorrhea","2008","South Carolina","45","20-24","All races/ethnicities","Female","2,015","1356.0","148,596"
"Gonorrhea","2008","South Carolina","45","15-19","All races/ethnicities","Female","2,196","1404.9","156,314"
"Gonorrhea","2007","South Carolina","45","20-24","All races/ethnicities","Female","1,922","1312.1","146,488"
"Gonorrhea","2007","South Carolina","45","15-19","All races/ethnicities","Female","1,979","1277.7","154,892"
"Gonorrhea","2006","South Carolina","45","20-24","All races/ethnicities","Female","1,848","1277.9","144,617"
"Gonorrhea","2006","South Carolina","45","15-19","All races/ethnicities","Female","1,964","1287.6","152,526"
"Gonorrhea","2005","South Carolina","45","20-24","All races/ethnicities","Female","1,627","1114.8","145,945"
"Gonorrhea","2005","South Carolina","45","15-19","All races/ethnicities","Female","1,636","1089.5","150,167"
"Gonorrhea","2004","South Carolina","45","20-24","All races/ethnicities","Female","1,783","1210.4","147,305"
"Gonorrhea","2004","South Carolina","45","15-19","All races/ethnicities","Female","1,788","1214.2","147,255"
"Gonorrhea","2003","South Carolina","45","20-24","All races/ethnicities","Female","1,528","1039.5","146,996"
"Gonorrhea","2003","South Carolina","45","15-19","All races/ethnicities","Female","1,624","1124.1","144,472"
"Gonorrhea","2002","South Carolina","45","20-24","All races/ethnicities","Female","1,528","1043.7","146,400"
"Gonorrhea","2002","South Carolina","45","15-19","All races/ethnicities","Female","1,536","1074.3","142,982"
"Gonorrhea","2001","South Carolina","45","20-24","All races/ethnicities","Female","1,731","1197.9","144,504"
"Gonorrhea","2001","South Carolina","45","15-19","All races/ethnicities","Female","1,857","1294.9","143,408"
"Gonorrhea","2000","South Carolina","45","20-24","All races/ethnicities","Female","1,359","974.2","139,492"
"Gonorrhea","2000","South Carolina","45","15-19","All races/ethnicities","Female","1,480","1021.2","144,924"
"Chlamydia","2019","South Carolina","45","20-24","All races/ethnicities","Female","8,690","5421.4","160,292"
"Chlamydia","2019","South Carolina","45","15-19","All races/ethnicities","Female","8,021","5050.9","158,802"
"Chlamydia","2018","South Carolina","45","20-24","All races/ethnicities","Female","8,400","5236.5","160,414"
"Chlamydia","2018","South Carolina","45","15-19","All races/ethnicities","Female","7,691","4863.4","158,142"
"Chlamydia","2017","South Carolina","45","20-24","All races/ethnicities","Female","8,517","5262.1","161,856"
"Chlamydia","2017","South Carolina","45","15-19","All races/ethnicities","Female","7,334","4659.4","157,401"
"Chlamydia","2016","South Carolina","45","20-24","All races/ethnicities","Female","7,582","4616.2","164,246"
"Chlamydia","2016","South Carolina","45","15-19","All races/ethnicities","Female","6,446","4137.6","155,790"
"Chlamydia","2015","South Carolina","45","20-24","All races/ethnicities","Female","7,857","4673.4","168,120"
"Chlamydia","2015","South Carolina","45","15-19","All races/ethnicities","Female","6,178","4024.2","153,521"
"Chlamydia","2014","South Carolina","45","20-24","All races/ethnicities","Female","8,492","4935.0","172,078"
"Chlamydia","2014","South Carolina","45","15-19","All races/ethnicities","Female","6,502","4311.8","150,795"
"Chlamydia","2013","South Carolina","45","20-24","All races/ethnicities","Female","8,015","4618.0","173,560"
"Chlamydia","2013","South Carolina","45","15-19","All races/ethnicities","Female","6,228","4141.9","150,367"
"Chlamydia","2012","South Carolina","45","20-24","All races/ethnicities","Female","8,338","4819.5","173,005"
"Chlamydia","2012","South Carolina","45","15-19","All races/ethnicities","Female","7,305","4805.3","152,019"
"Chlamydia","2011","South Carolina","45","20-24","All races/ethnicities","Female","8,741","5143.7","169,935"
"Chlamydia","2011","South Carolina","45","15-19","All races/ethnicities","Female","8,440","5450.8","154,839"
"Chlamydia","2010","South Carolina","45","20-24","All races/ethnicities","Female","7,864","4760.7","165,187"
"Chlamydia","2010","South Carolina","45","15-19","All races/ethnicities","Female","8,185","5129.2","159,577"
"Chlamydia","2009","South Carolina","45","20-24","All races/ethnicities","Female","7,544","4993.8","151,066"
"Chlamydia","2009","South Carolina","45","15-19","All races/ethnicities","Female","8,866","5706.2","155,375"
"Chlamydia","2008","South Carolina","45","20-24","All races/ethnicities","Female","7,307","4917.4","148,596"
"Chlamydia","2008","South Carolina","45","15-19","All races/ethnicities","Female","8,328","5327.7","156,314"
"Chlamydia","2007","South Carolina","45","20-24","All races/ethnicities","Female","7,717","5268.0","146,488"
"Chlamydia","2007","South Carolina","45","15-19","All races/ethnicities","Female","8,249","5325.6","154,892"
"Chlamydia","2006","South Carolina","45","20-24","All races/ethnicities","Female","7,157","4948.9","144,617"
"Chlamydia","2006","South Carolina","45","15-19","All races/ethnicities","Female","7,416","4862.1","152,526"
"Chlamydia","2005","South Carolina","45","20-24","All races/ethnicities","Female","6,019","4124.2","145,945"
"Chlamydia","2005","South Carolina","45","15-19","All races/ethnicities","Female","6,058","4034.2","150,167"
"Chlamydia","2004","South Carolina","45","20-24","All races/ethnicities","Female","6,099","4140.4","147,305"
"Chlamydia","2004","South Carolina","45","15-19","All races/ethnicities","Female","6,144","4172.4","147,255"
"Chlamydia","2003","South Carolina","45","20-24","All races/ethnicities","Female","4,818","3277.6","146,996"
"Chlamydia","2003","South Carolina","45","15-19","All races/ethnicities","Female","5,130","3550.9","144,472"
"Chlamydia","2002","South Carolina","45","20-24","All races/ethnicities","Female","4,802","3280.1","146,400"
"Chlamydia","2002","South Carolina","45","15-19","All races/ethnicities","Female","4,984","3485.8","142,982"
"Chlamydia","2001","South Carolina","45","20-24","All races/ethnicities","Female","5,127","3548.0","144,504"
"Chlamydia","2001","South Carolina","45","15-19","All races/ethnicities","Female","5,354","3733.4","143,408"
"Chlamydia","2000","South Carolina","45","20-24","All races/ethnicities","Female","3,215","2304.8","139,492"
"Chlamydia","2000","South Carolina","45","15-19","All races/ethnicities","Female","3,528","2434.4","144,924"
"Gonorrhea","2019","South Dakota","46","20-24","All races/ethnicities","Female","323","1139.1","28,355"
"Gonorrhea","2019","South Dakota","46","15-19","All races/ethnicities","Female","183","654.6","27,955"
"Gonorrhea","2018","South Dakota","46","20-24","All races/ethnicities","Female","303","1057.4","28,655"
"Gonorrhea","2018","South Dakota","46","15-19","All races/ethnicities","Female","170","613.9","27,691"
"Gonorrhea","2017","South Dakota","46","20-24","All races/ethnicities","Female","223","769.9","28,966"
"Gonorrhea","2017","South Dakota","46","15-19","All races/ethnicities","Female","154","559.1","27,546"
"Gonorrhea","2016","South Dakota","46","20-24","All races/ethnicities","Female","234","803.5","29,123"
"Gonorrhea","2016","South Dakota","46","15-19","All races/ethnicities","Female","153","559.4","27,350"
"Gonorrhea","2015","South Dakota","46","20-24","All races/ethnicities","Female","200","688.3","29,056"
"Gonorrhea","2015","South Dakota","46","15-19","All races/ethnicities","Female","122","449.4","27,147"
"Gonorrhea","2014","South Dakota","46","20-24","All races/ethnicities","Female","184","634.2","29,011"
"Gonorrhea","2014","South Dakota","46","15-19","All races/ethnicities","Female","116","422.7","27,443"
"Gonorrhea","2013","South Dakota","46","20-24","All races/ethnicities","Female","167","576.1","28,986"
"Gonorrhea","2013","South Dakota","46","15-19","All races/ethnicities","Female","106","386.0","27,458"
"Gonorrhea","2012","South Dakota","46","20-24","All races/ethnicities","Female","144","502.5","28,659"
"Gonorrhea","2012","South Dakota","46","15-19","All races/ethnicities","Female","119","429.2","27,727"
"Gonorrhea","2011","South Dakota","46","20-24","All races/ethnicities","Female","128","455.7","28,089"
"Gonorrhea","2011","South Dakota","46","15-19","All races/ethnicities","Female","96","343.0","27,987"
"Gonorrhea","2010","South Dakota","46","20-24","All races/ethnicities","Female","125","447.7","27,918"
"Gonorrhea","2010","South Dakota","46","15-19","All races/ethnicities","Female","64","228.3","28,036"
"Gonorrhea","2009","South Dakota","46","20-24","All races/ethnicities","Female","76","252.8","30,060"
"Gonorrhea","2009","South Dakota","46","15-19","All races/ethnicities","Female","49","174.4","28,089"
"Gonorrhea","2008","South Dakota","46","20-24","All races/ethnicities","Female","74","246.4","30,032"
"Gonorrhea","2008","South Dakota","46","15-19","All races/ethnicities","Female","78","274.1","28,458"
"Gonorrhea","2007","South Dakota","46","20-24","All races/ethnicities","Female","60","199.9","30,012"
"Gonorrhea","2007","South Dakota","46","15-19","All races/ethnicities","Female","46","159.5","28,849"
"Gonorrhea","2006","South Dakota","46","20-24","All races/ethnicities","Female","79","259.6","30,436"
"Gonorrhea","2006","South Dakota","46","15-19","All races/ethnicities","Female","78","269.2","28,977"
"Gonorrhea","2005","South Dakota","46","20-24","All races/ethnicities","Female","59","196.3","30,063"
"Gonorrhea","2005","South Dakota","46","15-19","All races/ethnicities","Female","82","279.4","29,349"
"Gonorrhea","2004","South Dakota","46","20-24","All races/ethnicities","Female","68","228.6","29,744"
"Gonorrhea","2004","South Dakota","46","15-19","All races/ethnicities","Female","66","222.4","29,670"
"Gonorrhea","2003","South Dakota","46","20-24","All races/ethnicities","Female","52","182.1","28,558"
"Gonorrhea","2003","South Dakota","46","15-19","All races/ethnicities","Female","42","139.9","30,032"
"Gonorrhea","2002","South Dakota","46","20-24","All races/ethnicities","Female","50","181.5","27,541"
"Gonorrhea","2002","South Dakota","46","15-19","All races/ethnicities","Female","57","188.2","30,285"
"Gonorrhea","2001","South Dakota","46","20-24","All races/ethnicities","Female","62","233.6","26,546"
"Gonorrhea","2001","South Dakota","46","15-19","All races/ethnicities","Female","70","228.6","30,625"
"Gonorrhea","2000","South Dakota","46","20-24","All races/ethnicities","Female","55","212.4","25,897"
"Gonorrhea","2000","South Dakota","46","15-19","All races/ethnicities","Female","58","191.2","30,342"
"Chlamydia","2019","South Dakota","46","20-24","All races/ethnicities","Female","1,088","3837.1","28,355"
"Chlamydia","2019","South Dakota","46","15-19","All races/ethnicities","Female","926","3312.5","27,955"
"Chlamydia","2018","South Dakota","46","20-24","All races/ethnicities","Female","1,119","3905.1","28,655"
"Chlamydia","2018","South Dakota","46","15-19","All races/ethnicities","Female","844","3047.9","27,691"
"Chlamydia","2017","South Dakota","46","20-24","All races/ethnicities","Female","1,159","4001.2","28,966"
"Chlamydia","2017","South Dakota","46","15-19","All races/ethnicities","Female","868","3151.1","27,546"
"Chlamydia","2016","South Dakota","46","20-24","All races/ethnicities","Female","1,120","3845.8","29,123"
"Chlamydia","2016","South Dakota","46","15-19","All races/ethnicities","Female","951","3477.1","27,350"
"Chlamydia","2015","South Dakota","46","20-24","All races/ethnicities","Female","1,109","3816.8","29,056"
"Chlamydia","2015","South Dakota","46","15-19","All races/ethnicities","Female","808","2976.4","27,147"
"Chlamydia","2014","South Dakota","46","20-24","All races/ethnicities","Female","1,140","3929.5","29,011"
"Chlamydia","2014","South Dakota","46","15-19","All races/ethnicities","Female","883","3217.6","27,443"
"Chlamydia","2013","South Dakota","46","20-24","All races/ethnicities","Female","1,098","3788.0","28,986"
"Chlamydia","2013","South Dakota","46","15-19","All races/ethnicities","Female","877","3194.0","27,458"
"Chlamydia","2012","South Dakota","46","20-24","All races/ethnicities","Female","1,100","3838.2","28,659"
"Chlamydia","2012","South Dakota","46","15-19","All races/ethnicities","Female","957","3451.5","27,727"
"Chlamydia","2011","South Dakota","46","20-24","All races/ethnicities","Female","994","3538.8","28,089"
"Chlamydia","2011","South Dakota","46","15-19","All races/ethnicities","Female","836","2987.1","27,987"
"Chlamydia","2010","South Dakota","46","20-24","All races/ethnicities","Female","949","3399.2","27,918"
"Chlamydia","2010","South Dakota","46","15-19","All races/ethnicities","Female","774","2760.7","28,036"
"Chlamydia","2009","South Dakota","46","20-24","All races/ethnicities","Female","928","3087.2","30,060"
"Chlamydia","2009","South Dakota","46","15-19","All races/ethnicities","Female","693","2467.2","28,089"
"Chlamydia","2008","South Dakota","46","20-24","All races/ethnicities","Female","831","2767.0","30,032"
"Chlamydia","2008","South Dakota","46","15-19","All races/ethnicities","Female","803","2821.7","28,458"
"Chlamydia","2007","South Dakota","46","20-24","All races/ethnicities","Female","759","2529.0","30,012"
"Chlamydia","2007","South Dakota","46","15-19","All races/ethnicities","Female","663","2298.2","28,849"
"Chlamydia","2006","South Dakota","46","20-24","All races/ethnicities","Female","704","2313.1","30,436"
"Chlamydia","2006","South Dakota","46","15-19","All races/ethnicities","Female","754","2602.1","28,977"
"Chlamydia","2005","South Dakota","46","20-24","All races/ethnicities","Female","704","2341.7","30,063"
"Chlamydia","2005","South Dakota","46","15-19","All races/ethnicities","Female","753","2565.7","29,349"
"Chlamydia","2004","South Dakota","46","20-24","All races/ethnicities","Female","695","2336.6","29,744"
"Chlamydia","2004","South Dakota","46","15-19","All races/ethnicities","Female","728","2453.7","29,670"
"Chlamydia","2003","South Dakota","46","20-24","All races/ethnicities","Female","638","2234.1","28,558"
"Chlamydia","2003","South Dakota","46","15-19","All races/ethnicities","Female","814","2710.4","30,032"
"Chlamydia","2002","South Dakota","46","20-24","All races/ethnicities","Female","608","2207.6","27,541"
"Chlamydia","2002","South Dakota","46","15-19","All races/ethnicities","Female","661","2182.6","30,285"
"Chlamydia","2001","South Dakota","46","20-24","All races/ethnicities","Female","492","1853.4","26,546"
"Chlamydia","2001","South Dakota","46","15-19","All races/ethnicities","Female","563","1838.4","30,625"
"Chlamydia","2000","South Dakota","46","20-24","All races/ethnicities","Female","482","1861.2","25,897"
"Chlamydia","2000","South Dakota","46","15-19","All races/ethnicities","Female","563","1855.5","30,342"
"Gonorrhea","2019","Tennessee","47","20-24","All races/ethnicities","Female","2,529","1150.4","219,838"
"Gonorrhea","2019","Tennessee","47","15-19","All races/ethnicities","Female","1,894","911.4","207,809"
"Gonorrhea","2018","Tennessee","47","20-24","All races/ethnicities","Female","2,262","1026.9","220,280"
"Gonorrhea","2018","Tennessee","47","15-19","All races/ethnicities","Female","1,689","811.8","208,050"
"Gonorrhea","2017","Tennessee","47","20-24","All races/ethnicities","Female","1,980","898.0","220,496"
"Gonorrhea","2017","Tennessee","47","15-19","All races/ethnicities","Female","1,519","732.6","207,355"
"Gonorrhea","2016","Tennessee","47","20-24","All races/ethnicities","Female","1,652","741.5","222,780"
"Gonorrhea","2016","Tennessee","47","15-19","All races/ethnicities","Female","1,307","633.5","206,319"
"Gonorrhea","2015","Tennessee","47","20-24","All races/ethnicities","Female","1,417","624.2","226,994"
"Gonorrhea","2015","Tennessee","47","15-19","All races/ethnicities","Female","1,033","504.4","204,804"
"Gonorrhea","2014","Tennessee","47","20-24","All races/ethnicities","Female","1,325","577.5","229,418"
"Gonorrhea","2014","Tennessee","47","15-19","All races/ethnicities","Female","999","490.7","203,580"
"Gonorrhea","2013","Tennessee","47","20-24","All races/ethnicities","Female","1,365","595.1","229,358"
"Gonorrhea","2013","Tennessee","47","15-19","All races/ethnicities","Female","1,168","572.1","204,172"
"Gonorrhea","2012","Tennessee","47","20-24","All races/ethnicities","Female","1,752","771.2","227,177"
"Gonorrhea","2012","Tennessee","47","15-19","All races/ethnicities","Female","1,619","786.9","205,734"
"Gonorrhea","2011","Tennessee","47","20-24","All races/ethnicities","Female","1,559","706.0","220,834"
"Gonorrhea","2011","Tennessee","47","15-19","All races/ethnicities","Female","1,539","738.3","208,450"
"Gonorrhea","2010","Tennessee","47","20-24","All races/ethnicities","Female","1,344","626.0","214,701"
"Gonorrhea","2010","Tennessee","47","15-19","All races/ethnicities","Female","1,483","696.7","212,872"
"Gonorrhea","2009","Tennessee","47","20-24","All races/ethnicities","Female","1,551","754.1","205,672"
"Gonorrhea","2009","Tennessee","47","15-19","All races/ethnicities","Female","1,615","784.2","205,934"
"Gonorrhea","2008","Tennessee","47","20-24","All races/ethnicities","Female","1,612","793.9","203,049"
"Gonorrhea","2008","Tennessee","47","15-19","All races/ethnicities","Female","1,823","881.9","206,724"
"Gonorrhea","2007","Tennessee","47","20-24","All races/ethnicities","Female","1,653","817.6","202,186"
"Gonorrhea","2007","Tennessee","47","15-19","All races/ethnicities","Female","2,013","981.2","205,153"
"Gonorrhea","2006","Tennessee","47","20-24","All races/ethnicities","Female","1,648","820.5","200,848"
"Gonorrhea","2006","Tennessee","47","15-19","All races/ethnicities","Female","1,878","927.0","202,597"
"Gonorrhea","2005","Tennessee","47","20-24","All races/ethnicities","Female","1,377","675.6","203,808"
"Gonorrhea","2005","Tennessee","47","15-19","All races/ethnicities","Female","1,619","813.9","198,926"
"Gonorrhea","2004","Tennessee","47","20-24","All races/ethnicities","Female","1,370","669.9","204,508"
"Gonorrhea","2004","Tennessee","47","15-19","All races/ethnicities","Female","1,555","797.6","194,967"
"Gonorrhea","2003","Tennessee","47","20-24","All races/ethnicities","Female","1,374","667.3","205,895"
"Gonorrhea","2003","Tennessee","47","15-19","All races/ethnicities","Female","1,582","827.5","191,169"
"Gonorrhea","2002","Tennessee","47","20-24","All races/ethnicities","Female","1,539","750.8","204,973"
"Gonorrhea","2002","Tennessee","47","15-19","All races/ethnicities","Female","1,684","888.1","189,619"
"Gonorrhea","2001","Tennessee","47","20-24","All races/ethnicities","Female","1,606","796.5","201,644"
"Gonorrhea","2001","Tennessee","47","15-19","All races/ethnicities","Female","1,761","924.4","190,503"
"Gonorrhea","2000","Tennessee","47","20-24","All races/ethnicities","Female","1,726","892.9","193,298"
"Gonorrhea","2000","Tennessee","47","15-19","All races/ethnicities","Female","2,056","1065.1","193,030"
"Chlamydia","2019","Tennessee","47","20-24","All races/ethnicities","Female","10,135","4610.2","219,838"
"Chlamydia","2019","Tennessee","47","15-19","All races/ethnicities","Female","8,739","4205.3","207,809"
"Chlamydia","2018","Tennessee","47","20-24","All races/ethnicities","Female","9,622","4368.1","220,280"
"Chlamydia","2018","Tennessee","47","15-19","All races/ethnicities","Female","8,093","3889.9","208,050"
"Chlamydia","2017","Tennessee","47","20-24","All races/ethnicities","Female","9,054","4106.2","220,496"
"Chlamydia","2017","Tennessee","47","15-19","All races/ethnicities","Female","7,737","3731.3","207,355"
"Chlamydia","2016","Tennessee","47","20-24","All races/ethnicities","Female","8,637","3876.9","222,780"
"Chlamydia","2016","Tennessee","47","15-19","All races/ethnicities","Female","7,144","3462.6","206,319"
"Chlamydia","2015","Tennessee","47","20-24","All races/ethnicities","Female","8,558","3770.1","226,994"
"Chlamydia","2015","Tennessee","47","15-19","All races/ethnicities","Female","6,748","3294.9","204,804"
"Chlamydia","2014","Tennessee","47","20-24","All races/ethnicities","Female","8,481","3696.7","229,418"
"Chlamydia","2014","Tennessee","47","15-19","All races/ethnicities","Female","7,066","3470.9","203,580"
"Chlamydia","2013","Tennessee","47","20-24","All races/ethnicities","Female","8,512","3711.2","229,358"
"Chlamydia","2013","Tennessee","47","15-19","All races/ethnicities","Female","7,293","3572.0","204,172"
"Chlamydia","2012","Tennessee","47","20-24","All races/ethnicities","Female","8,976","3951.1","227,177"
"Chlamydia","2012","Tennessee","47","15-19","All races/ethnicities","Female","8,421","4093.1","205,734"
"Chlamydia","2011","Tennessee","47","20-24","All races/ethnicities","Female","8,560","3876.2","220,834"
"Chlamydia","2011","Tennessee","47","15-19","All races/ethnicities","Female","8,610","4130.5","208,450"
"Chlamydia","2010","Tennessee","47","20-24","All races/ethnicities","Female","7,686","3579.9","214,701"
"Chlamydia","2010","Tennessee","47","15-19","All races/ethnicities","Female","8,294","3896.2","212,872"
"Chlamydia","2009","Tennessee","47","20-24","All races/ethnicities","Female","7,812","3798.3","205,672"
"Chlamydia","2009","Tennessee","47","15-19","All races/ethnicities","Female","8,815","4280.5","205,934"
"Chlamydia","2008","Tennessee","47","20-24","All races/ethnicities","Female","7,257","3574.0","203,049"
"Chlamydia","2008","Tennessee","47","15-19","All races/ethnicities","Female","8,435","4080.3","206,724"
"Chlamydia","2007","Tennessee","47","20-24","All races/ethnicities","Female","6,660","3294.0","202,186"
"Chlamydia","2007","Tennessee","47","15-19","All races/ethnicities","Female","8,153","3974.1","205,153"
"Chlamydia","2006","Tennessee","47","20-24","All races/ethnicities","Female","6,437","3204.9","200,848"
"Chlamydia","2006","Tennessee","47","15-19","All races/ethnicities","Female","7,315","3610.6","202,597"
"Chlamydia","2005","Tennessee","47","20-24","All races/ethnicities","Female","5,815","2853.2","203,808"
"Chlamydia","2005","Tennessee","47","15-19","All races/ethnicities","Female","6,711","3373.6","198,926"
"Chlamydia","2004","Tennessee","47","20-24","All races/ethnicities","Female","5,757","2815.0","204,508"
"Chlamydia","2004","Tennessee","47","15-19","All races/ethnicities","Female","6,595","3382.6","194,967"
"Chlamydia","2003","Tennessee","47","20-24","All races/ethnicities","Female","5,215","2532.8","205,895"
"Chlamydia","2003","Tennessee","47","15-19","All races/ethnicities","Female","6,018","3148.0","191,169"
"Chlamydia","2002","Tennessee","47","20-24","All races/ethnicities","Female","4,538","2214.0","204,973"
"Chlamydia","2002","Tennessee","47","15-19","All races/ethnicities","Female","5,344","2818.3","189,619"
"Chlamydia","2001","Tennessee","47","20-24","All races/ethnicities","Female","4,257","2111.1","201,644"
"Chlamydia","2001","Tennessee","47","15-19","All races/ethnicities","Female","5,308","2786.3","190,503"
"Chlamydia","2000","Tennessee","47","20-24","All races/ethnicities","Female","4,049","2094.7","193,298"
"Chlamydia","2000","Tennessee","47","15-19","All races/ethnicities","Female","5,141","2663.3","193,030"
"Gonorrhea","2019","Texas","48","20-24","All races/ethnicities","Female","6,050","622.2","972,342"
"Gonorrhea","2019","Texas","48","15-19","All races/ethnicities","Female","4,815","479.2","1,004,804"
"Gonorrhea","2018","Texas","48","20-24","All races/ethnicities","Female","6,584","681.7","965,785"
"Gonorrhea","2018","Texas","48","15-19","All races/ethnicities","Female","5,620","565.8","993,212"
"Gonorrhea","2017","Texas","48","20-24","All races/ethnicities","Female","7,003","726.2","964,350"
"Gonorrhea","2017","Texas","48","15-19","All races/ethnicities","Female","5,829","594.4","980,625"
"Gonorrhea","2016","Texas","48","20-24","All races/ethnicities","Female","6,375","658.4","968,225"
"Gonorrhea","2016","Texas","48","15-19","All races/ethnicities","Female","5,321","549.6","968,184"
"Gonorrhea","2015","Texas","48","20-24","All races/ethnicities","Female","6,237","641.4","972,381"
"Gonorrhea","2015","Texas","48","15-19","All races/ethnicities","Female","5,247","551.6","951,153"
"Gonorrhea","2014","Texas","48","20-24","All races/ethnicities","Female","6,210","641.0","968,836"
"Gonorrhea","2014","Texas","48","15-19","All races/ethnicities","Female","5,064","542.7","933,145"
"Gonorrhea","2013","Texas","48","20-24","All races/ethnicities","Female","6,331","663.9","953,622"
"Gonorrhea","2013","Texas","48","15-19","All races/ethnicities","Female","5,444","590.9","921,343"
"Gonorrhea","2012","Texas","48","20-24","All races/ethnicities","Female","6,200","661.1","937,836"
"Gonorrhea","2012","Texas","48","15-19","All races/ethnicities","Female","5,929","648.3","914,521"
"Gonorrhea","2011","Texas","48","20-24","All races/ethnicities","Female","5,935","649.9","913,260"
"Gonorrhea","2011","Texas","48","15-19","All races/ethnicities","Female","5,958","652.9","912,553"
"Gonorrhea","2010","Texas","48","20-24","All races/ethnicities","Female","6,240","700.9","890,241"
"Gonorrhea","2010","Texas","48","15-19","All races/ethnicities","Female","6,371","696.9","914,179"
"Gonorrhea","2009","Texas","48","20-24","All races/ethnicities","Female","5,588","646.0","864,956"
"Gonorrhea","2009","Texas","48","15-19","All races/ethnicities","Female","6,062","698.9","867,383"
"Gonorrhea","2008","Texas","48","20-24","All races/ethnicities","Female","5,716","669.3","853,972"
"Gonorrhea","2008","Texas","48","15-19","All races/ethnicities","Female","6,243","727.3","858,390"
"Gonorrhea","2007","Texas","48","20-24","All races/ethnicities","Female","5,418","639.3","847,496"
"Gonorrhea","2007","Texas","48","15-19","All races/ethnicities","Female","5,984","705.2","848,519"
"Gonorrhea","2006","Texas","48","20-24","All races/ethnicities","Female","5,378","635.8","845,842"
"Gonorrhea","2006","Texas","48","15-19","All races/ethnicities","Female","5,664","676.9","836,805"
"Gonorrhea","2005","Texas","48","20-24","All races/ethnicities","Female","4,737","564.2","839,629"
"Gonorrhea","2005","Texas","48","15-19","All races/ethnicities","Female","4,947","602.1","821,602"
"Gonorrhea","2004","Texas","48","20-24","All races/ethnicities","Female","4,136","494.3","836,771"
"Gonorrhea","2004","Texas","48","15-19","All races/ethnicities","Female","4,613","568.1","812,060"
"Gonorrhea","2003","Texas","48","20-24","All races/ethnicities","Female","4,361","527.4","826,964"
"Gonorrhea","2003","Texas","48","15-19","All races/ethnicities","Female","4,781","594.2","804,561"
"Gonorrhea","2002","Texas","48","20-24","All races/ethnicities","Female","4,790","594.0","806,387"
"Gonorrhea","2002","Texas","48","15-19","All races/ethnicities","Female","5,360","670.1","799,929"
"Gonorrhea","2001","Texas","48","20-24","All races/ethnicities","Female","5,281","676.5","780,631"
"Gonorrhea","2001","Texas","48","15-19","All races/ethnicities","Female","6,161","774.6","795,388"
"Gonorrhea","2000","Texas","48","20-24","All races/ethnicities","Female","5,501","732.7","750,742"
"Gonorrhea","2000","Texas","48","15-19","All races/ethnicities","Female","6,838","864.0","791,421"
"Chlamydia","2019","Texas","48","20-24","All races/ethnicities","Female","32,576","3350.3","972,342"
"Chlamydia","2019","Texas","48","15-19","All races/ethnicities","Female","26,155","2603.0","1,004,804"
"Chlamydia","2018","Texas","48","20-24","All races/ethnicities","Female","38,395","3975.5","965,785"
"Chlamydia","2018","Texas","48","15-19","All races/ethnicities","Female","30,590","3079.9","993,212"
"Chlamydia","2017","Texas","48","20-24","All races/ethnicities","Female","40,422","4191.6","964,350"
"Chlamydia","2017","Texas","48","15-19","All races/ethnicities","Female","32,125","3276.0","980,625"
"Chlamydia","2016","Texas","48","20-24","All races/ethnicities","Female","39,009","4028.9","968,225"
"Chlamydia","2016","Texas","48","15-19","All races/ethnicities","Female","30,604","3161.0","968,184"
"Chlamydia","2015","Texas","48","20-24","All races/ethnicities","Female","40,022","4115.9","972,381"
"Chlamydia","2015","Texas","48","15-19","All races/ethnicities","Female","30,088","3163.3","951,153"
"Chlamydia","2014","Texas","48","20-24","All races/ethnicities","Female","38,634","3987.7","968,836"
"Chlamydia","2014","Texas","48","15-19","All races/ethnicities","Female","28,928","3100.1","933,145"
"Chlamydia","2013","Texas","48","20-24","All races/ethnicities","Female","38,189","4004.6","953,622"
"Chlamydia","2013","Texas","48","15-19","All races/ethnicities","Female","30,533","3314.0","921,343"
"Chlamydia","2012","Texas","48","20-24","All races/ethnicities","Female","37,331","3980.5","937,836"
"Chlamydia","2012","Texas","48","15-19","All races/ethnicities","Female","32,231","3524.4","914,521"
"Chlamydia","2011","Texas","48","20-24","All races/ethnicities","Female","36,222","3966.2","913,260"
"Chlamydia","2011","Texas","48","15-19","All races/ethnicities","Female","33,666","3689.2","912,553"
"Chlamydia","2010","Texas","48","20-24","All races/ethnicities","Female","34,788","3907.7","890,241"
"Chlamydia","2010","Texas","48","15-19","All races/ethnicities","Female","33,641","3679.9","914,179"
"Chlamydia","2009","Texas","48","20-24","All races/ethnicities","Female","30,229","3494.9","864,956"
"Chlamydia","2009","Texas","48","15-19","All races/ethnicities","Female","30,999","3573.9","867,383"
"Chlamydia","2008","Texas","48","20-24","All races/ethnicities","Female","28,570","3345.5","853,972"
"Chlamydia","2008","Texas","48","15-19","All races/ethnicities","Female","29,587","3446.8","858,390"
"Chlamydia","2007","Texas","48","20-24","All races/ethnicities","Female","25,506","3009.6","847,496"
"Chlamydia","2007","Texas","48","15-19","All races/ethnicities","Female","25,252","2976.0","848,519"
"Chlamydia","2006","Texas","48","20-24","All races/ethnicities","Female","22,621","2674.4","845,842"
"Chlamydia","2006","Texas","48","15-19","All races/ethnicities","Female","22,631","2704.5","836,805"
"Chlamydia","2005","Texas","48","20-24","All races/ethnicities","Female","22,119","2634.4","839,629"
"Chlamydia","2005","Texas","48","15-19","All races/ethnicities","Female","22,108","2690.8","821,602"
"Chlamydia","2004","Texas","48","20-24","All races/ethnicities","Female","21,415","2559.2","836,771"
"Chlamydia","2004","Texas","48","15-19","All races/ethnicities","Female","21,985","2707.3","812,060"
"Chlamydia","2003","Texas","48","20-24","All races/ethnicities","Female","21,534","2604.0","826,964"
"Chlamydia","2003","Texas","48","15-19","All races/ethnicities","Female","22,166","2755.0","804,561"
"Chlamydia","2002","Texas","48","20-24","All races/ethnicities","Female","21,202","2629.3","806,387"
"Chlamydia","2002","Texas","48","15-19","All races/ethnicities","Female","22,615","2827.1","799,929"
"Chlamydia","2001","Texas","48","20-24","All races/ethnicities","Female","20,897","2676.9","780,631"
"Chlamydia","2001","Texas","48","15-19","All races/ethnicities","Female","23,178","2914.0","795,388"
"Chlamydia","2000","Texas","48","20-24","All races/ethnicities","Female","19,872","2647.0","750,742"
"Chlamydia","2000","Texas","48","15-19","All races/ethnicities","Female","23,505","2970.0","791,421"
"Gonorrhea","2019","Utah","49","20-24","All races/ethnicities","Female","294","228.2","128,846"
"Gonorrhea","2019","Utah","49","15-19","All races/ethnicities","Female","150","120.4","124,535"
"Gonorrhea","2018","Utah","49","20-24","All races/ethnicities","Female","228","180.7","126,177"
"Gonorrhea","2018","Utah","49","15-19","All races/ethnicities","Female","188","154.4","121,760"
"Gonorrhea","2017","Utah","49","20-24","All races/ethnicities","Female","210","169.2","124,080"
"Gonorrhea","2017","Utah","49","15-19","All races/ethnicities","Female","154","129.4","119,032"
"Gonorrhea","2016","Utah","49","20-24","All races/ethnicities","Female","179","146.0","122,561"
"Gonorrhea","2016","Utah","49","15-19","All races/ethnicities","Female","125","107.6","116,161"
"Gonorrhea","2015","Utah","49","20-24","All races/ethnicities","Female","144","117.4","122,606"
"Gonorrhea","2015","Utah","49","15-19","All races/ethnicities","Female","72","63.7","112,965"
"Gonorrhea","2014","Utah","49","20-24","All races/ethnicities","Female","166","135.2","122,795"
"Gonorrhea","2014","Utah","49","15-19","All races/ethnicities","Female","88","79.9","110,104"
"Gonorrhea","2013","Utah","49","20-24","All races/ethnicities","Female","115","94.3","122,003"
"Gonorrhea","2013","Utah","49","15-19","All races/ethnicities","Female","50","46.1","108,559"
"Gonorrhea","2012","Utah","49","20-24","All races/ethnicities","Female","43","35.8","120,106"
"Gonorrhea","2012","Utah","49","15-19","All races/ethnicities","Female","16","15.0","106,865"
"Gonorrhea","2011","Utah","49","20-24","All races/ethnicities","Female","20","17.1","116,965"
"Gonorrhea","2011","Utah","49","15-19","All races/ethnicities","Female","16","15.0","107,006"
"Gonorrhea","2010","Utah","49","20-24","All races/ethnicities","Female","25","22.0","113,628"
"Gonorrhea","2010","Utah","49","15-19","All races/ethnicities","Female","24","22.1","108,843"
"Gonorrhea","2009","Utah","49","20-24","All races/ethnicities","Female","25","20.7","120,839"
"Gonorrhea","2009","Utah","49","15-19","All races/ethnicities","Female","21","19.6","107,350"
"Gonorrhea","2008","Utah","49","20-24","All races/ethnicities","Female","44","36.5","120,541"
"Gonorrhea","2008","Utah","49","15-19","All races/ethnicities","Female","34","31.7","107,125"
"Gonorrhea","2007","Utah","49","20-24","All races/ethnicities","Female","96","79.4","120,850"
"Gonorrhea","2007","Utah","49","15-19","All races/ethnicities","Female","109","102.5","106,366"
"Gonorrhea","2006","Utah","49","20-24","All races/ethnicities","Female","132","108.2","122,042"
"Gonorrhea","2006","Utah","49","15-19","All races/ethnicities","Female","103","98.4","104,698"
"Gonorrhea","2005","Utah","49","20-24","All races/ethnicities","Female","113","92.0","122,888"
"Gonorrhea","2005","Utah","49","15-19","All races/ethnicities","Female","94","90.3","104,097"
"Gonorrhea","2004","Utah","49","20-24","All races/ethnicities","Female","104","84.1","123,694"
"Gonorrhea","2004","Utah","49","15-19","All races/ethnicities","Female","81","78.3","103,415"
"Gonorrhea","2003","Utah","49","20-24","All races/ethnicities","Female","54","43.7","123,452"
"Gonorrhea","2003","Utah","49","15-19","All races/ethnicities","Female","44","42.4","103,792"
"Gonorrhea","2002","Utah","49","20-24","All races/ethnicities","Female","59","48.1","122,686"
"Gonorrhea","2002","Utah","49","15-19","All races/ethnicities","Female","41","38.7","105,874"
"Gonorrhea","2001","Utah","49","20-24","All races/ethnicities","Female","40","33.6","119,144"
"Gonorrhea","2001","Utah","49","15-19","All races/ethnicities","Female","22","20.5","107,475"
"Gonorrhea","2000","Utah","49","20-24","All races/ethnicities","Female","31","27.2","113,880"
"Gonorrhea","2000","Utah","49","15-19","All races/ethnicities","Female","36","33.0","108,987"
"Chlamydia","2019","Utah","49","20-24","All races/ethnicities","Female","2,640","2049.0","128,846"
"Chlamydia","2019","Utah","49","15-19","All races/ethnicities","Female","2,051","1646.9","124,535"
"Chlamydia","2018","Utah","49","20-24","All races/ethnicities","Female","2,548","2019.4","126,177"
"Chlamydia","2018","Utah","49","15-19","All races/ethnicities","Female","2,093","1719.0","121,760"
"Chlamydia","2017","Utah","49","20-24","All races/ethnicities","Female","2,500","2014.8","124,080"
"Chlamydia","2017","Utah","49","15-19","All races/ethnicities","Female","2,018","1695.3","119,032"
"Chlamydia","2016","Utah","49","20-24","All races/ethnicities","Female","2,245","1831.7","122,561"
"Chlamydia","2016","Utah","49","15-19","All races/ethnicities","Female","1,898","1633.9","116,161"
"Chlamydia","2015","Utah","49","20-24","All races/ethnicities","Female","2,084","1699.8","122,606"
"Chlamydia","2015","Utah","49","15-19","All races/ethnicities","Female","1,822","1612.9","112,965"
"Chlamydia","2014","Utah","49","20-24","All races/ethnicities","Female","2,086","1698.8","122,795"
"Chlamydia","2014","Utah","49","15-19","All races/ethnicities","Female","1,687","1532.2","110,104"
"Chlamydia","2013","Utah","49","20-24","All races/ethnicities","Female","1,901","1558.2","122,003"
"Chlamydia","2013","Utah","49","15-19","All races/ethnicities","Female","1,664","1532.8","108,559"
"Chlamydia","2012","Utah","49","20-24","All races/ethnicities","Female","1,993","1659.4","120,106"
"Chlamydia","2012","Utah","49","15-19","All races/ethnicities","Female","1,744","1632.0","106,865"
"Chlamydia","2011","Utah","49","20-24","All races/ethnicities","Female","1,871","1599.6","116,965"
"Chlamydia","2011","Utah","49","15-19","All races/ethnicities","Female","1,617","1511.1","107,006"
"Chlamydia","2010","Utah","49","20-24","All races/ethnicities","Female","1,657","1458.3","113,628"
"Chlamydia","2010","Utah","49","15-19","All races/ethnicities","Female","1,546","1420.4","108,843"
"Chlamydia","2009","Utah","49","20-24","All races/ethnicities","Female","1,452","1201.6","120,839"
"Chlamydia","2009","Utah","49","15-19","All races/ethnicities","Female","1,451","1351.7","107,350"
"Chlamydia","2008","Utah","49","20-24","All races/ethnicities","Female","1,456","1207.9","120,541"
"Chlamydia","2008","Utah","49","15-19","All races/ethnicities","Female","1,406","1312.5","107,125"
"Chlamydia","2007","Utah","49","20-24","All races/ethnicities","Female","1,398","1156.8","120,850"
"Chlamydia","2007","Utah","49","15-19","All races/ethnicities","Female","1,396","1312.4","106,366"
"Chlamydia","2006","Utah","49","20-24","All races/ethnicities","Female","1,309","1072.6","122,042"
"Chlamydia","2006","Utah","49","15-19","All races/ethnicities","Female","1,196","1142.3","104,698"
"Chlamydia","2005","Utah","49","20-24","All races/ethnicities","Female","1,216","989.5","122,888"
"Chlamydia","2005","Utah","49","15-19","All races/ethnicities","Female","1,069","1026.9","104,097"
"Chlamydia","2004","Utah","49","20-24","All races/ethnicities","Female","1,065","861.0","123,694"
"Chlamydia","2004","Utah","49","15-19","All races/ethnicities","Female","977","944.7","103,415"
"Chlamydia","2003","Utah","49","20-24","All races/ethnicities","Female","1,079","874.0","123,452"
"Chlamydia","2003","Utah","49","15-19","All races/ethnicities","Female","1,021","983.7","103,792"
"Chlamydia","2002","Utah","49","20-24","All races/ethnicities","Female","924","753.1","122,686"
"Chlamydia","2002","Utah","49","15-19","All races/ethnicities","Female","950","897.3","105,874"
"Chlamydia","2001","Utah","49","20-24","All races/ethnicities","Female","807","677.3","119,144"
"Chlamydia","2001","Utah","49","15-19","All races/ethnicities","Female","780","725.8","107,475"
"Chlamydia","2000","Utah","49","20-24","All races/ethnicities","Female","576","505.8","113,880"
"Chlamydia","2000","Utah","49","15-19","All races/ethnicities","Female","657","602.8","108,987"
"Gonorrhea","2019","Vermont","50","20-24","All races/ethnicities","Female","19","85.9","22,106"
"Gonorrhea","2019","Vermont","50","15-19","All races/ethnicities","Female","20","99.9","20,014"
"Gonorrhea","2018","Vermont","50","20-24","All races/ethnicities","Female","45","201.5","22,330"
"Gonorrhea","2018","Vermont","50","15-19","All races/ethnicities","Female","22","108.2","20,342"
"Gonorrhea","2017","Vermont","50","20-24","All races/ethnicities","Female","27","119.4","22,614"
"Gonorrhea","2017","Vermont","50","15-19","All races/ethnicities","Female","10","48.6","20,591"
"Gonorrhea","2016","Vermont","50","20-24","All races/ethnicities","Female","10","44.3","22,591"
"Gonorrhea","2016","Vermont","50","15-19","All races/ethnicities","Female","5","23.9","20,948"
"Gonorrhea","2015","Vermont","50","20-24","All races/ethnicities","Female","36","159.0","22,643"
"Gonorrhea","2015","Vermont","50","15-19","All races/ethnicities","Female","13","61.1","21,283"
"Gonorrhea","2014","Vermont","50","20-24","All races/ethnicities","Female","13","58.6","22,198"
"Gonorrhea","2014","Vermont","50","15-19","All races/ethnicities","Female","4","18.6","21,459"
"Gonorrhea","2013","Vermont","50","20-24","All races/ethnicities","Female","14","64.3","21,764"
"Gonorrhea","2013","Vermont","50","15-19","All races/ethnicities","Female","11","50.3","21,852"
"Gonorrhea","2012","Vermont","50","20-24","All races/ethnicities","Female","18","84.2","21,368"
"Gonorrhea","2012","Vermont","50","15-19","All races/ethnicities","Female","6","27.0","22,224"
"Gonorrhea","2011","Vermont","50","20-24","All races/ethnicities","Female","8","37.7","21,218"
"Gonorrhea","2011","Vermont","50","15-19","All races/ethnicities","Female","8","35.5","22,508"
"Gonorrhea","2010","Vermont","50","20-24","All races/ethnicities","Female","9","42.4","21,205"
"Gonorrhea","2010","Vermont","50","15-19","All races/ethnicities","Female","9","40.1","22,438"
"Gonorrhea","2009","Vermont","50","20-24","All races/ethnicities","Female","7","30.3","23,111"
"Gonorrhea","2009","Vermont","50","15-19","All races/ethnicities","Female","13","58.0","22,401"
"Gonorrhea","2008","Vermont","50","20-24","All races/ethnicities","Female","10","43.6","22,918"
"Gonorrhea","2008","Vermont","50","15-19","All races/ethnicities","Female","3","13.1","22,955"
"Gonorrhea","2007","Vermont","50","20-24","All races/ethnicities","Female","12","51.6","23,235"
"Gonorrhea","2007","Vermont","50","15-19","All races/ethnicities","Female","8","34.5","23,211"
"Gonorrhea","2006","Vermont","50","20-24","All races/ethnicities","Female","21","90.8","23,140"
"Gonorrhea","2006","Vermont","50","15-19","All races/ethnicities","Female","7","29.9","23,417"
"Gonorrhea","2005","Vermont","50","20-24","All races/ethnicities","Female","13","57.6","22,562"
"Gonorrhea","2005","Vermont","50","15-19","All races/ethnicities","Female","4","17.0","23,560"
"Gonorrhea","2004","Vermont","50","20-24","All races/ethnicities","Female","20","91.9","21,767"
"Gonorrhea","2004","Vermont","50","15-19","All races/ethnicities","Female","21","88.8","23,641"
"Gonorrhea","2003","Vermont","50","20-24","All races/ethnicities","Female","22","106.0","20,764"
"Gonorrhea","2003","Vermont","50","15-19","All races/ethnicities","Female","18","76.5","23,521"
"Gonorrhea","2002","Vermont","50","20-24","All races/ethnicities","Female","21","108.1","19,432"
"Gonorrhea","2002","Vermont","50","15-19","All races/ethnicities","Female","20","84.7","23,619"
"Gonorrhea","2001","Vermont","50","20-24","All races/ethnicities","Female","12","63.7","18,839"
"Gonorrhea","2001","Vermont","50","15-19","All races/ethnicities","Female","22","95.0","23,166"
"Gonorrhea","2000","Vermont","50","20-24","All races/ethnicities","Female","13","69.8","18,612"
"Gonorrhea","2000","Vermont","50","15-19","All races/ethnicities","Female","11","49.4","22,262"
"Chlamydia","2019","Vermont","50","20-24","All races/ethnicities","Female","500","2261.8","22,106"
"Chlamydia","2019","Vermont","50","15-19","All races/ethnicities","Female","325","1623.9","20,014"
"Chlamydia","2018","Vermont","50","20-24","All races/ethnicities","Female","518","2319.7","22,330"
"Chlamydia","2018","Vermont","50","15-19","All races/ethnicities","Female","287","1410.9","20,342"
"Chlamydia","2017","Vermont","50","20-24","All races/ethnicities","Female","548","2423.3","22,614"
"Chlamydia","2017","Vermont","50","15-19","All races/ethnicities","Female","298","1447.2","20,591"
"Chlamydia","2016","Vermont","50","20-24","All races/ethnicities","Female","511","2262.0","22,591"
"Chlamydia","2016","Vermont","50","15-19","All races/ethnicities","Female","319","1522.8","20,948"
"Chlamydia","2015","Vermont","50","20-24","All races/ethnicities","Female","623","2751.4","22,643"
"Chlamydia","2015","Vermont","50","15-19","All races/ethnicities","Female","347","1630.4","21,283"
"Chlamydia","2014","Vermont","50","20-24","All races/ethnicities","Female","696","3135.4","22,198"
"Chlamydia","2014","Vermont","50","15-19","All races/ethnicities","Female","519","2418.6","21,459"
"Chlamydia","2013","Vermont","50","20-24","All races/ethnicities","Female","577","2651.2","21,764"
"Chlamydia","2013","Vermont","50","15-19","All races/ethnicities","Female","440","2013.5","21,852"
"Chlamydia","2012","Vermont","50","20-24","All races/ethnicities","Female","575","2690.9","21,368"
"Chlamydia","2012","Vermont","50","15-19","All races/ethnicities","Female","417","1876.3","22,224"
"Chlamydia","2011","Vermont","50","20-24","All races/ethnicities","Female","464","2186.8","21,218"
"Chlamydia","2011","Vermont","50","15-19","All races/ethnicities","Female","383","1701.6","22,508"
"Chlamydia","2010","Vermont","50","20-24","All races/ethnicities","Female","378","1782.6","21,205"
"Chlamydia","2010","Vermont","50","15-19","All races/ethnicities","Female","302","1345.9","22,438"
"Chlamydia","2009","Vermont","50","20-24","All races/ethnicities","Female","355","1536.1","23,111"
"Chlamydia","2009","Vermont","50","15-19","All races/ethnicities","Female","333","1486.5","22,401"
"Chlamydia","2008","Vermont","50","20-24","All races/ethnicities","Female","388","1693.0","22,918"
"Chlamydia","2008","Vermont","50","15-19","All races/ethnicities","Female","328","1428.9","22,955"
"Chlamydia","2007","Vermont","50","20-24","All races/ethnicities","Female","336","1446.1","23,235"
"Chlamydia","2007","Vermont","50","15-19","All races/ethnicities","Female","297","1279.6","23,211"
"Chlamydia","2006","Vermont","50","20-24","All races/ethnicities","Female","396","1711.3","23,140"
"Chlamydia","2006","Vermont","50","15-19","All races/ethnicities","Female","320","1366.5","23,417"
"Chlamydia","2005","Vermont","50","20-24","All races/ethnicities","Female","319","1413.9","22,562"
"Chlamydia","2005","Vermont","50","15-19","All races/ethnicities","Female","262","1112.1","23,560"
"Chlamydia","2004","Vermont","50","20-24","All races/ethnicities","Female","339","1557.4","21,767"
"Chlamydia","2004","Vermont","50","15-19","All races/ethnicities","Female","360","1522.8","23,641"
"Chlamydia","2003","Vermont","50","20-24","All races/ethnicities","Female","347","1671.2","20,764"
"Chlamydia","2003","Vermont","50","15-19","All races/ethnicities","Female","321","1364.7","23,521"
"Chlamydia","2002","Vermont","50","20-24","All races/ethnicities","Female","296","1523.3","19,432"
"Chlamydia","2002","Vermont","50","15-19","All races/ethnicities","Female","306","1295.6","23,619"
"Chlamydia","2001","Vermont","50","20-24","All races/ethnicities","Female","210","1114.7","18,839"
"Chlamydia","2001","Vermont","50","15-19","All races/ethnicities","Female","218","941.0","23,166"
"Chlamydia","2000","Vermont","50","20-24","All races/ethnicities","Female","147","789.8","18,612"
"Chlamydia","2000","Vermont","50","15-19","All races/ethnicities","Female","196","880.4","22,262"
"Gonorrhea","2019","Virginia","51","20-24","All races/ethnicities","Female","2,259","822.3","274,705"
"Gonorrhea","2019","Virginia","51","15-19","All races/ethnicities","Female","1,081","405.0","266,936"
"Gonorrhea","2018","Virginia","51","20-24","All races/ethnicities","Female","1,860","670.8","277,292"
"Gonorrhea","2018","Virginia","51","15-19","All races/ethnicities","Female","968","363.3","266,410"
"Gonorrhea","2017","Virginia","51","20-24","All races/ethnicities","Female","2,096","747.1","280,558"
"Gonorrhea","2017","Virginia","51","15-19","All races/ethnicities","Female","1,042","392.5","265,449"
"Gonorrhea","2016","Virginia","51","20-24","All races/ethnicities","Female","1,852","656.8","281,968"
"Gonorrhea","2016","Virginia","51","15-19","All races/ethnicities","Female","943","356.2","264,737"
"Gonorrhea","2015","Virginia","51","20-24","All races/ethnicities","Female","1,578","554.2","284,715"
"Gonorrhea","2015","Virginia","51","15-19","All races/ethnicities","Female","1,036","394.0","262,941"
"Gonorrhea","2014","Virginia","51","20-24","All races/ethnicities","Female","1,744","607.3","287,163"
"Gonorrhea","2014","Virginia","51","15-19","All races/ethnicities","Female","1,170","445.3","262,716"
"Gonorrhea","2013","Virginia","51","20-24","All races/ethnicities","Female","1,485","518.7","286,292"
"Gonorrhea","2013","Virginia","51","15-19","All races/ethnicities","Female","1,017","385.4","263,873"
"Gonorrhea","2012","Virginia","51","20-24","All races/ethnicities","Female","1,491","523.7","284,711"
"Gonorrhea","2012","Virginia","51","15-19","All races/ethnicities","Female","1,165","438.5","265,704"
"Gonorrhea","2011","Virginia","51","20-24","All races/ethnicities","Female","1,448","513.6","281,950"
"Gonorrhea","2011","Virginia","51","15-19","All races/ethnicities","Female","1,281","480.6","266,541"
"Gonorrhea","2010","Virginia","51","20-24","All races/ethnicities","Female","1,571","563.5","278,814"
"Gonorrhea","2010","Virginia","51","15-19","All races/ethnicities","Female","1,428","530.7","269,067"
"Gonorrhea","2009","Virginia","51","20-24","All races/ethnicities","Female","1,549","559.3","276,958"
"Gonorrhea","2009","Virginia","51","15-19","All races/ethnicities","Female","1,611","609.2","264,439"
"Gonorrhea","2008","Virginia","51","20-24","All races/ethnicities","Female","2,134","778.9","273,989"
"Gonorrhea","2008","Virginia","51","15-19","All races/ethnicities","Female","2,014","758.6","265,487"
"Gonorrhea","2007","Virginia","51","20-24","All races/ethnicities","Female","1,233","451.2","273,261"
"Gonorrhea","2007","Virginia","51","15-19","All races/ethnicities","Female","1,190","449.1","264,994"
"Gonorrhea","2006","Virginia","51","20-24","All races/ethnicities","Female","1,142","422.5","270,289"
"Gonorrhea","2006","Virginia","51","15-19","All races/ethnicities","Female","1,170","444.8","263,042"
"Gonorrhea","2005","Virginia","51","20-24","All races/ethnicities","Female","1,589","596.3","266,478"
"Gonorrhea","2005","Virginia","51","15-19","All races/ethnicities","Female","1,569","605.5","259,121"
"Gonorrhea","2004","Virginia","51","20-24","All races/ethnicities","Female","1,612","618.6","260,601"
"Gonorrhea","2004","Virginia","51","15-19","All races/ethnicities","Female","1,671","658.4","253,808"
"Gonorrhea","2003","Virginia","51","20-24","All races/ethnicities","Female","1,659","656.1","252,850"
"Gonorrhea","2003","Virginia","51","15-19","All races/ethnicities","Female","1,753","704.6","248,809"
"Gonorrhea","2002","Virginia","51","20-24","All races/ethnicities","Female","1,887","765.8","246,409"
"Gonorrhea","2002","Virginia","51","15-19","All races/ethnicities","Female","2,055","835.7","245,902"
"Gonorrhea","2001","Virginia","51","20-24","All races/ethnicities","Female","1,868","776.2","240,671"
"Gonorrhea","2001","Virginia","51","15-19","All races/ethnicities","Female","2,082","864.4","240,874"
"Gonorrhea","2000","Virginia","51","20-24","All races/ethnicities","Female","1,598","683.5","233,790"
"Gonorrhea","2000","Virginia","51","15-19","All races/ethnicities","Female","1,838","777.8","236,297"
"Chlamydia","2019","Virginia","51","20-24","All races/ethnicities","Female","13,709","4990.4","274,705"
"Chlamydia","2019","Virginia","51","15-19","All races/ethnicities","Female","6,564","2459.0","266,936"
"Chlamydia","2018","Virginia","51","20-24","All races/ethnicities","Female","12,385","4466.4","277,292"
"Chlamydia","2018","Virginia","51","15-19","All races/ethnicities","Female","5,943","2230.8","266,410"
"Chlamydia","2017","Virginia","51","20-24","All races/ethnicities","Female","12,240","4362.7","280,558"
"Chlamydia","2017","Virginia","51","15-19","All races/ethnicities","Female","5,938","2237.0","265,449"
"Chlamydia","2016","Virginia","51","20-24","All races/ethnicities","Female","11,747","4166.1","281,968"
"Chlamydia","2016","Virginia","51","15-19","All races/ethnicities","Female","5,505","2079.4","264,737"
"Chlamydia","2015","Virginia","51","20-24","All races/ethnicities","Female","10,174","3573.4","284,715"
"Chlamydia","2015","Virginia","51","15-19","All races/ethnicities","Female","6,849","2604.8","262,941"
"Chlamydia","2014","Virginia","51","20-24","All races/ethnicities","Female","10,414","3626.5","287,163"
"Chlamydia","2014","Virginia","51","15-19","All races/ethnicities","Female","7,256","2761.9","262,716"
"Chlamydia","2013","Virginia","51","20-24","All races/ethnicities","Female","9,747","3404.6","286,292"
"Chlamydia","2013","Virginia","51","15-19","All races/ethnicities","Female","7,177","2719.9","263,873"
"Chlamydia","2012","Virginia","51","20-24","All races/ethnicities","Female","10,335","3630.0","284,711"
"Chlamydia","2012","Virginia","51","15-19","All races/ethnicities","Female","8,159","3070.7","265,704"
"Chlamydia","2011","Virginia","51","20-24","All races/ethnicities","Female","10,912","3870.2","281,950"
"Chlamydia","2011","Virginia","51","15-19","All races/ethnicities","Female","8,937","3353.0","266,541"
"Chlamydia","2010","Virginia","51","20-24","All races/ethnicities","Female","9,013","3232.6","278,814"
"Chlamydia","2010","Virginia","51","15-19","All races/ethnicities","Female","7,995","2971.4","269,067"
"Chlamydia","2009","Virginia","51","20-24","All races/ethnicities","Female","8,572","3095.1","276,958"
"Chlamydia","2009","Virginia","51","15-19","All races/ethnicities","Female","8,432","3188.6","264,439"
"Chlamydia","2008","Virginia","51","20-24","All races/ethnicities","Female","8,896","3246.8","273,989"
"Chlamydia","2008","Virginia","51","15-19","All races/ethnicities","Female","8,585","3233.7","265,487"
"Chlamydia","2007","Virginia","51","20-24","All races/ethnicities","Female","7,019","2568.6","273,261"
"Chlamydia","2007","Virginia","51","15-19","All races/ethnicities","Female","6,692","2525.3","264,994"
"Chlamydia","2006","Virginia","51","20-24","All races/ethnicities","Female","6,861","2538.4","270,289"
"Chlamydia","2006","Virginia","51","15-19","All races/ethnicities","Female","6,767","2572.6","263,042"
"Chlamydia","2005","Virginia","51","20-24","All races/ethnicities","Female","6,481","2432.1","266,478"
"Chlamydia","2005","Virginia","51","15-19","All races/ethnicities","Female","6,527","2518.9","259,121"
"Chlamydia","2004","Virginia","51","20-24","All races/ethnicities","Female","6,215","2384.9","260,601"
"Chlamydia","2004","Virginia","51","15-19","All races/ethnicities","Female","6,653","2621.3","253,808"
"Chlamydia","2003","Virginia","51","20-24","All races/ethnicities","Female","5,890","2329.4","252,850"
"Chlamydia","2003","Virginia","51","15-19","All races/ethnicities","Female","6,287","2526.8","248,809"
"Chlamydia","2002","Virginia","51","20-24","All races/ethnicities","Female","5,586","2267.0","246,409"
"Chlamydia","2002","Virginia","51","15-19","All races/ethnicities","Female","6,268","2549.0","245,902"
"Chlamydia","2001","Virginia","51","20-24","All races/ethnicities","Female","5,469","2272.4","240,671"
"Chlamydia","2001","Virginia","51","15-19","All races/ethnicities","Female","6,482","2691.0","240,874"
"Chlamydia","2000","Virginia","51","20-24","All races/ethnicities","Female","4,637","1983.4","233,790"
"Chlamydia","2000","Virginia","51","15-19","All races/ethnicities","Female","5,573","2358.5","236,297"
"Gonorrhea","2019","Washington","53","20-24","All races/ethnicities","Female","1,048","457.7","228,994"
"Gonorrhea","2019","Washington","53","15-19","All races/ethnicities","Female","674","307.3","219,326"
"Gonorrhea","2018","Washington","53","20-24","All races/ethnicities","Female","991","431.2","229,804"
"Gonorrhea","2018","Washington","53","15-19","All races/ethnicities","Female","652","299.3","217,815"
"Gonorrhea","2017","Washington","53","20-24","All races/ethnicities","Female","954","414.3","230,243"
"Gonorrhea","2017","Washington","53","15-19","All races/ethnicities","Female","588","271.0","216,978"
"Gonorrhea","2016","Washington","53","20-24","All races/ethnicities","Female","819","353.8","231,483"
"Gonorrhea","2016","Washington","53","15-19","All races/ethnicities","Female","535","247.6","216,066"
"Gonorrhea","2015","Washington","53","20-24","All races/ethnicities","Female","840","359.1","233,895"
"Gonorrhea","2015","Washington","53","15-19","All races/ethnicities","Female","510","237.9","214,389"
"Gonorrhea","2014","Washington","53","20-24","All races/ethnicities","Female","792","335.1","236,356"
"Gonorrhea","2014","Washington","53","15-19","All races/ethnicities","Female","436","204.5","213,234"
"Gonorrhea","2013","Washington","53","20-24","All races/ethnicities","Female","601","254.8","235,864"
"Gonorrhea","2013","Washington","53","15-19","All races/ethnicities","Female","288","134.6","213,894"
"Gonorrhea","2012","Washington","53","20-24","All races/ethnicities","Female","436","185.3","235,283"
"Gonorrhea","2012","Washington","53","15-19","All races/ethnicities","Female","295","137.2","215,063"
"Gonorrhea","2011","Washington","53","20-24","All races/ethnicities","Female","378","163.2","231,628"
"Gonorrhea","2011","Washington","53","15-19","All races/ethnicities","Female","283","129.7","218,233"
"Gonorrhea","2010","Washington","53","20-24","All races/ethnicities","Female","348","154.9","224,645"
"Gonorrhea","2010","Washington","53","15-19","All races/ethnicities","Female","299","133.9","223,226"
"Gonorrhea","2009","Washington","53","20-24","All races/ethnicities","Female","375","169.0","221,919"
"Gonorrhea","2009","Washington","53","15-19","All races/ethnicities","Female","277","129.5","213,873"
"Gonorrhea","2008","Washington","53","20-24","All races/ethnicities","Female","503","230.0","218,717"
"Gonorrhea","2008","Washington","53","15-19","All races/ethnicities","Female","477","222.4","214,470"
"Gonorrhea","2007","Washington","53","20-24","All races/ethnicities","Female","615","284.7","215,982"
"Gonorrhea","2007","Washington","53","15-19","All races/ethnicities","Female","569","265.8","214,054"
"Gonorrhea","2006","Washington","53","20-24","All races/ethnicities","Female","612","282.3","216,827"
"Gonorrhea","2006","Washington","53","15-19","All races/ethnicities","Female","553","260.0","212,657"
"Gonorrhea","2005","Washington","53","20-24","All races/ethnicities","Female","541","250.2","216,200"
"Gonorrhea","2005","Washington","53","15-19","All races/ethnicities","Female","518","245.5","210,971"
"Gonorrhea","2004","Washington","53","20-24","All races/ethnicities","Female","351","162.3","216,291"
"Gonorrhea","2004","Washington","53","15-19","All races/ethnicities","Female","422","201.3","209,664"
"Gonorrhea","2003","Washington","53","20-24","All races/ethnicities","Female","370","172.8","214,181"
"Gonorrhea","2003","Washington","53","15-19","All races/ethnicities","Female","356","171.1","208,032"
"Gonorrhea","2002","Washington","53","20-24","All races/ethnicities","Female","393","187.2","209,952"
"Gonorrhea","2002","Washington","53","15-19","All races/ethnicities","Female","396","190.5","207,912"
"Gonorrhea","2001","Washington","53","20-24","All races/ethnicities","Female","416","206.1","201,803"
"Gonorrhea","2001","Washington","53","15-19","All races/ethnicities","Female","444","213.1","208,319"
"Gonorrhea","2000","Washington","53","20-24","All races/ethnicities","Female","335","175.3","191,068"
"Gonorrhea","2000","Washington","53","15-19","All races/ethnicities","Female","367","176.4","208,051"
"Chlamydia","2019","Washington","53","20-24","All races/ethnicities","Female","8,433","3682.6","228,994"
"Chlamydia","2019","Washington","53","15-19","All races/ethnicities","Female","6,594","3006.5","219,326"
"Chlamydia","2018","Washington","53","20-24","All races/ethnicities","Female","7,926","3449.0","229,804"
"Chlamydia","2018","Washington","53","15-19","All races/ethnicities","Female","6,103","2801.9","217,815"
"Chlamydia","2017","Washington","53","20-24","All races/ethnicities","Female","7,673","3332.6","230,243"
"Chlamydia","2017","Washington","53","15-19","All races/ethnicities","Female","5,784","2665.7","216,978"
"Chlamydia","2016","Washington","53","20-24","All races/ethnicities","Female","7,663","3310.4","231,483"
"Chlamydia","2016","Washington","53","15-19","All races/ethnicities","Female","5,646","2613.1","216,066"
"Chlamydia","2015","Washington","53","20-24","All races/ethnicities","Female","7,476","3196.3","233,895"
"Chlamydia","2015","Washington","53","15-19","All races/ethnicities","Female","5,121","2388.6","214,389"
"Chlamydia","2014","Washington","53","20-24","All races/ethnicities","Female","7,153","3026.4","236,356"
"Chlamydia","2014","Washington","53","15-19","All races/ethnicities","Female","4,980","2335.5","213,234"
"Chlamydia","2013","Washington","53","20-24","All races/ethnicities","Female","7,095","3008.1","235,864"
"Chlamydia","2013","Washington","53","15-19","All races/ethnicities","Female","4,984","2330.1","213,894"
"Chlamydia","2012","Washington","53","20-24","All races/ethnicities","Female","7,016","2981.9","235,283"
"Chlamydia","2012","Washington","53","15-19","All races/ethnicities","Female","5,272","2451.4","215,063"
"Chlamydia","2011","Washington","53","20-24","All races/ethnicities","Female","6,643","2868.0","231,628"
"Chlamydia","2011","Washington","53","15-19","All races/ethnicities","Female","5,440","2492.7","218,233"
"Chlamydia","2010","Washington","53","20-24","All races/ethnicities","Female","6,036","2686.9","224,645"
"Chlamydia","2010","Washington","53","15-19","All races/ethnicities","Female","5,209","2333.5","223,226"
"Chlamydia","2009","Washington","53","20-24","All races/ethnicities","Female","6,016","2710.9","221,919"
"Chlamydia","2009","Washington","53","15-19","All races/ethnicities","Female","5,457","2551.5","213,873"
"Chlamydia","2008","Washington","53","20-24","All races/ethnicities","Female","5,763","2634.9","218,717"
"Chlamydia","2008","Washington","53","15-19","All races/ethnicities","Female","5,485","2557.5","214,470"
"Chlamydia","2007","Washington","53","20-24","All races/ethnicities","Female","5,198","2406.7","215,982"
"Chlamydia","2007","Washington","53","15-19","All races/ethnicities","Female","4,740","2214.4","214,054"
"Chlamydia","2006","Washington","53","20-24","All races/ethnicities","Female","4,863","2242.8","216,827"
"Chlamydia","2006","Washington","53","15-19","All races/ethnicities","Female","4,644","2183.8","212,657"
"Chlamydia","2005","Washington","53","20-24","All races/ethnicities","Female","5,079","2349.2","216,200"
"Chlamydia","2005","Washington","53","15-19","All races/ethnicities","Female","4,909","2326.9","210,971"
"Chlamydia","2004","Washington","53","20-24","All races/ethnicities","Female","4,890","2260.8","216,291"
"Chlamydia","2004","Washington","53","15-19","All races/ethnicities","Female","4,798","2288.4","209,664"
"Chlamydia","2003","Washington","53","20-24","All races/ethnicities","Female","4,670","2180.4","214,181"
"Chlamydia","2003","Washington","53","15-19","All races/ethnicities","Female","4,803","2308.8","208,032"
"Chlamydia","2002","Washington","53","20-24","All races/ethnicities","Female","4,019","1914.2","209,952"
"Chlamydia","2002","Washington","53","15-19","All races/ethnicities","Female","4,334","2084.5","207,912"
"Chlamydia","2001","Washington","53","20-24","All races/ethnicities","Female","3,588","1778.0","201,803"
"Chlamydia","2001","Washington","53","15-19","All races/ethnicities","Female","4,176","2004.6","208,319"
"Chlamydia","2000","Washington","53","20-24","All races/ethnicities","Female","3,279","1716.1","191,068"
"Chlamydia","2000","Washington","53","15-19","All races/ethnicities","Female","3,960","1903.4","208,051"
"Gonorrhea","2019","West Virginia","54","20-24","All races/ethnicities","Female","237","441.0","53,747"
"Gonorrhea","2019","West Virginia","54","15-19","All races/ethnicities","Female","129","252.1","51,164"
"Gonorrhea","2018","West Virginia","54","20-24","All races/ethnicities","Female","152","278.7","54,544"
"Gonorrhea","2018","West Virginia","54","15-19","All races/ethnicities","Female","96","186.1","51,588"
"Gonorrhea","2017","West Virginia","54","20-24","All races/ethnicities","Female","211","379.1","55,654"
"Gonorrhea","2017","West Virginia","54","15-19","All races/ethnicities","Female","161","308.6","52,176"
"Gonorrhea","2016","West Virginia","54","20-24","All races/ethnicities","Female","154","267.9","57,479"
"Gonorrhea","2016","West Virginia","54","15-19","All races/ethnicities","Female","93","175.7","52,930"
"Gonorrhea","2015","West Virginia","54","20-24","All races/ethnicities","Female","131","219.4","59,709"
"Gonorrhea","2015","West Virginia","54","15-19","All races/ethnicities","Female","106","197.8","53,592"
"Gonorrhea","2014","West Virginia","54","20-24","All races/ethnicities","Female","168","271.7","61,839"
"Gonorrhea","2014","West Virginia","54","15-19","All races/ethnicities","Female","119","221.0","53,845"
"Gonorrhea","2013","West Virginia","54","20-24","All races/ethnicities","Female","218","351.0","62,112"
"Gonorrhea","2013","West Virginia","54","15-19","All races/ethnicities","Female","126","232.5","54,193"
"Gonorrhea","2012","West Virginia","54","20-24","All races/ethnicities","Female","165","268.0","61,564"
"Gonorrhea","2012","West Virginia","54","15-19","All races/ethnicities","Female","135","246.4","54,797"
"Gonorrhea","2011","West Virginia","54","20-24","All races/ethnicities","Female","192","319.1","60,173"
"Gonorrhea","2011","West Virginia","54","15-19","All races/ethnicities","Female","123","219.6","56,010"
"Gonorrhea","2010","West Virginia","54","20-24","All races/ethnicities","Female","125","216.2","57,805"
"Gonorrhea","2010","West Virginia","54","15-19","All races/ethnicities","Female","119","206.1","57,750"
"Gonorrhea","2009","West Virginia","54","20-24","All races/ethnicities","Female","107","182.9","58,487"
"Gonorrhea","2009","West Virginia","54","15-19","All races/ethnicities","Female","67","116.9","57,301"
"Gonorrhea","2008","West Virginia","54","20-24","All races/ethnicities","Female","175","303.0","57,763"
"Gonorrhea","2008","West Virginia","54","15-19","All races/ethnicities","Female","116","201.5","57,573"
"Gonorrhea","2007","West Virginia","54","20-24","All races/ethnicities","Female","193","330.1","58,466"
"Gonorrhea","2007","West Virginia","54","15-19","All races/ethnicities","Female","145","250.8","57,807"
"Gonorrhea","2006","West Virginia","54","20-24","All races/ethnicities","Female","173","290.5","59,551"
"Gonorrhea","2006","West Virginia","54","15-19","All races/ethnicities","Female","152","264.9","57,372"
"Gonorrhea","2005","West Virginia","54","20-24","All races/ethnicities","Female","164","270.6","60,605"
"Gonorrhea","2005","West Virginia","54","15-19","All races/ethnicities","Female","122","213.9","57,027"
"Gonorrhea","2004","West Virginia","54","20-24","All races/ethnicities","Female","191","307.5","62,107"
"Gonorrhea","2004","West Virginia","54","15-19","All races/ethnicities","Female","148","260.6","56,800"
"Gonorrhea","2003","West Virginia","54","20-24","All races/ethnicities","Female","204","326.0","62,581"
"Gonorrhea","2003","West Virginia","54","15-19","All races/ethnicities","Female","128","225.0","56,894"
"Gonorrhea","2002","West Virginia","54","20-24","All races/ethnicities","Female","228","366.3","62,239"
"Gonorrhea","2002","West Virginia","54","15-19","All races/ethnicities","Female","189","327.0","57,794"
"Gonorrhea","2001","West Virginia","54","20-24","All races/ethnicities","Female","156","255.3","61,093"
"Gonorrhea","2001","West Virginia","54","15-19","All races/ethnicities","Female","161","273.0","58,984"
"Gonorrhea","2000","West Virginia","54","20-24","All races/ethnicities","Female","146","244.4","59,733"
"Gonorrhea","2000","West Virginia","54","15-19","All races/ethnicities","Female","143","234.4","61,011"
"Chlamydia","2019","West Virginia","54","20-24","All races/ethnicities","Female","1,465","2725.7","53,747"
"Chlamydia","2019","West Virginia","54","15-19","All races/ethnicities","Female","1,101","2151.9","51,164"
"Chlamydia","2018","West Virginia","54","20-24","All races/ethnicities","Female","983","1802.2","54,544"
"Chlamydia","2018","West Virginia","54","15-19","All races/ethnicities","Female","766","1484.8","51,588"
"Chlamydia","2017","West Virginia","54","20-24","All races/ethnicities","Female","1,162","2087.9","55,654"
"Chlamydia","2017","West Virginia","54","15-19","All races/ethnicities","Female","948","1816.9","52,176"
"Chlamydia","2016","West Virginia","54","20-24","All races/ethnicities","Female","1,422","2473.9","57,479"
"Chlamydia","2016","West Virginia","54","15-19","All races/ethnicities","Female","1,122","2119.8","52,930"
"Chlamydia","2015","West Virginia","54","20-24","All races/ethnicities","Female","1,433","2400.0","59,709"
"Chlamydia","2015","West Virginia","54","15-19","All races/ethnicities","Female","1,194","2227.9","53,592"
"Chlamydia","2014","West Virginia","54","20-24","All races/ethnicities","Female","1,485","2401.4","61,839"
"Chlamydia","2014","West Virginia","54","15-19","All races/ethnicities","Female","1,079","2003.9","53,845"
"Chlamydia","2013","West Virginia","54","20-24","All races/ethnicities","Female","1,578","2540.6","62,112"
"Chlamydia","2013","West Virginia","54","15-19","All races/ethnicities","Female","1,249","2304.7","54,193"
"Chlamydia","2012","West Virginia","54","20-24","All races/ethnicities","Female","1,414","2296.8","61,564"
"Chlamydia","2012","West Virginia","54","15-19","All races/ethnicities","Female","1,319","2407.1","54,797"
"Chlamydia","2011","West Virginia","54","20-24","All races/ethnicities","Female","1,286","2137.2","60,173"
"Chlamydia","2011","West Virginia","54","15-19","All races/ethnicities","Female","1,171","2090.7","56,010"
"Chlamydia","2010","West Virginia","54","20-24","All races/ethnicities","Female","1,166","2017.1","57,805"
"Chlamydia","2010","West Virginia","54","15-19","All races/ethnicities","Female","1,125","1948.1","57,750"
"Chlamydia","2009","West Virginia","54","20-24","All races/ethnicities","Female","1,088","1860.2","58,487"
"Chlamydia","2009","West Virginia","54","15-19","All races/ethnicities","Female","1,067","1862.1","57,301"
"Chlamydia","2008","West Virginia","54","20-24","All races/ethnicities","Female","1,042","1803.9","57,763"
"Chlamydia","2008","West Virginia","54","15-19","All races/ethnicities","Female","961","1669.2","57,573"
"Chlamydia","2007","West Virginia","54","20-24","All races/ethnicities","Female","982","1679.6","58,466"
"Chlamydia","2007","West Virginia","54","15-19","All races/ethnicities","Female","922","1595.0","57,807"
"Chlamydia","2006","West Virginia","54","20-24","All races/ethnicities","Female","903","1516.3","59,551"
"Chlamydia","2006","West Virginia","54","15-19","All races/ethnicities","Female","841","1465.9","57,372"
"Chlamydia","2005","West Virginia","54","20-24","All races/ethnicities","Female","926","1527.9","60,605"
"Chlamydia","2005","West Virginia","54","15-19","All races/ethnicities","Female","872","1529.1","57,027"
"Chlamydia","2004","West Virginia","54","20-24","All races/ethnicities","Female","869","1399.2","62,107"
"Chlamydia","2004","West Virginia","54","15-19","All races/ethnicities","Female","883","1554.6","56,800"
"Chlamydia","2003","West Virginia","54","20-24","All races/ethnicities","Female","897","1433.3","62,581"
"Chlamydia","2003","West Virginia","54","15-19","All races/ethnicities","Female","824","1448.3","56,894"
"Chlamydia","2002","West Virginia","54","20-24","All races/ethnicities","Female","836","1343.2","62,239"
"Chlamydia","2002","West Virginia","54","15-19","All races/ethnicities","Female","886","1533.0","57,794"
"Chlamydia","2001","West Virginia","54","20-24","All races/ethnicities","Female","832","1361.9","61,093"
"Chlamydia","2001","West Virginia","54","15-19","All races/ethnicities","Female","836","1417.3","58,984"
"Chlamydia","2000","West Virginia","54","20-24","All races/ethnicities","Female","688","1151.8","59,733"
"Chlamydia","2000","West Virginia","54","15-19","All races/ethnicities","Female","809","1326.0","61,011"
"Gonorrhea","2019","Wisconsin","55","20-24","All races/ethnicities","Female","1,280","667.4","191,799"
"Gonorrhea","2019","Wisconsin","55","15-19","All races/ethnicities","Female","1,100","595.2","184,817"
"Gonorrhea","2018","Wisconsin","55","20-24","All races/ethnicities","Female","1,090","560.9","194,339"
"Gonorrhea","2018","Wisconsin","55","15-19","All races/ethnicities","Female","1,015","548.1","185,180"
"Gonorrhea","2017","Wisconsin","55","20-24","All races/ethnicities","Female","1,173","594.9","197,161"
"Gonorrhea","2017","Wisconsin","55","15-19","All races/ethnicities","Female","1,122","603.5","185,927"
"Gonorrhea","2016","Wisconsin","55","20-24","All races/ethnicities","Female","1,016","509.0","199,602"
"Gonorrhea","2016","Wisconsin","55","15-19","All races/ethnicities","Female","1,032","552.3","186,860"
"Gonorrhea","2015","Wisconsin","55","20-24","All races/ethnicities","Female","867","431.6","200,879"
"Gonorrhea","2015","Wisconsin","55","15-19","All races/ethnicities","Female","845","451.2","187,268"
"Gonorrhea","2014","Wisconsin","55","20-24","All races/ethnicities","Female","757","377.7","200,401"
"Gonorrhea","2014","Wisconsin","55","15-19","All races/ethnicities","Female","684","364.6","187,624"
"Gonorrhea","2013","Wisconsin","55","20-24","All races/ethnicities","Female","824","417.9","197,193"
"Gonorrhea","2013","Wisconsin","55","15-19","All races/ethnicities","Female","792","418.9","189,089"
"Gonorrhea","2012","Wisconsin","55","20-24","All races/ethnicities","Female","969","501.2","193,335"
"Gonorrhea","2012","Wisconsin","55","15-19","All races/ethnicities","Female","853","446.7","190,945"
"Gonorrhea","2011","Wisconsin","55","20-24","All races/ethnicities","Female","1,031","543.5","189,694"
"Gonorrhea","2011","Wisconsin","55","15-19","All races/ethnicities","Female","1,076","556.5","193,353"
"Gonorrhea","2010","Wisconsin","55","20-24","All races/ethnicities","Female","1,055","557.2","189,341"
"Gonorrhea","2010","Wisconsin","55","15-19","All races/ethnicities","Female","1,128","580.0","194,476"
"Gonorrhea","2009","Wisconsin","55","20-24","All races/ethnicities","Female","1,026","498.4","205,854"
"Gonorrhea","2009","Wisconsin","55","15-19","All races/ethnicities","Female","1,124","571.3","196,761"
"Gonorrhea","2008","Wisconsin","55","20-24","All races/ethnicities","Female","1,223","595.0","205,529"
"Gonorrhea","2008","Wisconsin","55","15-19","All races/ethnicities","Female","1,436","722.2","198,845"
"Gonorrhea","2007","Wisconsin","55","20-24","All races/ethnicities","Female","1,249","606.9","205,800"
"Gonorrhea","2007","Wisconsin","55","15-19","All races/ethnicities","Female","1,600","799.3","200,185"
"Gonorrhea","2006","Wisconsin","55","20-24","All races/ethnicities","Female","1,248","602.3","207,191"
"Gonorrhea","2006","Wisconsin","55","15-19","All races/ethnicities","Female","1,520","756.8","200,856"
"Gonorrhea","2005","Wisconsin","55","20-24","All races/ethnicities","Female","1,075","526.7","204,082"
"Gonorrhea","2005","Wisconsin","55","15-19","All races/ethnicities","Female","1,341","665.0","201,653"
"Gonorrhea","2004","Wisconsin","55","20-24","All races/ethnicities","Female","930","464.7","200,122"
"Gonorrhea","2004","Wisconsin","55","15-19","All races/ethnicities","Female","1,179","584.1","201,853"
"Gonorrhea","2003","Wisconsin","55","20-24","All races/ethnicities","Female","1,113","571.2","194,858"
"Gonorrhea","2003","Wisconsin","55","15-19","All races/ethnicities","Female","1,299","642.3","202,251"
"Gonorrhea","2002","Wisconsin","55","20-24","All races/ethnicities","Female","1,166","620.5","187,920"
"Gonorrhea","2002","Wisconsin","55","15-19","All races/ethnicities","Female","1,492","734.6","203,101"
"Gonorrhea","2001","Wisconsin","55","20-24","All races/ethnicities","Female","1,188","656.8","180,890"
"Gonorrhea","2001","Wisconsin","55","15-19","All races/ethnicities","Female","1,405","693.0","202,752"
"Gonorrhea","2000","Wisconsin","55","20-24","All races/ethnicities","Female","1,333","756.0","176,314"
"Gonorrhea","2000","Wisconsin","55","15-19","All races/ethnicities","Female","1,600","804.4","198,897"
"Chlamydia","2019","Wisconsin","55","20-24","All races/ethnicities","Female","7,447","3882.7","191,799"
"Chlamydia","2019","Wisconsin","55","15-19","All races/ethnicities","Female","6,005","3249.2","184,817"
"Chlamydia","2018","Wisconsin","55","20-24","All races/ethnicities","Female","7,164","3686.3","194,339"
"Chlamydia","2018","Wisconsin","55","15-19","All races/ethnicities","Female","5,696","3075.9","185,180"
"Chlamydia","2017","Wisconsin","55","20-24","All races/ethnicities","Female","7,326","3715.7","197,161"
"Chlamydia","2017","Wisconsin","55","15-19","All races/ethnicities","Female","5,656","3042.1","185,927"
"Chlamydia","2016","Wisconsin","55","20-24","All races/ethnicities","Female","7,244","3629.2","199,602"
"Chlamydia","2016","Wisconsin","55","15-19","All races/ethnicities","Female","5,829","3119.4","186,860"
"Chlamydia","2015","Wisconsin","55","20-24","All races/ethnicities","Female","6,684","3327.4","200,879"
"Chlamydia","2015","Wisconsin","55","15-19","All races/ethnicities","Female","5,254","2805.6","187,268"
"Chlamydia","2014","Wisconsin","55","20-24","All races/ethnicities","Female","6,503","3245.0","200,401"
"Chlamydia","2014","Wisconsin","55","15-19","All races/ethnicities","Female","5,203","2773.1","187,624"
"Chlamydia","2013","Wisconsin","55","20-24","All races/ethnicities","Female","6,669","3382.0","197,193"
"Chlamydia","2013","Wisconsin","55","15-19","All races/ethnicities","Female","5,403","2857.4","189,089"
"Chlamydia","2012","Wisconsin","55","20-24","All races/ethnicities","Female","6,738","3485.1","193,335"
"Chlamydia","2012","Wisconsin","55","15-19","All races/ethnicities","Female","5,741","3006.6","190,945"
"Chlamydia","2011","Wisconsin","55","20-24","All races/ethnicities","Female","6,762","3564.7","189,694"
"Chlamydia","2011","Wisconsin","55","15-19","All races/ethnicities","Female","6,252","3233.5","193,353"
"Chlamydia","2010","Wisconsin","55","20-24","All races/ethnicities","Female","6,364","3361.1","189,341"
"Chlamydia","2010","Wisconsin","55","15-19","All races/ethnicities","Female","6,113","3143.3","194,476"
"Chlamydia","2009","Wisconsin","55","20-24","All races/ethnicities","Female","5,690","2764.1","205,854"
"Chlamydia","2009","Wisconsin","55","15-19","All races/ethnicities","Female","5,656","2874.6","196,761"
"Chlamydia","2008","Wisconsin","55","20-24","All races/ethnicities","Female","5,583","2716.4","205,529"
"Chlamydia","2008","Wisconsin","55","15-19","All races/ethnicities","Female","5,837","2935.5","198,845"
"Chlamydia","2007","Wisconsin","55","20-24","All races/ethnicities","Female","5,377","2612.7","205,800"
"Chlamydia","2007","Wisconsin","55","15-19","All races/ethnicities","Female","5,514","2754.5","200,185"
"Chlamydia","2006","Wisconsin","55","20-24","All races/ethnicities","Female","5,437","2624.1","207,191"
"Chlamydia","2006","Wisconsin","55","15-19","All races/ethnicities","Female","5,569","2772.6","200,856"
"Chlamydia","2005","Wisconsin","55","20-24","All races/ethnicities","Female","5,658","2772.4","204,082"
"Chlamydia","2005","Wisconsin","55","15-19","All races/ethnicities","Female","5,571","2762.7","201,653"
"Chlamydia","2004","Wisconsin","55","20-24","All races/ethnicities","Female","5,259","2627.9","200,122"
"Chlamydia","2004","Wisconsin","55","15-19","All races/ethnicities","Female","5,429","2689.6","201,853"
"Chlamydia","2003","Wisconsin","55","20-24","All races/ethnicities","Female","4,785","2455.6","194,858"
"Chlamydia","2003","Wisconsin","55","15-19","All races/ethnicities","Female","5,142","2542.4","202,251"
"Chlamydia","2002","Wisconsin","55","20-24","All races/ethnicities","Female","4,462","2374.4","187,920"
"Chlamydia","2002","Wisconsin","55","15-19","All races/ethnicities","Female","5,014","2468.7","203,101"
"Chlamydia","2001","Wisconsin","55","20-24","All races/ethnicities","Female","4,466","2468.9","180,890"
"Chlamydia","2001","Wisconsin","55","15-19","All races/ethnicities","Female","4,827","2380.7","202,752"
"Chlamydia","2000","Wisconsin","55","20-24","All races/ethnicities","Female","4,342","2462.7","176,314"
"Chlamydia","2000","Wisconsin","55","15-19","All races/ethnicities","Female","5,067","2547.5","198,897"
"Gonorrhea","2019","Wyoming","56","20-24","All races/ethnicities","Female","56","312.3","17,934"
"Gonorrhea","2019","Wyoming","56","15-19","All races/ethnicities","Female","31","177.7","17,449"
"Gonorrhea","2018","Wyoming","56","20-24","All races/ethnicities","Female","50","277.3","18,033"
"Gonorrhea","2018","Wyoming","56","15-19","All races/ethnicities","Female","32","184.8","17,314"
"Gonorrhea","2017","Wyoming","56","20-24","All races/ethnicities","Female","59","322.9","18,271"
"Gonorrhea","2017","Wyoming","56","15-19","All races/ethnicities","Female","55","317.7","17,312"
"Gonorrhea","2016","Wyoming","56","20-24","All races/ethnicities","Female","37","195.7","18,906"
"Gonorrhea","2016","Wyoming","56","15-19","All races/ethnicities","Female","25","142.9","17,490"
"Gonorrhea","2015","Wyoming","56","20-24","All races/ethnicities","Female","27","138.3","19,528"
"Gonorrhea","2015","Wyoming","56","15-19","All races/ethnicities","Female","23","130.0","17,693"
"Gonorrhea","2014","Wyoming","56","20-24","All races/ethnicities","Female","21","104.5","20,098"
"Gonorrhea","2014","Wyoming","56","15-19","All races/ethnicities","Female","17","96.2","17,673"
"Gonorrhea","2013","Wyoming","56","20-24","All races/ethnicities","Female","19","93.5","20,314"
"Gonorrhea","2013","Wyoming","56","15-19","All races/ethnicities","Female","5","27.7","18,044"
"Gonorrhea","2012","Wyoming","56","20-24","All races/ethnicities","Female","7","35.0","20,007"
"Gonorrhea","2012","Wyoming","56","15-19","All races/ethnicities","Female","5","28.1","17,813"
"Gonorrhea","2011","Wyoming","56","20-24","All races/ethnicities","Female","10","51.4","19,464"
"Gonorrhea","2011","Wyoming","56","15-19","All races/ethnicities","Female","6","33.8","17,753"
"Gonorrhea","2010","Wyoming","56","20-24","All races/ethnicities","Female","6","31.4","19,119"
"Gonorrhea","2010","Wyoming","56","15-19","All races/ethnicities","Female","5","27.3","18,331"
"Gonorrhea","2009","Wyoming","56","20-24","All races/ethnicities","Female","17","84.7","20,059"
"Gonorrhea","2009","Wyoming","56","15-19","All races/ethnicities","Female","9","50.3","17,893"
"Gonorrhea","2008","Wyoming","56","20-24","All races/ethnicities","Female","23","115.9","19,846"
"Gonorrhea","2008","Wyoming","56","15-19","All races/ethnicities","Female","27","151.8","17,783"
"Gonorrhea","2007","Wyoming","56","20-24","All races/ethnicities","Female","17","85.0","19,990"
"Gonorrhea","2007","Wyoming","56","15-19","All races/ethnicities","Female","12","67.4","17,799"
"Gonorrhea","2006","Wyoming","56","20-24","All races/ethnicities","Female","22","111.8","19,674"
"Gonorrhea","2006","Wyoming","56","15-19","All races/ethnicities","Female","21","117.4","17,883"
"Gonorrhea","2005","Wyoming","56","20-24","All races/ethnicities","Female","18","92.7","19,426"
"Gonorrhea","2005","Wyoming","56","15-19","All races/ethnicities","Female","16","88.7","18,031"
"Gonorrhea","2004","Wyoming","56","20-24","All races/ethnicities","Female","18","92.8","19,398"
"Gonorrhea","2004","Wyoming","56","15-19","All races/ethnicities","Female","7","37.9","18,473"
"Gonorrhea","2003","Wyoming","56","20-24","All races/ethnicities","Female","14","73.9","18,935"
"Gonorrhea","2003","Wyoming","56","15-19","All races/ethnicities","Female","9","47.8","18,842"
"Gonorrhea","2002","Wyoming","56","20-24","All races/ethnicities","Female","13","71.9","18,083"
"Gonorrhea","2002","Wyoming","56","15-19","All races/ethnicities","Female","14","72.2","19,382"
"Gonorrhea","2001","Wyoming","56","20-24","All races/ethnicities","Female","13","76.8","16,935"
"Gonorrhea","2001","Wyoming","56","15-19","All races/ethnicities","Female","19","96.4","19,716"
"Gonorrhea","2000","Wyoming","56","20-24","All races/ethnicities","Female","7","43.7","16,035"
"Gonorrhea","2000","Wyoming","56","15-19","All races/ethnicities","Female","13","64.5","20,146"
"Chlamydia","2019","Wyoming","56","20-24","All races/ethnicities","Female","534","2977.6","17,934"
"Chlamydia","2019","Wyoming","56","15-19","All races/ethnicities","Female","479","2745.1","17,449"
"Chlamydia","2018","Wyoming","56","20-24","All races/ethnicities","Female","554","3072.1","18,033"
"Chlamydia","2018","Wyoming","56","15-19","All races/ethnicities","Female","499","2882.1","17,314"
"Chlamydia","2017","Wyoming","56","20-24","All races/ethnicities","Female","504","2758.5","18,271"
"Chlamydia","2017","Wyoming","56","15-19","All races/ethnicities","Female","511","2951.7","17,312"
"Chlamydia","2016","Wyoming","56","20-24","All races/ethnicities","Female","504","2665.8","18,906"
"Chlamydia","2016","Wyoming","56","15-19","All races/ethnicities","Female","455","2601.5","17,490"
"Chlamydia","2015","Wyoming","56","20-24","All races/ethnicities","Female","581","2975.2","19,528"
"Chlamydia","2015","Wyoming","56","15-19","All races/ethnicities","Female","465","2628.2","17,693"
"Chlamydia","2014","Wyoming","56","20-24","All races/ethnicities","Female","542","2696.8","20,098"
"Chlamydia","2014","Wyoming","56","15-19","All races/ethnicities","Female","447","2529.3","17,673"
"Chlamydia","2013","Wyoming","56","20-24","All races/ethnicities","Female","540","2658.3","20,314"
"Chlamydia","2013","Wyoming","56","15-19","All races/ethnicities","Female","513","2843.1","18,044"
"Chlamydia","2012","Wyoming","56","20-24","All races/ethnicities","Female","555","2774.0","20,007"
"Chlamydia","2012","Wyoming","56","15-19","All races/ethnicities","Female","566","3177.5","17,813"
"Chlamydia","2011","Wyoming","56","20-24","All races/ethnicities","Female","546","2805.2","19,464"
"Chlamydia","2011","Wyoming","56","15-19","All races/ethnicities","Female","514","2895.3","17,753"
"Chlamydia","2010","Wyoming","56","20-24","All races/ethnicities","Female","499","2610.0","19,119"
"Chlamydia","2010","Wyoming","56","15-19","All races/ethnicities","Female","491","2678.5","18,331"
"Chlamydia","2009","Wyoming","56","20-24","All races/ethnicities","Female","474","2363.0","20,059"
"Chlamydia","2009","Wyoming","56","15-19","All races/ethnicities","Female","463","2587.6","17,893"
"Chlamydia","2008","Wyoming","56","20-24","All races/ethnicities","Female","368","1854.3","19,846"
"Chlamydia","2008","Wyoming","56","15-19","All races/ethnicities","Female","404","2271.8","17,783"
"Chlamydia","2007","Wyoming","56","20-24","All races/ethnicities","Female","339","1695.8","19,990"
"Chlamydia","2007","Wyoming","56","15-19","All races/ethnicities","Female","366","2056.3","17,799"
"Chlamydia","2006","Wyoming","56","20-24","All races/ethnicities","Female","428","2175.5","19,674"
"Chlamydia","2006","Wyoming","56","15-19","All races/ethnicities","Female","360","2013.1","17,883"
"Chlamydia","2005","Wyoming","56","20-24","All races/ethnicities","Female","347","1786.3","19,426"
"Chlamydia","2005","Wyoming","56","15-19","All races/ethnicities","Female","328","1819.1","18,031"
"Chlamydia","2004","Wyoming","56","20-24","All races/ethnicities","Female","317","1634.2","19,398"
"Chlamydia","2004","Wyoming","56","15-19","All races/ethnicities","Female","327","1770.2","18,473"
"Chlamydia","2003","Wyoming","56","20-24","All races/ethnicities","Female","294","1552.7","18,935"
"Chlamydia","2003","Wyoming","56","15-19","All races/ethnicities","Female","298","1581.6","18,842"
"Chlamydia","2002","Wyoming","56","20-24","All races/ethnicities","Female","321","1775.1","18,083"
"Chlamydia","2002","Wyoming","56","15-19","All races/ethnicities","Female","338","1743.9","19,382"
"Chlamydia","2001","Wyoming","56","20-24","All races/ethnicities","Female","267","1576.6","16,935"
"Chlamydia","2001","Wyoming","56","15-19","All races/ethnicities","Female","299","1516.5","19,716"
"Chlamydia","2000","Wyoming","56","20-24","All races/ethnicities","Female","259","1615.2","16,035"
"Chlamydia","2000","Wyoming","56","15-19","All races/ethnicities","Female","305","1513.9","20,146"
"Gonorrhea","2019","American Samoa","60","20-24","All races/ethnicities","Female","1","49.8","2,010"
"Gonorrhea","2019","American Samoa","60","15-19","All races/ethnicities","Female","0","0.0","2,325"
"Gonorrhea","2018","American Samoa","60","20-24","All races/ethnicities","Female","2","88.2","2,268"
"Gonorrhea","2018","American Samoa","60","15-19","All races/ethnicities","Female","3","124.9","2,401"
"Gonorrhea","2017","American Samoa","60","20-24","All races/ethnicities","Female","Data not available","Data not available","2,436"
"Gonorrhea","2017","American Samoa","60","15-19","All races/ethnicities","Female","Data not available","Data not available","2,395"
"Gonorrhea","2016","American Samoa","60","20-24","All races/ethnicities","Female","Data not available","Data not available","2,554"
"Gonorrhea","2016","American Samoa","60","15-19","All races/ethnicities","Female","Data not available","Data not available","2,425"
"Gonorrhea","2015","American Samoa","60","20-24","All races/ethnicities","Female","Data not available","Data not available","2,591"
"Gonorrhea","2015","American Samoa","60","15-19","All races/ethnicities","Female","Data not available","Data not available","2,485"
"Gonorrhea","2014","American Samoa","60","20-24","All races/ethnicities","Female","Data not available","Data not available","2,548"
"Gonorrhea","2014","American Samoa","60","15-19","All races/ethnicities","Female","Data not available","Data not available","2,565"
"Gonorrhea","2013","American Samoa","60","20-24","All races/ethnicities","Female","Data not available","Data not available","2,442"
"Gonorrhea","2013","American Samoa","60","15-19","All races/ethnicities","Female","Data not available","Data not available","2,741"
"Gonorrhea","2012","American Samoa","60","20-24","All races/ethnicities","Female","Data not available","Data not available","2,305"
"Gonorrhea","2012","American Samoa","60","15-19","All races/ethnicities","Female","Data not available","Data not available","2,922"
"Gonorrhea","2011","American Samoa","60","20-24","All races/ethnicities","Female","Data not available","Data not available","2,170"
"Gonorrhea","2011","American Samoa","60","15-19","All races/ethnicities","Female","Data not available","Data not available","3,045"
"Gonorrhea","2010","American Samoa","60","20-24","All races/ethnicities","Female","Data not available","Data not available","2,075"
"Gonorrhea","2010","American Samoa","60","15-19","All races/ethnicities","Female","Data not available","Data not available","3,080"
"Gonorrhea","2009","American Samoa","60","20-24","All races/ethnicities","Female","Data not available","Data not available","NA"
"Gonorrhea","2009","American Samoa","60","15-19","All races/ethnicities","Female","Data not available","Data not available","NA"
"Gonorrhea","2008","American Samoa","60","20-24","All races/ethnicities","Female","Data not available","Data not available","NA"
"Gonorrhea","2008","American Samoa","60","15-19","All races/ethnicities","Female","Data not available","Data not available","NA"
"Gonorrhea","2007","American Samoa","60","20-24","All races/ethnicities","Female","Data not available","Data not available","NA"
"Gonorrhea","2007","American Samoa","60","15-19","All races/ethnicities","Female","Data not available","Data not available","NA"
"Gonorrhea","2006","American Samoa","60","20-24","All races/ethnicities","Female","Data not available","Data not available","NA"
"Gonorrhea","2006","American Samoa","60","15-19","All races/ethnicities","Female","Data not available","Data not available","NA"
"Gonorrhea","2005","American Samoa","60","20-24","All races/ethnicities","Female","Data not available","Data not available","NA"
"Gonorrhea","2005","American Samoa","60","15-19","All races/ethnicities","Female","Data not available","Data not available","NA"
"Gonorrhea","2004","American Samoa","60","20-24","All races/ethnicities","Female","Data not available","Data not available","NA"
"Gonorrhea","2004","American Samoa","60","15-19","All races/ethnicities","Female","Data not available","Data not available","NA"
"Gonorrhea","2003","American Samoa","60","20-24","All races/ethnicities","Female","Data not available","Data not available","NA"
"Gonorrhea","2003","American Samoa","60","15-19","All races/ethnicities","Female","Data not available","Data not available","NA"
"Gonorrhea","2002","American Samoa","60","20-24","All races/ethnicities","Female","Data not available","Data not available","NA"
"Gonorrhea","2002","American Samoa","60","15-19","All races/ethnicities","Female","Data not available","Data not available","NA"
"Gonorrhea","2001","American Samoa","60","20-24","All races/ethnicities","Female","Data not available","Data not available","NA"
"Gonorrhea","2001","American Samoa","60","15-19","All races/ethnicities","Female","Data not available","Data not available","NA"
"Gonorrhea","2000","American Samoa","60","20-24","All races/ethnicities","Female","Data not available","Data not available","NA"
"Gonorrhea","2000","American Samoa","60","15-19","All races/ethnicities","Female","Data not available","Data not available","NA"
"Chlamydia","2019","American Samoa","60","20-24","All races/ethnicities","Female","34","1691.5","2,010"
"Chlamydia","2019","American Samoa","60","15-19","All races/ethnicities","Female","13","559.1","2,325"
"Chlamydia","2018","American Samoa","60","20-24","All races/ethnicities","Female","20","881.8","2,268"
"Chlamydia","2018","American Samoa","60","15-19","All races/ethnicities","Female","3","124.9","2,401"
"Chlamydia","2017","American Samoa","60","20-24","All races/ethnicities","Female","Data not available","Data not available","2,436"
"Chlamydia","2017","American Samoa","60","15-19","All races/ethnicities","Female","Data not available","Data not available","2,395"
"Chlamydia","2016","American Samoa","60","20-24","All races/ethnicities","Female","Data not available","Data not available","2,554"
"Chlamydia","2016","American Samoa","60","15-19","All races/ethnicities","Female","Data not available","Data not available","2,425"
"Chlamydia","2015","American Samoa","60","20-24","All races/ethnicities","Female","Data not available","Data not available","2,591"
"Chlamydia","2015","American Samoa","60","15-19","All races/ethnicities","Female","Data not available","Data not available","2,485"
"Chlamydia","2014","American Samoa","60","20-24","All races/ethnicities","Female","Data not available","Data not available","2,548"
"Chlamydia","2014","American Samoa","60","15-19","All races/ethnicities","Female","Data not available","Data not available","2,565"
"Chlamydia","2013","American Samoa","60","20-24","All races/ethnicities","Female","Data not available","Data not available","2,442"
"Chlamydia","2013","American Samoa","60","15-19","All races/ethnicities","Female","Data not available","Data not available","2,741"
"Chlamydia","2012","American Samoa","60","20-24","All races/ethnicities","Female","Data not available","Data not available","2,305"
"Chlamydia","2012","American Samoa","60","15-19","All races/ethnicities","Female","Data not available","Data not available","2,922"
"Chlamydia","2011","American Samoa","60","20-24","All races/ethnicities","Female","Data not available","Data not available","2,170"
"Chlamydia","2011","American Samoa","60","15-19","All races/ethnicities","Female","Data not available","Data not available","3,045"
"Chlamydia","2010","American Samoa","60","20-24","All races/ethnicities","Female","Data not available","Data not available","2,075"
"Chlamydia","2010","American Samoa","60","15-19","All races/ethnicities","Female","Data not available","Data not available","3,080"
"Chlamydia","2009","American Samoa","60","20-24","All races/ethnicities","Female","Data not available","Data not available","NA"
"Chlamydia","2009","American Samoa","60","15-19","All races/ethnicities","Female","Data not available","Data not available","NA"
"Chlamydia","2008","American Samoa","60","20-24","All races/ethnicities","Female","Data not available","Data not available","NA"
"Chlamydia","2008","American Samoa","60","15-19","All races/ethnicities","Female","Data not available","Data not available","NA"
"Chlamydia","2007","American Samoa","60","20-24","All races/ethnicities","Female","Data not available","Data not available","NA"
"Chlamydia","2007","American Samoa","60","15-19","All races/ethnicities","Female","Data not available","Data not available","NA"
"Chlamydia","2006","American Samoa","60","20-24","All races/ethnicities","Female","Data not available","Data not available","NA"
"Chlamydia","2006","American Samoa","60","15-19","All races/ethnicities","Female","Data not available","Data not available","NA"
"Chlamydia","2005","American Samoa","60","20-24","All races/ethnicities","Female","Data not available","Data not available","NA"
"Chlamydia","2005","American Samoa","60","15-19","All races/ethnicities","Female","Data not available","Data not available","NA"
"Chlamydia","2004","American Samoa","60","20-24","All races/ethnicities","Female","Data not available","Data not available","NA"
"Chlamydia","2004","American Samoa","60","15-19","All races/ethnicities","Female","Data not available","Data not available","NA"
"Chlamydia","2003","American Samoa","60","20-24","All races/ethnicities","Female","Data not available","Data not available","NA"
"Chlamydia","2003","American Samoa","60","15-19","All races/ethnicities","Female","Data not available","Data not available","NA"
"Chlamydia","2002","American Samoa","60","20-24","All races/ethnicities","Female","Data not available","Data not available","NA"
"Chlamydia","2002","American Samoa","60","15-19","All races/ethnicities","Female","Data not available","Data not available","NA"
"Chlamydia","2001","American Samoa","60","20-24","All races/ethnicities","Female","Data not available","Data not available","NA"
"Chlamydia","2001","American Samoa","60","15-19","All races/ethnicities","Female","Data not available","Data not available","NA"
"Chlamydia","2000","American Samoa","60","20-24","All races/ethnicities","Female","Data not available","Data not available","NA"
"Chlamydia","2000","American Samoa","60","15-19","All races/ethnicities","Female","Data not available","Data not available","NA"
"Gonorrhea","2019","Guam","66","20-24","All races/ethnicities","Female","39","641.1","6,083"
"Gonorrhea","2019","Guam","66","15-19","All races/ethnicities","Female","20","301.4","6,635"
"Gonorrhea","2018","Guam","66","20-24","All races/ethnicities","Female","42","684.2","6,139"
"Gonorrhea","2018","Guam","66","15-19","All races/ethnicities","Female","24","359.4","6,677"
"Gonorrhea","2017","Guam","66","20-24","All races/ethnicities","Female","28","447.6","6,255"
"Gonorrhea","2017","Guam","66","15-19","All races/ethnicities","Female","22","327.1","6,726"
"Gonorrhea","2016","Guam","66","20-24","All races/ethnicities","Female","28","443.6","6,312"
"Gonorrhea","2016","Guam","66","15-19","All races/ethnicities","Female","6","89.5","6,705"
"Gonorrhea","2015","Guam","66","20-24","All races/ethnicities","Female","30","474.5","6,323"
"Gonorrhea","2015","Guam","66","15-19","All races/ethnicities","Female","5","75.4","6,629"
"Gonorrhea","2014","Guam","66","20-24","All races/ethnicities","Female","20","318.0","6,290"
"Gonorrhea","2014","Guam","66","15-19","All races/ethnicities","Female","3","45.3","6,626"
"Gonorrhea","2013","Guam","66","20-24","All races/ethnicities","Female","4","63.9","6,257"
"Gonorrhea","2013","Guam","66","15-19","All races/ethnicities","Female","1","15.0","6,686"
"Gonorrhea","2012","Guam","66","20-24","All races/ethnicities","Female","20","325.1","6,152"
"Gonorrhea","2012","Guam","66","15-19","All races/ethnicities","Female","12","176.4","6,801"
"Gonorrhea","2011","Guam","66","20-24","All races/ethnicities","Female","16","262.5","6,095"
"Gonorrhea","2011","Guam","66","15-19","All races/ethnicities","Female","11","160.4","6,859"
"Gonorrhea","2010","Guam","66","20-24","All races/ethnicities","Female","20","333.1","6,005"
"Gonorrhea","2010","Guam","66","15-19","All races/ethnicities","Female","10","145.5","6,871"
"Gonorrhea","2009","Guam","66","20-24","All races/ethnicities","Female","12","196.0","6,123"
"Gonorrhea","2009","Guam","66","15-19","All races/ethnicities","Female","5","72.9","6,862"
"Gonorrhea","2008","Guam","66","20-24","All races/ethnicities","Female","21","350.6","5,990"
"Gonorrhea","2008","Guam","66","15-19","All races/ethnicities","Female","13","189.9","6,846"
"Gonorrhea","2007","Guam","66","20-24","All races/ethnicities","Female","21","354.4","5,925"
"Gonorrhea","2007","Guam","66","15-19","All races/ethnicities","Female","20","295.6","6,765"
"Gonorrhea","2006","Guam","66","20-24","All races/ethnicities","Female","19","324.3","5,859"
"Gonorrhea","2006","Guam","66","15-19","All races/ethnicities","Female","11","163.6","6,722"
"Gonorrhea","2005","Guam","66","20-24","All races/ethnicities","Female","20","347.5","5,756"
"Gonorrhea","2005","Guam","66","15-19","All races/ethnicities","Female","10","150.6","6,641"
"Gonorrhea","2004","Guam","66","20-24","All races/ethnicities","Female","19","330.5","5,749"
"Gonorrhea","2004","Guam","66","15-19","All races/ethnicities","Female","12","183.5","6,541"
"Gonorrhea","2003","Guam","66","20-24","All races/ethnicities","Female","0","0.0","5,762"
"Gonorrhea","2003","Guam","66","15-19","All races/ethnicities","Female","0","0.0","6,400"
"Gonorrhea","2002","Guam","66","20-24","All races/ethnicities","Female","0","0.0","5,747"
"Gonorrhea","2002","Guam","66","15-19","All races/ethnicities","Female","0","0.0","6,329"
"Gonorrhea","2001","Guam","66","20-24","All races/ethnicities","Female","0","0.0","5,815"
"Gonorrhea","2001","Guam","66","15-19","All races/ethnicities","Female","0","0.0","6,260"
"Gonorrhea","2000","Guam","66","20-24","All races/ethnicities","Female","0","0.0","5,851"
"Gonorrhea","2000","Guam","66","15-19","All races/ethnicities","Female","0","0.0","6,150"
"Chlamydia","2019","Guam","66","20-24","All races/ethnicities","Female","319","5244.1","6,083"
"Chlamydia","2019","Guam","66","15-19","All races/ethnicities","Female","163","2456.7","6,635"
"Chlamydia","2018","Guam","66","20-24","All races/ethnicities","Female","251","4088.6","6,139"
"Chlamydia","2018","Guam","66","15-19","All races/ethnicities","Female","129","1932.0","6,677"
"Chlamydia","2017","Guam","66","20-24","All races/ethnicities","Female","307","4908.1","6,255"
"Chlamydia","2017","Guam","66","15-19","All races/ethnicities","Female","110","1635.4","6,726"
"Chlamydia","2016","Guam","66","20-24","All races/ethnicities","Female","260","4119.1","6,312"
"Chlamydia","2016","Guam","66","15-19","All races/ethnicities","Female","80","1193.1","6,705"
"Chlamydia","2015","Guam","66","20-24","All races/ethnicities","Female","243","3843.1","6,323"
"Chlamydia","2015","Guam","66","15-19","All races/ethnicities","Female","69","1040.9","6,629"
"Chlamydia","2014","Guam","66","20-24","All races/ethnicities","Female","253","4022.3","6,290"
"Chlamydia","2014","Guam","66","15-19","All races/ethnicities","Female","83","1252.6","6,626"
"Chlamydia","2013","Guam","66","20-24","All races/ethnicities","Female","253","4043.5","6,257"
"Chlamydia","2013","Guam","66","15-19","All races/ethnicities","Female","118","1764.9","6,686"
"Chlamydia","2012","Guam","66","20-24","All races/ethnicities","Female","319","5185.3","6,152"
"Chlamydia","2012","Guam","66","15-19","All races/ethnicities","Female","167","2455.5","6,801"
"Chlamydia","2011","Guam","66","20-24","All races/ethnicities","Female","311","5102.5","6,095"
"Chlamydia","2011","Guam","66","15-19","All races/ethnicities","Female","175","2551.4","6,859"
"Chlamydia","2010","Guam","66","20-24","All races/ethnicities","Female","265","4413.0","6,005"
"Chlamydia","2010","Guam","66","15-19","All races/ethnicities","Female","145","2110.3","6,871"
"Chlamydia","2009","Guam","66","20-24","All races/ethnicities","Female","182","2972.4","6,123"
"Chlamydia","2009","Guam","66","15-19","All races/ethnicities","Female","132","1923.6","6,862"
"Chlamydia","2008","Guam","66","20-24","All races/ethnicities","Female","205","3422.4","5,990"
"Chlamydia","2008","Guam","66","15-19","All races/ethnicities","Female","138","2015.8","6,846"
"Chlamydia","2007","Guam","66","20-24","All races/ethnicities","Female","181","3054.9","5,925"
"Chlamydia","2007","Guam","66","15-19","All races/ethnicities","Female","166","2453.8","6,765"
"Chlamydia","2006","Guam","66","20-24","All races/ethnicities","Female","244","4164.5","5,859"
"Chlamydia","2006","Guam","66","15-19","All races/ethnicities","Female","172","2558.8","6,722"
"Chlamydia","2005","Guam","66","20-24","All races/ethnicities","Female","257","4464.9","5,756"
"Chlamydia","2005","Guam","66","15-19","All races/ethnicities","Female","160","2409.3","6,641"
"Chlamydia","2004","Guam","66","20-24","All races/ethnicities","Female","179","3113.6","5,749"
"Chlamydia","2004","Guam","66","15-19","All races/ethnicities","Female","116","1773.4","6,541"
"Chlamydia","2003","Guam","66","20-24","All races/ethnicities","Female","0","0.0","5,762"
"Chlamydia","2003","Guam","66","15-19","All races/ethnicities","Female","0","0.0","6,400"
"Chlamydia","2002","Guam","66","20-24","All races/ethnicities","Female","0","0.0","5,747"
"Chlamydia","2002","Guam","66","15-19","All races/ethnicities","Female","0","0.0","6,329"
"Chlamydia","2001","Guam","66","20-24","All races/ethnicities","Female","0","0.0","5,815"
"Chlamydia","2001","Guam","66","15-19","All races/ethnicities","Female","0","0.0","6,260"
"Chlamydia","2000","Guam","66","20-24","All races/ethnicities","Female","0","0.0","5,851"
"Chlamydia","2000","Guam","66","15-19","All races/ethnicities","Female","0","0.0","6,150"
"Gonorrhea","2019","Northern Mariana Islands","69","20-24","All races/ethnicities","Female","5","283.1","1,766"
"Gonorrhea","2019","Northern Mariana Islands","69","15-19","All races/ethnicities","Female","1","47.8","2,091"
"Gonorrhea","2018","Northern Mariana Islands","69","20-24","All races/ethnicities","Female","5","284.7","1,756"
"Gonorrhea","2018","Northern Mariana Islands","69","15-19","All races/ethnicities","Female","5","244.1","2,048"
"Gonorrhea","2017","Northern Mariana Islands","69","20-24","All races/ethnicities","Female","Data not available","Data not available","1,755"
"Gonorrhea","2017","Northern Mariana Islands","69","15-19","All races/ethnicities","Female","Data not available","Data not available","2,052"
"Gonorrhea","2016","Northern Mariana Islands","69","20-24","All races/ethnicities","Female","Data not available","Data not available","1,709"
"Gonorrhea","2016","Northern Mariana Islands","69","15-19","All races/ethnicities","Female","Data not available","Data not available","2,047"
"Gonorrhea","2015","Northern Mariana Islands","69","20-24","All races/ethnicities","Female","Data not available","Data not available","1,644"
"Gonorrhea","2015","Northern Mariana Islands","69","15-19","All races/ethnicities","Female","Data not available","Data not available","1,988"
"Gonorrhea","2014","Northern Mariana Islands","69","20-24","All races/ethnicities","Female","Data not available","Data not available","1,502"
"Gonorrhea","2014","Northern Mariana Islands","69","15-19","All races/ethnicities","Female","Data not available","Data not available","1,992"
"Gonorrhea","2013","Northern Mariana Islands","69","20-24","All races/ethnicities","Female","Data not available","Data not available","1,357"
"Gonorrhea","2013","Northern Mariana Islands","69","15-19","All races/ethnicities","Female","Data not available","Data not available","1,996"
"Gonorrhea","2012","Northern Mariana Islands","69","20-24","All races/ethnicities","Female","Data not available","Data not available","1,218"
"Gonorrhea","2012","Northern Mariana Islands","69","15-19","All races/ethnicities","Female","Data not available","Data not available","1,996"
"Gonorrhea","2011","Northern Mariana Islands","69","20-24","All races/ethnicities","Female","Data not available","Data not available","1,113"
"Gonorrhea","2011","Northern Mariana Islands","69","15-19","All races/ethnicities","Female","Data not available","Data not available","1,944"
"Gonorrhea","2010","Northern Mariana Islands","69","20-24","All races/ethnicities","Female","Data not available","Data not available","1,276"
"Gonorrhea","2010","Northern Mariana Islands","69","15-19","All races/ethnicities","Female","Data not available","Data not available","1,965"
"Gonorrhea","2009","Northern Mariana Islands","69","20-24","All races/ethnicities","Female","Data not available","Data not available","NA"
"Gonorrhea","2009","Northern Mariana Islands","69","15-19","All races/ethnicities","Female","Data not available","Data not available","NA"
"Gonorrhea","2008","Northern Mariana Islands","69","20-24","All races/ethnicities","Female","Data not available","Data not available","NA"
"Gonorrhea","2008","Northern Mariana Islands","69","15-19","All races/ethnicities","Female","Data not available","Data not available","NA"
"Gonorrhea","2007","Northern Mariana Islands","69","20-24","All races/ethnicities","Female","Data not available","Data not available","NA"
"Gonorrhea","2007","Northern Mariana Islands","69","15-19","All races/ethnicities","Female","Data not available","Data not available","NA"
"Gonorrhea","2006","Northern Mariana Islands","69","20-24","All races/ethnicities","Female","Data not available","Data not available","NA"
"Gonorrhea","2006","Northern Mariana Islands","69","15-19","All races/ethnicities","Female","Data not available","Data not available","NA"
"Gonorrhea","2005","Northern Mariana Islands","69","20-24","All races/ethnicities","Female","Data not available","Data not available","NA"
"Gonorrhea","2005","Northern Mariana Islands","69","15-19","All races/ethnicities","Female","Data not available","Data not available","NA"
"Gonorrhea","2004","Northern Mariana Islands","69","20-24","All races/ethnicities","Female","Data not available","Data not available","NA"
"Gonorrhea","2004","Northern Mariana Islands","69","15-19","All races/ethnicities","Female","Data not available","Data not available","NA"
"Gonorrhea","2003","Northern Mariana Islands","69","20-24","All races/ethnicities","Female","Data not available","Data not available","NA"
"Gonorrhea","2003","Northern Mariana Islands","69","15-19","All races/ethnicities","Female","Data not available","Data not available","NA"
"Gonorrhea","2002","Northern Mariana Islands","69","20-24","All races/ethnicities","Female","Data not available","Data not available","NA"
"Gonorrhea","2002","Northern Mariana Islands","69","15-19","All races/ethnicities","Female","Data not available","Data not available","NA"
"Gonorrhea","2001","Northern Mariana Islands","69","20-24","All races/ethnicities","Female","Data not available","Data not available","NA"
"Gonorrhea","2001","Northern Mariana Islands","69","15-19","All races/ethnicities","Female","Data not available","Data not available","NA"
"Gonorrhea","2000","Northern Mariana Islands","69","20-24","All races/ethnicities","Female","Data not available","Data not available","NA"
"Gonorrhea","2000","Northern Mariana Islands","69","15-19","All races/ethnicities","Female","Data not available","Data not available","NA"
"Chlamydia","2019","Northern Mariana Islands","69","20-24","All races/ethnicities","Female","62","3510.8","1,766"
"Chlamydia","2019","Northern Mariana Islands","69","15-19","All races/ethnicities","Female","41","1960.8","2,091"
"Chlamydia","2018","Northern Mariana Islands","69","20-24","All races/ethnicities","Female","62","3530.8","1,756"
"Chlamydia","2018","Northern Mariana Islands","69","15-19","All races/ethnicities","Female","48","2343.8","2,048"
"Chlamydia","2017","Northern Mariana Islands","69","20-24","All races/ethnicities","Female","Data not available","Data not available","1,755"
"Chlamydia","2017","Northern Mariana Islands","69","15-19","All races/ethnicities","Female","Data not available","Data not available","2,052"
"Chlamydia","2016","Northern Mariana Islands","69","20-24","All races/ethnicities","Female","Data not available","Data not available","1,709"
"Chlamydia","2016","Northern Mariana Islands","69","15-19","All races/ethnicities","Female","Data not available","Data not available","2,047"
"Chlamydia","2015","Northern Mariana Islands","69","20-24","All races/ethnicities","Female","Data not available","Data not available","1,644"
"Chlamydia","2015","Northern Mariana Islands","69","15-19","All races/ethnicities","Female","Data not available","Data not available","1,988"
"Chlamydia","2014","Northern Mariana Islands","69","20-24","All races/ethnicities","Female","Data not available","Data not available","1,502"
"Chlamydia","2014","Northern Mariana Islands","69","15-19","All races/ethnicities","Female","Data not available","Data not available","1,992"
"Chlamydia","2013","Northern Mariana Islands","69","20-24","All races/ethnicities","Female","Data not available","Data not available","1,357"
"Chlamydia","2013","Northern Mariana Islands","69","15-19","All races/ethnicities","Female","Data not available","Data not available","1,996"
"Chlamydia","2012","Northern Mariana Islands","69","20-24","All races/ethnicities","Female","Data not available","Data not available","1,218"
"Chlamydia","2012","Northern Mariana Islands","69","15-19","All races/ethnicities","Female","Data not available","Data not available","1,996"
"Chlamydia","2011","Northern Mariana Islands","69","20-24","All races/ethnicities","Female","Data not available","Data not available","1,113"
"Chlamydia","2011","Northern Mariana Islands","69","15-19","All races/ethnicities","Female","Data not available","Data not available","1,944"
"Chlamydia","2010","Northern Mariana Islands","69","20-24","All races/ethnicities","Female","Data not available","Data not available","1,276"
"Chlamydia","2010","Northern Mariana Islands","69","15-19","All races/ethnicities","Female","Data not available","Data not available","1,965"
"Chlamydia","2009","Northern Mariana Islands","69","20-24","All races/ethnicities","Female","Data not available","Data not available","NA"
"Chlamydia","2009","Northern Mariana Islands","69","15-19","All races/ethnicities","Female","Data not available","Data not available","NA"
"Chlamydia","2008","Northern Mariana Islands","69","20-24","All races/ethnicities","Female","Data not available","Data not available","NA"
"Chlamydia","2008","Northern Mariana Islands","69","15-19","All races/ethnicities","Female","Data not available","Data not available","NA"
"Chlamydia","2007","Northern Mariana Islands","69","20-24","All races/ethnicities","Female","Data not available","Data not available","NA"
"Chlamydia","2007","Northern Mariana Islands","69","15-19","All races/ethnicities","Female","Data not available","Data not available","NA"
"Chlamydia","2006","Northern Mariana Islands","69","20-24","All races/ethnicities","Female","Data not available","Data not available","NA"
"Chlamydia","2006","Northern Mariana Islands","69","15-19","All races/ethnicities","Female","Data not available","Data not available","NA"
"Chlamydia","2005","Northern Mariana Islands","69","20-24","All races/ethnicities","Female","Data not available","Data not available","NA"
"Chlamydia","2005","Northern Mariana Islands","69","15-19","All races/ethnicities","Female","Data not available","Data not available","NA"
"Chlamydia","2004","Northern Mariana Islands","69","20-24","All races/ethnicities","Female","Data not available","Data not available","NA"
"Chlamydia","2004","Northern Mariana Islands","69","15-19","All races/ethnicities","Female","Data not available","Data not available","NA"
"Chlamydia","2003","Northern Mariana Islands","69","20-24","All races/ethnicities","Female","Data not available","Data not available","NA"
"Chlamydia","2003","Northern Mariana Islands","69","15-19","All races/ethnicities","Female","Data not available","Data not available","NA"
"Chlamydia","2002","Northern Mariana Islands","69","20-24","All races/ethnicities","Female","Data not available","Data not available","NA"
"Chlamydia","2002","Northern Mariana Islands","69","15-19","All races/ethnicities","Female","Data not available","Data not available","NA"
"Chlamydia","2001","Northern Mariana Islands","69","20-24","All races/ethnicities","Female","Data not available","Data not available","NA"
"Chlamydia","2001","Northern Mariana Islands","69","15-19","All races/ethnicities","Female","Data not available","Data not available","NA"
"Chlamydia","2000","Northern Mariana Islands","69","20-24","All races/ethnicities","Female","Data not available","Data not available","NA"
"Chlamydia","2000","Northern Mariana Islands","69","15-19","All races/ethnicities","Female","Data not available","Data not available","NA"
"Gonorrhea","2019","Puerto Rico","72","20-24","All races/ethnicities","Female","81","76.0","106,565"
"Gonorrhea","2019","Puerto Rico","72","15-19","All races/ethnicities","Female","36","36.5","98,596"
"Gonorrhea","2018","Puerto Rico","72","20-24","All races/ethnicities","Female","105","97.5","107,734"
"Gonorrhea","2018","Puerto Rico","72","15-19","All races/ethnicities","Female","53","52.8","100,291"
"Gonorrhea","2017","Puerto Rico","72","20-24","All races/ethnicities","Female","74","64.3","115,068"
"Gonorrhea","2017","Puerto Rico","72","15-19","All races/ethnicities","Female","64","58.8","108,793"
"Gonorrhea","2016","Puerto Rico","72","20-24","All races/ethnicities","Female","122","102.0","119,606"
"Gonorrhea","2016","Puerto Rico","72","15-19","All races/ethnicities","Female","64","55.7","114,942"
"Gonorrhea","2015","Puerto Rico","72","20-24","All races/ethnicities","Female","103","83.2","123,845"
"Gonorrhea","2015","Puerto Rico","72","15-19","All races/ethnicities","Female","73","61.3","119,028"
"Gonorrhea","2014","Puerto Rico","72","20-24","All races/ethnicities","Female","69","53.8","128,211"
"Gonorrhea","2014","Puerto Rico","72","15-19","All races/ethnicities","Female","34","27.8","122,372"
"Gonorrhea","2013","Puerto Rico","72","20-24","All races/ethnicities","Female","47","36.2","129,937"
"Gonorrhea","2013","Puerto Rico","72","15-19","All races/ethnicities","Female","28","22.0","127,075"
"Gonorrhea","2012","Puerto Rico","72","20-24","All races/ethnicities","Female","58","44.3","130,792"
"Gonorrhea","2012","Puerto Rico","72","15-19","All races/ethnicities","Female","45","34.4","130,895"
"Gonorrhea","2011","Puerto Rico","72","20-24","All races/ethnicities","Female","47","35.8","131,188"
"Gonorrhea","2011","Puerto Rico","72","15-19","All races/ethnicities","Female","27","20.1","134,268"
"Gonorrhea","2010","Puerto Rico","72","20-24","All races/ethnicities","Female","54","41.3","130,897"
"Gonorrhea","2010","Puerto Rico","72","15-19","All races/ethnicities","Female","35","25.2","138,682"
"Gonorrhea","2009","Puerto Rico","72","20-24","All races/ethnicities","Female","51","37.1","137,282"
"Gonorrhea","2009","Puerto Rico","72","15-19","All races/ethnicities","Female","30","20.5","146,028"
"Gonorrhea","2008","Puerto Rico","72","20-24","All races/ethnicities","Female","49","35.6","137,623"
"Gonorrhea","2008","Puerto Rico","72","15-19","All races/ethnicities","Female","29","19.8","146,372"
"Gonorrhea","2007","Puerto Rico","72","20-24","All races/ethnicities","Female","58","41.6","139,269"
"Gonorrhea","2007","Puerto Rico","72","15-19","All races/ethnicities","Female","37","25.3","146,175"
"Gonorrhea","2006","Puerto Rico","72","20-24","All races/ethnicities","Female","45","31.7","141,997"
"Gonorrhea","2006","Puerto Rico","72","15-19","All races/ethnicities","Female","52","35.5","146,445"
"Gonorrhea","2005","Puerto Rico","72","20-24","All races/ethnicities","Female","64","44.1","145,163"
"Gonorrhea","2005","Puerto Rico","72","15-19","All races/ethnicities","Female","31","21.2","146,282"
"Gonorrhea","2004","Puerto Rico","72","20-24","All races/ethnicities","Female","56","37.6","148,833"
"Gonorrhea","2004","Puerto Rico","72","15-19","All races/ethnicities","Female","36","24.8","144,887"
"Gonorrhea","2003","Puerto Rico","72","20-24","All races/ethnicities","Female","40","26.4","151,282"
"Gonorrhea","2003","Puerto Rico","72","15-19","All races/ethnicities","Female","32","22.0","145,265"
"Gonorrhea","2002","Puerto Rico","72","20-24","All races/ethnicities","Female","78","51.1","152,770"
"Gonorrhea","2002","Puerto Rico","72","15-19","All races/ethnicities","Female","51","34.7","147,026"
"Gonorrhea","2001","Puerto Rico","72","20-24","All races/ethnicities","Female","93","60.8","152,968"
"Gonorrhea","2001","Puerto Rico","72","15-19","All races/ethnicities","Female","66","44.0","149,924"
"Gonorrhea","2000","Puerto Rico","72","20-24","All races/ethnicities","Female","85","55.9","152,053"
"Gonorrhea","2000","Puerto Rico","72","15-19","All races/ethnicities","Female","63","41.1","153,278"
"Chlamydia","2019","Puerto Rico","72","20-24","All races/ethnicities","Female","1,583","1485.5","106,565"
"Chlamydia","2019","Puerto Rico","72","15-19","All races/ethnicities","Female","700","710.0","98,596"
"Chlamydia","2018","Puerto Rico","72","20-24","All races/ethnicities","Female","1,936","1797.0","107,734"
"Chlamydia","2018","Puerto Rico","72","15-19","All races/ethnicities","Female","935","932.3","100,291"
"Chlamydia","2017","Puerto Rico","72","20-24","All races/ethnicities","Female","1,985","1725.1","115,068"
"Chlamydia","2017","Puerto Rico","72","15-19","All races/ethnicities","Female","1,017","934.8","108,793"
"Chlamydia","2016","Puerto Rico","72","20-24","All races/ethnicities","Female","2,344","1959.8","119,606"
"Chlamydia","2016","Puerto Rico","72","15-19","All races/ethnicities","Female","1,089","947.4","114,942"
"Chlamydia","2015","Puerto Rico","72","20-24","All races/ethnicities","Female","1,617","1305.7","123,845"
"Chlamydia","2015","Puerto Rico","72","15-19","All races/ethnicities","Female","812","682.2","119,028"
"Chlamydia","2014","Puerto Rico","72","20-24","All races/ethnicities","Female","1,545","1205.0","128,211"
"Chlamydia","2014","Puerto Rico","72","15-19","All races/ethnicities","Female","942","769.8","122,372"
"Chlamydia","2013","Puerto Rico","72","20-24","All races/ethnicities","Female","2,019","1553.8","129,937"
"Chlamydia","2013","Puerto Rico","72","15-19","All races/ethnicities","Female","1,286","1012.0","127,075"
"Chlamydia","2012","Puerto Rico","72","20-24","All races/ethnicities","Female","2,151","1644.6","130,792"
"Chlamydia","2012","Puerto Rico","72","15-19","All races/ethnicities","Female","1,459","1114.6","130,895"
"Chlamydia","2011","Puerto Rico","72","20-24","All races/ethnicities","Female","1,864","1420.9","131,188"
"Chlamydia","2011","Puerto Rico","72","15-19","All races/ethnicities","Female","1,409","1049.4","134,268"
"Chlamydia","2010","Puerto Rico","72","20-24","All races/ethnicities","Female","1,998","1526.4","130,897"
"Chlamydia","2010","Puerto Rico","72","15-19","All races/ethnicities","Female","1,546","1114.8","138,682"
"Chlamydia","2009","Puerto Rico","72","20-24","All races/ethnicities","Female","2,454","1787.6","137,282"
"Chlamydia","2009","Puerto Rico","72","15-19","All races/ethnicities","Female","2,001","1370.3","146,028"
"Chlamydia","2008","Puerto Rico","72","20-24","All races/ethnicities","Female","2,284","1659.6","137,623"
"Chlamydia","2008","Puerto Rico","72","15-19","All races/ethnicities","Female","1,837","1255.0","146,372"
"Chlamydia","2007","Puerto Rico","72","20-24","All races/ethnicities","Female","2,805","2014.1","139,269"
"Chlamydia","2007","Puerto Rico","72","15-19","All races/ethnicities","Female","2,042","1397.0","146,175"
"Chlamydia","2006","Puerto Rico","72","20-24","All races/ethnicities","Female","1,607","1131.7","141,997"
"Chlamydia","2006","Puerto Rico","72","15-19","All races/ethnicities","Female","1,167","796.9","146,445"
"Chlamydia","2005","Puerto Rico","72","20-24","All races/ethnicities","Female","1,346","927.2","145,163"
"Chlamydia","2005","Puerto Rico","72","15-19","All races/ethnicities","Female","1,015","693.9","146,282"
"Chlamydia","2004","Puerto Rico","72","20-24","All races/ethnicities","Female","1,291","867.4","148,833"
"Chlamydia","2004","Puerto Rico","72","15-19","All races/ethnicities","Female","988","681.9","144,887"
"Chlamydia","2003","Puerto Rico","72","20-24","All races/ethnicities","Female","968","639.9","151,282"
"Chlamydia","2003","Puerto Rico","72","15-19","All races/ethnicities","Female","724","498.4","145,265"
"Chlamydia","2002","Puerto Rico","72","20-24","All races/ethnicities","Female","1,057","691.9","152,770"
"Chlamydia","2002","Puerto Rico","72","15-19","All races/ethnicities","Female","846","575.4","147,026"
"Chlamydia","2001","Puerto Rico","72","20-24","All races/ethnicities","Female","958","626.3","152,968"
"Chlamydia","2001","Puerto Rico","72","15-19","All races/ethnicities","Female","789","526.3","149,924"
"Chlamydia","2000","Puerto Rico","72","20-24","All races/ethnicities","Female","850","559.0","152,053"
"Chlamydia","2000","Puerto Rico","72","15-19","All races/ethnicities","Female","805","525.2","153,278"
"Gonorrhea","2019","U.S. Virgin Islands","78","20-24","All races/ethnicities","Female","7","244.1","2,868"
"Gonorrhea","2019","U.S. Virgin Islands","78","15-19","All races/ethnicities","Female","2","68.7","2,912"
"Gonorrhea","2018","U.S. Virgin Islands","78","20-24","All races/ethnicities","Female","Data not available","Data not available","3,049"
"Gonorrhea","2018","U.S. Virgin Islands","78","15-19","All races/ethnicities","Female","Data not available","Data not available","2,916"
"Gonorrhea","2017","U.S. Virgin Islands","78","20-24","All races/ethnicities","Female","4","126.5","3,163"
"Gonorrhea","2017","U.S. Virgin Islands","78","15-19","All races/ethnicities","Female","0","0.0","2,991"
"Gonorrhea","2016","U.S. Virgin Islands","78","20-24","All races/ethnicities","Female","7","213.6","3,277"
"Gonorrhea","2016","U.S. Virgin Islands","78","15-19","All races/ethnicities","Female","2","64.4","3,106"
"Gonorrhea","2015","U.S. Virgin Islands","78","20-24","All races/ethnicities","Female","10","294.6","3,395"
"Gonorrhea","2015","U.S. Virgin Islands","78","15-19","All races/ethnicities","Female","6","185.7","3,231"
"Gonorrhea","2014","U.S. Virgin Islands","78","20-24","All races/ethnicities","Female","15","439.6","3,412"
"Gonorrhea","2014","U.S. Virgin Islands","78","15-19","All races/ethnicities","Female","26","764.9","3,399"
"Gonorrhea","2013","U.S. Virgin Islands","78","20-24","All races/ethnicities","Female","17","496.8","3,422"
"Gonorrhea","2013","U.S. Virgin Islands","78","15-19","All races/ethnicities","Female","9","248.8","3,618"
"Gonorrhea","2012","U.S. Virgin Islands","78","20-24","All races/ethnicities","Female","23","663.6","3,466"
"Gonorrhea","2012","U.S. Virgin Islands","78","15-19","All races/ethnicities","Female","45","1198.7","3,754"
"Gonorrhea","2011","U.S. Virgin Islands","78","20-24","All races/ethnicities","Female","27","776.3","3,478"
"Gonorrhea","2011","U.S. Virgin Islands","78","15-19","All races/ethnicities","Female","35","898.1","3,897"
"Gonorrhea","2010","U.S. Virgin Islands","78","20-24","All races/ethnicities","Female","27","764.4","3,532"
"Gonorrhea","2010","U.S. Virgin Islands","78","15-19","All races/ethnicities","Female","34","841.0","4,043"
"Gonorrhea","2009","U.S. Virgin Islands","78","20-24","All races/ethnicities","Female","31","1034.4","2,997"
"Gonorrhea","2009","U.S. Virgin Islands","78","15-19","All races/ethnicities","Female","29","767.2","3,780"
"Gonorrhea","2008","U.S. Virgin Islands","78","20-24","All races/ethnicities","Female","37","1170.1","3,162"
"Gonorrhea","2008","U.S. Virgin Islands","78","15-19","All races/ethnicities","Female","43","1122.4","3,831"
"Gonorrhea","2007","U.S. Virgin Islands","78","20-24","All races/ethnicities","Female","21","624.3","3,364"
"Gonorrhea","2007","U.S. Virgin Islands","78","15-19","All races/ethnicities","Female","21","540.4","3,886"
"Gonorrhea","2006","U.S. Virgin Islands","78","20-24","All races/ethnicities","Female","16","467.8","3,420"
"Gonorrhea","2006","U.S. Virgin Islands","78","15-19","All races/ethnicities","Female","8","206.3","3,877"
"Gonorrhea","2005","U.S. Virgin Islands","78","20-24","All races/ethnicities","Female","14","414.0","3,382"
"Gonorrhea","2005","U.S. Virgin Islands","78","15-19","All races/ethnicities","Female","19","487.3","3,899"
"Gonorrhea","2004","U.S. Virgin Islands","78","20-24","All races/ethnicities","Female","22","664.1","3,313"
"Gonorrhea","2004","U.S. Virgin Islands","78","15-19","All races/ethnicities","Female","17","425.7","3,993"
"Gonorrhea","2003","U.S. Virgin Islands","78","20-24","All races/ethnicities","Female","19","605.1","3,140"
"Gonorrhea","2003","U.S. Virgin Islands","78","15-19","All races/ethnicities","Female","33","788.9","4,183"
"Gonorrhea","2002","U.S. Virgin Islands","78","20-24","All races/ethnicities","Female","17","572.4","2,970"
"Gonorrhea","2002","U.S. Virgin Islands","78","15-19","All races/ethnicities","Female","17","385.8","4,406"
"Gonorrhea","2001","U.S. Virgin Islands","78","20-24","All races/ethnicities","Female","3","99.7","3,010"
"Gonorrhea","2001","U.S. Virgin Islands","78","15-19","All races/ethnicities","Female","6","133.8","4,483"
"Gonorrhea","2000","U.S. Virgin Islands","78","20-24","All races/ethnicities","Female","2","64.3","3,111"
"Gonorrhea","2000","U.S. Virgin Islands","78","15-19","All races/ethnicities","Female","7","156.7","4,468"
"Chlamydia","2019","U.S. Virgin Islands","78","20-24","All races/ethnicities","Female","63","2196.7","2,868"
"Chlamydia","2019","U.S. Virgin Islands","78","15-19","All races/ethnicities","Female","50","1717.0","2,912"
"Chlamydia","2018","U.S. Virgin Islands","78","20-24","All races/ethnicities","Female","Data not available","Data not available","3,049"
"Chlamydia","2018","U.S. Virgin Islands","78","15-19","All races/ethnicities","Female","Data not available","Data not available","2,916"
"Chlamydia","2017","U.S. Virgin Islands","78","20-24","All races/ethnicities","Female","118","3730.6","3,163"
"Chlamydia","2017","U.S. Virgin Islands","78","15-19","All races/ethnicities","Female","81","2708.1","2,991"
"Chlamydia","2016","U.S. Virgin Islands","78","20-24","All races/ethnicities","Female","155","4729.9","3,277"
"Chlamydia","2016","U.S. Virgin Islands","78","15-19","All races/ethnicities","Female","129","4153.3","3,106"
"Chlamydia","2015","U.S. Virgin Islands","78","20-24","All races/ethnicities","Female","203","5979.4","3,395"
"Chlamydia","2015","U.S. Virgin Islands","78","15-19","All races/ethnicities","Female","153","4735.4","3,231"
"Chlamydia","2014","U.S. Virgin Islands","78","20-24","All races/ethnicities","Female","209","6125.4","3,412"
"Chlamydia","2014","U.S. Virgin Islands","78","15-19","All races/ethnicities","Female","181","5325.1","3,399"
"Chlamydia","2013","U.S. Virgin Islands","78","20-24","All races/ethnicities","Female","216","6312.1","3,422"
"Chlamydia","2013","U.S. Virgin Islands","78","15-19","All races/ethnicities","Female","183","5058.0","3,618"
"Chlamydia","2012","U.S. Virgin Islands","78","20-24","All races/ethnicities","Female","201","5799.2","3,466"
"Chlamydia","2012","U.S. Virgin Islands","78","15-19","All races/ethnicities","Female","212","5647.3","3,754"
"Chlamydia","2011","U.S. Virgin Islands","78","20-24","All races/ethnicities","Female","213","6124.2","3,478"
"Chlamydia","2011","U.S. Virgin Islands","78","15-19","All races/ethnicities","Female","218","5594.0","3,897"
"Chlamydia","2010","U.S. Virgin Islands","78","20-24","All races/ethnicities","Female","156","4416.8","3,532"
"Chlamydia","2010","U.S. Virgin Islands","78","15-19","All races/ethnicities","Female","168","4155.3","4,043"
"Chlamydia","2009","U.S. Virgin Islands","78","20-24","All races/ethnicities","Female","152","5071.7","2,997"
"Chlamydia","2009","U.S. Virgin Islands","78","15-19","All races/ethnicities","Female","176","4656.1","3,780"
"Chlamydia","2008","U.S. Virgin Islands","78","20-24","All races/ethnicities","Female","176","5566.1","3,162"
"Chlamydia","2008","U.S. Virgin Islands","78","15-19","All races/ethnicities","Female","170","4437.5","3,831"
"Chlamydia","2007","U.S. Virgin Islands","78","20-24","All races/ethnicities","Female","108","3210.5","3,364"
"Chlamydia","2007","U.S. Virgin Islands","78","15-19","All races/ethnicities","Female","104","2676.3","3,886"
"Chlamydia","2006","U.S. Virgin Islands","78","20-24","All races/ethnicities","Female","63","1842.1","3,420"
"Chlamydia","2006","U.S. Virgin Islands","78","15-19","All races/ethnicities","Female","72","1857.1","3,877"
"Chlamydia","2005","U.S. Virgin Islands","78","20-24","All races/ethnicities","Female","134","3962.2","3,382"
"Chlamydia","2005","U.S. Virgin Islands","78","15-19","All races/ethnicities","Female","125","3206.0","3,899"
"Chlamydia","2004","U.S. Virgin Islands","78","20-24","All races/ethnicities","Female","124","3742.8","3,313"
"Chlamydia","2004","U.S. Virgin Islands","78","15-19","All races/ethnicities","Female","54","1352.4","3,993"
"Chlamydia","2003","U.S. Virgin Islands","78","20-24","All races/ethnicities","Female","120","3821.7","3,140"
"Chlamydia","2003","U.S. Virgin Islands","78","15-19","All races/ethnicities","Female","146","3490.3","4,183"
"Chlamydia","2002","U.S. Virgin Islands","78","20-24","All races/ethnicities","Female","74","2491.6","2,970"
"Chlamydia","2002","U.S. Virgin Islands","78","15-19","All races/ethnicities","Female","70","1588.7","4,406"
"Chlamydia","2001","U.S. Virgin Islands","78","20-24","All races/ethnicities","Female","30","996.7","3,010"
"Chlamydia","2001","U.S. Virgin Islands","78","15-19","All races/ethnicities","Female","41","914.6","4,483"
"Chlamydia","2000","U.S. Virgin Islands","78","20-24","All races/ethnicities","Female","44","1414.3","3,111"
"Chlamydia","2000","U.S. Virgin Islands","78","15-19","All races/ethnicities","Female","43","962.4","4,468"
